date,technology,production_gwh,model_gwh,error_gwh
2030-01-01,battery,0.21000000,12.45184279,12.24184279
2030-01-02,battery,0.61000000,11.93908048,11.32908048
2030-01-03,battery,26.39000000,36.80824320,10.41824320
2030-01-04,battery,0.00000000,24.59527097,24.59527097
2030-01-05,battery,27.00000000,22.28026785,-4.71973215
2030-01-06,battery,0.00000000,8.30886007,8.30886007
2030-01-07,battery,3.45000000,6.14030680,2.69030680
2030-01-08,battery,0.00000000,30.94880348,30.94880348
2030-01-09,battery,26.61000000,39.75773184,13.14773184
2030-01-10,battery,0.39000000,13.00025743,12.61025743
2030-01-11,battery,1.79000000,37.94461305,36.15461305
2030-01-12,battery,12.40000000,0.00000000,-12.40000000
2030-01-13,battery,1.48000000,10.38357504,8.90357504
2030-01-14,battery,7.99000000,19.51863471,11.52863471
2030-01-15,battery,3.45000000,22.06080000,18.61080000
2030-01-16,battery,0.05000000,36.80824320,36.75824320
2030-01-17,battery,12.25000000,36.15720880,23.90720880
2030-01-18,battery,15.59000000,28.44453557,12.85453557
2030-01-19,battery,6.28000000,38.78063198,32.50063198
2030-01-20,battery,5.36000000,22.77582463,17.41582463
2030-01-21,battery,17.60000000,22.06080000,4.46080000
2030-01-22,battery,9.02000000,17.97825010,8.95825010
2030-01-23,battery,29.03000000,22.06080000,-6.96920000
2030-01-24,battery,29.39000000,22.06080000,-7.32920000
2030-01-25,battery,12.46000000,10.97851988,-1.48148012
2030-01-26,battery,2.68000000,22.06080000,19.38080000
2030-01-27,battery,0.35000000,10.67011002,10.32011002
2030-01-28,battery,27.88000000,25.42656985,-2.45343015
2030-01-29,battery,5.10000000,18.86692676,13.76692676
2030-01-30,battery,0.30000000,22.06080000,21.76080000
2030-01-31,battery,0.00000000,35.81839757,35.81839757
2030-02-01,battery,15.17000000,0.00000000,-15.17000000
2030-02-02,battery,27.00000000,12.70669483,-14.29330517
2030-02-03,battery,0.00000000,0.00000000,0.00000000
2030-02-04,battery,33.80000000,30.98751619,-2.81248381
2030-02-05,battery,0.00000000,39.39974947,39.39974947
2030-02-06,battery,36.07000000,22.06080000,-14.00920000
2030-02-07,battery,34.41000000,30.10198009,-4.30801991
2030-02-08,battery,11.19000000,38.52637912,27.33637912
2030-02-09,battery,25.20000000,43.36492718,18.16492718
2030-02-10,battery,0.00000000,0.89755268,0.89755268
2030-02-11,battery,0.06000000,0.00000000,-0.06000000
2030-02-12,battery,37.14000000,26.35959797,-10.78040203
2030-02-13,battery,32.12000000,21.54960871,-10.57039129
2030-02-14,battery,30.41000000,22.38774946,-8.02225054
2030-02-15,battery,8.51000000,22.62966726,14.11966726
2030-02-16,battery,8.11000000,26.54539776,18.43539776
2030-02-17,battery,0.00000000,13.11557754,13.11557754
2030-02-18,battery,34.31000000,0.00000000,-34.31000000
2030-02-19,battery,19.46000000,39.75773184,20.29773184
2030-02-20,battery,13.34000000,2.79203551,-10.54796449
2030-02-21,battery,24.59000000,29.11614221,4.52614221
2030-02-22,battery,16.21000000,38.38935910,22.17935910
2030-02-23,battery,2.62000000,36.80824320,34.18824320
2030-02-24,battery,18.99000000,11.67512331,-7.31487669
2030-02-25,battery,31.19000000,1.35446644,-29.83553356
2030-02-26,battery,3.20000000,29.28552925,26.08552925
2030-02-27,battery,31.48000000,39.75773184,8.27773184
2030-02-28,battery,29.63000000,35.49587127,5.86587127
2030-03-01,battery,31.21000000,32.30942361,1.09942361
2030-03-02,battery,27.00000000,36.70097470,9.70097470
2030-03-03,battery,7.53000000,23.54979969,16.01979969
2030-03-04,battery,8.57000000,0.00000000,-8.57000000
2030-03-05,battery,21.89000000,27.02297753,5.13297753
2030-03-06,battery,21.33000000,22.06080000,0.73080000
2030-03-07,battery,0.00000000,35.39386368,35.39386368
2030-03-08,battery,33.33000000,31.68008605,-1.64991395
2030-03-09,battery,8.66000000,38.35770390,29.69770390
2030-03-10,battery,0.00000000,22.06080000,22.06080000
2030-03-11,battery,38.70000000,0.00000000,-38.70000000
2030-03-12,battery,20.98000000,34.78422946,13.80422946
2030-03-13,battery,29.38000000,22.06080000,-7.31920000
2030-03-14,battery,27.00000000,5.82701194,-21.17298806
2030-03-15,battery,30.45000000,29.02662688,-1.42337312
2030-03-16,battery,27.00000000,30.65269270,3.65269270
2030-03-17,battery,18.94000000,13.49896665,-5.44103335
2030-03-18,battery,35.06000000,14.68948719,-20.37051281
2030-03-19,battery,27.35000000,44.12160000,16.77160000
2030-03-20,battery,16.80000000,42.39171110,25.59171110
2030-03-21,battery,25.52000000,33.65025137,8.13025137
2030-03-22,battery,27.00000000,16.28255232,-10.71744768
2030-03-23,battery,27.00000000,22.06080000,-4.93920000
2030-03-24,battery,24.13000000,22.06080000,-2.06920000
2030-03-25,battery,7.51000000,0.00000000,-7.51000000
2030-03-26,battery,42.70000000,30.79719182,-11.90280818
2030-03-27,battery,20.32000000,17.69693184,-2.62306816
2030-03-28,battery,35.09000000,22.06080000,-13.02920000
2030-03-29,battery,27.00000000,22.06080000,-4.93920000
2030-03-30,battery,25.30000000,11.49000000,-13.81000000
2030-03-31,battery,26.70000000,31.21722048,4.51722048
2030-04-01,battery,7.31000000,13.47881510,6.16881510
2030-04-02,battery,35.08000000,21.52819876,-13.55180124
2030-04-03,battery,15.08000000,38.87595356,23.79595356
2030-04-04,battery,37.91000000,30.13632229,-7.77367771
2030-04-05,battery,37.55000000,22.57601340,-14.97398660
2030-04-06,battery,24.01000000,22.06080000,-1.94920000
2030-04-07,battery,2.98000000,13.62022943,10.64022943
2030-04-08,battery,28.87000000,14.38960826,-14.48039174
2030-04-09,battery,34.35000000,36.75818279,2.40818279
2030-04-10,battery,5.29000000,22.06080000,16.77080000
2030-04-11,battery,50.32000000,14.76146167,-35.55853833
2030-04-12,battery,27.00000000,22.86172137,-4.13827863
2030-04-13,battery,27.00000000,8.32291634,-18.67708366
2030-04-14,battery,11.57000000,30.98427332,19.41427332
2030-04-15,battery,17.09000000,13.66287625,-3.42712375
2030-04-16,battery,20.67000000,16.77191896,-3.89808104
2030-04-17,battery,31.82000000,22.06080000,-9.75920000
2030-04-18,battery,28.50000000,14.74744320,-13.75255680
2030-04-19,battery,11.11000000,17.53872149,6.42872149
2030-04-20,battery,42.89000000,12.75678610,-30.13321390
2030-04-21,battery,26.78000000,7.89563673,-18.88436327
2030-04-22,battery,3.66000000,33.55080000,29.89080000
2030-04-23,battery,50.55000000,27.90562510,-22.64437490
2030-04-24,battery,10.14000000,20.64642048,10.50642048
2030-04-25,battery,40.42000000,31.66437469,-8.75562531
2030-04-26,battery,30.45000000,17.15212481,-13.29787519
2030-04-27,battery,27.00000000,25.55509567,-1.44490433
2030-04-28,battery,4.17000000,11.65113161,7.48113161
2030-04-29,battery,47.31000000,15.70996734,-31.60003266
2030-04-30,battery,29.51000000,31.33133891,1.82133891
2030-05-01,battery,27.00000000,26.41085362,-0.58914638
2030-05-02,battery,21.97000000,13.29976560,-8.67023440
2030-05-03,battery,32.03000000,31.13298386,-0.89701614
2030-05-04,battery,27.00000000,22.06080000,-4.93920000
2030-05-05,battery,2.45000000,22.06080000,19.61080000
2030-05-06,battery,51.55000000,25.67420513,-25.87579487
2030-05-07,battery,23.55000000,33.85875456,10.30875456
2030-05-08,battery,30.45000000,20.63408708,-9.81591292
2030-05-09,battery,26.93000000,30.92159932,3.99159932
2030-05-10,battery,27.06000000,7.49739665,-19.56260335
2030-05-11,battery,24.58000000,10.19953519,-14.38046481
2030-05-12,battery,3.45000000,20.95758636,17.50758636
2030-05-13,battery,46.37000000,6.96229389,-39.40770611
2030-05-14,battery,28.72000000,28.33400592,-0.38599408
2030-05-15,battery,29.46000000,14.84773316,-14.61226684
2030-05-16,battery,27.00000000,22.06080000,-4.93920000
2030-05-17,battery,23.74000000,11.49000000,-12.25000000
2030-05-18,battery,30.26000000,31.21722048,0.95722048
2030-05-19,battery,5.27000000,22.06080000,16.79080000
2030-05-20,battery,47.23000000,11.54863394,-35.68136606
2030-05-21,battery,27.97000000,19.34937391,-8.62062609
2030-05-22,battery,27.52000000,37.73881297,10.21881297
2030-05-23,battery,14.82000000,26.98504817,12.16504817
2030-05-24,battery,34.46000000,24.57063823,-9.88936177
2030-05-25,battery,27.00000000,13.92311592,-13.07688408
2030-05-26,battery,6.44000000,20.99108717,14.55108717
2030-05-27,battery,46.04000000,20.70802616,-25.33197384
2030-05-28,battery,27.45000000,33.81576968,6.36576968
2030-05-29,battery,28.07000000,12.02277627,-16.04722373
2030-05-30,battery,11.34000000,27.29942431,15.95942431
2030-05-31,battery,41.05000000,22.35750841,-18.69249159
2030-06-01,battery,27.83000000,17.53699978,-10.29300022
2030-06-02,battery,9.10000000,17.94557119,8.84557119
2030-06-03,battery,42.23000000,20.29980154,-21.93019846
2030-06-04,battery,30.45000000,35.54913898,5.09913898
2030-06-05,battery,25.93000000,22.06080000,-3.86920000
2030-06-06,battery,27.39000000,10.38357504,-17.00642496
2030-06-07,battery,26.95000000,22.06080000,-4.88920000
2030-06-08,battery,27.73000000,22.06080000,-5.66920000
2030-06-09,battery,19.66000000,22.06080000,2.40080000
2030-06-10,battery,16.32000000,18.28498104,1.96498104
2030-06-11,battery,45.02000000,17.93294258,-27.08705742
2030-06-12,battery,24.38000000,29.96447638,5.58447638
2030-06-13,battery,23.54000000,22.06080000,-1.47920000
2030-06-14,battery,24.74000000,9.72093008,-15.01906992
2030-06-15,battery,34.73000000,21.15773405,-13.57226595
2030-06-16,battery,5.87000000,13.68468558,7.81468558
2030-06-17,battery,47.28000000,26.21463728,-21.06536272
2030-06-18,battery,28.44000000,24.86869763,-3.57130237
2030-06-19,battery,25.43000000,14.61090974,-10.81909026
2030-06-20,battery,28.57000000,23.32071961,-5.24928039
2030-06-21,battery,26.47000000,18.30255993,-8.16744007
2030-06-22,battery,27.53000000,14.44041067,-13.08958933
2030-06-23,battery,8.97000000,6.81383594,-2.15616406
2030-06-24,battery,41.92000000,30.61941160,-11.30058840
2030-06-25,battery,30.11000000,35.56298840,5.45298840
2030-06-26,battery,17.69000000,16.19625229,-1.49374771
2030-06-27,battery,34.65000000,19.19761139,-15.45238861
2030-06-28,battery,28.65000000,15.91824857,-12.73175143
2030-06-29,battery,24.84000000,16.47606919,-8.36393081
2030-06-30,battery,28.68000000,20.36393915,-8.31606085
2030-07-01,battery,27.48000000,9.75575002,-17.72424998
2030-07-02,battery,27.00000000,28.23527917,1.23527917
2030-07-03,battery,27.00000000,15.96084123,-11.03915877
2030-07-04,battery,27.00000000,33.15569960,6.15569960
2030-07-05,battery,26.57000000,31.02426983,4.45426983
2030-07-06,battery,27.42000000,23.04572981,-4.37427019
2030-07-07,battery,25.57000000,22.06080000,-3.50920000
2030-07-08,battery,26.45000000,8.72568652,-17.72431348
2030-07-09,battery,28.97000000,31.54304027,2.57304027
2030-07-10,battery,27.00000000,24.49929369,-2.50070631
2030-07-11,battery,27.00000000,22.06080000,-4.93920000
2030-07-12,battery,23.55000000,15.70491228,-7.84508772
2030-07-13,battery,17.72000000,27.00230820,9.28230820
2030-07-14,battery,39.73000000,21.75781752,-17.97218248
2030-07-15,battery,27.00000000,19.14267246,-7.85732754
2030-07-16,battery,27.00000000,23.86753050,-3.13246950
2030-07-17,battery,21.30000000,22.49478334,1.19478334
2030-07-18,battery,29.92000000,18.34407855,-11.57592145
2030-07-19,battery,29.77000000,26.11096486,-3.65903514
2030-07-20,battery,27.00000000,22.06080000,-4.93920000
2030-07-21,battery,21.54000000,22.06080000,0.52080000
2030-07-22,battery,32.46000000,16.95439011,-15.50560989
2030-07-23,battery,25.95000000,9.50396226,-16.44603774
2030-07-24,battery,27.07000000,25.91171481,-1.15828519
2030-07-25,battery,26.39000000,16.99159658,-9.39840342
2030-07-26,battery,27.61000000,19.92389850,-7.68610150
2030-07-27,battery,27.00000000,5.79172540,-21.20827460
2030-07-28,battery,26.61000000,22.06080000,-4.54920000
2030-07-29,battery,27.39000000,10.61571364,-16.77428636
2030-07-30,battery,27.00000000,25.66592087,-1.33407913
2030-07-31,battery,27.00000000,22.06080000,-4.93920000
2030-08-01,battery,9.48000000,20.64642048,11.16642048
2030-08-02,battery,44.52000000,20.03245316,-24.48754684
2030-08-03,battery,27.00000000,28.34941689,1.34941689
2030-08-04,battery,4.20000000,21.93379754,17.73379754
2030-08-05,battery,47.86000000,13.34722111,-34.51277889
2030-08-06,battery,24.55000000,23.98239976,-0.56760024
2030-08-07,battery,23.55000000,22.06080000,-1.48920000
2030-08-08,battery,17.40000000,12.35406523,-5.04593477
2030-08-09,battery,38.38000000,18.04782942,-20.33217058
2030-08-10,battery,28.13000000,27.05276903,-1.07723097
2030-08-11,battery,15.56000000,20.59665827,5.03665827
2030-08-12,battery,35.52000000,13.80128981,-21.71871019
2030-08-13,battery,30.23000000,25.20065758,-5.02934242
2030-08-14,battery,27.22000000,21.63583188,-5.58416812
2030-08-15,battery,21.27000000,15.70408237,-5.56591763
2030-08-16,battery,32.73000000,25.70592678,-7.02407322
2030-08-17,battery,27.00000000,18.99414318,-8.00585682
2030-08-18,battery,17.37000000,22.06080000,4.69080000
2030-08-19,battery,29.79000000,1.77008763,-28.01991237
2030-08-20,battery,31.79000000,40.93713285,9.14713285
2030-08-21,battery,31.72000000,22.06080000,-9.65920000
2030-08-22,battery,31.29000000,22.06080000,-9.22920000
2030-08-23,battery,27.17000000,23.51026662,-3.65973338
2030-08-24,battery,27.15000000,22.06080000,-5.08920000
2030-08-25,battery,25.99000000,17.69693184,-8.29306816
2030-08-26,battery,28.01000000,0.00000000,-28.01000000
2030-08-27,battery,26.05000000,22.06080000,-3.98920000
2030-08-28,battery,22.70000000,9.39222109,-13.30777891
2030-08-29,battery,32.29000000,22.06080000,-10.22920000
2030-08-30,battery,27.00000000,17.69693184,-9.30306816
2030-08-31,battery,27.00000000,20.64642048,-6.35357952
2030-09-01,battery,7.66000000,15.03066409,7.37066409
2030-09-02,battery,41.37000000,21.12493448,-20.24506552
2030-09-03,battery,30.21000000,21.44752470,-8.76247530
2030-09-04,battery,27.41000000,22.71142551,-4.69857449
2030-09-05,battery,27.00000000,18.66016955,-8.33983045
2030-09-06,battery,33.80000000,23.34396177,-10.45603823
2030-09-07,battery,24.10000000,22.06080000,-2.03920000
2030-09-08,battery,13.32000000,10.57080000,-2.74920000
2030-09-09,battery,40.16000000,16.19693943,-23.96306057
2030-09-10,battery,31.66000000,31.97353843,0.31353843
2030-09-11,battery,24.83000000,22.06080000,-2.76920000
2030-09-12,battery,30.10000000,23.82901853,-6.27098147
2030-09-13,battery,9.45000000,0.00000000,-9.45000000
2030-09-14,battery,40.60000000,31.23334079,-9.36665921
2030-09-15,battery,12.93000000,20.22818313,7.29818313
2030-09-16,battery,40.79000000,4.66044877,-36.12955123
2030-09-17,battery,29.59000000,22.94082945,-6.64917055
2030-09-18,battery,18.49000000,3.25881557,-15.23118443
2030-09-19,battery,23.17000000,18.31795040,-4.85204960
2030-09-20,battery,39.33000000,15.17098117,-24.15901883
2030-09-21,battery,27.00000000,26.71770301,-0.28229699
2030-09-22,battery,19.86000000,25.84002220,5.98002220
2030-09-23,battery,30.44000000,0.00000000,-30.44000000
2030-09-24,battery,31.36000000,30.40926170,-0.95073830
2030-09-25,battery,20.15000000,5.53195241,-14.61804759
2030-09-26,battery,33.84000000,29.74990657,-4.09009343
2030-09-27,battery,38.64000000,22.93917547,-15.70082453
2030-09-28,battery,27.00000000,17.69693184,-9.30306816
2030-09-29,battery,0.00000000,11.49000000,11.49000000
2030-09-30,battery,47.41000000,28.26773184,-19.14226816
2030-10-01,battery,19.81000000,17.58709170,-2.22290830
2030-10-02,battery,24.36000000,22.06080000,-2.29920000
2030-10-03,battery,30.48000000,13.65313454,-16.82686546
2030-10-04,battery,33.61000000,25.25669636,-8.35330364
2030-10-05,battery,0.00000000,23.59590912,23.59590912
2030-10-06,battery,5.37000000,23.59590912,18.22590912
2030-10-07,battery,44.09000000,17.30155584,-26.78844416
2030-10-08,battery,18.80000000,8.35423421,-10.44576579
2030-10-09,battery,38.76000000,22.43419577,-16.32580423
2030-10-10,battery,15.89000000,5.89897728,-9.99102272
2030-10-11,battery,39.74000000,42.87338789,3.13338789
2030-10-12,battery,27.17000000,38.07782339,10.90782339
2030-10-13,battery,6.89000000,5.49418335,-1.39581665
2030-10-14,battery,31.41000000,10.31436329,-21.09563671
2030-10-15,battery,21.72000000,25.14987165,3.42987165
2030-10-16,battery,32.28000000,28.88828255,-3.39171745
2030-10-17,battery,9.70000000,23.41986223,13.71986223
2030-10-18,battery,33.99000000,38.28422855,4.29422855
2030-10-19,battery,24.99000000,42.08701881,17.09701881
2030-10-20,battery,0.00000000,0.00000000,0.00000000
2030-10-21,battery,27.07000000,4.86475206,-22.20524794
2030-10-22,battery,16.82000000,36.80824320,19.98824320
2030-10-23,battery,17.63000000,29.49488640,11.86488640
2030-10-24,battery,9.36000000,17.69693184,8.33693184
2030-10-25,battery,35.76000000,22.22112776,-13.53887224
2030-10-26,battery,23.90000000,37.62973265,13.72973265
2030-10-27,battery,0.00000000,22.06080000,22.06080000
2030-10-28,battery,6.15000000,1.96063696,-4.18936304
2030-10-29,battery,30.07000000,39.75773184,9.68773184
2030-10-30,battery,25.98000000,42.70722048,16.72722048
2030-10-31,battery,24.60000000,31.42216365,6.82216365
2030-11-01,battery,27.00000000,2.43844557,-24.56155443
2030-11-02,battery,27.00000000,22.06080000,-4.93920000
2030-11-03,battery,0.00000000,0.65880680,0.65880680
2030-11-04,battery,27.00000000,0.00000000,-27.00000000
2030-11-05,battery,1.10000000,29.08028322,27.98028322
2030-11-06,battery,1.82000000,26.33964221,24.51964221
2030-11-07,battery,22.44000000,22.06080000,-0.37920000
2030-11-08,battery,23.02000000,13.81026804,-9.20973196
2030-11-09,battery,26.04000000,22.06080000,-3.97920000
2030-11-10,battery,0.00000000,8.70796026,8.70796026
2030-11-11,battery,0.00000000,0.00000000,0.00000000
2030-11-12,battery,32.63000000,33.85875456,1.22875456
2030-11-13,battery,8.01000000,32.31888517,24.30888517
2030-11-14,battery,1.10000000,22.06080000,20.96080000
2030-11-15,battery,8.75000000,22.06080000,13.31080000
2030-11-16,battery,0.80000000,15.85863748,15.05863748
2030-11-17,battery,0.00000000,0.00000000,0.00000000
2030-11-18,battery,4.59000000,0.00000000,-4.59000000
2030-11-19,battery,18.31000000,33.63262125,15.32262125
2030-11-20,battery,22.29000000,35.60133350,13.31133350
2030-11-21,battery,16.68000000,36.43835385,19.75835385
2030-11-22,battery,0.00000000,20.78749679,20.78749679
2030-11-23,battery,5.32000000,22.06080000,16.74080000
2030-11-24,battery,3.61000000,0.00000000,-3.61000000
2030-11-25,battery,11.63000000,0.00000000,-11.63000000
2030-11-26,battery,29.55000000,27.98092731,-1.56907269
2030-11-27,battery,5.18000000,23.59590912,18.41590912
2030-11-28,battery,17.50000000,30.45075907,12.95075907
2030-11-29,battery,27.00000000,21.29776375,-5.70223625
2030-11-30,battery,3.42000000,22.06080000,18.64080000
2030-12-01,battery,0.00000000,22.06080000,22.06080000
2030-12-02,battery,0.00000000,5.55853172,5.55853172
2030-12-03,battery,7.93000000,22.06080000,14.13080000
2030-12-04,battery,0.01000000,22.06080000,22.05080000
2030-12-05,battery,5.97000000,28.83061395,22.86061395
2030-12-06,battery,24.13000000,22.06080000,-2.06920000
2030-12-07,battery,1.65000000,27.65154482,26.00154482
2030-12-08,battery,9.75000000,24.53890290,14.78890290
2030-12-09,battery,12.00000000,17.82980165,5.82980165
2030-12-10,battery,27.00000000,20.64642048,-6.35357952
2030-12-11,battery,3.24000000,22.06080000,18.82080000
2030-12-12,battery,19.90000000,18.70221746,-1.19778254
2030-12-13,battery,10.66000000,26.91042384,16.25042384
2030-12-14,battery,10.78000000,6.80062966,-3.97937034
2030-12-15,battery,1.11000000,22.06080000,20.95080000
2030-12-16,battery,27.00000000,17.00598600,-9.99401400
2030-12-17,battery,5.67000000,22.06080000,16.39080000
2030-12-18,battery,0.00000000,24.27433059,24.27433059
2030-12-19,battery,13.79000000,22.06080000,8.27080000
2030-12-20,battery,19.61000000,22.06080000,2.45080000
2030-12-21,battery,8.66000000,22.06080000,13.40080000
2030-12-22,battery,0.00000000,0.00000000,0.00000000
2030-12-23,battery,24.13000000,7.25945374,-16.87054626
2030-12-24,battery,13.66000000,0.00000000,-13.66000000
2030-12-25,battery,15.91000000,0.65631842,-15.25368158
2030-12-26,battery,0.00000000,11.49000000,11.49000000
2030-12-27,battery,0.00000000,19.17972253,19.17972253
2030-12-28,battery,0.00000000,22.06080000,22.06080000
2030-12-29,battery,0.00000000,0.00000000,0.00000000
2030-12-30,battery,0.00000000,20.19923249,20.19923249
2030-12-31,battery,0.00000000,0.21021959,0.21021959
2030-01-01,coal,32.60000000,0.00000000,-32.60000000
2030-01-02,coal,35.22000000,0.00000000,-35.22000000
2030-01-03,coal,36.06000000,0.00000000,-36.06000000
2030-01-04,coal,32.40000000,0.00000000,-32.40000000
2030-01-05,coal,34.20000000,0.00000000,-34.20000000
2030-01-06,coal,32.62000000,0.00000000,-32.62000000
2030-01-07,coal,35.53000000,0.00000000,-35.53000000
2030-01-08,coal,36.25000000,0.00000000,-36.25000000
2030-01-09,coal,46.79000000,30.86612890,-15.92387110
2030-01-10,coal,35.81000000,13.65000009,-22.15999991
2030-01-11,coal,35.19000000,0.00000000,-35.19000000
2030-01-12,coal,32.40000000,0.00000000,-32.40000000
2030-01-13,coal,32.40000000,0.00000000,-32.40000000
2030-01-14,coal,34.87000000,0.00000000,-34.87000000
2030-01-15,coal,34.94000000,0.00000000,-34.94000000
2030-01-16,coal,36.07000000,0.00000000,-36.07000000
2030-01-17,coal,57.39000000,0.00000000,-57.39000000
2030-01-18,coal,58.40000000,0.00000000,-58.40000000
2030-01-19,coal,35.25000000,0.00000000,-35.25000000
2030-01-20,coal,60.88000000,0.00000000,-60.88000000
2030-01-21,coal,91.23000000,0.00000000,-91.23000000
2030-01-22,coal,96.33000000,0.00000000,-96.33000000
2030-01-23,coal,107.48000000,24.68091925,-82.79908075
2030-01-24,coal,107.65000000,40.86069361,-66.78930639
2030-01-25,coal,107.16000000,30.84068210,-76.31931790
2030-01-26,coal,70.78000000,32.58592580,-38.19407420
2030-01-27,coal,59.93000000,0.00000000,-59.93000000
2030-01-28,coal,104.69000000,0.00000000,-104.69000000
2030-01-29,coal,59.30000000,0.00000000,-59.30000000
2030-01-30,coal,35.71000000,0.00000000,-35.71000000
2030-01-31,coal,35.77000000,0.00000000,-35.77000000
2030-02-01,coal,32.40000000,0.00000000,-32.40000000
2030-02-02,coal,33.54000000,0.00000000,-33.54000000
2030-02-03,coal,32.40000000,0.00000000,-32.40000000
2030-02-04,coal,84.23000000,0.00000000,-84.23000000
2030-02-05,coal,40.10000000,0.00000000,-40.10000000
2030-02-06,coal,99.75000000,23.64999994,-76.10000006
2030-02-07,coal,92.78000000,0.00000000,-92.78000000
2030-02-08,coal,61.72000000,0.00000000,-61.72000000
2030-02-09,coal,33.77000000,0.00000000,-33.77000000
2030-02-10,coal,32.49000000,0.00000000,-32.49000000
2030-02-11,coal,51.40000000,0.00000000,-51.40000000
2030-02-12,coal,92.97000000,17.17125440,-75.79874560
2030-02-13,coal,85.98000000,24.90990771,-61.07009229
2030-02-14,coal,92.48000000,33.67923162,-58.80076838
2030-02-15,coal,69.69000000,15.93787820,-53.75212180
2030-02-16,coal,33.26000000,0.00000000,-33.26000000
2030-02-17,coal,32.40000000,0.00000000,-32.40000000
2030-02-18,coal,34.37000000,0.00000000,-34.37000000
2030-02-19,coal,35.62000000,0.00000000,-35.62000000
2030-02-20,coal,33.38000000,0.00000000,-33.38000000
2030-02-21,coal,58.34000000,0.00000000,-58.34000000
2030-02-22,coal,85.45000000,0.00000000,-85.45000000
2030-02-23,coal,38.06000000,0.00000000,-38.06000000
2030-02-24,coal,32.43000000,0.00000000,-32.43000000
2030-02-25,coal,34.32000000,0.00000000,-34.32000000
2030-02-26,coal,36.33000000,0.00000000,-36.33000000
2030-02-27,coal,73.71000000,0.00000000,-73.71000000
2030-02-28,coal,72.85000000,18.79999998,-54.05000002
2030-03-01,coal,54.37000000,0.00000000,-54.37000000
2030-03-02,coal,22.94000000,0.00000000,-22.94000000
2030-03-03,coal,22.59000000,0.00000000,-22.59000000
2030-03-04,coal,32.63000000,0.00000000,-32.63000000
2030-03-05,coal,48.15000000,0.00000000,-48.15000000
2030-03-06,coal,52.57000000,0.00000000,-52.57000000
2030-03-07,coal,30.90000000,0.00000000,-30.90000000
2030-03-08,coal,63.93000000,0.00000000,-63.93000000
2030-03-09,coal,24.21000000,0.00000000,-24.21000000
2030-03-10,coal,16.92000000,0.00000000,-16.92000000
2030-03-11,coal,21.02000000,0.00000000,-21.02000000
2030-03-12,coal,19.76000000,0.00000000,-19.76000000
2030-03-13,coal,17.27000000,0.00000000,-17.27000000
2030-03-14,coal,19.12000000,0.00000000,-19.12000000
2030-03-15,coal,20.83000000,0.00000000,-20.83000000
2030-03-16,coal,17.23000000,0.00000000,-17.23000000
2030-03-17,coal,18.83000000,0.00000000,-18.83000000
2030-03-18,coal,43.37000000,0.00000000,-43.37000000
2030-03-19,coal,48.15000000,0.00000000,-48.15000000
2030-03-20,coal,37.13000000,0.00000000,-37.13000000
2030-03-21,coal,20.83000000,0.00000000,-20.83000000
2030-03-22,coal,16.89000000,0.00000000,-16.89000000
2030-03-23,coal,16.83000000,0.00000000,-16.83000000
2030-03-24,coal,16.80000000,0.00000000,-16.80000000
2030-03-25,coal,17.63000000,0.00000000,-17.63000000
2030-03-26,coal,19.72000000,0.00000000,-19.72000000
2030-03-27,coal,18.99000000,0.00000000,-18.99000000
2030-03-28,coal,20.09000000,0.00000000,-20.09000000
2030-03-29,coal,20.47000000,0.00000000,-20.47000000
2030-03-30,coal,16.80000000,0.00000000,-16.80000000
2030-03-31,coal,17.66000000,0.00000000,-17.66000000
2030-04-01,coal,14.48000000,0.00000000,-14.48000000
2030-04-02,coal,17.28000000,0.00000000,-17.28000000
2030-04-03,coal,17.50000000,0.00000000,-17.50000000
2030-04-04,coal,37.07000000,0.00000000,-37.07000000
2030-04-05,coal,59.88000000,0.00000000,-59.88000000
2030-04-06,coal,17.16000000,0.00000000,-17.16000000
2030-04-07,coal,16.49000000,0.00000000,-16.49000000
2030-04-08,coal,68.00000000,0.00000000,-68.00000000
2030-04-09,coal,35.78000000,0.00000000,-35.78000000
2030-04-10,coal,13.93000000,0.00000000,-13.93000000
2030-04-11,coal,14.91000000,0.00000000,-14.91000000
2030-04-12,coal,16.79000000,0.00000000,-16.79000000
2030-04-13,coal,13.87000000,0.00000000,-13.87000000
2030-04-14,coal,17.22000000,0.00000000,-17.22000000
2030-04-15,coal,19.43000000,0.00000000,-19.43000000
2030-04-16,coal,27.31000000,0.00000000,-27.31000000
2030-04-17,coal,21.75000000,0.00000000,-21.75000000
2030-04-18,coal,14.14000000,0.00000000,-14.14000000
2030-04-19,coal,12.67000000,0.00000000,-12.67000000
2030-04-20,coal,12.67000000,0.00000000,-12.67000000
2030-04-21,coal,12.67000000,0.00000000,-12.67000000
2030-04-22,coal,13.07000000,0.00000000,-13.07000000
2030-04-23,coal,17.31000000,0.00000000,-17.31000000
2030-04-24,coal,14.68000000,0.00000000,-14.68000000
2030-04-25,coal,15.73000000,0.00000000,-15.73000000
2030-04-26,coal,17.24000000,0.00000000,-17.24000000
2030-04-27,coal,16.46000000,0.00000000,-16.46000000
2030-04-28,coal,14.38000000,0.00000000,-14.38000000
2030-04-29,coal,18.98000000,0.00000000,-18.98000000
2030-04-30,coal,17.78000000,0.00000000,-17.78000000
2030-05-01,coal,0.37000000,0.00000000,-0.37000000
2030-05-02,coal,0.28000000,0.00000000,-0.28000000
2030-05-03,coal,0.28000000,0.00000000,-0.28000000
2030-05-04,coal,0.11000000,0.00000000,-0.11000000
2030-05-05,coal,0.03000000,0.00000000,-0.03000000
2030-05-06,coal,0.29000000,0.00000000,-0.29000000
2030-05-07,coal,0.27000000,0.00000000,-0.27000000
2030-05-08,coal,0.28000000,0.00000000,-0.28000000
2030-05-09,coal,0.27000000,0.00000000,-0.27000000
2030-05-10,coal,0.29000000,0.00000000,-0.29000000
2030-05-11,coal,0.29000000,0.00000000,-0.29000000
2030-05-12,coal,0.19000000,0.00000000,-0.19000000
2030-05-13,coal,0.28000000,0.00000000,-0.28000000
2030-05-14,coal,6.85000000,0.00000000,-6.85000000
2030-05-15,coal,1.22000000,0.00000000,-1.22000000
2030-05-16,coal,0.18000000,0.00000000,-0.18000000
2030-05-17,coal,0.09000000,0.00000000,-0.09000000
2030-05-18,coal,0.24000000,0.00000000,-0.24000000
2030-05-19,coal,0.13000000,0.00000000,-0.13000000
2030-05-20,coal,0.25000000,0.00000000,-0.25000000
2030-05-21,coal,0.25000000,0.00000000,-0.25000000
2030-05-22,coal,0.25000000,0.00000000,-0.25000000
2030-05-23,coal,0.25000000,0.00000000,-0.25000000
2030-05-24,coal,0.28000000,0.00000000,-0.28000000
2030-05-25,coal,0.11000000,0.00000000,-0.11000000
2030-05-26,coal,0.04000000,0.00000000,-0.04000000
2030-05-27,coal,0.25000000,0.00000000,-0.25000000
2030-05-28,coal,0.25000000,0.00000000,-0.25000000
2030-05-29,coal,0.15000000,0.00000000,-0.15000000
2030-05-30,coal,0.06000000,0.00000000,-0.06000000
2030-05-31,coal,0.15000000,0.00000000,-0.15000000
2030-06-01,coal,0.09000000,0.00000000,-0.09000000
2030-06-02,coal,0.04000000,0.00000000,-0.04000000
2030-06-03,coal,0.27000000,0.00000000,-0.27000000
2030-06-04,coal,0.27000000,0.00000000,-0.27000000
2030-06-05,coal,0.27000000,0.00000000,-0.27000000
2030-06-06,coal,0.28000000,0.00000000,-0.28000000
2030-06-07,coal,0.28000000,0.00000000,-0.28000000
2030-06-08,coal,0.14000000,0.00000000,-0.14000000
2030-06-09,coal,0.00000000,0.00000000,0.00000000
2030-06-10,coal,0.04000000,0.00000000,-0.04000000
2030-06-11,coal,0.14000000,0.00000000,-0.14000000
2030-06-12,coal,0.29000000,0.00000000,-0.29000000
2030-06-13,coal,0.31000000,0.00000000,-0.31000000
2030-06-14,coal,0.32000000,0.00000000,-0.32000000
2030-06-15,coal,0.31000000,0.00000000,-0.31000000
2030-06-16,coal,0.30000000,0.00000000,-0.30000000
2030-06-17,coal,9.21000000,0.00000000,-9.21000000
2030-06-18,coal,6.96000000,0.00000000,-6.96000000
2030-06-19,coal,0.32000000,0.00000000,-0.32000000
2030-06-20,coal,0.33000000,0.00000000,-0.33000000
2030-06-21,coal,0.32000000,0.00000000,-0.32000000
2030-06-22,coal,0.28000000,0.00000000,-0.28000000
2030-06-23,coal,0.07000000,0.00000000,-0.07000000
2030-06-24,coal,12.08000000,0.00000000,-12.08000000
2030-06-25,coal,4.92000000,0.00000000,-4.92000000
2030-06-26,coal,0.32000000,0.00000000,-0.32000000
2030-06-27,coal,0.34000000,0.00000000,-0.34000000
2030-06-28,coal,0.36000000,0.00000000,-0.36000000
2030-06-29,coal,0.34000000,0.00000000,-0.34000000
2030-06-30,coal,0.34000000,0.00000000,-0.34000000
2030-07-01,coal,0.34000000,0.00000000,-0.34000000
2030-07-02,coal,0.35000000,0.00000000,-0.35000000
2030-07-03,coal,0.35000000,0.00000000,-0.35000000
2030-07-04,coal,0.34000000,0.00000000,-0.34000000
2030-07-05,coal,0.33000000,0.00000000,-0.33000000
2030-07-06,coal,0.23000000,0.00000000,-0.23000000
2030-07-07,coal,0.30000000,0.00000000,-0.30000000
2030-07-08,coal,0.33000000,0.00000000,-0.33000000
2030-07-09,coal,8.69000000,0.00000000,-8.69000000
2030-07-10,coal,21.10000000,0.00000000,-21.10000000
2030-07-11,coal,10.27000000,0.00000000,-10.27000000
2030-07-12,coal,0.36000000,0.00000000,-0.36000000
2030-07-13,coal,0.33000000,0.00000000,-0.33000000
2030-07-14,coal,0.34000000,0.00000000,-0.34000000
2030-07-15,coal,0.29000000,0.00000000,-0.29000000
2030-07-16,coal,0.35000000,0.00000000,-0.35000000
2030-07-17,coal,0.35000000,0.00000000,-0.35000000
2030-07-18,coal,14.01000000,0.00000000,-14.01000000
2030-07-19,coal,12.94000000,0.00000000,-12.94000000
2030-07-20,coal,2.68000000,0.00000000,-2.68000000
2030-07-21,coal,0.35000000,0.00000000,-0.35000000
2030-07-22,coal,0.36000000,0.00000000,-0.36000000
2030-07-23,coal,0.35000000,0.00000000,-0.35000000
2030-07-24,coal,0.38000000,0.00000000,-0.38000000
2030-07-25,coal,0.38000000,0.00000000,-0.38000000
2030-07-26,coal,0.36000000,0.00000000,-0.36000000
2030-07-27,coal,0.35000000,0.00000000,-0.35000000
2030-07-28,coal,0.34000000,0.00000000,-0.34000000
2030-07-29,coal,0.36000000,0.00000000,-0.36000000
2030-07-30,coal,0.35000000,0.00000000,-0.35000000
2030-07-31,coal,0.36000000,0.00000000,-0.36000000
2030-08-01,coal,0.28000000,0.00000000,-0.28000000
2030-08-02,coal,0.17000000,0.00000000,-0.17000000
2030-08-03,coal,0.00000000,0.00000000,0.00000000
2030-08-04,coal,0.32000000,0.00000000,-0.32000000
2030-08-05,coal,0.38000000,0.00000000,-0.38000000
2030-08-06,coal,0.38000000,0.00000000,-0.38000000
2030-08-07,coal,0.04000000,0.00000000,-0.04000000
2030-08-08,coal,0.04000000,0.00000000,-0.04000000
2030-08-09,coal,0.35000000,0.00000000,-0.35000000
2030-08-10,coal,0.33000000,0.00000000,-0.33000000
2030-08-11,coal,0.22000000,0.00000000,-0.22000000
2030-08-12,coal,0.35000000,0.00000000,-0.35000000
2030-08-13,coal,0.35000000,0.00000000,-0.35000000
2030-08-14,coal,0.36000000,0.00000000,-0.36000000
2030-08-15,coal,0.35000000,0.00000000,-0.35000000
2030-08-16,coal,0.37000000,0.00000000,-0.37000000
2030-08-17,coal,0.33000000,0.00000000,-0.33000000
2030-08-18,coal,0.28000000,0.00000000,-0.28000000
2030-08-19,coal,0.30000000,0.00000000,-0.30000000
2030-08-20,coal,22.12000000,0.00000000,-22.12000000
2030-08-21,coal,41.56000000,0.00000000,-41.56000000
2030-08-22,coal,35.85000000,0.00000000,-35.85000000
2030-08-23,coal,26.63000000,0.00000000,-26.63000000
2030-08-24,coal,3.49000000,0.00000000,-3.49000000
2030-08-25,coal,0.36000000,0.00000000,-0.36000000
2030-08-26,coal,17.92000000,0.00000000,-17.92000000
2030-08-27,coal,24.22000000,0.00000000,-24.22000000
2030-08-28,coal,24.27000000,0.00000000,-24.27000000
2030-08-29,coal,61.54000000,0.00000000,-61.54000000
2030-08-30,coal,3.07000000,0.00000000,-3.07000000
2030-08-31,coal,0.33000000,0.00000000,-0.33000000
2030-09-01,coal,0.13000000,0.00000000,-0.13000000
2030-09-02,coal,18.06000000,0.00000000,-18.06000000
2030-09-03,coal,14.09000000,0.00000000,-14.09000000
2030-09-04,coal,2.87000000,0.00000000,-2.87000000
2030-09-05,coal,0.40000000,0.00000000,-0.40000000
2030-09-06,coal,0.39000000,0.00000000,-0.39000000
2030-09-07,coal,0.32000000,0.00000000,-0.32000000
2030-09-08,coal,0.27000000,0.00000000,-0.27000000
2030-09-09,coal,22.58000000,0.00000000,-22.58000000
2030-09-10,coal,59.71000000,0.00000000,-59.71000000
2030-09-11,coal,27.53000000,0.00000000,-27.53000000
2030-09-12,coal,39.78000000,0.00000000,-39.78000000
2030-09-13,coal,1.18000000,0.00000000,-1.18000000
2030-09-14,coal,0.39000000,0.00000000,-0.39000000
2030-09-15,coal,0.38000000,0.00000000,-0.38000000
2030-09-16,coal,23.32000000,0.00000000,-23.32000000
2030-09-17,coal,7.15000000,0.00000000,-7.15000000
2030-09-18,coal,0.25000000,0.00000000,-0.25000000
2030-09-19,coal,0.03000000,0.00000000,-0.03000000
2030-09-20,coal,0.09000000,0.00000000,-0.09000000
2030-09-21,coal,0.14000000,0.00000000,-0.14000000
2030-09-22,coal,0.13000000,0.00000000,-0.13000000
2030-09-23,coal,0.32000000,0.00000000,-0.32000000
2030-09-24,coal,0.32000000,0.00000000,-0.32000000
2030-09-25,coal,21.97000000,0.00000000,-21.97000000
2030-09-26,coal,53.66000000,0.00000000,-53.66000000
2030-09-27,coal,26.75000000,0.00000000,-26.75000000
2030-09-28,coal,0.14000000,0.00000000,-0.14000000
2030-09-29,coal,0.00000000,0.00000000,0.00000000
2030-09-30,coal,0.31000000,0.00000000,-0.31000000
2030-10-01,coal,0.10000000,0.00000000,-0.10000000
2030-10-02,coal,0.16000000,0.00000000,-0.16000000
2030-10-03,coal,0.34000000,0.00000000,-0.34000000
2030-10-04,coal,0.34000000,0.00000000,-0.34000000
2030-10-05,coal,0.00000000,0.00000000,0.00000000
2030-10-06,coal,0.00000000,0.00000000,0.00000000
2030-10-07,coal,0.16000000,0.00000000,-0.16000000
2030-10-08,coal,0.37000000,0.00000000,-0.37000000
2030-10-09,coal,0.45000000,0.00000000,-0.45000000
2030-10-10,coal,0.38000000,0.00000000,-0.38000000
2030-10-11,coal,31.00000000,0.00000000,-31.00000000
2030-10-12,coal,4.35000000,0.00000000,-4.35000000
2030-10-13,coal,0.48000000,0.00000000,-0.48000000
2030-10-14,coal,55.92000000,0.00000000,-55.92000000
2030-10-15,coal,25.43000000,0.00000000,-25.43000000
2030-10-16,coal,14.75000000,0.00000000,-14.75000000
2030-10-17,coal,4.61000000,0.00000000,-4.61000000
2030-10-18,coal,4.59000000,0.00000000,-4.59000000
2030-10-19,coal,0.42000000,0.00000000,-0.42000000
2030-10-20,coal,0.00000000,0.00000000,0.00000000
2030-10-21,coal,29.03000000,0.00000000,-29.03000000
2030-10-22,coal,36.53000000,0.00000000,-36.53000000
2030-10-23,coal,24.66000000,0.00000000,-24.66000000
2030-10-24,coal,0.12000000,0.00000000,-0.12000000
2030-10-25,coal,0.36000000,0.00000000,-0.36000000
2030-10-26,coal,0.38000000,0.00000000,-0.38000000
2030-10-27,coal,0.16000000,0.00000000,-0.16000000
2030-10-28,coal,0.45000000,0.00000000,-0.45000000
2030-10-29,coal,59.89000000,0.00000000,-59.89000000
2030-10-30,coal,58.54000000,0.00000000,-58.54000000
2030-10-31,coal,60.70000000,0.00000000,-60.70000000
2030-11-01,coal,14.36000000,0.00000000,-14.36000000
2030-11-02,coal,12.67000000,0.00000000,-12.67000000
2030-11-03,coal,12.67000000,0.00000000,-12.67000000
2030-11-04,coal,37.65000000,0.00000000,-37.65000000
2030-11-05,coal,18.49000000,0.00000000,-18.49000000
2030-11-06,coal,17.66000000,0.00000000,-17.66000000
2030-11-07,coal,17.81000000,0.00000000,-17.81000000
2030-11-08,coal,14.63000000,0.00000000,-14.63000000
2030-11-09,coal,12.67000000,0.00000000,-12.67000000
2030-11-10,coal,12.67000000,0.00000000,-12.67000000
2030-11-11,coal,18.11000000,0.00000000,-18.11000000
2030-11-12,coal,76.20000000,3.48186822,-72.71813178
2030-11-13,coal,67.89000000,0.00000000,-67.89000000
2030-11-14,coal,32.66000000,0.00000000,-32.66000000
2030-11-15,coal,25.71000000,0.00000000,-25.71000000
2030-11-16,coal,14.74000000,0.00000000,-14.74000000
2030-11-17,coal,13.37000000,0.00000000,-13.37000000
2030-11-18,coal,33.41000000,0.00000000,-33.41000000
2030-11-19,coal,74.41000000,0.00000000,-74.41000000
2030-11-20,coal,95.51000000,0.00000000,-95.51000000
2030-11-21,coal,76.48000000,0.00000000,-76.48000000
2030-11-22,coal,19.82000000,0.00000000,-19.82000000
2030-11-23,coal,14.53000000,0.00000000,-14.53000000
2030-11-24,coal,16.29000000,0.00000000,-16.29000000
2030-11-25,coal,49.28000000,0.00000000,-49.28000000
2030-11-26,coal,78.60000000,0.00000000,-78.60000000
2030-11-27,coal,37.74000000,0.00000000,-37.74000000
2030-11-28,coal,73.79000000,0.00000000,-73.79000000
2030-11-29,coal,96.48000000,0.00000000,-96.48000000
2030-11-30,coal,82.56000000,0.00000000,-82.56000000
2030-12-01,coal,51.09000000,0.00000000,-51.09000000
2030-12-02,coal,32.82000000,0.00000000,-32.82000000
2030-12-03,coal,55.68000000,0.00000000,-55.68000000
2030-12-04,coal,41.50000000,0.00000000,-41.50000000
2030-12-05,coal,61.13000000,0.00000000,-61.13000000
2030-12-06,coal,76.02000000,0.00000000,-76.02000000
2030-12-07,coal,18.97000000,0.00000000,-18.97000000
2030-12-08,coal,46.69000000,0.00000000,-46.69000000
2030-12-09,coal,88.62000000,0.00000000,-88.62000000
2030-12-10,coal,99.36000000,0.00000000,-99.36000000
2030-12-11,coal,101.57000000,23.55852680,-78.01147320
2030-12-12,coal,98.11000000,15.21217182,-82.89782818
2030-12-13,coal,77.60000000,24.38596820,-53.21403180
2030-12-14,coal,49.04000000,19.21982432,-29.82017568
2030-12-15,coal,19.90000000,0.00000000,-19.90000000
2030-12-16,coal,81.48000000,0.00000000,-81.48000000
2030-12-17,coal,76.38000000,0.00000000,-76.38000000
2030-12-18,coal,23.64000000,0.00000000,-23.64000000
2030-12-19,coal,19.25000000,14.10578428,-5.14421572
2030-12-20,coal,18.82000000,0.00000000,-18.82000000
2030-12-21,coal,18.16000000,0.00000000,-18.16000000
2030-12-22,coal,16.96000000,0.00000000,-16.96000000
2030-12-23,coal,34.50000000,0.00000000,-34.50000000
2030-12-24,coal,17.03000000,0.00000000,-17.03000000
2030-12-25,coal,16.97000000,0.00000000,-16.97000000
2030-12-26,coal,16.80000000,0.00000000,-16.80000000
2030-12-27,coal,16.80000000,0.00000000,-16.80000000
2030-12-28,coal,16.80000000,0.00000000,-16.80000000
2030-12-29,coal,16.80000000,0.00000000,-16.80000000
2030-12-30,coal,16.80000000,0.00000000,-16.80000000
2030-12-31,coal,16.80000000,0.00000000,-16.80000000
2030-01-01,gas-ccgt,93.60000000,316.52981096,222.92981096
2030-01-02,gas-ccgt,157.63000000,438.24000164,280.61000164
2030-01-03,gas-ccgt,254.10000000,438.72000084,184.62000084
2030-01-04,gas-ccgt,93.60000000,401.59925597,307.99925597
2030-01-05,gas-ccgt,140.99000000,429.60000197,288.61000197
2030-01-06,gas-ccgt,103.64000000,431.76000071,328.12000071
2030-01-07,gas-ccgt,196.71000000,434.84797914,238.13797914
2030-01-08,gas-ccgt,223.26000000,441.60000073,218.34000073
2030-01-09,gas-ccgt,259.09000000,442.55999912,183.46999912
2030-01-10,gas-ccgt,250.06000000,443.28000028,193.22000028
2030-01-11,gas-ccgt,164.61000000,440.04979841,275.43979841
2030-01-12,gas-ccgt,93.51000000,410.92466333,317.41466333
2030-01-13,gas-ccgt,93.57000000,212.14913069,118.57913069
2030-01-14,gas-ccgt,134.65000000,334.48417548,199.83417548
2030-01-15,gas-ccgt,152.21000000,399.48963157,247.27963157
2030-01-16,gas-ccgt,245.45000000,446.40000212,200.95000212
2030-01-17,gas-ccgt,262.45000000,446.57622719,184.12622719
2030-01-18,gas-ccgt,322.28000000,444.95999982,122.67999982
2030-01-19,gas-ccgt,168.89000000,437.04000130,268.15000130
2030-01-20,gas-ccgt,365.92000000,438.72000084,72.80000084
2030-01-21,gas-ccgt,411.40000000,446.88000132,35.48000132
2030-01-22,gas-ccgt,421.27000000,447.59999776,26.32999776
2030-01-23,gas-ccgt,447.12000000,448.08000167,0.96000167
2030-01-24,gas-ccgt,447.42000000,448.31999891,0.89999891
2030-01-25,gas-ccgt,445.47000000,446.16000017,0.69000017
2030-01-26,gas-ccgt,372.16000000,437.75999773,65.59999773
2030-01-27,gas-ccgt,339.19000000,439.44000199,100.25000199
2030-01-28,gas-ccgt,437.79000000,447.36000052,9.57000052
2030-01-29,gas-ccgt,337.79000000,447.59999776,109.80999776
2030-01-30,gas-ccgt,195.09000000,447.91865247,252.82865247
2030-01-31,gas-ccgt,196.53000000,447.83999971,251.30999971
2030-02-01,gas-ccgt,93.83000000,347.93664721,254.10664721
2030-02-02,gas-ccgt,119.10000000,414.51801780,295.41801780
2030-02-03,gas-ccgt,93.64000000,226.76065795,133.12065795
2030-02-04,gas-ccgt,354.80000000,446.63999936,91.83999936
2030-02-05,gas-ccgt,314.69000000,446.88000132,132.19000132
2030-02-06,gas-ccgt,424.13000000,447.11999856,22.98999856
2030-02-07,gas-ccgt,389.93000000,447.11999856,57.18999856
2030-02-08,gas-ccgt,300.01000000,430.31275586,130.30275586
2030-02-09,gas-ccgt,125.70000000,369.50329664,243.80329664
2030-02-10,gas-ccgt,93.61000000,249.67802482,156.06802482
2030-02-11,gas-ccgt,230.17000000,190.71439825,-39.45560175
2030-02-12,gas-ccgt,415.97000000,445.91999821,29.94999821
2030-02-13,gas-ccgt,408.75000000,446.16000017,37.41000017
2030-02-14,gas-ccgt,406.96000000,445.91999821,38.95999821
2030-02-15,gas-ccgt,333.81000000,443.75999947,109.94999947
2030-02-16,gas-ccgt,108.74000000,435.36000175,326.62000175
2030-02-17,gas-ccgt,93.59000000,158.89514239,65.30514239
2030-02-18,gas-ccgt,142.61000000,338.15883249,195.54883249
2030-02-19,gas-ccgt,200.10000000,444.71999786,244.61999786
2030-02-20,gas-ccgt,93.80000000,328.36807745,234.56807745
2030-02-21,gas-ccgt,234.98000000,422.04304909,187.06304909
2030-02-22,gas-ccgt,352.86000000,442.32000188,89.46000188
2030-02-23,gas-ccgt,241.09000000,433.68000221,192.59000221
2030-02-24,gas-ccgt,95.37000000,323.91918352,228.54918352
2030-02-25,gas-ccgt,141.44000000,167.02309759,25.58309759
2030-02-26,gas-ccgt,201.93000000,395.46088476,193.53088476
2030-02-27,gas-ccgt,332.04000000,442.80000108,110.76000108
2030-02-28,gas-ccgt,328.59000000,437.67777239,109.08777239
2030-03-01,gas-ccgt,291.94000000,381.05133211,89.11133211
2030-03-02,gas-ccgt,214.08000000,383.06625701,168.98625701
2030-03-03,gas-ccgt,188.05000000,347.25267949,159.20267949
2030-03-04,gas-ccgt,236.68000000,231.90568156,-4.77431844
2030-03-05,gas-ccgt,333.61000000,440.40000038,106.79000038
2030-03-06,gas-ccgt,321.63000000,440.40000038,118.77000038
2030-03-07,gas-ccgt,184.59000000,384.76750203,200.17750203
2030-03-08,gas-ccgt,362.59000000,437.75999773,75.16999773
2030-03-09,gas-ccgt,245.05000000,428.88000082,183.83000082
2030-03-10,gas-ccgt,61.34000000,162.76781584,101.42781584
2030-03-11,gas-ccgt,201.00000000,216.27197852,15.27197852
2030-03-12,gas-ccgt,179.17000000,394.00079508,214.83079508
2030-03-13,gas-ccgt,68.28000000,164.15999915,95.87999915
2030-03-14,gas-ccgt,104.24000000,259.21338485,154.97338485
2030-03-15,gas-ccgt,193.41000000,271.12315164,77.71315164
2030-03-16,gas-ccgt,69.02000000,260.43216200,191.41216200
2030-03-17,gas-ccgt,106.35000000,176.19070357,69.84070357
2030-03-18,gas-ccgt,223.92000000,237.89056862,13.97056862
2030-03-19,gas-ccgt,285.06000000,353.09247656,68.03247656
2030-03-20,gas-ccgt,264.46000000,434.63002083,170.17002083
2030-03-21,gas-ccgt,180.79000000,352.10282104,171.31282104
2030-03-22,gas-ccgt,59.69000000,264.15169413,204.46169413
2030-03-23,gas-ccgt,52.56000000,198.79230852,146.23230852
2030-03-24,gas-ccgt,52.32000000,123.82999960,71.50999960
2030-03-25,gas-ccgt,61.50000000,127.81717345,66.31717345
2030-03-26,gas-ccgt,140.93000000,289.29287149,148.36287149
2030-03-27,gas-ccgt,104.61000000,176.88403039,72.27403039
2030-03-28,gas-ccgt,157.77000000,272.97191043,115.20191043
2030-03-29,gas-ccgt,185.12000000,391.07187326,205.95187326
2030-03-30,gas-ccgt,52.56000000,134.59412138,82.03412138
2030-03-31,gas-ccgt,66.66000000,99.20429303,32.54429303
2030-04-01,gas-ccgt,63.60000000,0.00000000,-63.60000000
2030-04-02,gas-ccgt,98.65000000,43.09549240,-55.55450760
2030-04-03,gas-ccgt,198.97000000,241.48647062,42.51647062
2030-04-04,gas-ccgt,248.31000000,285.12000031,36.81000031
2030-04-05,gas-ccgt,250.62000000,282.89227617,32.27227617
2030-04-06,gas-ccgt,133.85000000,230.34609583,96.49609583
2030-04-07,gas-ccgt,98.96000000,98.16088862,-0.79911138
2030-04-08,gas-ccgt,316.53000000,240.30820764,-76.22179236
2030-04-09,gas-ccgt,241.64000000,284.39237694,42.75237694
2030-04-10,gas-ccgt,80.73000000,73.73076728,-6.99923272
2030-04-11,gas-ccgt,112.82000000,94.58602540,-18.23397460
2030-04-12,gas-ccgt,113.72000000,173.66595956,59.94595956
2030-04-13,gas-ccgt,73.38000000,160.01294424,86.63294424
2030-04-14,gas-ccgt,103.75000000,188.29973572,84.54973572
2030-04-15,gas-ccgt,176.29000000,63.68893987,-112.60106013
2030-04-16,gas-ccgt,275.14000000,337.92790808,62.78790808
2030-04-17,gas-ccgt,215.60000000,280.98708388,65.38708388
2030-04-18,gas-ccgt,103.13000000,228.08878248,124.95878248
2030-04-19,gas-ccgt,44.37000000,161.84708490,117.47708490
2030-04-20,gas-ccgt,44.31000000,193.96586355,149.65586355
2030-04-21,gas-ccgt,43.73000000,10.59853728,-33.13146272
2030-04-22,gas-ccgt,52.33000000,118.50130749,66.17130749
2030-04-23,gas-ccgt,119.80000000,219.01982786,99.21982786
2030-04-24,gas-ccgt,72.15000000,143.47741979,71.32741979
2030-04-25,gas-ccgt,92.32000000,126.58629562,34.26629562
2030-04-26,gas-ccgt,100.38000000,127.18013716,26.80013716
2030-04-27,gas-ccgt,113.62000000,218.86600509,105.24600509
2030-04-28,gas-ccgt,59.31000000,141.80123898,82.49123898
2030-04-29,gas-ccgt,160.76000000,128.67352497,-32.08647503
2030-04-30,gas-ccgt,168.70000000,207.13314200,38.43314200
2030-05-01,gas-ccgt,103.80000000,66.30019116,-37.49980884
2030-05-02,gas-ccgt,138.42000000,154.26214515,15.84214515
2030-05-03,gas-ccgt,162.13000000,232.67071450,70.54071450
2030-05-04,gas-ccgt,67.43000000,151.46235336,84.03235336
2030-05-05,gas-ccgt,47.49000000,0.00000000,-47.49000000
2030-05-06,gas-ccgt,141.07000000,0.00000000,-141.07000000
2030-05-07,gas-ccgt,118.69000000,101.77623761,-16.91376239
2030-05-08,gas-ccgt,153.25000000,90.74366145,-62.50633855
2030-05-09,gas-ccgt,129.34000000,105.58622800,-23.75377200
2030-05-10,gas-ccgt,152.32000000,55.98123696,-96.33876304
2030-05-11,gas-ccgt,152.78000000,238.32651248,85.54651248
2030-05-12,gas-ccgt,55.32000000,8.15546801,-47.16453199
2030-05-13,gas-ccgt,134.08000000,22.49157957,-111.58842043
2030-05-14,gas-ccgt,214.63000000,244.56922709,29.93922709
2030-05-15,gas-ccgt,189.78000000,216.00109868,26.22109868
2030-05-16,gas-ccgt,71.62000000,112.05078536,40.43078536
2030-05-17,gas-ccgt,79.47000000,116.36694024,36.89694024
2030-05-18,gas-ccgt,127.16000000,185.12972180,57.96972180
2030-05-19,gas-ccgt,69.58000000,15.97116177,-53.60883823
2030-05-20,gas-ccgt,82.64000000,0.00000000,-82.64000000
2030-05-21,gas-ccgt,124.82000000,0.00000000,-124.82000000
2030-05-22,gas-ccgt,156.33000000,147.45672525,-8.87327475
2030-05-23,gas-ccgt,92.20000000,95.48684319,3.28684319
2030-05-24,gas-ccgt,138.06000000,205.06978631,67.00978631
2030-05-25,gas-ccgt,90.05000000,159.58291357,69.53291357
2030-05-26,gas-ccgt,56.99000000,29.27497330,-27.71502670
2030-05-27,gas-ccgt,158.69000000,56.75366634,-101.93633366
2030-05-28,gas-ccgt,165.40000000,144.01711411,-21.38288589
2030-05-29,gas-ccgt,104.93000000,87.35002548,-17.57997452
2030-05-30,gas-ccgt,66.50000000,141.20987116,74.70987116
2030-05-31,gas-ccgt,77.52000000,99.66921711,22.14921711
2030-06-01,gas-ccgt,31.99000000,61.72614810,29.73614810
2030-06-02,gas-ccgt,39.41000000,11.36080430,-28.04919570
2030-06-03,gas-ccgt,107.84000000,64.81423024,-43.02576976
2030-06-04,gas-ccgt,154.48000000,191.37820295,36.89820295
2030-06-05,gas-ccgt,171.11000000,232.83797482,61.72797482
2030-06-06,gas-ccgt,195.66000000,248.01745851,52.35745851
2030-06-07,gas-ccgt,177.33000000,236.47995522,59.14995522
2030-06-08,gas-ccgt,99.62000000,210.11169455,110.49169455
2030-06-09,gas-ccgt,30.87000000,50.33984953,19.46984953
2030-06-10,gas-ccgt,32.60000000,70.72760215,38.12760215
2030-06-11,gas-ccgt,65.17000000,96.57030063,31.40030063
2030-06-12,gas-ccgt,104.63000000,90.16619350,-14.46380650
2030-06-13,gas-ccgt,89.92000000,115.37935135,25.45935135
2030-06-14,gas-ccgt,101.17000000,194.49045931,93.32045931
2030-06-15,gas-ccgt,113.25000000,235.21577806,121.96577806
2030-06-16,gas-ccgt,100.00000000,148.26997244,48.26997244
2030-06-17,gas-ccgt,189.58000000,131.35397392,-58.22602608
2030-06-18,gas-ccgt,212.33000000,196.28160023,-16.04839977
2030-06-19,gas-ccgt,156.40000000,187.56847102,31.16847102
2030-06-20,gas-ccgt,181.81000000,185.51973996,3.70973996
2030-06-21,gas-ccgt,154.32000000,228.40496475,74.08496475
2030-06-22,gas-ccgt,120.96000000,214.13764218,93.17764218
2030-06-23,gas-ccgt,61.12000000,6.89584331,-54.22415669
2030-06-24,gas-ccgt,183.49000000,71.04216748,-112.44783252
2030-06-25,gas-ccgt,201.27000000,183.70049327,-17.56950673
2030-06-26,gas-ccgt,106.44000000,46.04127985,-60.39872015
2030-06-27,gas-ccgt,144.07000000,117.48537522,-26.58462478
2030-06-28,gas-ccgt,167.03000000,222.43045085,55.40045085
2030-06-29,gas-ccgt,124.27000000,261.61988165,137.34988165
2030-06-30,gas-ccgt,113.70000000,181.12823127,67.42823127
2030-07-01,gas-ccgt,96.85000000,0.00000000,-96.85000000
2030-07-02,gas-ccgt,93.45000000,83.32511079,-10.12488921
2030-07-03,gas-ccgt,101.72000000,98.33728487,-3.38271513
2030-07-04,gas-ccgt,132.48000000,144.64550210,12.16550210
2030-07-05,gas-ccgt,86.31000000,102.08976274,15.77976274
2030-07-06,gas-ccgt,99.72000000,166.13324425,66.41324425
2030-07-07,gas-ccgt,112.79000000,162.81825713,50.02825713
2030-07-08,gas-ccgt,146.59000000,48.37272572,-98.21727428
2030-07-09,gas-ccgt,192.83000000,135.80592645,-57.02407355
2030-07-10,gas-ccgt,229.88000000,202.25846296,-27.62153704
2030-07-11,gas-ccgt,206.57000000,174.68888465,-31.88111535
2030-07-12,gas-ccgt,143.06000000,155.31664437,12.25664437
2030-07-13,gas-ccgt,133.79000000,154.77574682,20.98574682
2030-07-14,gas-ccgt,137.67000000,179.33179337,41.66179337
2030-07-15,gas-ccgt,91.60000000,17.05893317,-74.54106683
2030-07-16,gas-ccgt,129.52000000,100.31369042,-29.20630958
2030-07-17,gas-ccgt,158.59000000,155.63128572,-2.95871428
2030-07-18,gas-ccgt,214.08000000,201.16925025,-12.91074975
2030-07-19,gas-ccgt,224.82000000,217.15992164,-7.66007836
2030-07-20,gas-ccgt,153.12000000,198.78302743,45.66302743
2030-07-21,gas-ccgt,143.69000000,192.28445714,48.59445714
2030-07-22,gas-ccgt,165.79000000,123.02375845,-42.76624155
2030-07-23,gas-ccgt,125.53000000,88.76755302,-36.76244698
2030-07-24,gas-ccgt,178.67000000,185.07587955,6.40587955
2030-07-25,gas-ccgt,197.20000000,231.04684501,33.84684501
2030-07-26,gas-ccgt,144.75000000,172.28051682,27.53051682
2030-07-27,gas-ccgt,88.50000000,262.74370986,174.24370986
2030-07-28,gas-ccgt,100.99000000,146.04982975,45.05982975
2030-07-29,gas-ccgt,178.12000000,128.51669042,-49.60330958
2030-07-30,gas-ccgt,137.50000000,137.96426422,0.46426422
2030-07-31,gas-ccgt,152.67000000,134.78097599,-17.88902401
2030-08-01,gas-ccgt,79.84000000,50.69999997,-29.14000003
2030-08-02,gas-ccgt,77.15000000,70.08941378,-7.06058622
2030-08-03,gas-ccgt,31.09000000,51.38876901,20.29876901
2030-08-04,gas-ccgt,72.18000000,106.39811291,34.21811291
2030-08-05,gas-ccgt,198.36000000,120.39360619,-77.96639381
2030-08-06,gas-ccgt,167.87000000,205.57636372,37.70636372
2030-08-07,gas-ccgt,39.67000000,59.21809466,19.54809466
2030-08-08,gas-ccgt,51.64000000,36.00181990,-15.63818010
2030-08-09,gas-ccgt,95.16000000,154.04166253,58.88166253
2030-08-10,gas-ccgt,123.63000000,236.28411916,112.65411916
2030-08-11,gas-ccgt,120.39000000,182.03936736,61.64936736
2030-08-12,gas-ccgt,142.52000000,116.20711038,-26.31288962
2030-08-13,gas-ccgt,161.86000000,206.55943813,44.69943813
2030-08-14,gas-ccgt,224.97000000,238.66789432,13.69789432
2030-08-15,gas-ccgt,202.39000000,214.33506807,11.94506807
2030-08-16,gas-ccgt,190.48000000,240.37949298,49.89949298
2030-08-17,gas-ccgt,96.06000000,255.65357653,159.59357653
2030-08-18,gas-ccgt,65.43000000,114.95574840,49.52574840
2030-08-19,gas-ccgt,121.75000000,111.32967739,-10.42032261
2030-08-20,gas-ccgt,224.07000000,229.25111385,5.18111385
2030-08-21,gas-ccgt,253.86000000,249.08818988,-4.77181012
2030-08-22,gas-ccgt,251.36000000,258.38686963,7.02686963
2030-08-23,gas-ccgt,230.29000000,239.57011808,9.28011808
2030-08-24,gas-ccgt,172.37000000,244.39950013,72.02950013
2030-08-25,gas-ccgt,126.46000000,199.87166894,73.41166894
2030-08-26,gas-ccgt,219.73000000,112.38838338,-107.34161662
2030-08-27,gas-ccgt,267.56000000,300.04916121,32.48916121
2030-08-28,gas-ccgt,295.78000000,322.67489170,26.89489170
2030-08-29,gas-ccgt,349.63000000,379.80383474,30.17383474
2030-08-30,gas-ccgt,221.33000000,261.75982747,40.42982747
2030-08-31,gas-ccgt,94.85000000,158.40610576,63.55610576
2030-09-01,gas-ccgt,98.19000000,70.83350766,-27.35649234
2030-09-02,gas-ccgt,232.60000000,162.17869095,-70.42130905
2030-09-03,gas-ccgt,234.55000000,265.75565180,31.20565180
2030-09-04,gas-ccgt,224.81000000,257.34429996,32.53429996
2030-09-05,gas-ccgt,207.31000000,240.79066093,33.48066093
2030-09-06,gas-ccgt,175.30000000,237.68861515,62.38861515
2030-09-07,gas-ccgt,66.23000000,149.15965169,82.92965169
2030-09-08,gas-ccgt,97.63000000,133.11232430,35.48232430
2030-09-09,gas-ccgt,244.81000000,180.63549849,-64.17450151
2030-09-10,gas-ccgt,265.42000000,283.64277670,18.22277670
2030-09-11,gas-ccgt,247.99000000,275.25285791,27.26285791
2030-09-12,gas-ccgt,279.33000000,304.02528172,24.69528172
2030-09-13,gas-ccgt,143.43000000,258.62321873,115.19321873
2030-09-14,gas-ccgt,184.99000000,291.73423733,106.74423733
2030-09-15,gas-ccgt,93.08000000,152.16833038,59.08833038
2030-09-16,gas-ccgt,199.42000000,190.72757520,-8.69242480
2030-09-17,gas-ccgt,210.50000000,226.15863324,15.65863324
2030-09-18,gas-ccgt,56.49000000,168.71631729,112.22631729
2030-09-19,gas-ccgt,46.37000000,125.56564189,79.19564189
2030-09-20,gas-ccgt,55.31000000,134.87384368,79.56384368
2030-09-21,gas-ccgt,46.43000000,148.90824265,102.47824265
2030-09-22,gas-ccgt,70.12000000,28.70531137,-41.41468863
2030-09-23,gas-ccgt,142.58000000,96.41390080,-46.16609920
2030-09-24,gas-ccgt,144.54000000,217.60485834,73.06485834
2030-09-25,gas-ccgt,136.70000000,201.41352184,64.71352184
2030-09-26,gas-ccgt,277.24000000,305.49887972,28.25887972
2030-09-27,gas-ccgt,196.85000000,297.17992257,100.32992257
2030-09-28,gas-ccgt,62.09000000,220.16388668,158.07388668
2030-09-29,gas-ccgt,37.21000000,100.26147947,63.05147947
2030-09-30,gas-ccgt,157.93000000,72.62841652,-85.30158348
2030-10-01,gas-ccgt,41.21000000,63.43255974,22.22255974
2030-10-02,gas-ccgt,68.68000000,114.93163301,46.25163301
2030-10-03,gas-ccgt,111.03000000,90.50833155,-20.52166845
2030-10-04,gas-ccgt,97.55000000,187.98263010,90.43263010
2030-10-05,gas-ccgt,41.21000000,93.27413304,52.06413304
2030-10-06,gas-ccgt,41.21000000,3.42061489,-37.78938511
2030-10-07,gas-ccgt,75.56000000,124.75937278,49.19937278
2030-10-08,gas-ccgt,118.75000000,174.49072471,55.74072471
2030-10-09,gas-ccgt,186.24000000,225.36509166,39.12509166
2030-10-10,gas-ccgt,104.65000000,195.79530746,91.14530746
2030-10-11,gas-ccgt,243.50000000,293.28094867,49.78094867
2030-10-12,gas-ccgt,237.34000000,345.54137204,108.20137204
2030-10-13,gas-ccgt,186.80000000,298.43478162,111.63478162
2030-10-14,gas-ccgt,339.03000000,313.77234717,-25.25765283
2030-10-15,gas-ccgt,206.94000000,403.35162042,196.41162042
2030-10-16,gas-ccgt,156.09000000,317.54768753,161.45768753
2030-10-17,gas-ccgt,150.44000000,266.25092862,115.81092862
2030-10-18,gas-ccgt,255.13000000,419.27999803,164.14999803
2030-10-19,gas-ccgt,150.77000000,404.95875754,254.18875754
2030-10-20,gas-ccgt,41.21000000,91.21222617,50.00222617
2030-10-21,gas-ccgt,286.88000000,341.07316891,54.19316891
2030-10-22,gas-ccgt,278.04000000,381.23446964,103.19446964
2030-10-23,gas-ccgt,256.41000000,416.99205216,160.58205216
2030-10-24,gas-ccgt,51.08000000,177.19999990,126.11999991
2030-10-25,gas-ccgt,148.12000000,220.78249670,72.66249670
2030-10-26,gas-ccgt,135.20000000,356.36734183,221.16734183
2030-10-27,gas-ccgt,48.96000000,174.41273437,125.45273437
2030-10-28,gas-ccgt,132.87000000,153.21942898,20.34942898
2030-10-29,gas-ccgt,330.56000000,427.20000127,96.64000127
2030-10-30,gas-ccgt,316.78000000,408.33784341,91.55784341
2030-10-31,gas-ccgt,328.46000000,400.83254055,72.37254055
2030-11-01,gas-ccgt,69.51000000,164.22012100,94.71012100
2030-11-02,gas-ccgt,60.72000000,190.67220497,129.95220497
2030-11-03,gas-ccgt,60.77000000,147.06080263,86.29080263
2030-11-04,gas-ccgt,237.59000000,202.35350370,-35.23649630
2030-11-05,gas-ccgt,258.02000000,421.15602349,163.13602349
2030-11-06,gas-ccgt,138.20000000,329.56088167,191.36088167
2030-11-07,gas-ccgt,135.44000000,239.04115098,103.60115098
2030-11-08,gas-ccgt,101.82000000,354.34625240,252.52625240
2030-11-09,gas-ccgt,60.80000000,287.62207765,226.82207765
2030-11-10,gas-ccgt,60.85000000,219.69240214,158.84240214
2030-11-11,gas-ccgt,194.62000000,234.07767956,39.45767956
2030-11-12,gas-ccgt,367.15000000,433.44000025,66.29000025
2030-11-13,gas-ccgt,355.75000000,430.02545824,74.27545824
2030-11-14,gas-ccgt,273.86000000,328.43734880,54.57734880
2030-11-15,gas-ccgt,269.19000000,330.31652464,61.12652464
2030-11-16,gas-ccgt,109.79000000,353.04271054,243.25271054
2030-11-17,gas-ccgt,71.03000000,31.67681355,-39.35318645
2030-11-18,gas-ccgt,247.02000000,98.27245899,-148.74754101
2030-11-19,gas-ccgt,375.10000000,415.92963278,40.82963278
2030-11-20,gas-ccgt,413.48000000,438.72000084,25.24000084
2030-11-21,gas-ccgt,375.65000000,433.84884890,58.19884890
2030-11-22,gas-ccgt,220.01000000,369.71441014,149.70441014
2030-11-23,gas-ccgt,109.04000000,268.24678075,159.20678075
2030-11-24,gas-ccgt,165.99000000,239.46758324,73.47758324
2030-11-25,gas-ccgt,309.82000000,185.79656400,-124.02343600
2030-11-26,gas-ccgt,389.45000000,427.89109996,38.44109996
2030-11-27,gas-ccgt,305.36000000,435.41940248,130.05940248
2030-11-28,gas-ccgt,347.13000000,439.74040580,92.61040580
2030-11-29,gas-ccgt,424.59000000,440.64000234,16.05000234
2030-11-30,gas-ccgt,393.64000000,432.48000186,38.84000186
2030-12-01,gas-ccgt,317.26000000,434.16000140,116.90000140
2030-12-02,gas-ccgt,317.89000000,433.43269249,115.54269249
2030-12-03,gas-ccgt,305.24000000,442.55999912,137.31999912
2030-12-04,gas-ccgt,329.38000000,442.80000108,113.42000108
2030-12-05,gas-ccgt,352.05000000,442.80000108,90.75000108
2030-12-06,gas-ccgt,384.15000000,440.40000038,56.25000038
2030-12-07,gas-ccgt,151.35000000,389.03933394,237.68933394
2030-12-08,gas-ccgt,284.19000000,433.19999830,149.00999830
2030-12-09,gas-ccgt,417.12000000,440.64000234,23.52000234
2030-12-10,gas-ccgt,424.97000000,440.64000234,15.67000234
2030-12-11,gas-ccgt,427.56000000,440.64000234,13.08000234
2030-12-12,gas-ccgt,424.44000000,440.15999843,15.71999843
2030-12-13,gas-ccgt,383.32000000,437.75999773,54.43999773
2030-12-14,gas-ccgt,318.47000000,428.88000082,110.41000082
2030-12-15,gas-ccgt,270.07000000,429.83999921,159.76999921
2030-12-16,gas-ccgt,394.48000000,437.52000049,43.04000049
2030-12-17,gas-ccgt,389.18000000,437.52000049,48.34000049
2030-12-18,gas-ccgt,264.96000000,437.27999854,172.31999854
2030-12-19,gas-ccgt,92.40000000,412.89089163,320.49089163
2030-12-20,gas-ccgt,125.66000000,434.64000060,308.98000060
2030-12-21,gas-ccgt,113.08000000,422.30912326,309.22912326
2030-12-22,gas-ccgt,100.22000000,273.04737939,172.82737939
2030-12-23,gas-ccgt,275.24000000,432.78703268,157.54703268
2030-12-24,gas-ccgt,116.20000000,349.23117806,233.03117806
2030-12-25,gas-ccgt,95.28000000,265.18640093,169.90640093
2030-12-26,gas-ccgt,91.17000000,97.91769659,6.74769659
2030-12-27,gas-ccgt,91.12000000,145.90562640,54.78562640
2030-12-28,gas-ccgt,90.90000000,177.39999957,86.49999957
2030-12-29,gas-ccgt,90.95000000,47.33627944,-43.61372056
2030-12-30,gas-ccgt,91.17000000,0.00000000,-91.17000000
2030-12-31,gas-ccgt,91.19000000,152.22189331,61.03189331
2030-01-01,gas-conventional,2.19000000,64.80485324,62.61485324
2030-01-02,gas-conventional,11.51000000,124.47079581,112.96079581
2030-01-03,gas-conventional,13.72000000,128.40000052,114.68000052
2030-01-04,gas-conventional,0.00000000,102.63356068,102.63356068
2030-01-05,gas-conventional,6.28000000,125.28000049,119.00000049
2030-01-06,gas-conventional,4.63000000,126.00000060,121.37000060
2030-01-07,gas-conventional,11.46000000,111.70608216,100.24608216
2030-01-08,gas-conventional,12.35000000,129.36000021,117.01000021
2030-01-09,gas-conventional,13.74000000,129.59999978,115.85999978
2030-01-10,gas-conventional,14.14000000,129.83999936,115.69999936
2030-01-11,gas-conventional,10.34000000,128.67789590,118.33789590
2030-01-12,gas-conventional,0.00000000,96.51624552,96.51624552
2030-01-13,gas-conventional,0.74000000,53.09999977,52.35999977
2030-01-14,gas-conventional,9.68000000,81.44999994,71.76999994
2030-01-15,gas-conventional,9.91000000,108.41693067,98.50693067
2030-01-16,gas-conventional,14.15000000,130.80000044,116.65000044
2030-01-17,gas-conventional,15.20000000,125.58000001,110.38000001
2030-01-18,gas-conventional,15.31000000,130.55999947,115.24999947
2030-01-19,gas-conventional,13.21000000,127.91999998,114.70999998
2030-01-20,gas-conventional,18.55000000,128.40000052,109.85000052
2030-01-21,gas-conventional,32.63000000,131.04000001,98.41000001
2030-01-22,gas-conventional,50.87000000,131.27999959,80.40999959
2030-01-23,gas-conventional,95.64000000,131.52000056,35.88000056
2030-01-24,gas-conventional,104.61000000,131.52000056,26.91000056
2030-01-25,gas-conventional,88.30000000,130.80000044,42.50000044
2030-01-26,gas-conventional,15.32000000,128.15999955,112.83999955
2030-01-27,gas-conventional,19.27000000,128.64000010,109.37000010
2030-01-28,gas-conventional,59.41000000,131.27999959,71.86999959
2030-01-29,gas-conventional,17.54000000,131.27999959,113.73999959
2030-01-30,gas-conventional,12.74000000,126.04000053,113.30000053
2030-01-31,gas-conventional,13.69000000,131.52000056,117.83000056
2030-02-01,gas-conventional,0.00000000,82.79928156,82.79928156
2030-02-02,gas-conventional,4.35000000,101.26999998,96.91999998
2030-02-03,gas-conventional,0.69000000,58.20857015,57.51857015
2030-02-04,gas-conventional,29.35000000,131.04000001,101.69000001
2030-02-05,gas-conventional,15.07000000,131.04000001,115.97000001
2030-02-06,gas-conventional,51.95000000,131.04000001,79.09000001
2030-02-07,gas-conventional,39.40000000,131.04000001,91.64000001
2030-02-08,gas-conventional,17.92000000,108.44199140,90.52199140
2030-02-09,gas-conventional,8.14000000,105.27380754,97.13380754
2030-02-10,gas-conventional,4.45000000,40.36606257,35.91606257
2030-02-11,gas-conventional,11.06000000,49.49679781,38.43679781
2030-02-12,gas-conventional,46.16000000,130.80000044,84.64000044
2030-02-13,gas-conventional,42.23000000,130.80000044,88.57000044
2030-02-14,gas-conventional,39.88000000,130.80000044,90.92000044
2030-02-15,gas-conventional,20.17000000,130.08000033,109.91000033
2030-02-16,gas-conventional,7.90000000,127.19999987,119.29999987
2030-02-17,gas-conventional,0.00000000,43.16064504,43.16064504
2030-02-18,gas-conventional,6.04000000,89.08335179,83.04335179
2030-02-19,gas-conventional,12.53000000,130.31999990,117.78999990
2030-02-20,gas-conventional,1.51000000,69.03911949,67.52911949
2030-02-21,gas-conventional,18.61000000,119.45999991,100.84999991
2030-02-22,gas-conventional,19.52000000,129.59999978,110.07999978
2030-02-23,gas-conventional,13.89000000,126.71999932,112.82999932
2030-02-24,gas-conventional,1.52000000,87.38626326,85.86626326
2030-02-25,gas-conventional,6.41000000,25.59887420,19.18887420
2030-02-26,gas-conventional,11.41000000,101.97879104,90.56879104
2030-02-27,gas-conventional,17.58000000,129.42946151,111.84946151
2030-02-28,gas-conventional,21.16000000,121.06493713,99.90493713
2030-03-01,gas-conventional,15.40000000,106.72042642,91.32042642
2030-03-02,gas-conventional,10.50000000,110.00898234,99.50898234
2030-03-03,gas-conventional,11.23000000,89.58999982,78.35999982
2030-03-04,gas-conventional,13.57000000,42.95999989,29.38999989
2030-03-05,gas-conventional,22.05000000,128.87999967,106.82999967
2030-03-06,gas-conventional,18.35000000,128.87999967,110.52999967
2030-03-07,gas-conventional,9.98000000,103.10927147,93.12927147
2030-03-08,gas-conventional,16.24000000,128.15999955,111.91999955
2030-03-09,gas-conventional,13.83000000,125.28000049,111.45000049
2030-03-10,gas-conventional,3.81000000,43.30645933,39.49645933
2030-03-11,gas-conventional,10.77000000,42.04422304,31.27422304
2030-03-12,gas-conventional,10.51000000,99.89200699,89.38200699
2030-03-13,gas-conventional,3.70000000,43.14678925,39.44678925
2030-03-14,gas-conventional,7.31000000,63.73359784,56.42359784
2030-03-15,gas-conventional,10.97000000,64.37126957,53.40126957
2030-03-16,gas-conventional,3.18000000,69.65618611,66.47618611
2030-03-17,gas-conventional,4.40000000,36.87339208,32.47339208
2030-03-18,gas-conventional,12.17000000,47.61100517,35.44100517
2030-03-19,gas-conventional,14.50000000,97.38883511,82.88883511
2030-03-20,gas-conventional,13.33000000,121.22928506,107.89928506
2030-03-21,gas-conventional,9.87000000,95.26171279,85.39171279
2030-03-22,gas-conventional,3.52000000,63.06670459,59.54670459
2030-03-23,gas-conventional,0.71000000,33.59956293,32.88956293
2030-03-24,gas-conventional,0.00000000,36.12000008,36.12000008
2030-03-25,gas-conventional,2.65000000,16.74611426,14.09611426
2030-03-26,gas-conventional,10.40000000,80.96923062,70.56923062
2030-03-27,gas-conventional,7.61000000,37.67594969,30.06594969
2030-03-28,gas-conventional,9.27000000,57.40284216,48.13284216
2030-03-29,gas-conventional,10.57000000,84.66154703,74.09154703
2030-03-30,gas-conventional,0.73000000,0.86042182,0.13042182
2030-03-31,gas-conventional,3.19000000,10.21999997,7.02999997
2030-04-01,gas-conventional,4.09000000,0.00000000,-4.09000000
2030-04-02,gas-conventional,6.72000000,2.71892477,-4.00107523
2030-04-03,gas-conventional,9.40000000,61.20134913,51.80134913
2030-04-04,gas-conventional,12.65000000,81.90475379,69.25475379
2030-04-05,gas-conventional,11.97000000,77.40000016,65.43000016
2030-04-06,gas-conventional,7.07000000,57.03382500,49.96382500
2030-04-07,gas-conventional,5.12000000,15.14999992,10.02999992
2030-04-08,gas-conventional,18.67000000,37.41724823,18.74724823
2030-04-09,gas-conventional,10.81000000,78.16263133,67.35263133
2030-04-10,gas-conventional,4.70000000,7.97052869,3.27052869
2030-04-11,gas-conventional,4.04000000,23.42870064,19.38870064
2030-04-12,gas-conventional,5.81000000,39.95726438,34.14726438
2030-04-13,gas-conventional,2.91000000,34.16015701,31.25015701
2030-04-14,gas-conventional,5.90000000,46.57269068,40.67269068
2030-04-15,gas-conventional,9.46000000,3.78513422,-5.67486578
2030-04-16,gas-conventional,13.34000000,76.03715019,62.69715019
2030-04-17,gas-conventional,9.80000000,71.51286961,61.71286961
2030-04-18,gas-conventional,6.56000000,41.07846828,34.51846828
2030-04-19,gas-conventional,1.06000000,27.67962560,26.61962560
2030-04-20,gas-conventional,1.39000000,29.51999983,28.12999983
2030-04-21,gas-conventional,1.21000000,0.00000000,-1.21000000
2030-04-22,gas-conventional,2.41000000,5.32187015,2.91187015
2030-04-23,gas-conventional,6.64000000,56.34264512,49.70264512
2030-04-24,gas-conventional,3.98000000,25.48606332,21.50606332
2030-04-25,gas-conventional,5.82000000,25.10000014,19.28000014
2030-04-26,gas-conventional,4.91000000,24.26978109,19.35978109
2030-04-27,gas-conventional,5.93000000,43.74000019,37.81000019
2030-04-28,gas-conventional,3.13000000,19.81065974,16.68065974
2030-04-29,gas-conventional,8.39000000,15.54085777,7.15085777
2030-04-30,gas-conventional,7.81000000,43.28001438,35.47001438
2030-05-01,gas-conventional,5.81000000,16.06258898,10.25258898
2030-05-02,gas-conventional,7.02000000,33.17333681,26.15333681
2030-05-03,gas-conventional,8.02000000,64.31204106,56.29204106
2030-05-04,gas-conventional,2.63000000,26.49029964,23.86029964
2030-05-05,gas-conventional,1.59000000,0.00000000,-1.59000000
2030-05-06,gas-conventional,7.72000000,4.63825615,-3.08174385
2030-05-07,gas-conventional,6.73000000,26.54704007,19.81704007
2030-05-08,gas-conventional,7.74000000,6.59219340,-1.14780660
2030-05-09,gas-conventional,7.04000000,14.67000008,7.63000008
2030-05-10,gas-conventional,7.27000000,3.16564805,-4.10435195
2030-05-11,gas-conventional,7.30000000,51.69941020,44.39941020
2030-05-12,gas-conventional,2.53000000,2.02200374,-0.50799626
2030-05-13,gas-conventional,6.63000000,5.56057713,-1.06942287
2030-05-14,gas-conventional,10.38000000,51.21315484,40.83315484
2030-05-15,gas-conventional,8.03000000,42.42926484,34.39926484
2030-05-16,gas-conventional,3.95000000,21.32945087,17.37945087
2030-05-17,gas-conventional,4.17000000,14.42999998,10.25999998
2030-05-18,gas-conventional,6.58000000,40.79685322,34.21685322
2030-05-19,gas-conventional,3.30000000,4.71000000,1.41000000
2030-05-20,gas-conventional,4.61000000,0.00000000,-4.61000000
2030-05-21,gas-conventional,6.63000000,3.51452883,-3.11547117
2030-05-22,gas-conventional,8.32000000,18.70876373,10.38876373
2030-05-23,gas-conventional,4.27000000,18.70876373,14.43876373
2030-05-24,gas-conventional,7.48000000,37.79256026,30.31256026
2030-05-25,gas-conventional,4.11000000,11.04221196,6.93221196
2030-05-26,gas-conventional,2.30000000,0.00000000,-2.30000000
2030-05-27,gas-conventional,7.31000000,9.03002913,1.72002913
2030-05-28,gas-conventional,7.32000000,22.26824023,14.94824023
2030-05-29,gas-conventional,5.34000000,12.89351706,7.55351706
2030-05-30,gas-conventional,4.25000000,19.84386358,15.59386358
2030-05-31,gas-conventional,3.77000000,13.03870782,9.26870782
2030-06-01,gas-conventional,1.45000000,7.75403684,6.30403684
2030-06-02,gas-conventional,1.85000000,1.18732293,-0.66267707
2030-06-03,gas-conventional,5.61000000,13.87876372,8.26876372
2030-06-04,gas-conventional,7.53000000,33.83108430,26.30108430
2030-06-05,gas-conventional,8.29000000,42.23653281,33.94653281
2030-06-06,gas-conventional,8.62000000,62.63245003,54.01245003
2030-06-07,gas-conventional,7.71000000,61.92129459,54.21129459
2030-06-08,gas-conventional,4.84000000,30.88776207,26.04776207
2030-06-09,gas-conventional,1.13000000,4.12268415,2.99268415
2030-06-10,gas-conventional,1.23000000,12.83575962,11.60575962
2030-06-11,gas-conventional,4.05000000,9.66000003,5.61000003
2030-06-12,gas-conventional,5.18000000,28.20290845,23.02290845
2030-06-13,gas-conventional,4.71000000,28.98000010,24.27000010
2030-06-14,gas-conventional,5.82000000,23.39256023,17.57256023
2030-06-15,gas-conventional,6.19000000,62.04367774,55.85367774
2030-06-16,gas-conventional,5.11000000,27.23704436,22.12704436
2030-06-17,gas-conventional,8.99000000,16.65423302,7.66423302
2030-06-18,gas-conventional,8.60000000,37.71826027,29.11826027
2030-06-19,gas-conventional,7.59000000,26.93846159,19.34846159
2030-06-20,gas-conventional,8.65000000,42.40909769,33.75909769
2030-06-21,gas-conventional,7.01000000,53.65553010,46.64553010
2030-06-22,gas-conventional,5.32000000,44.44987336,39.12987336
2030-06-23,gas-conventional,3.01000000,0.00000000,-3.01000000
2030-06-24,gas-conventional,8.97000000,9.54000001,0.57000001
2030-06-25,gas-conventional,8.12000000,38.84490874,30.72490874
2030-06-26,gas-conventional,6.06000000,4.17509116,-1.88490884
2030-06-27,gas-conventional,7.25000000,19.72490878,12.47490878
2030-06-28,gas-conventional,7.60000000,42.59919391,34.99919391
2030-06-29,gas-conventional,6.60000000,57.14362365,50.54362365
2030-06-30,gas-conventional,5.83000000,33.23015794,27.40015794
2030-07-01,gas-conventional,4.72000000,0.00000000,-4.72000000
2030-07-02,gas-conventional,3.88000000,13.99961479,10.11961479
2030-07-03,gas-conventional,3.95000000,11.99993895,8.04993895
2030-07-04,gas-conventional,5.55000000,25.87113257,20.32113257
2030-07-05,gas-conventional,3.56000000,27.29777524,23.73777524
2030-07-06,gas-conventional,3.97000000,37.97606487,34.00606487
2030-07-07,gas-conventional,5.02000000,25.51447590,20.49447590
2030-07-08,gas-conventional,6.39000000,1.22011048,-5.16988952
2030-07-09,gas-conventional,8.45000000,28.67999993,20.22999993
2030-07-10,gas-conventional,12.03000000,50.22965774,38.19965774
2030-07-11,gas-conventional,8.51000000,37.71382544,29.20382544
2030-07-12,gas-conventional,6.66000000,32.34586009,25.68586009
2030-07-13,gas-conventional,5.25000000,33.79080482,28.54080482
2030-07-14,gas-conventional,5.66000000,37.43999994,31.77999994
2030-07-15,gas-conventional,4.76000000,0.00000000,-4.76000000
2030-07-16,gas-conventional,5.09000000,24.00000006,18.91000006
2030-07-17,gas-conventional,6.84000000,23.44129464,16.60129464
2030-07-18,gas-conventional,10.86000000,32.69965921,21.83965921
2030-07-19,gas-conventional,9.35000000,44.04935741,34.69935741
2030-07-20,gas-conventional,6.03000000,29.96945052,23.93945052
2030-07-21,gas-conventional,6.27000000,45.16494052,38.89494052
2030-07-22,gas-conventional,7.06000000,9.66000003,2.60000003
2030-07-23,gas-conventional,5.54000000,10.17037231,4.63037231
2030-07-24,gas-conventional,8.20000000,30.97745580,22.77745580
2030-07-25,gas-conventional,9.32000000,52.29399550,42.97399550
2030-07-26,gas-conventional,6.27000000,30.29373052,24.02373052
2030-07-27,gas-conventional,4.53000000,28.78567855,24.25567855
2030-07-28,gas-conventional,4.73000000,27.89888757,23.16888757
2030-07-29,gas-conventional,7.76000000,14.61000001,6.85000001
2030-07-30,gas-conventional,6.51000000,28.34777014,21.83777014
2030-07-31,gas-conventional,6.13000000,28.99626095,22.86626095
2030-08-01,gas-conventional,3.87000000,21.31499908,17.44499908
2030-08-02,gas-conventional,3.74000000,14.61000001,10.87000001
2030-08-03,gas-conventional,1.17000000,9.54000001,8.37000001
2030-08-04,gas-conventional,3.94000000,15.81390934,11.87390934
2030-08-05,gas-conventional,8.64000000,21.17295963,12.53295963
2030-08-06,gas-conventional,7.11000000,49.50111496,42.39111496
2030-08-07,gas-conventional,2.57000000,6.30616212,3.73616212
2030-08-08,gas-conventional,3.10000000,4.93999999,1.83999999
2030-08-09,gas-conventional,5.64000000,22.18435445,16.54435445
2030-08-10,gas-conventional,5.61000000,57.04056481,51.43056481
2030-08-11,gas-conventional,6.14000000,35.39448960,29.25448960
2030-08-12,gas-conventional,7.54000000,11.12315920,3.58315920
2030-08-13,gas-conventional,7.94000000,43.19575113,35.25575113
2030-08-14,gas-conventional,9.21000000,67.94813741,58.73813741
2030-08-15,gas-conventional,8.71000000,44.03021933,35.32021933
2030-08-16,gas-conventional,8.21000000,66.02870406,57.81870406
2030-08-17,gas-conventional,5.29000000,57.42103997,52.13103997
2030-08-18,gas-conventional,3.08000000,26.96217394,23.88217394
2030-08-19,gas-conventional,6.14000000,19.72142329,13.58142329
2030-08-20,gas-conventional,12.54000000,66.79431039,54.25431039
2030-08-21,gas-conventional,17.00000000,69.29999968,52.29999968
2030-08-22,gas-conventional,12.87000000,74.24999966,61.37999966
2030-08-23,gas-conventional,11.04000000,68.25737379,57.21737379
2030-08-24,gas-conventional,7.74000000,68.83859771,61.09859771
2030-08-25,gas-conventional,6.17000000,27.72752671,21.55752671
2030-08-26,gas-conventional,10.81000000,18.39727931,7.58727931
2030-08-27,gas-conventional,13.15000000,61.18171679,48.03171679
2030-08-28,gas-conventional,18.19000000,69.39684738,51.20684738
2030-08-29,gas-conventional,23.83000000,95.94351253,72.11351253
2030-08-30,gas-conventional,9.73000000,66.57841851,56.84841851
2030-08-31,gas-conventional,5.22000000,25.52838393,20.30838393
2030-09-01,gas-conventional,5.11000000,13.31049433,8.20049433
2030-09-02,gas-conventional,10.65000000,35.04499314,24.39499314
2030-09-03,gas-conventional,10.47000000,55.94522089,45.47522089
2030-09-04,gas-conventional,9.70000000,48.44671467,38.74671467
2030-09-05,gas-conventional,10.11000000,48.09999994,37.98999994
2030-09-06,gas-conventional,8.47000000,51.10412286,42.63412286
2030-09-07,gas-conventional,3.32000000,33.44285015,30.12285015
2030-09-08,gas-conventional,4.62000000,26.31355064,21.69355064
2030-09-09,gas-conventional,13.32000000,32.42558154,19.10558154
2030-09-10,gas-conventional,15.52000000,76.16000039,60.64000039
2030-09-11,gas-conventional,15.60000000,71.74322303,56.14322303
2030-09-12,gas-conventional,13.45000000,73.70528180,60.25528180
2030-09-13,gas-conventional,8.61000000,41.70251230,33.09251230
2030-09-14,gas-conventional,8.55000000,78.20000031,69.65000031
2030-09-15,gas-conventional,6.28000000,31.82001231,25.54001231
2030-09-16,gas-conventional,11.19000000,18.45104369,7.26104369
2030-09-17,gas-conventional,10.15000000,57.13174077,46.98174077
2030-09-18,gas-conventional,3.61000000,34.28091170,30.67091170
2030-09-19,gas-conventional,2.83000000,27.25931311,24.42931311
2030-09-20,gas-conventional,3.04000000,23.67455959,20.63455959
2030-09-21,gas-conventional,2.17000000,32.84402174,30.67402174
2030-09-22,gas-conventional,3.82000000,0.00000000,-3.82000000
2030-09-23,gas-conventional,7.32000000,8.51186378,1.19186378
2030-09-24,gas-conventional,7.70000000,53.71805397,46.01805397
2030-09-25,gas-conventional,10.61000000,36.67678017,26.06678017
2030-09-26,gas-conventional,18.42000000,82.61362219,64.19362219
2030-09-27,gas-conventional,11.57000000,76.36096151,64.79096151
2030-09-28,gas-conventional,2.53000000,31.87467436,29.34467436
2030-09-29,gas-conventional,1.30000000,15.69859479,14.39859479
2030-09-30,gas-conventional,8.54000000,7.98443103,-0.55556897
2030-10-01,gas-conventional,2.26000000,17.39726442,15.13726442
2030-10-02,gas-conventional,4.67000000,25.55678881,20.88678881
2030-10-03,gas-conventional,7.18000000,0.00000000,-7.18000000
2030-10-04,gas-conventional,7.43000000,44.47600860,37.04600860
2030-10-05,gas-conventional,0.00000000,17.94765123,17.94765123
2030-10-06,gas-conventional,1.03000000,4.76290882,3.73290882
2030-10-07,gas-conventional,4.84000000,29.07357754,24.23357754
2030-10-08,gas-conventional,7.72000000,24.85000000,17.13000000
2030-10-09,gas-conventional,10.11000000,55.36993599,45.25993599
2030-10-10,gas-conventional,7.34000000,42.60912922,35.26912922
2030-10-11,gas-conventional,12.95000000,86.35507558,73.40507558
2030-10-12,gas-conventional,10.76000000,92.91000049,82.15000049
2030-10-13,gas-conventional,11.45000000,76.97022403,65.52022403
2030-10-14,gas-conventional,15.91000000,86.67802358,70.76802358
2030-10-15,gas-conventional,11.77000000,95.99121286,84.22121286
2030-10-16,gas-conventional,8.85000000,85.35099410,76.50099410
2030-10-17,gas-conventional,9.95000000,76.34631997,66.39631997
2030-10-18,gas-conventional,13.00000000,121.91999949,108.91999949
2030-10-19,gas-conventional,10.37000000,106.70784553,96.33784553
2030-10-20,gas-conventional,1.21000000,8.72399907,7.51399907
2030-10-21,gas-conventional,12.72000000,45.83082462,33.11082462
2030-10-22,gas-conventional,13.44000000,92.29477518,78.85477518
2030-10-23,gas-conventional,13.12000000,106.94382047,93.82382047
2030-10-24,gas-conventional,3.37000000,46.99744965,43.62744965
2030-10-25,gas-conventional,8.38000000,48.94998615,40.56998615
2030-10-26,gas-conventional,7.94000000,78.42366441,70.48366441
2030-10-27,gas-conventional,3.27000000,40.55999997,37.28999997
2030-10-28,gas-conventional,10.19000000,38.05235072,27.86235072
2030-10-29,gas-conventional,19.34000000,124.56000037,105.22000037
2030-10-30,gas-conventional,19.77000000,109.19999995,89.42999995
2030-10-31,gas-conventional,21.98000000,108.75067427,86.77067427
2030-11-01,gas-conventional,3.28000000,49.35883265,46.07883265
2030-11-02,gas-conventional,0.70000000,54.50561067,53.80561067
2030-11-03,gas-conventional,1.18000000,17.82354171,16.64354171
2030-11-04,gas-conventional,11.12000000,45.63333984,34.51333984
2030-11-05,gas-conventional,13.64000000,87.80611529,74.16611529
2030-11-06,gas-conventional,10.11000000,80.15740446,70.04740446
2030-11-07,gas-conventional,8.88000000,55.24143697,46.36143697
2030-11-08,gas-conventional,8.52000000,96.95518762,88.43518762
2030-11-09,gas-conventional,1.89000000,71.15042177,69.26042177
2030-11-10,gas-conventional,1.40000000,44.91341968,43.51341968
2030-11-11,gas-conventional,10.52000000,39.98816025,29.46816025
2030-11-12,gas-conventional,36.95000000,126.71999932,89.76999932
2030-11-13,gas-conventional,18.23000000,121.67000028,103.44000028
2030-11-14,gas-conventional,14.56000000,71.02317703,56.46317703
2030-11-15,gas-conventional,14.12000000,87.58433859,73.46433859
2030-11-16,gas-conventional,9.57000000,89.24957566,79.67957566
2030-11-17,gas-conventional,3.31000000,0.00000000,-3.31000000
2030-11-18,gas-conventional,11.97000000,9.09299963,-2.87700037
2030-11-19,gas-conventional,34.16000000,106.12422282,71.96422282
2030-11-20,gas-conventional,38.40000000,128.40000052,90.00000052
2030-11-21,gas-conventional,26.24000000,118.58450688,92.34450688
2030-11-22,gas-conventional,12.63000000,75.75746522,63.12746522
2030-11-23,gas-conventional,10.16000000,71.77111359,61.61111359
2030-11-24,gas-conventional,10.60000000,39.92737557,29.32737557
2030-11-25,gas-conventional,21.04000000,36.68633935,15.64633935
2030-11-26,gas-conventional,29.14000000,112.50789587,83.36789587
2030-11-27,gas-conventional,14.87000000,107.54003448,92.67003448
2030-11-28,gas-conventional,34.26000000,117.53909180,83.27909180
2030-11-29,gas-conventional,60.72000000,129.12000064,68.40000064
2030-11-30,gas-conventional,22.28000000,126.24000018,103.96000018
2030-12-01,gas-conventional,15.79000000,126.96000029,111.17000029
2030-12-02,gas-conventional,14.49000000,118.79999980,104.30999980
2030-12-03,gas-conventional,13.85000000,129.59999978,115.74999978
2030-12-04,gas-conventional,14.91000000,123.11178228,108.20178228
2030-12-05,gas-conventional,21.33000000,129.83999936,108.50999936
2030-12-06,gas-conventional,29.80000000,128.87999967,99.07999967
2030-12-07,gas-conventional,10.01000000,105.20000015,95.19000015
2030-12-08,gas-conventional,20.23000000,126.47999975,106.24999975
2030-12-09,gas-conventional,47.99000000,129.12000064,81.13000064
2030-12-10,gas-conventional,58.15000000,129.12000064,70.97000064
2030-12-11,gas-conventional,61.61000000,129.12000064,67.51000064
2030-12-12,gas-conventional,50.94000000,128.87999967,77.93999967
2030-12-13,gas-conventional,28.53000000,128.15999955,99.62999955
2030-12-14,gas-conventional,16.89000000,125.03999952,108.14999952
2030-12-15,gas-conventional,14.37000000,125.52000006,111.15000006
2030-12-16,gas-conventional,84.48000000,127.91999998,43.43999998
2030-12-17,gas-conventional,23.02000000,127.91999998,104.89999998
2030-12-18,gas-conventional,13.30000000,127.91999998,114.61999998
2030-12-19,gas-conventional,3.43000000,105.92548867,102.49548867
2030-12-20,gas-conventional,7.15000000,126.96000029,119.81000029
2030-12-21,gas-conventional,7.25000000,123.60574738,116.35574738
2030-12-22,gas-conventional,3.04000000,56.29828304,53.25828304
2030-12-23,gas-conventional,13.36000000,119.99850304,106.63850304
2030-12-24,gas-conventional,5.13000000,60.77151255,55.64151255
2030-12-25,gas-conventional,3.83000000,42.37342835,38.54342835
2030-12-26,gas-conventional,0.00000000,15.25801962,15.25801962
2030-12-27,gas-conventional,0.00000000,25.32632864,25.32632864
2030-12-28,gas-conventional,0.00000000,48.36276243,48.36276243
2030-12-29,gas-conventional,0.00000000,8.57630645,8.57630645
2030-12-30,gas-conventional,0.00000000,0.00000000,0.00000000
2030-12-31,gas-conventional,0.00000000,25.25350846,25.25350846
2030-01-01,gas-ocgt,0.00000000,0.00000000,0.00000000
2030-01-02,gas-ocgt,0.00000000,0.00000000,0.00000000
2030-01-03,gas-ocgt,0.00000000,0.00000000,0.00000000
2030-01-04,gas-ocgt,0.00000000,0.00000000,0.00000000
2030-01-05,gas-ocgt,0.00000000,20.55254868,20.55254868
2030-01-06,gas-ocgt,0.00000000,0.00000000,0.00000000
2030-01-07,gas-ocgt,0.00000000,24.06450782,24.06450782
2030-01-08,gas-ocgt,0.00000000,38.36210121,38.36210121
2030-01-09,gas-ocgt,0.00000000,46.04999986,46.04999986
2030-01-10,gas-ocgt,0.00000000,60.39140686,60.39140686
2030-01-11,gas-ocgt,0.00000000,0.00000000,0.00000000
2030-01-12,gas-ocgt,0.00000000,0.00000000,0.00000000
2030-01-13,gas-ocgt,0.00000000,0.00000000,0.00000000
2030-01-14,gas-ocgt,0.00000000,0.00000000,0.00000000
2030-01-15,gas-ocgt,0.00000000,0.00000000,0.00000000
2030-01-16,gas-ocgt,0.00000000,0.00000000,0.00000000
2030-01-17,gas-ocgt,0.00000000,0.00000000,0.00000000
2030-01-18,gas-ocgt,0.00000000,17.76646112,17.76646112
2030-01-19,gas-ocgt,0.00000000,0.00000000,0.00000000
2030-01-20,gas-ocgt,0.11000000,32.31816059,32.20816059
2030-01-21,gas-ocgt,1.87000000,19.02151260,17.15151260
2030-01-22,gas-ocgt,12.54000000,58.27751240,45.73751240
2030-01-23,gas-ocgt,32.38000000,66.76984683,34.38984683
2030-01-24,gas-ocgt,49.40000000,68.07902777,18.67902777
2030-01-25,gas-ocgt,21.55000000,73.67999978,52.12999978
2030-01-26,gas-ocgt,0.09000000,73.67999978,73.58999978
2030-01-27,gas-ocgt,0.15000000,67.53999980,67.38999980
2030-01-28,gas-ocgt,16.35000000,42.94876849,26.59876849
2030-01-29,gas-ocgt,0.05000000,54.14153535,54.09153535
2030-01-30,gas-ocgt,0.00000000,0.00000000,0.00000000
2030-01-31,gas-ocgt,0.00000000,0.00000000,0.00000000
2030-02-01,gas-ocgt,0.00000000,0.00000000,0.00000000
2030-02-02,gas-ocgt,0.00000000,0.00000000,0.00000000
2030-02-03,gas-ocgt,0.00000000,0.00000000,0.00000000
2030-02-04,gas-ocgt,3.03000000,18.41999995,15.38999995
2030-02-05,gas-ocgt,0.00000000,43.77375802,43.77375802
2030-02-06,gas-ocgt,10.32000000,58.32999983,48.00999983
2030-02-07,gas-ocgt,7.59000000,49.11999985,41.52999985
2030-02-08,gas-ocgt,0.52000000,16.62603795,16.10603795
2030-02-09,gas-ocgt,0.00000000,12.27999996,12.27999996
2030-02-10,gas-ocgt,0.00000000,0.00000000,0.00000000
2030-02-11,gas-ocgt,0.00000000,0.00000000,0.00000000
2030-02-12,gas-ocgt,6.37000000,58.32999983,51.95999983
2030-02-13,gas-ocgt,5.90000000,62.45638858,56.55638858
2030-02-14,gas-ocgt,6.95000000,62.69565609,55.74565609
2030-02-15,gas-ocgt,1.42000000,61.39999982,59.97999982
2030-02-16,gas-ocgt,0.00000000,20.04952085,20.04952085
2030-02-17,gas-ocgt,0.00000000,0.00000000,0.00000000
2030-02-18,gas-ocgt,0.00000000,0.00000000,0.00000000
2030-02-19,gas-ocgt,0.00000000,25.42772146,25.42772146
2030-02-20,gas-ocgt,0.00000000,7.89581789,7.89581789
2030-02-21,gas-ocgt,3.17000000,25.22698705,22.05698705
2030-02-22,gas-ocgt,0.36000000,28.50454922,28.14454922
2030-02-23,gas-ocgt,0.00000000,37.54430130,37.54430130
2030-02-24,gas-ocgt,0.00000000,0.00000000,0.00000000
2030-02-25,gas-ocgt,0.00000000,0.00000000,0.00000000
2030-02-26,gas-ocgt,0.00000000,0.00000000,0.00000000
2030-02-27,gas-ocgt,0.13000000,19.89199987,19.76199987
2030-02-28,gas-ocgt,1.75000000,27.17315102,25.42315102
2030-03-01,gas-ocgt,0.07000000,39.90999988,39.83999988
2030-03-02,gas-ocgt,0.00000000,15.34199226,15.34199226
2030-03-03,gas-ocgt,0.00000000,0.00000000,0.00000000
2030-03-04,gas-ocgt,0.03000000,0.00000000,-0.03000000
2030-03-05,gas-ocgt,2.11000000,9.26880386,7.15880386
2030-03-06,gas-ocgt,0.07000000,24.55999993,24.48999993
2030-03-07,gas-ocgt,0.00000000,0.00000000,0.00000000
2030-03-08,gas-ocgt,0.14000000,36.57559121,36.43559121
2030-03-09,gas-ocgt,0.00000000,21.54490371,21.54490371
2030-03-10,gas-ocgt,0.00000000,0.00000000,0.00000000
2030-03-11,gas-ocgt,0.00000000,0.00000000,0.00000000
2030-03-12,gas-ocgt,0.00000000,0.00000000,0.00000000
2030-03-13,gas-ocgt,0.00000000,15.45735430,15.45735430
2030-03-14,gas-ocgt,0.00000000,0.00000000,0.00000000
2030-03-15,gas-ocgt,0.00000000,14.98397112,14.98397112
2030-03-16,gas-ocgt,0.00000000,0.00000000,0.00000000
2030-03-17,gas-ocgt,0.00000000,0.00000000,0.00000000
2030-03-18,gas-ocgt,0.12000000,0.00000000,-0.12000000
2030-03-19,gas-ocgt,0.12000000,12.27999996,12.15999996
2030-03-20,gas-ocgt,0.00000000,21.48999994,21.48999994
2030-03-21,gas-ocgt,0.00000000,7.07338496,7.07338496
2030-03-22,gas-ocgt,0.00000000,0.00000000,0.00000000
2030-03-23,gas-ocgt,0.00000000,0.00000000,0.00000000
2030-03-24,gas-ocgt,0.00000000,0.00000000,0.00000000
2030-03-25,gas-ocgt,0.00000000,0.00000000,0.00000000
2030-03-26,gas-ocgt,0.00000000,0.00000000,0.00000000
2030-03-27,gas-ocgt,0.00000000,0.00000000,0.00000000
2030-03-28,gas-ocgt,0.00000000,2.07568416,2.07568416
2030-03-29,gas-ocgt,0.00000000,18.41999995,18.41999995
2030-03-30,gas-ocgt,0.00000000,0.00000000,0.00000000
2030-03-31,gas-ocgt,0.00000000,0.00000000,0.00000000
2030-04-01,gas-ocgt,0.00000000,0.00000000,0.00000000
2030-04-02,gas-ocgt,0.00000000,0.00000000,0.00000000
2030-04-03,gas-ocgt,0.00000000,7.17373143,7.17373143
2030-04-04,gas-ocgt,0.10000000,12.27999996,12.17999996
2030-04-05,gas-ocgt,0.19000000,11.25391640,11.06391640
2030-04-06,gas-ocgt,0.00000000,0.00000000,0.00000000
2030-04-07,gas-ocgt,0.00000000,0.00000000,0.00000000
2030-04-08,gas-ocgt,0.20000000,0.00000000,-0.20000000
2030-04-09,gas-ocgt,0.06000000,11.72311767,11.66311767
2030-04-10,gas-ocgt,0.00000000,0.00000000,0.00000000
2030-04-11,gas-ocgt,0.00000000,0.00000000,0.00000000
2030-04-12,gas-ocgt,0.00000000,0.00000000,0.00000000
2030-04-13,gas-ocgt,0.00000000,0.00000000,0.00000000
2030-04-14,gas-ocgt,0.00000000,0.00000000,0.00000000
2030-04-15,gas-ocgt,0.00000000,0.00000000,0.00000000
2030-04-16,gas-ocgt,0.00000000,0.00000000,0.00000000
2030-04-17,gas-ocgt,0.00000000,0.00000000,0.00000000
2030-04-18,gas-ocgt,0.00000000,0.00000000,0.00000000
2030-04-19,gas-ocgt,0.00000000,0.00000000,0.00000000
2030-04-20,gas-ocgt,0.00000000,0.00000000,0.00000000
2030-04-21,gas-ocgt,0.00000000,0.00000000,0.00000000
2030-04-22,gas-ocgt,0.00000000,0.00000000,0.00000000
2030-04-23,gas-ocgt,0.00000000,2.12632639,2.12632639
2030-04-24,gas-ocgt,0.00000000,0.00000000,0.00000000
2030-04-25,gas-ocgt,0.00000000,0.00000000,0.00000000
2030-04-26,gas-ocgt,0.00000000,0.00000000,0.00000000
2030-04-27,gas-ocgt,0.00000000,0.00000000,0.00000000
2030-04-28,gas-ocgt,0.00000000,0.00000000,0.00000000
2030-04-29,gas-ocgt,0.00000000,0.00000000,0.00000000
2030-04-30,gas-ocgt,0.00000000,0.00000000,0.00000000
2030-05-01,gas-ocgt,0.00000000,0.00000000,0.00000000
2030-05-02,gas-ocgt,0.00000000,0.00000000,0.00000000
2030-05-03,gas-ocgt,0.00000000,0.00000000,0.00000000
2030-05-04,gas-ocgt,0.00000000,0.00000000,0.00000000
2030-05-05,gas-ocgt,0.00000000,0.00000000,0.00000000
2030-05-06,gas-ocgt,0.00000000,0.00000000,0.00000000
2030-05-07,gas-ocgt,0.00000000,0.00000000,0.00000000
2030-05-08,gas-ocgt,0.00000000,0.00000000,0.00000000
2030-05-09,gas-ocgt,0.00000000,0.00000000,0.00000000
2030-05-10,gas-ocgt,0.01000000,0.00000000,-0.01000000
2030-05-11,gas-ocgt,0.00000000,0.00000000,0.00000000
2030-05-12,gas-ocgt,0.00000000,0.00000000,0.00000000
2030-05-13,gas-ocgt,0.00000000,0.00000000,0.00000000
2030-05-14,gas-ocgt,0.10000000,0.00000000,-0.10000000
2030-05-15,gas-ocgt,0.00000000,0.00000000,0.00000000
2030-05-16,gas-ocgt,0.00000000,0.00000000,0.00000000
2030-05-17,gas-ocgt,0.00000000,0.00000000,0.00000000
2030-05-18,gas-ocgt,0.00000000,0.88840598,0.88840598
2030-05-19,gas-ocgt,0.00000000,0.00000000,0.00000000
2030-05-20,gas-ocgt,0.00000000,0.00000000,0.00000000
2030-05-21,gas-ocgt,0.00000000,0.00000000,0.00000000
2030-05-22,gas-ocgt,0.00000000,0.00000000,0.00000000
2030-05-23,gas-ocgt,0.00000000,0.00000000,0.00000000
2030-05-24,gas-ocgt,0.00000000,0.00000000,0.00000000
2030-05-25,gas-ocgt,0.00000000,0.00000000,0.00000000
2030-05-26,gas-ocgt,0.00000000,0.00000000,0.00000000
2030-05-27,gas-ocgt,0.10000000,0.00000000,-0.10000000
2030-05-28,gas-ocgt,0.00000000,0.00000000,0.00000000
2030-05-29,gas-ocgt,0.00000000,0.00000000,0.00000000
2030-05-30,gas-ocgt,0.00000000,0.00000000,0.00000000
2030-05-31,gas-ocgt,0.00000000,0.00000000,0.00000000
2030-06-01,gas-ocgt,0.00000000,0.00000000,0.00000000
2030-06-02,gas-ocgt,0.00000000,0.00000000,0.00000000
2030-06-03,gas-ocgt,0.00000000,0.00000000,0.00000000
2030-06-04,gas-ocgt,0.00000000,0.00000000,0.00000000
2030-06-05,gas-ocgt,0.00000000,5.12650678,5.12650678
2030-06-06,gas-ocgt,0.00000000,0.00000000,0.00000000
2030-06-07,gas-ocgt,0.00000000,0.00000000,0.00000000
2030-06-08,gas-ocgt,0.00000000,0.00000000,0.00000000
2030-06-09,gas-ocgt,0.00000000,0.00000000,0.00000000
2030-06-10,gas-ocgt,0.00000000,0.00000000,0.00000000
2030-06-11,gas-ocgt,0.00000000,0.00000000,0.00000000
2030-06-12,gas-ocgt,0.00000000,0.00000000,0.00000000
2030-06-13,gas-ocgt,0.00000000,0.00000000,0.00000000
2030-06-14,gas-ocgt,0.00000000,0.00000000,0.00000000
2030-06-15,gas-ocgt,0.00000000,0.00000000,0.00000000
2030-06-16,gas-ocgt,0.00000000,0.00000000,0.00000000
2030-06-17,gas-ocgt,0.12000000,0.00000000,-0.12000000
2030-06-18,gas-ocgt,0.00000000,0.00000000,0.00000000
2030-06-19,gas-ocgt,0.00000000,0.00000000,0.00000000
2030-06-20,gas-ocgt,0.00000000,0.00000000,0.00000000
2030-06-21,gas-ocgt,0.00000000,0.00000000,0.00000000
2030-06-22,gas-ocgt,0.00000000,0.00000000,0.00000000
2030-06-23,gas-ocgt,0.00000000,0.00000000,0.00000000
2030-06-24,gas-ocgt,0.12000000,0.00000000,-0.12000000
2030-06-25,gas-ocgt,0.05000000,0.00000000,-0.05000000
2030-06-26,gas-ocgt,0.00000000,0.00000000,0.00000000
2030-06-27,gas-ocgt,0.00000000,0.00000000,0.00000000
2030-06-28,gas-ocgt,0.00000000,0.00000000,0.00000000
2030-06-29,gas-ocgt,0.00000000,0.00000000,0.00000000
2030-06-30,gas-ocgt,0.00000000,0.00000000,0.00000000
2030-07-01,gas-ocgt,0.00000000,0.00000000,0.00000000
2030-07-02,gas-ocgt,0.00000000,0.00000000,0.00000000
2030-07-03,gas-ocgt,0.00000000,0.00000000,0.00000000
2030-07-04,gas-ocgt,0.00000000,0.00000000,0.00000000
2030-07-05,gas-ocgt,0.00000000,0.00000000,0.00000000
2030-07-06,gas-ocgt,0.00000000,0.00000000,0.00000000
2030-07-07,gas-ocgt,0.00000000,0.00000000,0.00000000
2030-07-08,gas-ocgt,0.00000000,0.00000000,0.00000000
2030-07-09,gas-ocgt,0.12000000,0.00000000,-0.12000000
2030-07-10,gas-ocgt,0.13000000,0.00000000,-0.13000000
2030-07-11,gas-ocgt,0.13000000,0.00000000,-0.13000000
2030-07-12,gas-ocgt,0.00000000,0.00000000,0.00000000
2030-07-13,gas-ocgt,0.00000000,0.00000000,0.00000000
2030-07-14,gas-ocgt,0.00000000,0.00000000,0.00000000
2030-07-15,gas-ocgt,0.00000000,0.00000000,0.00000000
2030-07-16,gas-ocgt,0.00000000,0.00000000,0.00000000
2030-07-17,gas-ocgt,0.00000000,0.00000000,0.00000000
2030-07-18,gas-ocgt,0.12000000,0.00000000,-0.12000000
2030-07-19,gas-ocgt,0.23000000,0.00000000,-0.23000000
2030-07-20,gas-ocgt,0.00000000,0.00000000,0.00000000
2030-07-21,gas-ocgt,0.00000000,0.00000000,0.00000000
2030-07-22,gas-ocgt,0.00000000,0.00000000,0.00000000
2030-07-23,gas-ocgt,0.00000000,0.00000000,0.00000000
2030-07-24,gas-ocgt,0.00000000,0.00000000,0.00000000
2030-07-25,gas-ocgt,0.00000000,0.00000000,0.00000000
2030-07-26,gas-ocgt,0.00000000,0.00000000,0.00000000
2030-07-27,gas-ocgt,0.00000000,0.00000000,0.00000000
2030-07-28,gas-ocgt,0.00000000,0.00000000,0.00000000
2030-07-29,gas-ocgt,0.00000000,0.00000000,0.00000000
2030-07-30,gas-ocgt,0.00000000,0.00000000,0.00000000
2030-07-31,gas-ocgt,0.00000000,0.00000000,0.00000000
2030-08-01,gas-ocgt,0.00000000,0.00000000,0.00000000
2030-08-02,gas-ocgt,0.00000000,0.00000000,0.00000000
2030-08-03,gas-ocgt,0.00000000,0.00000000,0.00000000
2030-08-04,gas-ocgt,0.00000000,0.00000000,0.00000000
2030-08-05,gas-ocgt,0.00000000,0.00000000,0.00000000
2030-08-06,gas-ocgt,0.00000000,0.00000000,0.00000000
2030-08-07,gas-ocgt,0.00000000,0.00000000,0.00000000
2030-08-08,gas-ocgt,0.00000000,0.00000000,0.00000000
2030-08-09,gas-ocgt,0.00000000,0.00000000,0.00000000
2030-08-10,gas-ocgt,0.00000000,0.00000000,0.00000000
2030-08-11,gas-ocgt,0.00000000,0.00000000,0.00000000
2030-08-12,gas-ocgt,0.00000000,0.00000000,0.00000000
2030-08-13,gas-ocgt,0.10000000,0.00000000,-0.10000000
2030-08-14,gas-ocgt,0.07000000,0.00000000,-0.07000000
2030-08-15,gas-ocgt,0.00000000,0.00000000,0.00000000
2030-08-16,gas-ocgt,0.00000000,0.00000000,0.00000000
2030-08-17,gas-ocgt,0.00000000,0.00000000,0.00000000
2030-08-18,gas-ocgt,0.00000000,0.00000000,0.00000000
2030-08-19,gas-ocgt,0.00000000,0.00000000,0.00000000
2030-08-20,gas-ocgt,1.64000000,0.00000000,-1.64000000
2030-08-21,gas-ocgt,1.72000000,9.32999998,7.60999998
2030-08-22,gas-ocgt,0.59000000,10.25965608,9.66965608
2030-08-23,gas-ocgt,0.20000000,1.39196309,1.19196309
2030-08-24,gas-ocgt,0.00000000,0.00000000,0.00000000
2030-08-25,gas-ocgt,0.00000000,0.00000000,0.00000000
2030-08-26,gas-ocgt,0.53000000,0.00000000,-0.53000000
2030-08-27,gas-ocgt,0.14000000,12.43999998,12.29999998
2030-08-28,gas-ocgt,2.29000000,0.00000000,-2.29000000
2030-08-29,gas-ocgt,2.08000000,4.52267638,2.44267638
2030-08-30,gas-ocgt,0.00000000,0.00000000,0.00000000
2030-08-31,gas-ocgt,0.00000000,0.00000000,0.00000000
2030-09-01,gas-ocgt,0.00000000,0.00000000,0.00000000
2030-09-02,gas-ocgt,0.10000000,0.00000000,-0.10000000
2030-09-03,gas-ocgt,0.08000000,0.00000000,-0.08000000
2030-09-04,gas-ocgt,0.01000000,0.00000000,-0.01000000
2030-09-05,gas-ocgt,0.01000000,0.00000000,-0.01000000
2030-09-06,gas-ocgt,0.00000000,0.00000000,0.00000000
2030-09-07,gas-ocgt,0.00000000,0.00000000,0.00000000
2030-09-08,gas-ocgt,0.00000000,0.00000000,0.00000000
2030-09-09,gas-ocgt,1.73000000,0.00000000,-1.73000000
2030-09-10,gas-ocgt,1.63000000,12.43999998,10.80999998
2030-09-11,gas-ocgt,0.98000000,5.03483614,4.05483614
2030-09-12,gas-ocgt,0.11000000,0.79367149,0.68367149
2030-09-13,gas-ocgt,0.00000000,0.00000000,0.00000000
2030-09-14,gas-ocgt,0.00000000,0.00000000,0.00000000
2030-09-15,gas-ocgt,0.00000000,0.00000000,0.00000000
2030-09-16,gas-ocgt,0.86000000,0.00000000,-0.86000000
2030-09-17,gas-ocgt,0.02000000,10.65351997,10.63351997
2030-09-18,gas-ocgt,0.00000000,0.00000000,0.00000000
2030-09-19,gas-ocgt,0.00000000,0.00000000,0.00000000
2030-09-20,gas-ocgt,0.00000000,0.00000000,0.00000000
2030-09-21,gas-ocgt,0.00000000,0.00000000,0.00000000
2030-09-22,gas-ocgt,0.00000000,0.00000000,0.00000000
2030-09-23,gas-ocgt,0.00000000,0.00000000,0.00000000
2030-09-24,gas-ocgt,0.00000000,0.00000000,0.00000000
2030-09-25,gas-ocgt,1.64000000,0.00000000,-1.64000000
2030-09-26,gas-ocgt,1.69000000,12.23404976,10.54404976
2030-09-27,gas-ocgt,0.07000000,0.00000000,-0.07000000
2030-09-28,gas-ocgt,0.00000000,0.00000000,0.00000000
2030-09-29,gas-ocgt,0.00000000,0.00000000,0.00000000
2030-09-30,gas-ocgt,0.07000000,0.00000000,-0.07000000
2030-10-01,gas-ocgt,0.00000000,0.00000000,0.00000000
2030-10-02,gas-ocgt,0.00000000,0.00000000,0.00000000
2030-10-03,gas-ocgt,0.00000000,0.00000000,0.00000000
2030-10-04,gas-ocgt,0.00000000,0.00000000,0.00000000
2030-10-05,gas-ocgt,0.00000000,0.00000000,0.00000000
2030-10-06,gas-ocgt,0.00000000,0.00000000,0.00000000
2030-10-07,gas-ocgt,0.00000000,0.00000000,0.00000000
2030-10-08,gas-ocgt,0.00000000,0.00000000,0.00000000
2030-10-09,gas-ocgt,0.00000000,9.37510211,9.37510211
2030-10-10,gas-ocgt,0.00000000,0.00000000,0.00000000
2030-10-11,gas-ocgt,0.14000000,0.00000000,-0.14000000
2030-10-12,gas-ocgt,0.00000000,13.87619298,13.87619298
2030-10-13,gas-ocgt,0.00000000,0.00000000,0.00000000
2030-10-14,gas-ocgt,0.17000000,0.00000000,-0.17000000
2030-10-15,gas-ocgt,0.02000000,12.61787345,12.59787345
2030-10-16,gas-ocgt,0.00000000,0.00000000,0.00000000
2030-10-17,gas-ocgt,0.00000000,15.54999997,15.54999997
2030-10-18,gas-ocgt,0.00000000,22.83797536,22.83797536
2030-10-19,gas-ocgt,0.00000000,12.75701707,12.75701707
2030-10-20,gas-ocgt,0.00000000,0.00000000,0.00000000
2030-10-21,gas-ocgt,0.12000000,0.00000000,-0.12000000
2030-10-22,gas-ocgt,0.00000000,18.65999996,18.65999996
2030-10-23,gas-ocgt,0.03000000,12.83661573,12.80661573
2030-10-24,gas-ocgt,0.00000000,0.00000000,0.00000000
2030-10-25,gas-ocgt,0.00000000,0.00000000,0.00000000
2030-10-26,gas-ocgt,0.00000000,0.00000000,0.00000000
2030-10-27,gas-ocgt,0.00000000,0.00000000,0.00000000
2030-10-28,gas-ocgt,0.00000000,0.00000000,0.00000000
2030-10-29,gas-ocgt,1.22000000,23.41594473,22.19594473
2030-10-30,gas-ocgt,1.14000000,27.78842035,26.64842035
2030-10-31,gas-ocgt,0.56000000,10.34267569,9.78267569
2030-11-01,gas-ocgt,0.00000000,0.00000000,0.00000000
2030-11-02,gas-ocgt,0.00000000,0.00000000,0.00000000
2030-11-03,gas-ocgt,0.00000000,0.00000000,0.00000000
2030-11-04,gas-ocgt,0.00000000,0.00000000,0.00000000
2030-11-05,gas-ocgt,0.00000000,0.00000000,0.00000000
2030-11-06,gas-ocgt,0.00000000,0.00000000,0.00000000
2030-11-07,gas-ocgt,0.00000000,20.36949185,20.36949185
2030-11-08,gas-ocgt,0.00000000,0.00000000,0.00000000
2030-11-09,gas-ocgt,0.00000000,0.00000000,0.00000000
2030-11-10,gas-ocgt,0.00000000,0.00000000,0.00000000
2030-11-11,gas-ocgt,0.00000000,0.00000000,0.00000000
2030-11-12,gas-ocgt,5.14000000,37.31999993,32.17999993
2030-11-13,gas-ocgt,0.12000000,16.26578481,16.14578481
2030-11-14,gas-ocgt,0.00000000,0.00000000,0.00000000
2030-11-15,gas-ocgt,0.00000000,16.77061833,16.77061833
2030-11-16,gas-ocgt,0.00000000,0.00000000,0.00000000
2030-11-17,gas-ocgt,0.00000000,0.00000000,0.00000000
2030-11-18,gas-ocgt,0.01000000,0.00000000,-0.01000000
2030-11-19,gas-ocgt,4.92000000,16.49885119,11.57885119
2030-11-20,gas-ocgt,5.66000000,20.75154202,15.09154202
2030-11-21,gas-ocgt,2.65000000,9.50376987,6.85376987
2030-11-22,gas-ocgt,0.00000000,0.00000000,0.00000000
2030-11-23,gas-ocgt,0.00000000,0.00000000,0.00000000
2030-11-24,gas-ocgt,0.00000000,0.00000000,0.00000000
2030-11-25,gas-ocgt,1.09000000,0.00000000,-1.09000000
2030-11-26,gas-ocgt,4.91000000,15.54999997,10.63999997
2030-11-27,gas-ocgt,0.06000000,0.00000000,-0.06000000
2030-11-28,gas-ocgt,5.96000000,0.00000000,-5.96000000
2030-11-29,gas-ocgt,21.04000000,54.00091272,32.96091272
2030-11-30,gas-ocgt,1.30000000,52.86999989,51.56999989
2030-12-01,gas-ocgt,0.07000000,27.50368385,27.43368385
2030-12-02,gas-ocgt,0.00000000,0.00000000,0.00000000
2030-12-03,gas-ocgt,0.12000000,24.70791470,24.58791470
2030-12-04,gas-ocgt,0.00000000,46.23641682,46.23641682
2030-12-05,gas-ocgt,0.52000000,52.08170451,51.56170451
2030-12-06,gas-ocgt,6.13000000,51.18993527,45.05993527
2030-12-07,gas-ocgt,0.00000000,9.93280266,9.93280266
2030-12-08,gas-ocgt,0.93000000,18.24077751,17.31077751
2030-12-09,gas-ocgt,10.57000000,21.10325168,10.53325168
2030-12-10,gas-ocgt,17.97000000,57.50333545,39.53333545
2030-12-11,gas-ocgt,17.86000000,60.61710432,42.75710432
2030-12-12,gas-ocgt,12.42000000,62.77373225,50.35373225
2030-12-13,gas-ocgt,2.32000000,51.27104709,48.95104709
2030-12-14,gas-ocgt,0.10000000,68.41999986,68.31999986
2030-12-15,gas-ocgt,0.00000000,20.25400486,20.25400486
2030-12-16,gas-ocgt,29.91000000,31.09999994,1.18999994
2030-12-17,gas-ocgt,0.48000000,56.82590726,56.34590726
2030-12-18,gas-ocgt,0.00000000,37.48242018,37.48242018
2030-12-19,gas-ocgt,0.00000000,40.42999992,40.42999992
2030-12-20,gas-ocgt,0.00000000,0.00000000,0.00000000
2030-12-21,gas-ocgt,0.00000000,9.29622176,9.29622176
2030-12-22,gas-ocgt,0.00000000,0.00000000,0.00000000
2030-12-23,gas-ocgt,0.00000000,0.00000000,0.00000000
2030-12-24,gas-ocgt,0.00000000,0.00000000,0.00000000
2030-12-25,gas-ocgt,0.00000000,0.00000000,0.00000000
2030-12-26,gas-ocgt,0.00000000,0.00000000,0.00000000
2030-12-27,gas-ocgt,0.00000000,0.00000000,0.00000000
2030-12-28,gas-ocgt,0.00000000,0.00000000,0.00000000
2030-12-29,gas-ocgt,0.00000000,0.00000000,0.00000000
2030-12-30,gas-ocgt,0.00000000,0.00000000,0.00000000
2030-12-31,gas-ocgt,0.00000000,0.00000000,0.00000000
2030-01-01,hydro-ps,0.00000000,41.62949143,41.62949143
2030-01-02,hydro-ps,0.00000000,31.62927154,31.62927154
2030-01-03,hydro-ps,0.00000000,74.47178545,74.47178545
2030-01-04,hydro-ps,0.00000000,0.00000000,0.00000000
2030-01-05,hydro-ps,0.00000000,85.89324643,85.89324643
2030-01-06,hydro-ps,0.00000000,0.00000000,0.00000000
2030-01-07,hydro-ps,0.00000000,38.59268486,38.59268486
2030-01-08,hydro-ps,0.00000000,44.71159118,44.71159118
2030-01-09,hydro-ps,0.00000000,95.93227944,95.93227944
2030-01-10,hydro-ps,0.00000000,117.17918652,117.17918652
2030-01-11,hydro-ps,0.00000000,8.58599192,8.58599192
2030-01-12,hydro-ps,0.00000000,0.00000000,0.00000000
2030-01-13,hydro-ps,0.00000000,0.00000000,0.00000000
2030-01-14,hydro-ps,0.00000000,0.00000000,0.00000000
2030-01-15,hydro-ps,0.00000000,40.31041400,40.31041400
2030-01-16,hydro-ps,0.00000000,29.96506132,29.96506132
2030-01-17,hydro-ps,0.00000000,36.75938147,36.75938147
2030-01-18,hydro-ps,0.00000000,63.09064533,63.09064533
2030-01-19,hydro-ps,0.00000000,7.78921628,7.78921628
2030-01-20,hydro-ps,0.00000000,52.32908349,52.32908349
2030-01-21,hydro-ps,0.00000000,10.92186212,10.92186212
2030-01-22,hydro-ps,0.00000000,29.14191453,29.14191453
2030-01-23,hydro-ps,0.00000000,76.62042971,76.62042971
2030-01-24,hydro-ps,0.00000000,91.53990027,91.53990027
2030-01-25,hydro-ps,0.00000000,89.67478335,89.67478335
2030-01-26,hydro-ps,0.00000000,83.92106450,83.92106450
2030-01-27,hydro-ps,0.00000000,33.44293256,33.44293256
2030-01-28,hydro-ps,0.00000000,22.88522145,22.88522145
2030-01-29,hydro-ps,0.00000000,29.30626994,29.30626994
2030-01-30,hydro-ps,0.00000000,21.22924889,21.22924889
2030-01-31,hydro-ps,0.00000000,0.00000000,0.00000000
2030-02-01,hydro-ps,0.00000000,0.00000000,0.00000000
2030-02-02,hydro-ps,0.00000000,0.00000000,0.00000000
2030-02-03,hydro-ps,0.00000000,0.00000000,0.00000000
2030-02-04,hydro-ps,0.00000000,21.30506789,21.30506789
2030-02-05,hydro-ps,0.00000000,48.60758248,48.60758248
2030-02-06,hydro-ps,0.00000000,123.31000000,123.31000000
2030-02-07,hydro-ps,0.00000000,90.33024099,90.33024099
2030-02-08,hydro-ps,0.00000000,37.24672486,37.24672486
2030-02-09,hydro-ps,0.00000000,31.84053909,31.84053909
2030-02-10,hydro-ps,0.00000000,0.00000000,0.00000000
2030-02-11,hydro-ps,0.00000000,0.00000000,0.00000000
2030-02-12,hydro-ps,0.00000000,74.90974060,74.90974060
2030-02-13,hydro-ps,0.00000000,82.12188899,82.12188899
2030-02-14,hydro-ps,0.00000000,86.09378743,86.09378743
2030-02-15,hydro-ps,0.00000000,75.16101995,75.16101995
2030-02-16,hydro-ps,0.00000000,39.58157978,39.58157978
2030-02-17,hydro-ps,0.00000000,0.00000000,0.00000000
2030-02-18,hydro-ps,0.00000000,0.00000000,0.00000000
2030-02-19,hydro-ps,0.00000000,90.97039732,90.97039732
2030-02-20,hydro-ps,0.00000000,25.36237544,25.36237544
2030-02-21,hydro-ps,0.00000000,64.00099874,64.00099874
2030-02-22,hydro-ps,0.00000000,81.49198413,81.49198413
2030-02-23,hydro-ps,0.00000000,105.69358805,105.69358805
2030-02-24,hydro-ps,0.00000000,0.00000000,0.00000000
2030-02-25,hydro-ps,0.00000000,0.00000000,0.00000000
2030-02-26,hydro-ps,0.00000000,3.78590920,3.78590920
2030-02-27,hydro-ps,0.00000000,64.32403336,64.32403336
2030-02-28,hydro-ps,0.00000000,84.37000000,84.37000000
2030-03-01,hydro-ps,0.00000000,95.91192931,95.91192931
2030-03-02,hydro-ps,0.00000000,64.53751770,64.53751770
2030-03-03,hydro-ps,0.00000000,0.00000000,0.00000000
2030-03-04,hydro-ps,0.00000000,0.00000000,0.00000000
2030-03-05,hydro-ps,0.00000000,38.95717785,38.95717785
2030-03-06,hydro-ps,0.00000000,58.35092995,58.35092995
2030-03-07,hydro-ps,0.00000000,18.05050062,18.05050062
2030-03-08,hydro-ps,0.00000000,119.35522556,119.35522556
2030-03-09,hydro-ps,0.00000000,71.35560630,71.35560630
2030-03-10,hydro-ps,0.00000000,0.00000000,0.00000000
2030-03-11,hydro-ps,0.00000000,0.00000000,0.00000000
2030-03-12,hydro-ps,0.00000000,0.00000000,0.00000000
2030-03-13,hydro-ps,0.00000000,41.65115689,41.65115689
2030-03-14,hydro-ps,0.00000000,0.00000000,0.00000000
2030-03-15,hydro-ps,0.00000000,48.81491476,48.81491476
2030-03-16,hydro-ps,0.00000000,0.00000000,0.00000000
2030-03-17,hydro-ps,0.00000000,0.00000000,0.00000000
2030-03-18,hydro-ps,0.00000000,0.00000000,0.00000000
2030-03-19,hydro-ps,0.00000000,36.41757086,36.41757086
2030-03-20,hydro-ps,0.00000000,84.48604976,84.48604976
2030-03-21,hydro-ps,0.00000000,56.65674398,56.65674398
2030-03-22,hydro-ps,0.00000000,8.69679819,8.69679819
2030-03-23,hydro-ps,0.00000000,8.00605003,8.00605003
2030-03-24,hydro-ps,0.00000000,14.88412603,14.88412603
2030-03-25,hydro-ps,0.00000000,0.00000000,0.00000000
2030-03-26,hydro-ps,0.00000000,46.49406194,46.49406194
2030-03-27,hydro-ps,0.00000000,30.37812534,30.37812534
2030-03-28,hydro-ps,0.00000000,59.55311690,59.55311690
2030-03-29,hydro-ps,0.00000000,75.18216466,75.18216466
2030-03-30,hydro-ps,0.00000000,2.19283472,2.19283472
2030-03-31,hydro-ps,0.00000000,3.51075298,3.51075298
2030-04-01,hydro-ps,0.00000000,0.00000000,0.00000000
2030-04-02,hydro-ps,0.00000000,0.00000000,0.00000000
2030-04-03,hydro-ps,0.00000000,68.30614303,68.30614303
2030-04-04,hydro-ps,0.00000000,94.51786505,94.51786505
2030-04-05,hydro-ps,0.00000000,94.94692931,94.94692931
2030-04-06,hydro-ps,0.00000000,57.52120407,57.52120407
2030-04-07,hydro-ps,0.00000000,1.52013330,1.52013330
2030-04-08,hydro-ps,0.00000000,28.81576074,28.81576074
2030-04-09,hydro-ps,0.00000000,62.36825201,62.36825201
2030-04-10,hydro-ps,0.00000000,0.00000000,0.00000000
2030-04-11,hydro-ps,0.00000000,6.78331783,6.78331783
2030-04-12,hydro-ps,0.00000000,20.63956045,20.63956045
2030-04-13,hydro-ps,0.00000000,12.97401736,12.97401736
2030-04-14,hydro-ps,0.00000000,11.37083835,11.37083835
2030-04-15,hydro-ps,0.00000000,0.00000000,0.00000000
2030-04-16,hydro-ps,0.00000000,60.69593492,60.69593492
2030-04-17,hydro-ps,0.00000000,55.55375901,55.55375901
2030-04-18,hydro-ps,0.00000000,36.89796277,36.89796277
2030-04-19,hydro-ps,0.00000000,27.86391651,27.86391651
2030-04-20,hydro-ps,0.00000000,23.18065001,23.18065001
2030-04-21,hydro-ps,0.00000000,0.79785788,0.79785788
2030-04-22,hydro-ps,0.00000000,2.74161869,2.74161869
2030-04-23,hydro-ps,0.00000000,70.03987158,70.03987158
2030-04-24,hydro-ps,0.00000000,21.16578990,21.16578990
2030-04-25,hydro-ps,0.00000000,32.10353471,32.10353471
2030-04-26,hydro-ps,0.00000000,25.90718175,25.90718175
2030-04-27,hydro-ps,0.00000000,61.85973340,61.85973340
2030-04-28,hydro-ps,0.00000000,19.61644142,19.61644142
2030-04-29,hydro-ps,0.00000000,20.16545524,20.16545524
2030-04-30,hydro-ps,0.00000000,40.86960011,40.86960011
2030-05-01,hydro-ps,0.00000000,31.50650283,31.50650283
2030-05-02,hydro-ps,0.00000000,42.38973340,42.38973340
2030-05-03,hydro-ps,0.00000000,83.92086599,83.92086599
2030-05-04,hydro-ps,0.00000000,44.81861817,44.81861817
2030-05-05,hydro-ps,0.00000000,3.10747052,3.10747052
2030-05-06,hydro-ps,0.00000000,14.38991884,14.38991884
2030-05-07,hydro-ps,0.00000000,39.79837964,39.79837964
2030-05-08,hydro-ps,0.00000000,41.68985275,41.68985275
2030-05-09,hydro-ps,0.00000000,34.87380068,34.87380068
2030-05-10,hydro-ps,0.00000000,16.43771985,16.43771985
2030-05-11,hydro-ps,0.00000000,62.25284196,62.25284196
2030-05-12,hydro-ps,0.00000000,13.71134377,13.71134377
2030-05-13,hydro-ps,0.00000000,7.67138146,7.67138146
2030-05-14,hydro-ps,0.00000000,70.67579728,70.67579728
2030-05-15,hydro-ps,0.00000000,62.18762797,62.18762797
2030-05-16,hydro-ps,0.00000000,36.39122118,36.39122118
2030-05-17,hydro-ps,0.00000000,38.31917556,38.31917556
2030-05-18,hydro-ps,0.00000000,64.93194203,64.93194203
2030-05-19,hydro-ps,0.00000000,34.58465729,34.58465729
2030-05-20,hydro-ps,0.00000000,4.24433308,4.24433308
2030-05-21,hydro-ps,0.00000000,33.91486965,33.91486965
2030-05-22,hydro-ps,0.00000000,69.52031041,69.52031041
2030-05-23,hydro-ps,0.00000000,26.78984828,26.78984828
2030-05-24,hydro-ps,0.00000000,73.38801939,73.38801939
2030-05-25,hydro-ps,0.00000000,42.35551135,42.35551135
2030-05-26,hydro-ps,0.00000000,16.42973340,16.42973340
2030-05-27,hydro-ps,0.00000000,23.46713458,23.46713458
2030-05-28,hydro-ps,0.00000000,60.64976386,60.64976386
2030-05-29,hydro-ps,0.00000000,51.05485054,51.05485054
2030-05-30,hydro-ps,0.00000000,50.76741650,50.76741650
2030-05-31,hydro-ps,0.00000000,38.72271384,38.72271384
2030-06-01,hydro-ps,0.00000000,47.76289268,47.76289268
2030-06-02,hydro-ps,0.00000000,11.45986670,11.45986670
2030-06-03,hydro-ps,0.00000000,12.69746324,12.69746324
2030-06-04,hydro-ps,0.00000000,52.84442142,52.84442142
2030-06-05,hydro-ps,0.00000000,58.41300495,58.41300495
2030-06-06,hydro-ps,0.00000000,62.62957047,62.62957047
2030-06-07,hydro-ps,0.00000000,61.94587776,61.94587776
2030-06-08,hydro-ps,0.00000000,53.44013330,53.44013330
2030-06-09,hydro-ps,0.00000000,7.78121825,7.78121825
2030-06-10,hydro-ps,0.00000000,12.18119667,12.18119667
2030-06-11,hydro-ps,0.00000000,24.50919994,24.50919994
2030-06-12,hydro-ps,0.00000000,34.97568917,34.97568917
2030-06-13,hydro-ps,0.00000000,38.94000000,38.94000000
2030-06-14,hydro-ps,0.00000000,36.86146888,36.86146888
2030-06-15,hydro-ps,0.00000000,64.36141818,64.36141818
2030-06-16,hydro-ps,0.00000000,15.27391043,15.27391043
2030-06-17,hydro-ps,0.00000000,16.25408110,16.25408110
2030-06-18,hydro-ps,0.00000000,56.15282000,56.15282000
2030-06-19,hydro-ps,0.00000000,18.11995703,18.11995703
2030-06-20,hydro-ps,0.00000000,55.16314126,55.16314126
2030-06-21,hydro-ps,0.00000000,46.42254068,46.42254068
2030-06-22,hydro-ps,0.00000000,32.51327434,32.51327434
2030-06-23,hydro-ps,0.00000000,4.64059573,4.64059573
2030-06-24,hydro-ps,0.00000000,8.01013330,8.01013330
2030-06-25,hydro-ps,0.00000000,47.70819946,47.70819946
2030-06-26,hydro-ps,0.00000000,14.70231198,14.70231198
2030-06-27,hydro-ps,0.00000000,22.74075458,22.74075458
2030-06-28,hydro-ps,0.00000000,57.51303695,57.51303695
2030-06-29,hydro-ps,0.00000000,62.31173108,62.31173108
2030-06-30,hydro-ps,0.00000000,16.05650399,16.05650399
2030-07-01,hydro-ps,0.00000000,9.56113029,9.56113029
2030-07-02,hydro-ps,0.00000000,21.79367661,21.79367661
2030-07-03,hydro-ps,0.00000000,27.42975060,27.42975060
2030-07-04,hydro-ps,0.00000000,27.26565081,27.26565081
2030-07-05,hydro-ps,0.00000000,34.16923065,34.16923065
2030-07-06,hydro-ps,0.00000000,55.78528558,55.78528558
2030-07-07,hydro-ps,0.00000000,28.25834840,28.25834840
2030-07-08,hydro-ps,0.00000000,19.18315891,19.18315891
2030-07-09,hydro-ps,0.00000000,43.20462402,43.20462402
2030-07-10,hydro-ps,0.00000000,54.33642197,54.33642197
2030-07-11,hydro-ps,0.00000000,54.71923533,54.71923533
2030-07-12,hydro-ps,0.00000000,32.36550250,32.36550250
2030-07-13,hydro-ps,0.00000000,40.46013330,40.46013330
2030-07-14,hydro-ps,0.00000000,42.29290378,42.29290378
2030-07-15,hydro-ps,0.00000000,9.07259803,9.07259803
2030-07-16,hydro-ps,0.00000000,41.24618362,41.24618362
2030-07-17,hydro-ps,0.00000000,27.41874560,27.41874560
2030-07-18,hydro-ps,0.00000000,37.15354469,37.15354469
2030-07-19,hydro-ps,0.00000000,45.93700493,45.93700493
2030-07-20,hydro-ps,0.00000000,41.91119111,41.91119111
2030-07-21,hydro-ps,0.00000000,24.91678014,24.91678014
2030-07-22,hydro-ps,0.00000000,22.46483883,22.46483883
2030-07-23,hydro-ps,0.00000000,10.50706480,10.50706480
2030-07-24,hydro-ps,0.00000000,37.35104758,37.35104758
2030-07-25,hydro-ps,0.00000000,36.43650602,36.43650602
2030-07-26,hydro-ps,0.00000000,37.21232696,37.21232696
2030-07-27,hydro-ps,0.00000000,39.45094107,39.45094107
2030-07-28,hydro-ps,0.00000000,34.39666053,34.39666053
2030-07-29,hydro-ps,0.00000000,6.76983970,6.76983970
2030-07-30,hydro-ps,0.00000000,26.81092113,26.81092113
2030-07-31,hydro-ps,0.00000000,43.04870422,43.04870422
2030-08-01,hydro-ps,0.00000000,13.23522812,13.23522812
2030-08-02,hydro-ps,0.00000000,18.50879170,18.50879170
2030-08-03,hydro-ps,0.00000000,4.95278177,4.95278177
2030-08-04,hydro-ps,0.00000000,15.16100777,15.16100777
2030-08-05,hydro-ps,0.00000000,21.39960011,21.39960011
2030-08-06,hydro-ps,0.00000000,43.90217290,43.90217290
2030-08-07,hydro-ps,0.00000000,9.15107034,9.15107034
2030-08-08,hydro-ps,0.00000000,5.94960341,5.94960341
2030-08-09,hydro-ps,0.00000000,26.77177215,26.77177215
2030-08-10,hydro-ps,0.00000000,52.44524050,52.44524050
2030-08-11,hydro-ps,0.00000000,8.40826440,8.40826440
2030-08-12,hydro-ps,0.00000000,3.99033712,3.99033712
2030-08-13,hydro-ps,0.00000000,43.51920163,43.51920163
2030-08-14,hydro-ps,0.00000000,55.37959067,55.37959067
2030-08-15,hydro-ps,0.00000000,26.76915969,26.76915969
2030-08-16,hydro-ps,0.00000000,62.40986038,62.40986038
2030-08-17,hydro-ps,0.00000000,48.99119186,48.99119186
2030-08-18,hydro-ps,0.00000000,11.84412520,11.84412520
2030-08-19,hydro-ps,0.00000000,1.10598427,1.10598427
2030-08-20,hydro-ps,0.00000000,45.95246514,45.95246514
2030-08-21,hydro-ps,0.00000000,57.94402643,57.94402643
2030-08-22,hydro-ps,0.00000000,54.98220338,54.98220338
2030-08-23,hydro-ps,0.00000000,56.86039556,56.86039556
2030-08-24,hydro-ps,0.00000000,49.71977475,49.71977475
2030-08-25,hydro-ps,0.00000000,7.11356762,7.11356762
2030-08-26,hydro-ps,0.00000000,2.90321753,2.90321753
2030-08-27,hydro-ps,0.00000000,46.36806912,46.36806912
2030-08-28,hydro-ps,0.00000000,37.14444975,37.14444975
2030-08-29,hydro-ps,0.00000000,56.49304956,56.49304956
2030-08-30,hydro-ps,0.00000000,43.24313228,43.24313228
2030-08-31,hydro-ps,0.00000000,12.33523340,12.33523340
2030-09-01,hydro-ps,0.00000000,0.00000000,0.00000000
2030-09-02,hydro-ps,0.00000000,9.84939231,9.84939231
2030-09-03,hydro-ps,0.00000000,25.86727260,25.86727260
2030-09-04,hydro-ps,0.00000000,32.80000905,32.80000905
2030-09-05,hydro-ps,0.00000000,31.50786858,31.50786858
2030-09-06,hydro-ps,0.00000000,39.98843613,39.98843613
2030-09-07,hydro-ps,0.00000000,30.41950960,30.41950960
2030-09-08,hydro-ps,0.00000000,0.00000000,0.00000000
2030-09-09,hydro-ps,0.00000000,7.81513062,7.81513062
2030-09-10,hydro-ps,0.00000000,67.12556554,67.12556554
2030-09-11,hydro-ps,0.00000000,35.38284461,35.38284461
2030-09-12,hydro-ps,0.00000000,48.82001304,48.82001304
2030-09-13,hydro-ps,0.00000000,15.20951706,15.20951706
2030-09-14,hydro-ps,0.00000000,62.54979869,62.54979869
2030-09-15,hydro-ps,0.00000000,0.00000000,0.00000000
2030-09-16,hydro-ps,0.00000000,0.00000000,0.00000000
2030-09-17,hydro-ps,0.00000000,47.74089649,47.74089649
2030-09-18,hydro-ps,0.00000000,12.99107077,12.99107077
2030-09-19,hydro-ps,0.00000000,12.84728404,12.84728404
2030-09-20,hydro-ps,0.00000000,19.47000000,19.47000000
2030-09-21,hydro-ps,0.00000000,0.00000000,0.00000000
2030-09-22,hydro-ps,0.00000000,0.00000000,0.00000000
2030-09-23,hydro-ps,0.00000000,0.00000000,0.00000000
2030-09-24,hydro-ps,0.00000000,17.07759909,17.07759909
2030-09-25,hydro-ps,0.00000000,20.50309071,20.50309071
2030-09-26,hydro-ps,0.00000000,87.91251757,87.91251757
2030-09-27,hydro-ps,0.00000000,70.96378853,70.96378853
2030-09-28,hydro-ps,0.00000000,22.57123951,22.57123951
2030-09-29,hydro-ps,0.00000000,3.19463095,3.19463095
2030-09-30,hydro-ps,0.00000000,6.26815745,6.26815745
2030-10-01,hydro-ps,0.00000000,6.15779475,6.15779475
2030-10-02,hydro-ps,0.00000000,22.29618344,22.29618344
2030-10-03,hydro-ps,0.00000000,4.96986670,4.96986670
2030-10-04,hydro-ps,0.00000000,44.44249438,44.44249438
2030-10-05,hydro-ps,0.00000000,19.91012620,19.91012620
2030-10-06,hydro-ps,0.00000000,2.03303093,2.03303093
2030-10-07,hydro-ps,0.00000000,0.50449909,0.50449909
2030-10-08,hydro-ps,0.00000000,0.00000000,0.00000000
2030-10-09,hydro-ps,0.00000000,25.97115804,25.97115804
2030-10-10,hydro-ps,0.00000000,0.00000000,0.00000000
2030-10-11,hydro-ps,0.00000000,19.85242456,19.85242456
2030-10-12,hydro-ps,0.00000000,32.45000000,32.45000000
2030-10-13,hydro-ps,0.00000000,0.00000000,0.00000000
2030-10-14,hydro-ps,0.00000000,0.00000000,0.00000000
2030-10-15,hydro-ps,0.00000000,36.54665189,36.54665189
2030-10-16,hydro-ps,0.00000000,0.00000000,0.00000000
2030-10-17,hydro-ps,0.00000000,51.80356806,51.80356806
2030-10-18,hydro-ps,0.00000000,87.91798574,87.91798574
2030-10-19,hydro-ps,0.00000000,71.06291513,71.06291513
2030-10-20,hydro-ps,0.00000000,0.00000000,0.00000000
2030-10-21,hydro-ps,0.00000000,0.00000000,0.00000000
2030-10-22,hydro-ps,0.00000000,53.04220321,53.04220321
2030-10-23,hydro-ps,0.00000000,36.44161112,36.44161112
2030-10-24,hydro-ps,0.00000000,0.00000000,0.00000000
2030-10-25,hydro-ps,0.00000000,2.44888918,2.44888918
2030-10-26,hydro-ps,0.00000000,33.97013330,33.97013330
2030-10-27,hydro-ps,0.00000000,0.00000000,0.00000000
2030-10-28,hydro-ps,0.00000000,0.00000000,0.00000000
2030-10-29,hydro-ps,0.00000000,83.01918720,83.01918720
2030-10-30,hydro-ps,0.00000000,85.41014746,85.41014746
2030-10-31,hydro-ps,0.00000000,55.37724853,55.37724853
2030-11-01,hydro-ps,0.00000000,0.00000000,0.00000000
2030-11-02,hydro-ps,0.00000000,17.39078522,17.39078522
2030-11-03,hydro-ps,0.00000000,0.00000000,0.00000000
2030-11-04,hydro-ps,0.00000000,0.00000000,0.00000000
2030-11-05,hydro-ps,0.00000000,22.93129890,22.93129890
2030-11-06,hydro-ps,0.00000000,0.00000000,0.00000000
2030-11-07,hydro-ps,0.00000000,56.92481877,56.92481877
2030-11-08,hydro-ps,0.00000000,25.96000000,25.96000000
2030-11-09,hydro-ps,0.00000000,40.46013330,40.46013330
2030-11-10,hydro-ps,0.00000000,0.00000000,0.00000000
2030-11-11,hydro-ps,0.00000000,0.00000000,0.00000000
2030-11-12,hydro-ps,0.00000000,102.68367630,102.68367630
2030-11-13,hydro-ps,0.00000000,71.60718662,71.60718662
2030-11-14,hydro-ps,0.00000000,17.83276123,17.83276123
2030-11-15,hydro-ps,0.00000000,53.05164430,53.05164430
2030-11-16,hydro-ps,0.00000000,30.88008958,30.88008958
2030-11-17,hydro-ps,0.00000000,0.00000000,0.00000000
2030-11-18,hydro-ps,0.00000000,0.00000000,0.00000000
2030-11-19,hydro-ps,0.00000000,58.52740761,58.52740761
2030-11-20,hydro-ps,0.00000000,109.68169892,109.68169892
2030-11-21,hydro-ps,0.00000000,88.94714411,88.94714411
2030-11-22,hydro-ps,0.00000000,0.00000000,0.00000000
2030-11-23,hydro-ps,0.00000000,0.00000000,0.00000000
2030-11-24,hydro-ps,0.00000000,0.00000000,0.00000000
2030-11-25,hydro-ps,0.00000000,0.00000000,0.00000000
2030-11-26,hydro-ps,0.00000000,70.76851082,70.76851082
2030-11-27,hydro-ps,0.00000000,27.32703356,27.32703356
2030-11-28,hydro-ps,0.00000000,13.67821417,13.67821417
2030-11-29,hydro-ps,0.00000000,100.30692064,100.30692064
2030-11-30,hydro-ps,0.00000000,104.06337142,104.06337142
2030-12-01,hydro-ps,0.00000000,46.78390631,46.78390631
2030-12-02,hydro-ps,0.00000000,0.00000000,0.00000000
2030-12-03,hydro-ps,0.00000000,16.86099475,16.86099475
2030-12-04,hydro-ps,0.00000000,82.52795288,82.52795288
2030-12-05,hydro-ps,0.00000000,76.34368007,76.34368007
2030-12-06,hydro-ps,0.00000000,98.77841957,98.77841957
2030-12-07,hydro-ps,0.00000000,0.00000000,0.00000000
2030-12-08,hydro-ps,0.00000000,8.96513258,8.96513258
2030-12-09,hydro-ps,0.00000000,7.45851092,7.45851092
2030-12-10,hydro-ps,0.00000000,78.25105361,78.25105361
2030-12-11,hydro-ps,0.00000000,84.01042036,84.01042036
2030-12-12,hydro-ps,0.00000000,65.05960659,65.05960659
2030-12-13,hydro-ps,0.00000000,58.77455676,58.77455676
2030-12-14,hydro-ps,0.00000000,79.11690425,79.11690425
2030-12-15,hydro-ps,0.00000000,7.65080923,7.65080923
2030-12-16,hydro-ps,0.00000000,49.63940704,49.63940704
2030-12-17,hydro-ps,0.00000000,99.48436817,99.48436817
2030-12-18,hydro-ps,0.00000000,24.09397491,24.09397491
2030-12-19,hydro-ps,0.00000000,82.04442279,82.04442279
2030-12-20,hydro-ps,0.00000000,0.00000000,0.00000000
2030-12-21,hydro-ps,0.00000000,74.27122412,74.27122412
2030-12-22,hydro-ps,0.00000000,0.00000000,0.00000000
2030-12-23,hydro-ps,0.00000000,0.00000000,0.00000000
2030-12-24,hydro-ps,0.00000000,0.00000000,0.00000000
2030-12-25,hydro-ps,0.00000000,0.00000000,0.00000000
2030-12-26,hydro-ps,0.00000000,0.00000000,0.00000000
2030-12-27,hydro-ps,0.00000000,0.00000000,0.00000000
2030-12-28,hydro-ps,0.00000000,29.82074696,29.82074696
2030-12-29,hydro-ps,0.00000000,0.00000000,0.00000000
2030-12-30,hydro-ps,0.00000000,0.00000000,0.00000000
2030-12-31,hydro-ps,0.00000000,0.00000000,0.00000000
2030-01-01,hydro-reservoir,0.00000000,0.00000000,0.00000000
2030-01-02,hydro-reservoir,0.00000000,0.00000000,0.00000000
2030-01-03,hydro-reservoir,0.00000000,0.36000000,0.36000000
2030-01-04,hydro-reservoir,0.00000000,0.00000000,0.00000000
2030-01-05,hydro-reservoir,0.00000000,1.08000000,1.08000000
2030-01-06,hydro-reservoir,0.00000000,0.00000000,0.00000000
2030-01-07,hydro-reservoir,0.00000000,0.96000000,0.96000000
2030-01-08,hydro-reservoir,0.00000000,1.68000000,1.68000000
2030-01-09,hydro-reservoir,0.00000000,1.80000000,1.80000000
2030-01-10,hydro-reservoir,0.00000000,2.40000000,2.40000000
2030-01-11,hydro-reservoir,0.00000000,0.00000000,0.00000000
2030-01-12,hydro-reservoir,0.00000000,0.00000000,0.00000000
2030-01-13,hydro-reservoir,0.00000000,0.00000000,0.00000000
2030-01-14,hydro-reservoir,0.00000000,0.00000000,0.00000000
2030-01-15,hydro-reservoir,0.00000000,0.00000000,0.00000000
2030-01-16,hydro-reservoir,0.00000000,0.36000000,0.36000000
2030-01-17,hydro-reservoir,0.00000000,0.48000000,0.48000000
2030-01-18,hydro-reservoir,0.00000000,1.20000000,1.20000000
2030-01-19,hydro-reservoir,0.00000000,0.16589035,0.16589035
2030-01-20,hydro-reservoir,0.00000000,1.56000000,1.56000000
2030-01-21,hydro-reservoir,0.00000000,1.08000000,1.08000000
2030-01-22,hydro-reservoir,0.00000000,2.40000000,2.40000000
2030-01-23,hydro-reservoir,0.00000000,2.76000000,2.76000000
2030-01-24,hydro-reservoir,0.00000000,2.88000000,2.88000000
2030-01-25,hydro-reservoir,0.00000000,2.88000000,2.88000000
2030-01-26,hydro-reservoir,0.00000000,2.88000000,2.88000000
2030-01-27,hydro-reservoir,0.00000000,2.76000000,2.76000000
2030-01-28,hydro-reservoir,0.00000000,2.28000000,2.28000000
2030-01-29,hydro-reservoir,0.00000000,2.28000000,2.28000000
2030-01-30,hydro-reservoir,0.00000000,0.00000000,0.00000000
2030-01-31,hydro-reservoir,0.00000000,0.00000000,0.00000000
2030-02-01,hydro-reservoir,0.00000000,0.00000000,0.00000000
2030-02-02,hydro-reservoir,0.00000000,0.00000000,0.00000000
2030-02-03,hydro-reservoir,0.00000000,0.00000000,0.00000000
2030-02-04,hydro-reservoir,0.00000000,0.60000000,0.60000000
2030-02-05,hydro-reservoir,0.00000000,1.92000000,1.92000000
2030-02-06,hydro-reservoir,0.00000000,2.40000000,2.40000000
2030-02-07,hydro-reservoir,0.00000000,1.92000000,1.92000000
2030-02-08,hydro-reservoir,0.00000000,1.08000000,1.08000000
2030-02-09,hydro-reservoir,0.00000000,0.48000000,0.48000000
2030-02-10,hydro-reservoir,0.00000000,0.00000000,0.00000000
2030-02-11,hydro-reservoir,0.00000000,0.00000000,0.00000000
2030-02-12,hydro-reservoir,0.00000000,2.28000000,2.28000000
2030-02-13,hydro-reservoir,0.00000000,2.64000000,2.64000000
2030-02-14,hydro-reservoir,0.00000000,2.62085712,2.62085712
2030-02-15,hydro-reservoir,0.00000000,2.40000000,2.40000000
2030-02-16,hydro-reservoir,0.00000000,1.17280405,1.17280405
2030-02-17,hydro-reservoir,0.00000000,0.00000000,0.00000000
2030-02-18,hydro-reservoir,0.00000000,0.00000000,0.00000000
2030-02-19,hydro-reservoir,0.00000000,1.80000000,1.80000000
2030-02-20,hydro-reservoir,0.00000000,0.84000000,0.84000000
2030-02-21,hydro-reservoir,0.00000000,1.92000000,1.92000000
2030-02-22,hydro-reservoir,0.00000000,2.28000000,2.28000000
2030-02-23,hydro-reservoir,0.00000000,2.21078403,2.21078403
2030-02-24,hydro-reservoir,0.00000000,0.48000000,0.48000000
2030-02-25,hydro-reservoir,0.00000000,0.00000000,0.00000000
2030-02-26,hydro-reservoir,0.00000000,1.32000000,1.32000000
2030-02-27,hydro-reservoir,0.00000000,1.92000000,1.92000000
2030-02-28,hydro-reservoir,0.00000000,1.92000000,1.92000000
2030-03-01,hydro-reservoir,0.00000000,2.16000000,2.16000000
2030-03-02,hydro-reservoir,0.00000000,2.16000000,2.16000000
2030-03-03,hydro-reservoir,0.00000000,1.68000000,1.68000000
2030-03-04,hydro-reservoir,0.00000000,0.12000000,0.12000000
2030-03-05,hydro-reservoir,0.00000000,1.80000000,1.80000000
2030-03-06,hydro-reservoir,0.00000000,2.64000000,2.64000000
2030-03-07,hydro-reservoir,0.00000000,1.21660215,1.21660215
2030-03-08,hydro-reservoir,0.00000000,2.88000000,2.88000000
2030-03-09,hydro-reservoir,0.00000000,2.79253129,2.79253129
2030-03-10,hydro-reservoir,0.00000000,0.96000000,0.96000000
2030-03-11,hydro-reservoir,0.00000000,1.35488864,1.35488864
2030-03-12,hydro-reservoir,0.00000000,2.88000000,2.88000000
2030-03-13,hydro-reservoir,0.00000000,1.32000000,1.32000000
2030-03-14,hydro-reservoir,0.00000000,1.99084329,1.99084329
2030-03-15,hydro-reservoir,0.00000000,2.28000000,2.28000000
2030-03-16,hydro-reservoir,0.00000000,1.80000000,1.80000000
2030-03-17,hydro-reservoir,0.00000000,1.80000000,1.80000000
2030-03-18,hydro-reservoir,0.00000000,1.90231318,1.90231318
2030-03-19,hydro-reservoir,0.00000000,2.64000000,2.64000000
2030-03-20,hydro-reservoir,0.00000000,2.88000000,2.88000000
2030-03-21,hydro-reservoir,0.00000000,2.88000000,2.88000000
2030-03-22,hydro-reservoir,0.00000000,1.92000000,1.92000000
2030-03-23,hydro-reservoir,0.00000000,2.16000000,2.16000000
2030-03-24,hydro-reservoir,0.00000000,0.84000000,0.84000000
2030-03-25,hydro-reservoir,0.00000000,1.20000000,1.20000000
2030-03-26,hydro-reservoir,0.00000000,2.40000000,2.40000000
2030-03-27,hydro-reservoir,0.00000000,1.44000000,1.44000000
2030-03-28,hydro-reservoir,0.00000000,2.04000000,2.04000000
2030-03-29,hydro-reservoir,0.00000000,2.88000000,2.88000000
2030-03-30,hydro-reservoir,0.00000000,1.44000000,1.44000000
2030-03-31,hydro-reservoir,0.00000000,1.76709102,1.76709102
2030-04-01,hydro-reservoir,0.00000000,0.21813906,0.21813906
2030-04-02,hydro-reservoir,0.00000000,1.08000000,1.08000000
2030-04-03,hydro-reservoir,0.00000000,2.40000000,2.40000000
2030-04-04,hydro-reservoir,0.00000000,2.16000000,2.16000000
2030-04-05,hydro-reservoir,0.00000000,2.16000000,2.16000000
2030-04-06,hydro-reservoir,0.00000000,2.04000000,2.04000000
2030-04-07,hydro-reservoir,0.00000000,1.80000000,1.80000000
2030-04-08,hydro-reservoir,0.00000000,2.28000000,2.28000000
2030-04-09,hydro-reservoir,0.00000000,2.28000000,2.28000000
2030-04-10,hydro-reservoir,0.00000000,1.80000000,1.80000000
2030-04-11,hydro-reservoir,0.00000000,2.28000000,2.28000000
2030-04-12,hydro-reservoir,0.00000000,2.88000000,2.88000000
2030-04-13,hydro-reservoir,0.00000000,2.28000000,2.28000000
2030-04-14,hydro-reservoir,0.00000000,2.04000000,2.04000000
2030-04-15,hydro-reservoir,0.00000000,1.80000000,1.80000000
2030-04-16,hydro-reservoir,0.00000000,2.88000000,2.88000000
2030-04-17,hydro-reservoir,0.00000000,2.40000000,2.40000000
2030-04-18,hydro-reservoir,0.00000000,2.64000000,2.64000000
2030-04-19,hydro-reservoir,0.00000000,2.28000000,2.28000000
2030-04-20,hydro-reservoir,0.00000000,2.88000000,2.88000000
2030-04-21,hydro-reservoir,0.00000000,1.56000000,1.56000000
2030-04-22,hydro-reservoir,0.00000000,1.56000000,1.56000000
2030-04-23,hydro-reservoir,0.00000000,2.40000000,2.40000000
2030-04-24,hydro-reservoir,0.00000000,1.80000000,1.80000000
2030-04-25,hydro-reservoir,0.00000000,1.92000000,1.92000000
2030-04-26,hydro-reservoir,0.00000000,2.16000000,2.16000000
2030-04-27,hydro-reservoir,0.00000000,2.01952217,2.01952217
2030-04-28,hydro-reservoir,0.00000000,1.96954123,1.96954123
2030-04-29,hydro-reservoir,0.00000000,1.80000000,1.80000000
2030-04-30,hydro-reservoir,0.00000000,1.92000000,1.92000000
2030-05-01,hydro-reservoir,0.00000000,1.80000000,1.80000000
2030-05-02,hydro-reservoir,0.00000000,2.40000000,2.40000000
2030-05-03,hydro-reservoir,0.00000000,2.04000000,2.04000000
2030-05-04,hydro-reservoir,0.00000000,1.92000000,1.92000000
2030-05-05,hydro-reservoir,0.00000000,1.44000000,1.44000000
2030-05-06,hydro-reservoir,0.00000000,1.44000000,1.44000000
2030-05-07,hydro-reservoir,0.00000000,1.44000000,1.44000000
2030-05-08,hydro-reservoir,0.00000000,2.04000000,2.04000000
2030-05-09,hydro-reservoir,0.00000000,1.92000000,1.92000000
2030-05-10,hydro-reservoir,0.00000000,2.52000000,2.52000000
2030-05-11,hydro-reservoir,0.00000000,2.88000000,2.88000000
2030-05-12,hydro-reservoir,0.00000000,1.68000000,1.68000000
2030-05-13,hydro-reservoir,0.00000000,1.68000000,1.68000000
2030-05-14,hydro-reservoir,0.00000000,2.64000000,2.64000000
2030-05-15,hydro-reservoir,0.00000000,2.40000000,2.40000000
2030-05-16,hydro-reservoir,0.00000000,1.32000000,1.32000000
2030-05-17,hydro-reservoir,0.00000000,1.92000000,1.92000000
2030-05-18,hydro-reservoir,0.00000000,2.09923814,2.09923814
2030-05-19,hydro-reservoir,0.00000000,1.68000000,1.68000000
2030-05-20,hydro-reservoir,0.00000000,0.84000000,0.84000000
2030-05-21,hydro-reservoir,0.00000000,1.56000000,1.56000000
2030-05-22,hydro-reservoir,0.00000000,2.04000000,2.04000000
2030-05-23,hydro-reservoir,0.00000000,1.45076760,1.45076760
2030-05-24,hydro-reservoir,0.00000000,2.40000000,2.40000000
2030-05-25,hydro-reservoir,0.00000000,2.16000000,2.16000000
2030-05-26,hydro-reservoir,0.00000000,1.68000000,1.68000000
2030-05-27,hydro-reservoir,0.00000000,1.44000000,1.44000000
2030-05-28,hydro-reservoir,0.00000000,1.80000000,1.80000000
2030-05-29,hydro-reservoir,0.00000000,1.80000000,1.80000000
2030-05-30,hydro-reservoir,0.00000000,2.16000000,2.16000000
2030-05-31,hydro-reservoir,0.00000000,1.80000000,1.80000000
2030-06-01,hydro-reservoir,0.00000000,1.92000000,1.92000000
2030-06-02,hydro-reservoir,0.00000000,1.68000000,1.68000000
2030-06-03,hydro-reservoir,0.00000000,1.44000000,1.44000000
2030-06-04,hydro-reservoir,0.00000000,1.92000000,1.92000000
2030-06-05,hydro-reservoir,0.00000000,2.28000000,2.28000000
2030-06-06,hydro-reservoir,0.00000000,2.52000000,2.52000000
2030-06-07,hydro-reservoir,0.00000000,2.88000000,2.88000000
2030-06-08,hydro-reservoir,0.00000000,2.88000000,2.88000000
2030-06-09,hydro-reservoir,0.00000000,1.65365447,1.65365447
2030-06-10,hydro-reservoir,0.00000000,1.56000000,1.56000000
2030-06-11,hydro-reservoir,0.00000000,2.04000000,2.04000000
2030-06-12,hydro-reservoir,0.00000000,1.92000000,1.92000000
2030-06-13,hydro-reservoir,0.00000000,1.92000000,1.92000000
2030-06-14,hydro-reservoir,0.00000000,2.76000000,2.76000000
2030-06-15,hydro-reservoir,0.00000000,2.88000000,2.88000000
2030-06-16,hydro-reservoir,0.00000000,2.04375396,2.04375396
2030-06-17,hydro-reservoir,0.00000000,1.80000000,1.80000000
2030-06-18,hydro-reservoir,0.00000000,2.86352922,2.86352922
2030-06-19,hydro-reservoir,0.00000000,2.40000000,2.40000000
2030-06-20,hydro-reservoir,0.00000000,2.52000000,2.52000000
2030-06-21,hydro-reservoir,0.00000000,2.88000000,2.88000000
2030-06-22,hydro-reservoir,0.00000000,2.88000000,2.88000000
2030-06-23,hydro-reservoir,0.00000000,2.28000000,2.28000000
2030-06-24,hydro-reservoir,0.00000000,1.68000000,1.68000000
2030-06-25,hydro-reservoir,0.00000000,2.88000000,2.88000000
2030-06-26,hydro-reservoir,0.00000000,2.04000000,2.04000000
2030-06-27,hydro-reservoir,0.00000000,2.88000000,2.88000000
2030-06-28,hydro-reservoir,0.00000000,2.88000000,2.88000000
2030-06-29,hydro-reservoir,0.00000000,2.88000000,2.88000000
2030-06-30,hydro-reservoir,0.00000000,2.88000000,2.88000000
2030-07-01,hydro-reservoir,0.00000000,1.92000000,1.92000000
2030-07-02,hydro-reservoir,0.00000000,2.88000000,2.88000000
2030-07-03,hydro-reservoir,0.00000000,2.76000000,2.76000000
2030-07-04,hydro-reservoir,0.00000000,2.88000000,2.88000000
2030-07-05,hydro-reservoir,0.00000000,2.88000000,2.88000000
2030-07-06,hydro-reservoir,0.00000000,2.04000000,2.04000000
2030-07-07,hydro-reservoir,0.00000000,1.80000000,1.80000000
2030-07-08,hydro-reservoir,0.00000000,1.56000000,1.56000000
2030-07-09,hydro-reservoir,0.00000000,2.16000000,2.16000000
2030-07-10,hydro-reservoir,0.00000000,2.52000000,2.52000000
2030-07-11,hydro-reservoir,0.00000000,2.40000000,2.40000000
2030-07-12,hydro-reservoir,0.00000000,2.40000000,2.40000000
2030-07-13,hydro-reservoir,0.00000000,2.76000000,2.76000000
2030-07-14,hydro-reservoir,0.00000000,2.04000000,2.04000000
2030-07-15,hydro-reservoir,0.00000000,1.68000000,1.68000000
2030-07-16,hydro-reservoir,0.00000000,2.88000000,2.88000000
2030-07-17,hydro-reservoir,0.00000000,2.04000000,2.04000000
2030-07-18,hydro-reservoir,0.00000000,2.17854162,2.17854162
2030-07-19,hydro-reservoir,0.00000000,2.76000000,2.76000000
2030-07-20,hydro-reservoir,0.00000000,2.28000000,2.28000000
2030-07-21,hydro-reservoir,0.00000000,2.40000000,2.40000000
2030-07-22,hydro-reservoir,0.00000000,1.82578949,1.82578949
2030-07-23,hydro-reservoir,0.00000000,2.88000000,2.88000000
2030-07-24,hydro-reservoir,0.00000000,2.88000000,2.88000000
2030-07-25,hydro-reservoir,0.00000000,2.88000000,2.88000000
2030-07-26,hydro-reservoir,0.00000000,2.76000000,2.76000000
2030-07-27,hydro-reservoir,0.00000000,2.88000000,2.88000000
2030-07-28,hydro-reservoir,0.00000000,2.88000000,2.88000000
2030-07-29,hydro-reservoir,0.00000000,2.04000000,2.04000000
2030-07-30,hydro-reservoir,0.00000000,2.28000000,2.28000000
2030-07-31,hydro-reservoir,0.00000000,2.88000000,2.88000000
2030-08-01,hydro-reservoir,0.00000000,2.64000000,2.64000000
2030-08-02,hydro-reservoir,0.00000000,2.88000000,2.88000000
2030-08-03,hydro-reservoir,0.00000000,2.16000000,2.16000000
2030-08-04,hydro-reservoir,0.00000000,2.28000000,2.28000000
2030-08-05,hydro-reservoir,0.00000000,1.92000000,1.92000000
2030-08-06,hydro-reservoir,0.00000000,2.88000000,2.88000000
2030-08-07,hydro-reservoir,0.00000000,2.88000000,2.88000000
2030-08-08,hydro-reservoir,0.00000000,2.88000000,2.88000000
2030-08-09,hydro-reservoir,0.00000000,2.88000000,2.88000000
2030-08-10,hydro-reservoir,0.00000000,2.28000000,2.28000000
2030-08-11,hydro-reservoir,0.00000000,1.92000000,1.92000000
2030-08-12,hydro-reservoir,0.00000000,1.92000000,1.92000000
2030-08-13,hydro-reservoir,0.00000000,2.76000000,2.76000000
2030-08-14,hydro-reservoir,0.00000000,2.28000000,2.28000000
2030-08-15,hydro-reservoir,0.00000000,2.16000000,2.16000000
2030-08-16,hydro-reservoir,0.00000000,2.40000000,2.40000000
2030-08-17,hydro-reservoir,0.00000000,2.88000000,2.88000000
2030-08-18,hydro-reservoir,0.00000000,1.80000000,1.80000000
2030-08-19,hydro-reservoir,0.00000000,1.80000000,1.80000000
2030-08-20,hydro-reservoir,0.00000000,2.16000000,2.16000000
2030-08-21,hydro-reservoir,0.00000000,2.28000000,2.28000000
2030-08-22,hydro-reservoir,0.00000000,2.40000000,2.40000000
2030-08-23,hydro-reservoir,0.00000000,2.16000000,2.16000000
2030-08-24,hydro-reservoir,0.00000000,2.52000000,2.52000000
2030-08-25,hydro-reservoir,0.00000000,2.88000000,2.88000000
2030-08-26,hydro-reservoir,0.00000000,2.02716760,2.02716760
2030-08-27,hydro-reservoir,0.00000000,2.88000000,2.88000000
2030-08-28,hydro-reservoir,0.00000000,2.88000000,2.88000000
2030-08-29,hydro-reservoir,0.00000000,2.88000000,2.88000000
2030-08-30,hydro-reservoir,0.00000000,2.28000000,2.28000000
2030-08-31,hydro-reservoir,0.00000000,1.94146103,1.94146103
2030-09-01,hydro-reservoir,0.00000000,1.92000000,1.92000000
2030-09-02,hydro-reservoir,0.00000000,1.89889384,1.89889384
2030-09-03,hydro-reservoir,0.00000000,2.16000000,2.16000000
2030-09-04,hydro-reservoir,0.00000000,2.04000000,2.04000000
2030-09-05,hydro-reservoir,0.00000000,1.92000000,1.92000000
2030-09-06,hydro-reservoir,0.00000000,1.92000000,1.92000000
2030-09-07,hydro-reservoir,0.00000000,1.80000000,1.80000000
2030-09-08,hydro-reservoir,0.00000000,1.44000000,1.44000000
2030-09-09,hydro-reservoir,0.00000000,1.68000000,1.68000000
2030-09-10,hydro-reservoir,0.00000000,2.16000000,2.16000000
2030-09-11,hydro-reservoir,0.00000000,2.16000000,2.16000000
2030-09-12,hydro-reservoir,0.00000000,2.52000000,2.52000000
2030-09-13,hydro-reservoir,0.00000000,2.64000000,2.64000000
2030-09-14,hydro-reservoir,0.00000000,2.28000000,2.28000000
2030-09-15,hydro-reservoir,0.00000000,1.80000000,1.80000000
2030-09-16,hydro-reservoir,0.00000000,1.68000000,1.68000000
2030-09-17,hydro-reservoir,0.00000000,2.04000000,2.04000000
2030-09-18,hydro-reservoir,0.00000000,1.80000000,1.80000000
2030-09-19,hydro-reservoir,0.00000000,0.96000000,0.96000000
2030-09-20,hydro-reservoir,0.00000000,1.44000000,1.44000000
2030-09-21,hydro-reservoir,0.00000000,1.68000000,1.68000000
2030-09-22,hydro-reservoir,0.00000000,1.20000000,1.20000000
2030-09-23,hydro-reservoir,0.00000000,0.84000000,0.84000000
2030-09-24,hydro-reservoir,0.00000000,2.04000000,2.04000000
2030-09-25,hydro-reservoir,0.00000000,1.56000000,1.56000000
2030-09-26,hydro-reservoir,0.00000000,2.28000000,2.28000000
2030-09-27,hydro-reservoir,0.00000000,2.28000000,2.28000000
2030-09-28,hydro-reservoir,0.00000000,1.80000000,1.80000000
2030-09-29,hydro-reservoir,0.00000000,0.79083057,0.79083057
2030-09-30,hydro-reservoir,0.00000000,1.20000000,1.20000000
2030-10-01,hydro-reservoir,0.00000000,0.72000000,0.72000000
2030-10-02,hydro-reservoir,0.00000000,1.08000000,1.08000000
2030-10-03,hydro-reservoir,0.00000000,0.98780266,0.98780266
2030-10-04,hydro-reservoir,0.00000000,1.08000000,1.08000000
2030-10-05,hydro-reservoir,0.00000000,0.48000000,0.48000000
2030-10-06,hydro-reservoir,0.00000000,0.24000000,0.24000000
2030-10-07,hydro-reservoir,0.00000000,0.48000000,0.48000000
2030-10-08,hydro-reservoir,0.00000000,0.53511781,0.53511781
2030-10-09,hydro-reservoir,0.00000000,1.08000000,1.08000000
2030-10-10,hydro-reservoir,0.00000000,0.54872842,0.54872842
2030-10-11,hydro-reservoir,0.00000000,1.20000000,1.20000000
2030-10-12,hydro-reservoir,0.00000000,1.44000000,1.44000000
2030-10-13,hydro-reservoir,0.00000000,0.48000000,0.48000000
2030-10-14,hydro-reservoir,0.00000000,0.48000000,0.48000000
2030-10-15,hydro-reservoir,0.00000000,1.32000000,1.32000000
2030-10-16,hydro-reservoir,0.00000000,1.08000000,1.08000000
2030-10-17,hydro-reservoir,0.00000000,1.44000000,1.44000000
2030-10-18,hydro-reservoir,0.00000000,2.88000000,2.88000000
2030-10-19,hydro-reservoir,0.00000000,2.16000000,2.16000000
2030-10-20,hydro-reservoir,0.00000000,0.00000000,0.00000000
2030-10-21,hydro-reservoir,0.00000000,0.36000000,0.36000000
2030-10-22,hydro-reservoir,0.00000000,1.68000000,1.68000000
2030-10-23,hydro-reservoir,0.00000000,1.44000000,1.44000000
2030-10-24,hydro-reservoir,0.00000000,0.60000000,0.60000000
2030-10-25,hydro-reservoir,0.00000000,0.60000000,0.60000000
2030-10-26,hydro-reservoir,0.00000000,1.20000000,1.20000000
2030-10-27,hydro-reservoir,0.00000000,0.48000000,0.48000000
2030-10-28,hydro-reservoir,0.00000000,0.29969800,0.29969800
2030-10-29,hydro-reservoir,0.00000000,2.36412848,2.36412848
2030-10-30,hydro-reservoir,0.00000000,2.28000000,2.28000000
2030-10-31,hydro-reservoir,0.00000000,1.68000000,1.68000000
2030-11-01,hydro-reservoir,0.00000000,0.00000000,0.00000000
2030-11-02,hydro-reservoir,0.00000000,0.60000000,0.60000000
2030-11-03,hydro-reservoir,0.00000000,0.00000000,0.00000000
2030-11-04,hydro-reservoir,0.00000000,0.00000000,0.00000000
2030-11-05,hydro-reservoir,0.00000000,0.72000000,0.72000000
2030-11-06,hydro-reservoir,0.00000000,0.36000000,0.36000000
2030-11-07,hydro-reservoir,0.00000000,1.20000000,1.20000000
2030-11-08,hydro-reservoir,0.00000000,0.60000000,0.60000000
2030-11-09,hydro-reservoir,0.00000000,1.00381359,1.00381359
2030-11-10,hydro-reservoir,0.00000000,0.00000000,0.00000000
2030-11-11,hydro-reservoir,0.00000000,0.00000000,0.00000000
2030-11-12,hydro-reservoir,0.00000000,1.46291143,1.46291143
2030-11-13,hydro-reservoir,0.00000000,0.72000000,0.72000000
2030-11-14,hydro-reservoir,0.00000000,0.00000000,0.00000000
2030-11-15,hydro-reservoir,0.00000000,0.72000000,0.72000000
2030-11-16,hydro-reservoir,0.00000000,0.00000000,0.00000000
2030-11-17,hydro-reservoir,0.00000000,0.00000000,0.00000000
2030-11-18,hydro-reservoir,0.00000000,0.00000000,0.00000000
2030-11-19,hydro-reservoir,0.00000000,0.72000000,0.72000000
2030-11-20,hydro-reservoir,0.00000000,0.84000000,0.84000000
2030-11-21,hydro-reservoir,0.00000000,0.72000000,0.72000000
2030-11-22,hydro-reservoir,0.00000000,0.00000000,0.00000000
2030-11-23,hydro-reservoir,0.00000000,0.00000000,0.00000000
2030-11-24,hydro-reservoir,0.00000000,0.00000000,0.00000000
2030-11-25,hydro-reservoir,0.00000000,0.00000000,0.00000000
2030-11-26,hydro-reservoir,0.00000000,0.60000000,0.60000000
2030-11-27,hydro-reservoir,0.00000000,0.00000000,0.00000000
2030-11-28,hydro-reservoir,0.00000000,0.00000000,0.00000000
2030-11-29,hydro-reservoir,0.00000000,2.16000000,2.16000000
2030-11-30,hydro-reservoir,0.00000000,2.04000000,2.04000000
2030-12-01,hydro-reservoir,0.00000000,1.08000000,1.08000000
2030-12-02,hydro-reservoir,0.00000000,0.00000000,0.00000000
2030-12-03,hydro-reservoir,0.00000000,1.08000000,1.08000000
2030-12-04,hydro-reservoir,0.00000000,1.80000000,1.80000000
2030-12-05,hydro-reservoir,0.00000000,2.04000000,2.04000000
2030-12-06,hydro-reservoir,0.00000000,1.92000000,1.92000000
2030-12-07,hydro-reservoir,0.00000000,0.48000000,0.48000000
2030-12-08,hydro-reservoir,0.00000000,0.72000000,0.72000000
2030-12-09,hydro-reservoir,0.00000000,0.84000000,0.84000000
2030-12-10,hydro-reservoir,0.00000000,2.28000000,2.28000000
2030-12-11,hydro-reservoir,0.00000000,2.40000000,2.40000000
2030-12-12,hydro-reservoir,0.00000000,2.40000000,2.40000000
2030-12-13,hydro-reservoir,0.00000000,2.04000000,2.04000000
2030-12-14,hydro-reservoir,0.00000000,2.64000000,2.64000000
2030-12-15,hydro-reservoir,0.00000000,0.96000000,0.96000000
2030-12-16,hydro-reservoir,0.00000000,1.20000000,1.20000000
2030-12-17,hydro-reservoir,0.00000000,2.28000000,2.28000000
2030-12-18,hydro-reservoir,0.00000000,1.56000000,1.56000000
2030-12-19,hydro-reservoir,0.00000000,1.68000000,1.68000000
2030-12-20,hydro-reservoir,0.00000000,0.00000000,0.00000000
2030-12-21,hydro-reservoir,0.00000000,0.84000000,0.84000000
2030-12-22,hydro-reservoir,0.00000000,0.00000000,0.00000000
2030-12-23,hydro-reservoir,0.00000000,0.00000000,0.00000000
2030-12-24,hydro-reservoir,0.00000000,0.00000000,0.00000000
2030-12-25,hydro-reservoir,0.00000000,0.00000000,0.00000000
2030-12-26,hydro-reservoir,0.00000000,0.00000000,0.00000000
2030-12-27,hydro-reservoir,0.00000000,0.00000000,0.00000000
2030-12-28,hydro-reservoir,0.00000000,0.00000000,0.00000000
2030-12-29,hydro-reservoir,0.00000000,0.00000000,0.00000000
2030-12-30,hydro-reservoir,0.00000000,0.00000000,0.00000000
2030-12-31,hydro-reservoir,0.00000000,0.00000000,0.00000000
2030-01-01,hydro-ror,36.57000000,30.18122145,-6.38877855
2030-01-02,hydro-ror,36.98000000,30.30424929,-6.67575071
2030-01-03,hydro-ror,37.46000000,29.74063499,-7.71936501
2030-01-04,hydro-ror,36.44000000,31.02220456,-5.41779544
2030-01-05,hydro-ror,34.70000000,32.19840065,-2.50159935
2030-01-06,hydro-ror,34.29000000,31.23076258,-3.05923742
2030-01-07,hydro-ror,36.03000000,29.99780853,-6.03219147
2030-01-08,hydro-ror,37.84000000,29.46824626,-8.37175374
2030-01-09,hydro-ror,37.78000000,29.07170222,-8.70829778
2030-01-10,hydro-ror,37.27000000,28.52949041,-8.74050959
2030-01-11,hydro-ror,35.77000000,27.28423329,-8.48576671
2030-01-12,hydro-ror,34.01000000,27.47855232,-6.53144768
2030-01-13,hydro-ror,32.67000000,27.81953185,-4.85046815
2030-01-14,hydro-ror,33.70000000,28.93859049,-4.76140951
2030-01-15,hydro-ror,34.17000000,28.23131309,-5.93868691
2030-01-16,hydro-ror,34.58000000,27.29371770,-7.28628230
2030-01-17,hydro-ror,34.78000000,27.54821833,-7.23178167
2030-01-18,hydro-ror,34.26000000,28.46050913,-5.79949087
2030-01-19,hydro-ror,33.43000000,27.17297503,-6.25702497
2030-01-20,hydro-ror,33.20000000,28.74710111,-4.45289889
2030-01-21,hydro-ror,34.93000000,29.36737162,-5.56262838
2030-01-22,hydro-ror,36.53000000,28.74964201,-7.78035799
2030-01-23,hydro-ror,37.96000000,29.19005248,-8.76994752
2030-01-24,hydro-ror,39.89000000,32.26465952,-7.62534048
2030-01-25,hydro-ror,39.43000000,30.41676701,-9.01323299
2030-01-26,hydro-ror,37.25000000,28.57606274,-8.67393726
2030-01-27,hydro-ror,36.43000000,27.23625851,-9.19374149
2030-01-28,hydro-ror,39.04000000,26.41344950,-12.62655050
2030-01-29,hydro-ror,38.17000000,26.08008720,-12.08991280
2030-01-30,hydro-ror,36.24000000,25.84165700,-10.39834300
2030-01-31,hydro-ror,35.34000000,26.04994278,-9.29005722
2030-02-01,hydro-ror,33.88000000,25.64009197,-8.23990803
2030-02-02,hydro-ror,32.49000000,25.66434335,-6.82565665
2030-02-03,hydro-ror,31.59000000,25.97133960,-5.61866040
2030-02-04,hydro-ror,34.64000000,25.63166077,-9.00833923
2030-02-05,hydro-ror,36.75000000,25.65908829,-11.09091171
2030-02-06,hydro-ror,39.47000000,25.29224594,-14.17775406
2030-02-07,hydro-ror,40.45000000,25.70605661,-14.74394339
2030-02-08,hydro-ror,40.33000000,25.63470766,-14.69529234
2030-02-09,hydro-ror,37.21000000,23.65961021,-13.55038979
2030-02-10,hydro-ror,35.78000000,27.28480252,-8.49519748
2030-02-11,hydro-ror,37.32000000,33.28140808,-4.03859192
2030-02-12,hydro-ror,40.34000000,29.63723045,-10.70276955
2030-02-13,hydro-ror,41.77000000,27.85342439,-13.91657561
2030-02-14,hydro-ror,43.55000000,26.34367625,-17.20632375
2030-02-15,hydro-ror,43.42000000,25.89485384,-17.52514616
2030-02-16,hydro-ror,40.01000000,26.86561029,-13.14438971
2030-02-17,hydro-ror,37.61000000,32.39124574,-5.21875426
2030-02-18,hydro-ror,37.97000000,34.14996170,-3.82003830
2030-02-19,hydro-ror,39.11000000,30.96788851,-8.14211149
2030-02-20,hydro-ror,37.47000000,29.36653565,-8.10346435
2030-02-21,hydro-ror,37.35000000,29.21042100,-8.13957900
2030-02-22,hydro-ror,38.56000000,28.93528236,-9.62471764
2030-02-23,hydro-ror,37.25000000,27.57909422,-9.67090578
2030-02-24,hydro-ror,35.78000000,26.19543457,-9.58456543
2030-02-25,hydro-ror,36.44000000,24.27774405,-12.16225595
2030-02-26,hydro-ror,37.32000000,24.85996693,-12.46003307
2030-02-27,hydro-ror,38.39000000,26.94482946,-11.44517054
2030-02-28,hydro-ror,39.16000000,32.30259716,-6.85740284
2030-03-01,hydro-ror,39.10000000,37.90379440,-1.19620560
2030-03-02,hydro-ror,37.22000000,40.80792130,3.58792130
2030-03-03,hydro-ror,35.74000000,43.32201044,7.58201044
2030-03-04,hydro-ror,36.65000000,43.44442505,6.79442505
2030-03-05,hydro-ror,36.94000000,43.23390910,6.29390910
2030-03-06,hydro-ror,37.87000000,46.74983133,8.87983133
2030-03-07,hydro-ror,35.81000000,46.09126843,10.28126843
2030-03-08,hydro-ror,36.54000000,43.43160776,6.89160776
2030-03-09,hydro-ror,36.13000000,42.95030351,6.82030351
2030-03-10,hydro-ror,34.58000000,44.75444510,10.17444510
2030-03-11,hydro-ror,35.82000000,46.67060117,10.85060117
2030-03-12,hydro-ror,36.45000000,48.66864655,12.21864655
2030-03-13,hydro-ror,35.22000000,46.84064957,11.62064957
2030-03-14,hydro-ror,34.37000000,49.93679659,15.56679659
2030-03-15,hydro-ror,33.89000000,53.42859944,19.53859944
2030-03-16,hydro-ror,32.74000000,57.03562865,24.29562865
2030-03-17,hydro-ror,32.03000000,58.83912400,26.80912400
2030-03-18,hydro-ror,34.12000000,59.18731652,25.06731652
2030-03-19,hydro-ror,34.79000000,58.27095587,23.48095587
2030-03-20,hydro-ror,34.65000000,57.63143879,22.98143879
2030-03-21,hydro-ror,34.64000000,54.42151735,19.78151735
2030-03-22,hydro-ror,33.24000000,51.37711247,18.13711247
2030-03-23,hydro-ror,32.38000000,52.52548231,20.14548231
2030-03-24,hydro-ror,31.92000000,58.08728995,26.16728995
2030-03-25,hydro-ror,32.95000000,58.29435203,25.34435203
2030-03-26,hydro-ror,33.76000000,56.70460651,22.94460651
2030-03-27,hydro-ror,33.19000000,55.61682250,22.42682250
2030-03-28,hydro-ror,33.74000000,57.29649530,23.55649530
2030-03-29,hydro-ror,33.79000000,56.82798359,23.03798359
2030-03-30,hydro-ror,32.48000000,60.97651789,28.49651789
2030-03-31,hydro-ror,31.78000000,61.08409954,29.30409954
2030-04-01,hydro-ror,33.82000000,59.20688482,25.38688482
2030-04-02,hydro-ror,34.46000000,58.30934999,23.84934999
2030-04-03,hydro-ror,35.14000000,59.07588502,23.93588502
2030-04-04,hydro-ror,36.43000000,60.52365313,24.09365313
2030-04-05,hydro-ror,37.06000000,61.99379993,24.93379993
2030-04-06,hydro-ror,35.81000000,64.21740323,28.40740323
2030-04-07,hydro-ror,34.72000000,66.13627895,31.41627895
2030-04-08,hydro-ror,37.26000000,65.92274360,28.66274360
2030-04-09,hydro-ror,38.72000000,64.28465482,25.56465482
2030-04-10,hydro-ror,36.60000000,62.48833670,25.88833670
2030-04-11,hydro-ror,35.99000000,60.17596659,24.18596659
2030-04-12,hydro-ror,36.28000000,58.70337237,22.42337237
2030-04-13,hydro-ror,35.33000000,58.15022420,22.82022420
2030-04-14,hydro-ror,35.13000000,57.83798389,22.70798389
2030-04-15,hydro-ror,37.38000000,57.68448989,20.30448989
2030-04-16,hydro-ror,39.46000000,58.63685225,19.17685225
2030-04-17,hydro-ror,39.74000000,61.02600512,21.28600512
2030-04-18,hydro-ror,38.80000000,61.52605270,22.72605270
2030-04-19,hydro-ror,36.89000000,62.83773918,25.94773918
2030-04-20,hydro-ror,35.84000000,62.30030394,26.46030394
2030-04-21,hydro-ror,34.62000000,61.66572019,27.04572019
2030-04-22,hydro-ror,36.08000000,61.23788503,25.15788503
2030-04-23,hydro-ror,38.25000000,60.03357119,21.78357119
2030-04-24,hydro-ror,38.39000000,58.93387461,20.54387461
2030-04-25,hydro-ror,38.32000000,57.79907278,19.47907278
2030-04-26,hydro-ror,38.16000000,57.49697961,19.33697961
2030-04-27,hydro-ror,37.69000000,57.76314807,20.07314807
2030-04-28,hydro-ror,37.74000000,58.17333987,20.43333987
2030-04-29,hydro-ror,39.95000000,61.47463504,21.52463504
2030-04-30,hydro-ror,41.14000000,61.89612893,20.75612893
2030-05-01,hydro-ror,41.52000000,62.21358305,20.69358305
2030-05-02,hydro-ror,41.84000000,60.76879584,18.92879584
2030-05-03,hydro-ror,42.25000000,59.30937365,17.05937365
2030-05-04,hydro-ror,41.33000000,57.98054428,16.65054428
2030-05-05,hydro-ror,39.29000000,57.23435853,17.94435853
2030-05-06,hydro-ror,40.83000000,56.00604355,15.17604355
2030-05-07,hydro-ror,41.24000000,55.98787770,14.74787770
2030-05-08,hydro-ror,40.53000000,56.59560042,16.06560042
2030-05-09,hydro-ror,41.91000000,58.74110652,16.83110652
2030-05-10,hydro-ror,42.99000000,59.94705929,16.95705929
2030-05-11,hydro-ror,43.45000000,62.64533958,19.19533958
2030-05-12,hydro-ror,42.34000000,63.67510067,21.33510067
2030-05-13,hydro-ror,44.34000000,64.48823552,20.14823552
2030-05-14,hydro-ror,45.61000000,65.11599952,19.50599952
2030-05-15,hydro-ror,45.47000000,64.22063711,18.75063711
2030-05-16,hydro-ror,43.24000000,62.79590218,19.55590218
2030-05-17,hydro-ror,41.99000000,60.79137803,18.80137803
2030-05-18,hydro-ror,41.84000000,58.79354164,16.95354164
2030-05-19,hydro-ror,41.02000000,59.00231416,17.98231416
2030-05-20,hydro-ror,41.01000000,58.61024421,17.60024421
2030-05-21,hydro-ror,42.51000000,58.32671837,15.81671837
2030-05-22,hydro-ror,42.18000000,57.73284416,15.55284416
2030-05-23,hydro-ror,42.73000000,57.90204559,15.17204559
2030-05-24,hydro-ror,42.96000000,57.06494260,14.10494260
2030-05-25,hydro-ror,42.01000000,56.00869446,13.99869446
2030-05-26,hydro-ror,40.53000000,60.00987804,19.47987804
2030-05-27,hydro-ror,42.80000000,56.75046937,13.95046937
2030-05-28,hydro-ror,45.30000000,55.55497722,10.25497722
2030-05-29,hydro-ror,45.44000000,54.83423905,9.39423905
2030-05-30,hydro-ror,45.83000000,55.15764396,9.32764396
2030-05-31,hydro-ror,45.86000000,56.15706814,10.29706814
2030-06-01,hydro-ror,44.50000000,54.42140185,9.92140185
2030-06-02,hydro-ror,44.35000000,53.25366721,8.90366721
2030-06-03,hydro-ror,47.21000000,52.11816691,4.90816691
2030-06-04,hydro-ror,48.79000000,50.83283548,2.04283548
2030-06-05,hydro-ror,49.34000000,49.44119286,0.10119286
2030-06-06,hydro-ror,49.67000000,50.40918016,0.73918016
2030-06-07,hydro-ror,49.18000000,52.81156005,3.63156005
2030-06-08,hydro-ror,47.21000000,53.49291413,6.28291413
2030-06-09,hydro-ror,45.43000000,52.39411402,6.96411402
2030-06-10,hydro-ror,45.10000000,52.04984836,6.94984836
2030-06-11,hydro-ror,45.57000000,48.56190638,2.99190638
2030-06-12,hydro-ror,46.05000000,47.09263404,1.04263404
2030-06-13,hydro-ror,45.87000000,48.33953835,2.46953835
2030-06-14,hydro-ror,46.20000000,49.05232930,2.85232930
2030-06-15,hydro-ror,46.05000000,49.61837451,3.56837451
2030-06-16,hydro-ror,46.09000000,49.61224223,3.52224223
2030-06-17,hydro-ror,47.93000000,50.26583880,2.33583880
2030-06-18,hydro-ror,49.38000000,49.55313035,0.17313035
2030-06-19,hydro-ror,47.49000000,51.87452014,4.38452014
2030-06-20,hydro-ror,47.77000000,53.15481375,5.38481375
2030-06-21,hydro-ror,46.90000000,53.02038757,6.12038757
2030-06-22,hydro-ror,45.98000000,52.11602748,6.13602748
2030-06-23,hydro-ror,45.10000000,62.31587389,17.21587389
2030-06-24,hydro-ror,47.39000000,70.76732196,23.37732196
2030-06-25,hydro-ror,47.43000000,74.15153766,26.72153766
2030-06-26,hydro-ror,45.58000000,71.53469295,25.95469295
2030-06-27,hydro-ror,44.81000000,69.62794980,24.81794980
2030-06-28,hydro-ror,44.67000000,70.18806072,25.51806072
2030-06-29,hydro-ror,44.94000000,70.39956664,25.45956664
2030-06-30,hydro-ror,45.23000000,69.50865357,24.27865357
2030-07-01,hydro-ror,45.76000000,68.67888731,22.91888731
2030-07-02,hydro-ror,45.99000000,67.83186267,21.84186267
2030-07-03,hydro-ror,45.49000000,67.25281043,21.76281043
2030-07-04,hydro-ror,44.70000000,67.19094315,22.49094315
2030-07-05,hydro-ror,44.06000000,67.52639812,23.46639812
2030-07-06,hydro-ror,40.34000000,68.80675223,28.46675223
2030-07-07,hydro-ror,39.46000000,69.94076208,30.48076208
2030-07-08,hydro-ror,40.45000000,75.50406568,35.05406568
2030-07-09,hydro-ror,40.88000000,72.47679268,31.59679268
2030-07-10,hydro-ror,42.01000000,70.13527361,28.12527361
2030-07-11,hydro-ror,41.35000000,66.32410822,24.97410822
2030-07-12,hydro-ror,41.42000000,64.40458902,22.98458902
2030-07-13,hydro-ror,39.24000000,60.65327248,21.41327248
2030-07-14,hydro-ror,38.46000000,58.12928645,19.66928645
2030-07-15,hydro-ror,38.80000000,55.38674375,16.58674375
2030-07-16,hydro-ror,39.91000000,54.82919573,14.91919573
2030-07-17,hydro-ror,39.97000000,63.85823310,23.88823310
2030-07-18,hydro-ror,39.60000000,56.43078233,16.83078233
2030-07-19,hydro-ror,40.57000000,59.42113514,18.85113514
2030-07-20,hydro-ror,39.15000000,58.86329564,19.71329564
2030-07-21,hydro-ror,39.27000000,57.21735863,17.94735863
2030-07-22,hydro-ror,40.88000000,56.70553598,15.82553598
2030-07-23,hydro-ror,40.71000000,54.48797696,13.77797696
2030-07-24,hydro-ror,41.65000000,53.58437585,11.93437585
2030-07-25,hydro-ror,40.99000000,53.55506190,12.56506190
2030-07-26,hydro-ror,40.88000000,52.59086946,11.71086946
2030-07-27,hydro-ror,39.90000000,51.24320877,11.34320877
2030-07-28,hydro-ror,39.59000000,52.22546806,12.63546806
2030-07-29,hydro-ror,41.41000000,51.92952917,10.51952917
2030-07-30,hydro-ror,42.03000000,51.45978001,9.42978001
2030-07-31,hydro-ror,41.94000000,49.95993977,8.01993977
2030-08-01,hydro-ror,41.12000000,49.51239331,8.39239331
2030-08-02,hydro-ror,39.57000000,49.69616922,10.12616922
2030-08-03,hydro-ror,37.75000000,49.85945837,12.10945837
2030-08-04,hydro-ror,35.88000000,50.10244516,14.22244516
2030-08-05,hydro-ror,37.26000000,49.84332195,12.58332195
2030-08-06,hydro-ror,38.44000000,50.41478446,11.97478446
2030-08-07,hydro-ror,36.52000000,50.03798197,13.51798197
2030-08-08,hydro-ror,35.00000000,49.00245708,14.00245708
2030-08-09,hydro-ror,34.54000000,49.12982702,14.58982702
2030-08-10,hydro-ror,33.64000000,49.88047311,16.24047311
2030-08-11,hydro-ror,33.34000000,48.23004277,14.89004277
2030-08-12,hydro-ror,35.10000000,47.90102806,12.80102806
2030-08-13,hydro-ror,36.10000000,47.23987476,11.13987476
2030-08-14,hydro-ror,37.14000000,46.38408894,9.24408894
2030-08-15,hydro-ror,36.28000000,45.53751253,9.25751253
2030-08-16,hydro-ror,36.40000000,44.74354724,8.34354724
2030-08-17,hydro-ror,35.24000000,43.67548552,8.43548552
2030-08-18,hydro-ror,34.46000000,42.90497964,8.44497964
2030-08-19,hydro-ror,35.65000000,42.22080966,6.57080966
2030-08-20,hydro-ror,37.33000000,41.67153335,4.34153335
2030-08-21,hydro-ror,38.15000000,40.73523866,2.58523866
2030-08-22,hydro-ror,37.85000000,41.65658214,3.80658214
2030-08-23,hydro-ror,37.55000000,41.96072398,4.41072398
2030-08-24,hydro-ror,36.57000000,41.27580053,4.70580053
2030-08-25,hydro-ror,35.50000000,40.37398686,4.87398686
2030-08-26,hydro-ror,37.02000000,39.59132916,2.57132916
2030-08-27,hydro-ror,38.95000000,39.30547141,0.35547141
2030-08-28,hydro-ror,38.99000000,38.95998479,-0.03001521
2030-08-29,hydro-ror,40.52000000,38.49604342,-2.02395658
2030-08-30,hydro-ror,39.51000000,38.37945035,-1.13054965
2030-08-31,hydro-ror,37.36000000,38.32910515,0.96910515
2030-09-01,hydro-ror,34.95000000,36.50491954,1.55491954
2030-09-02,hydro-ror,36.95000000,36.86682857,-0.08317143
2030-09-03,hydro-ror,37.60000000,36.90390549,-0.69609451
2030-09-04,hydro-ror,37.45000000,42.34448373,4.89448373
2030-09-05,hydro-ror,37.03000000,41.60681992,4.57681992
2030-09-06,hydro-ror,36.38000000,40.73142455,4.35142455
2030-09-07,hydro-ror,34.25000000,39.66157539,5.41157539
2030-09-08,hydro-ror,32.90000000,38.88833061,5.98833061
2030-09-09,hydro-ror,34.88000000,38.11494833,3.23494833
2030-09-10,hydro-ror,36.46000000,37.39874200,0.93874200
2030-09-11,hydro-ror,36.21000000,36.79402218,0.58402218
2030-09-12,hydro-ror,37.04000000,36.41735443,-0.62264557
2030-09-13,hydro-ror,36.15000000,35.84546843,-0.30453157
2030-09-14,hydro-ror,34.76000000,38.25300163,3.49300163
2030-09-15,hydro-ror,33.57000000,38.69977262,5.12977262
2030-09-16,hydro-ror,34.86000000,38.16281861,3.30281861
2030-09-17,hydro-ror,36.43000000,37.81243167,1.38243167
2030-09-18,hydro-ror,36.05000000,37.40614474,1.35614474
2030-09-19,hydro-ror,35.07000000,37.07834274,2.00834274
2030-09-20,hydro-ror,34.14000000,36.67798459,2.53798459
2030-09-21,hydro-ror,32.83000000,36.18889537,3.35889537
2030-09-22,hydro-ror,31.30000000,35.83730947,4.53730947
2030-09-23,hydro-ror,34.55000000,35.39707500,0.84707500
2030-09-24,hydro-ror,36.28000000,34.88536784,-1.39463216
2030-09-25,hydro-ror,36.47000000,34.52090415,-1.94909585
2030-09-26,hydro-ror,37.81000000,34.10858668,-3.70141332
2030-09-27,hydro-ror,37.61000000,33.78976036,-3.82023964
2030-09-28,hydro-ror,35.55000000,33.38521136,-2.16478864
2030-09-29,hydro-ror,34.43000000,32.94351669,-1.48648331
2030-09-30,hydro-ror,36.33000000,32.56568848,-3.76431152
2030-10-01,hydro-ror,36.49000000,32.27247749,-4.21752251
2030-10-02,hydro-ror,35.72000000,31.95943696,-3.76056304
2030-10-03,hydro-ror,34.64000000,31.14043382,-3.49956618
2030-10-04,hydro-ror,33.95000000,30.65528796,-3.29471204
2030-10-05,hydro-ror,31.75000000,30.45150101,-1.29849899
2030-10-06,hydro-ror,29.99000000,30.34883344,0.35883344
2030-10-07,hydro-ror,31.55000000,29.58335713,-1.96664287
2030-10-08,hydro-ror,33.04000000,30.39660748,-2.64339252
2030-10-09,hydro-ror,33.81000000,31.51020207,-2.29979793
2030-10-10,hydro-ror,33.31000000,32.33197161,-0.97802839
2030-10-11,hydro-ror,32.84000000,33.40472191,0.56472191
2030-10-12,hydro-ror,32.59000000,35.49314830,2.90314830
2030-10-13,hydro-ror,31.07000000,35.72364504,4.65364504
2030-10-14,hydro-ror,33.32000000,35.80751704,2.48751704
2030-10-15,hydro-ror,34.34000000,36.36224365,2.02224365
2030-10-16,hydro-ror,33.45000000,36.01669654,2.56669654
2030-10-17,hydro-ror,33.04000000,39.75220665,6.71220665
2030-10-18,hydro-ror,32.50000000,42.38126091,9.88126091
2030-10-19,hydro-ror,30.96000000,43.07490705,12.11490705
2030-10-20,hydro-ror,29.38000000,42.36886161,12.98886161
2030-10-21,hydro-ror,32.38000000,41.08832325,8.70832325
2030-10-22,hydro-ror,34.38000000,40.56209112,6.18209112
2030-10-23,hydro-ror,34.33000000,41.78752144,7.45752144
2030-10-24,hydro-ror,33.37000000,42.18410948,8.81410948
2030-10-25,hydro-ror,33.09000000,41.94360585,8.85360585
2030-10-26,hydro-ror,32.28000000,42.08162065,9.80162065
2030-10-27,hydro-ror,30.50000000,41.65043336,11.15043336
2030-10-28,hydro-ror,32.10000000,40.50358421,8.40358421
2030-10-29,hydro-ror,34.61000000,37.14169771,2.53169771
2030-10-30,hydro-ror,34.72000000,36.90997727,2.18997727
2030-10-31,hydro-ror,35.33000000,37.04764834,1.71764834
2030-11-01,hydro-ror,34.67000000,37.30424714,2.63424714
2030-11-02,hydro-ror,32.72000000,43.88546799,11.16546799
2030-11-03,hydro-ror,31.66000000,46.70214804,15.04214804
2030-11-04,hydro-ror,33.64000000,45.57823582,11.93823582
2030-11-05,hydro-ror,34.28000000,50.47305487,16.19305487
2030-11-06,hydro-ror,33.81000000,47.49926196,13.68926196
2030-11-07,hydro-ror,33.39000000,45.11618088,11.72618088
2030-11-08,hydro-ror,32.28000000,43.82621037,11.54621037
2030-11-09,hydro-ror,31.63000000,43.22403145,11.59403145
2030-11-10,hydro-ror,30.37000000,44.68081374,14.31081374
2030-11-11,hydro-ror,31.26000000,43.27113176,12.01113176
2030-11-12,hydro-ror,34.19000000,42.85524217,8.66524217
2030-11-13,hydro-ror,35.05000000,41.59314741,6.54314741
2030-11-14,hydro-ror,34.43000000,42.57283279,8.14283279
2030-11-15,hydro-ror,34.10000000,41.81363726,7.71363726
2030-11-16,hydro-ror,32.97000000,40.90924967,7.93924967
2030-11-17,hydro-ror,32.17000000,41.31594085,9.14594085
2030-11-18,hydro-ror,34.35000000,40.20336372,5.85336372
2030-11-19,hydro-ror,36.65000000,40.72894414,4.07894414
2030-11-20,hydro-ror,38.61000000,40.22363600,1.61363600
2030-11-21,hydro-ror,39.11000000,38.72390850,-0.38609150
2030-11-22,hydro-ror,37.68000000,37.98326380,0.30326380
2030-11-23,hydro-ror,35.25000000,37.73052036,2.48052036
2030-11-24,hydro-ror,34.48000000,35.91663862,1.43663862
2030-11-25,hydro-ror,36.85000000,36.94015744,0.09015744
2030-11-26,hydro-ror,39.43000000,36.88843729,-2.54156271
2030-11-27,hydro-ror,39.13000000,36.30800735,-2.82199265
2030-11-28,hydro-ror,39.13000000,35.54164557,-3.58835443
2030-11-29,hydro-ror,39.41000000,34.61408181,-4.79591819
2030-11-30,hydro-ror,37.73000000,36.71667845,-1.01332155
2030-12-01,hydro-ror,36.87000000,43.39887019,6.52887019
2030-12-02,hydro-ror,39.19000000,40.47936033,1.28936033
2030-12-03,hydro-ror,40.77000000,39.36997860,-1.40002140
2030-12-04,hydro-ror,40.00000000,39.37689185,-0.62310815
2030-12-05,hydro-ror,39.92000000,39.40941493,-0.51058507
2030-12-06,hydro-ror,39.60000000,40.61713864,1.01713864
2030-12-07,hydro-ror,36.59000000,43.16329438,6.57329438
2030-12-08,hydro-ror,36.72000000,47.19639882,10.47639882
2030-12-09,hydro-ror,39.34000000,49.77926024,10.43926024
2030-12-10,hydro-ror,40.83000000,52.50295511,11.67295511
2030-12-11,hydro-ror,40.48000000,56.75590867,16.27590867
2030-12-12,hydro-ror,40.04000000,58.00534839,17.96534839
2030-12-13,hydro-ror,39.37000000,54.26345851,14.89345851
2030-12-14,hydro-ror,36.92000000,51.48832398,14.56832398
2030-12-15,hydro-ror,36.38000000,49.47501665,13.09501665
2030-12-16,hydro-ror,39.80000000,48.06431171,8.26431171
2030-12-17,hydro-ror,41.00000000,47.15683324,6.15683324
2030-12-18,hydro-ror,39.37000000,46.26374225,6.89374225
2030-12-19,hydro-ror,37.83000000,45.15518823,7.32518823
2030-12-20,hydro-ror,36.27000000,44.47116950,8.20116950
2030-12-21,hydro-ror,34.66000000,43.36281348,8.70281348
2030-12-22,hydro-ror,34.03000000,43.24486196,9.21486196
2030-12-23,hydro-ror,36.56000000,46.03974078,9.47974078
2030-12-24,hydro-ror,36.85000000,44.16533096,7.31533096
2030-12-25,hydro-ror,35.52000000,48.08192758,12.56192758
2030-12-26,hydro-ror,34.79000000,43.15674686,8.36674686
2030-12-27,hydro-ror,33.60000000,44.40675856,10.80675856
2030-12-28,hydro-ror,32.78000000,45.04124607,12.26124607
2030-12-29,hydro-ror,32.15000000,45.34671887,13.19671887
2030-12-30,hydro-ror,33.50000000,49.50480358,16.00480358
2030-12-31,hydro-ror,34.74000000,56.76559933,22.02559933
2030-01-01,lignite,57.16000000,0.00000000,-57.16000000
2030-01-02,lignite,62.74000000,0.00000000,-62.74000000
2030-01-03,lignite,77.32000000,0.00000000,-77.32000000
2030-01-04,lignite,59.70000000,0.00000000,-59.70000000
2030-01-05,lignite,64.12000000,0.00000000,-64.12000000
2030-01-06,lignite,62.60000000,0.00000000,-62.60000000
2030-01-07,lignite,68.19000000,0.00000000,-68.19000000
2030-01-08,lignite,84.31000000,0.00000000,-84.31000000
2030-01-09,lignite,90.90000000,50.74920881,-40.15079119
2030-01-10,lignite,91.61000000,41.18470213,-50.42529787
2030-01-11,lignite,66.58000000,0.00000000,-66.58000000
2030-01-12,lignite,61.15000000,0.00000000,-61.15000000
2030-01-13,lignite,61.15000000,0.00000000,-61.15000000
2030-01-14,lignite,61.67000000,0.00000000,-61.67000000
2030-01-15,lignite,60.09000000,0.00000000,-60.09000000
2030-01-16,lignite,72.14000000,0.00000000,-72.14000000
2030-01-17,lignite,104.49000000,0.00000000,-104.49000000
2030-01-18,lignite,142.53000000,3.75169382,-138.77830618
2030-01-19,lignite,106.93000000,0.00000000,-106.93000000
2030-01-20,lignite,188.60000000,26.32957563,-162.27042437
2030-01-21,lignite,189.99000000,0.00000000,-189.99000000
2030-01-22,lignite,182.76000000,107.90758267,-74.85241733
2030-01-23,lignite,198.17000000,121.88450660,-76.28549340
2030-01-24,lignite,218.50000000,127.80573686,-90.69426314
2030-01-25,lignite,221.73000000,135.42543257,-86.30456743
2030-01-26,lignite,204.44000000,130.04063072,-74.39936928
2030-01-27,lignite,189.16000000,79.56953668,-109.59046332
2030-01-28,lignite,205.61000000,45.33442994,-160.27557006
2030-01-29,lignite,131.23000000,52.89537047,-78.33462953
2030-01-30,lignite,70.33000000,0.00000000,-70.33000000
2030-01-31,lignite,65.95000000,0.00000000,-65.95000000
2030-02-01,lignite,61.15000000,0.00000000,-61.15000000
2030-02-02,lignite,63.33000000,0.00000000,-63.33000000
2030-02-03,lignite,61.49000000,0.00000000,-61.49000000
2030-02-04,lignite,140.71000000,0.00000000,-140.71000000
2030-02-05,lignite,146.35000000,0.00000000,-146.35000000
2030-02-06,lignite,177.35000000,93.48498671,-83.86501329
2030-02-07,lignite,162.04000000,61.15000067,-100.88999933
2030-02-08,lignite,119.05000000,4.34159520,-114.70840480
2030-02-09,lignite,69.18000000,0.00000000,-69.18000000
2030-02-10,lignite,61.67000000,0.00000000,-61.67000000
2030-02-11,lignite,87.57000000,0.00000000,-87.57000000
2030-02-12,lignite,166.79000000,101.17087044,-65.61912956
2030-02-13,lignite,165.06000000,102.92227150,-62.13772850
2030-02-14,lignite,179.61000000,99.01100301,-80.59899699
2030-02-15,lignite,145.38000000,90.78344969,-54.59655031
2030-02-16,lignite,71.65000000,6.99087733,-64.65912267
2030-02-17,lignite,59.12000000,0.00000000,-59.12000000
2030-02-18,lignite,62.12000000,0.00000000,-62.12000000
2030-02-19,lignite,64.07000000,0.00000000,-64.07000000
2030-02-20,lignite,46.50000000,0.00000000,-46.50000000
2030-02-21,lignite,92.58000000,8.70248478,-83.87751522
2030-02-22,lignite,150.58000000,33.36543947,-117.21456053
2030-02-23,lignite,110.00000000,35.77698718,-74.22301282
2030-02-24,lignite,63.45000000,0.00000000,-63.45000000
2030-02-25,lignite,62.80000000,0.00000000,-62.80000000
2030-02-26,lignite,79.87000000,0.00000000,-79.87000000
2030-02-27,lignite,125.59000000,37.68592158,-87.90407842
2030-02-28,lignite,140.02000000,47.77209199,-92.24790801
2030-03-01,lignite,138.03000000,37.43511114,-100.59488886
2030-03-02,lignite,111.06000000,25.93969370,-85.12030630
2030-03-03,lignite,117.97000000,0.00000000,-117.97000000
2030-03-04,lignite,107.08000000,0.00000000,-107.08000000
2030-03-05,lignite,110.37000000,0.00000000,-110.37000000
2030-03-06,lignite,118.97000000,35.40359210,-83.56640790
2030-03-07,lignite,103.71000000,0.00000000,-103.71000000
2030-03-08,lignite,114.94000000,36.44942541,-78.49057459
2030-03-09,lignite,127.24000000,24.96371395,-102.27628605
2030-03-10,lignite,67.25000000,0.00000000,-67.25000000
2030-03-11,lignite,75.60000000,0.00000000,-75.60000000
2030-03-12,lignite,71.61000000,0.00000000,-71.61000000
2030-03-13,lignite,58.34000000,25.00911224,-33.33088776
2030-03-14,lignite,59.21000000,0.00000000,-59.21000000
2030-03-15,lignite,67.92000000,19.63999996,-48.28000004
2030-03-16,lignite,59.02000000,0.00000000,-59.02000000
2030-03-17,lignite,72.75000000,0.00000000,-72.75000000
2030-03-18,lignite,87.85000000,0.00000000,-87.85000000
2030-03-19,lignite,102.67000000,11.99379715,-90.67620285
2030-03-20,lignite,110.30000000,34.86198361,-75.43801639
2030-03-21,lignite,90.04000000,0.00000000,-90.04000000
2030-03-22,lignite,58.80000000,0.00000000,-58.80000000
2030-03-23,lignite,56.35000000,0.00000000,-56.35000000
2030-03-24,lignite,56.35000000,0.00000000,-56.35000000
2030-03-25,lignite,56.96000000,0.00000000,-56.96000000
2030-03-26,lignite,51.13000000,0.00000000,-51.13000000
2030-03-27,lignite,58.28000000,0.00000000,-58.28000000
2030-03-28,lignite,62.21000000,0.00000000,-62.21000000
2030-03-29,lignite,66.58000000,20.78000328,-45.79999672
2030-03-30,lignite,56.35000000,0.00000000,-56.35000000
2030-03-31,lignite,36.37000000,0.00000000,-36.37000000
2030-04-01,lignite,33.78000000,0.00000000,-33.78000000
2030-04-02,lignite,33.72000000,0.00000000,-33.72000000
2030-04-03,lignite,38.47000000,0.00000000,-38.47000000
2030-04-04,lignite,54.98000000,0.08789302,-54.89210698
2030-04-05,lignite,69.19000000,2.06182805,-67.12817195
2030-04-06,lignite,48.01000000,0.00000000,-48.01000000
2030-04-07,lignite,43.56000000,0.00000000,-43.56000000
2030-04-08,lignite,72.27000000,0.00000000,-72.27000000
2030-04-09,lignite,65.77000000,7.35962447,-58.41037553
2030-04-10,lignite,36.15000000,0.00000000,-36.15000000
2030-04-11,lignite,31.11000000,0.00000000,-31.11000000
2030-04-12,lignite,33.45000000,0.00000000,-33.45000000
2030-04-13,lignite,33.70000000,0.00000000,-33.70000000
2030-04-14,lignite,35.12000000,0.00000000,-35.12000000
2030-04-15,lignite,42.34000000,0.00000000,-42.34000000
2030-04-16,lignite,56.44000000,0.00000000,-56.44000000
2030-04-17,lignite,49.30000000,0.00000000,-49.30000000
2030-04-18,lignite,33.31000000,0.00000000,-33.31000000
2030-04-19,lignite,31.87000000,0.00000000,-31.87000000
2030-04-20,lignite,31.87000000,0.00000000,-31.87000000
2030-04-21,lignite,31.87000000,0.00000000,-31.87000000
2030-04-22,lignite,29.24000000,0.00000000,-29.24000000
2030-04-23,lignite,29.49000000,0.00000000,-29.49000000
2030-04-24,lignite,32.91000000,0.00000000,-32.91000000
2030-04-25,lignite,32.85000000,0.00000000,-32.85000000
2030-04-26,lignite,34.34000000,0.00000000,-34.34000000
2030-04-27,lignite,34.91000000,0.00000000,-34.91000000
2030-04-28,lignite,34.00000000,0.00000000,-34.00000000
2030-04-29,lignite,44.13000000,0.00000000,-44.13000000
2030-04-30,lignite,39.19000000,0.00000000,-39.19000000
2030-05-01,lignite,24.76000000,0.00000000,-24.76000000
2030-05-02,lignite,25.71000000,0.00000000,-25.71000000
2030-05-03,lignite,27.38000000,0.00000000,-27.38000000
2030-05-04,lignite,25.09000000,0.00000000,-25.09000000
2030-05-05,lignite,24.82000000,0.00000000,-24.82000000
2030-05-06,lignite,25.21000000,0.00000000,-25.21000000
2030-05-07,lignite,25.21000000,0.00000000,-25.21000000
2030-05-08,lignite,23.44000000,0.00000000,-23.44000000
2030-05-09,lignite,25.20000000,0.00000000,-25.20000000
2030-05-10,lignite,33.90000000,0.00000000,-33.90000000
2030-05-11,lignite,35.60000000,0.00000000,-35.60000000
2030-05-12,lignite,26.44000000,0.00000000,-26.44000000
2030-05-13,lignite,35.16000000,0.00000000,-35.16000000
2030-05-14,lignite,48.89000000,0.00000000,-48.89000000
2030-05-15,lignite,41.42000000,0.00000000,-41.42000000
2030-05-16,lignite,24.67000000,0.00000000,-24.67000000
2030-05-17,lignite,25.00000000,0.00000000,-25.00000000
2030-05-18,lignite,25.56000000,0.00000000,-25.56000000
2030-05-19,lignite,25.20000000,0.00000000,-25.20000000
2030-05-20,lignite,25.41000000,0.00000000,-25.41000000
2030-05-21,lignite,23.66000000,0.00000000,-23.66000000
2030-05-22,lignite,23.27000000,0.00000000,-23.27000000
2030-05-23,lignite,24.78000000,0.00000000,-24.78000000
2030-05-24,lignite,33.26000000,0.00000000,-33.26000000
2030-05-25,lignite,30.85000000,0.00000000,-30.85000000
2030-05-26,lignite,22.65000000,0.00000000,-22.65000000
2030-05-27,lignite,29.98000000,0.00000000,-29.98000000
2030-05-28,lignite,34.23000000,0.00000000,-34.23000000
2030-05-29,lignite,21.55000000,0.00000000,-21.55000000
2030-05-30,lignite,22.70000000,0.00000000,-22.70000000
2030-05-31,lignite,24.72000000,0.00000000,-24.72000000
2030-06-01,lignite,23.44000000,0.00000000,-23.44000000
2030-06-02,lignite,23.01000000,0.00000000,-23.01000000
2030-06-03,lignite,23.53000000,0.00000000,-23.53000000
2030-06-04,lignite,27.06000000,0.00000000,-27.06000000
2030-06-05,lignite,28.38000000,0.00000000,-28.38000000
2030-06-06,lignite,33.02000000,0.00000000,-33.02000000
2030-06-07,lignite,38.92000000,0.00000000,-38.92000000
2030-06-08,lignite,28.06000000,0.00000000,-28.06000000
2030-06-09,lignite,24.67000000,0.00000000,-24.67000000
2030-06-10,lignite,24.67000000,0.00000000,-24.67000000
2030-06-11,lignite,19.18000000,0.00000000,-19.18000000
2030-06-12,lignite,17.41000000,0.00000000,-17.41000000
2030-06-13,lignite,21.18000000,0.00000000,-21.18000000
2030-06-14,lignite,22.21000000,0.00000000,-22.21000000
2030-06-15,lignite,25.58000000,0.00000000,-25.58000000
2030-06-16,lignite,26.31000000,0.00000000,-26.31000000
2030-06-17,lignite,41.63000000,0.00000000,-41.63000000
2030-06-18,lignite,50.51000000,0.00000000,-50.51000000
2030-06-19,lignite,40.85000000,0.00000000,-40.85000000
2030-06-20,lignite,36.93000000,0.00000000,-36.93000000
2030-06-21,lignite,33.64000000,0.00000000,-33.64000000
2030-06-22,lignite,38.58000000,0.00000000,-38.58000000
2030-06-23,lignite,25.84000000,0.00000000,-25.84000000
2030-06-24,lignite,37.20000000,0.00000000,-37.20000000
2030-06-25,lignite,51.04000000,0.00000000,-51.04000000
2030-06-26,lignite,31.34000000,0.00000000,-31.34000000
2030-06-27,lignite,23.86000000,0.00000000,-23.86000000
2030-06-28,lignite,32.33000000,0.00000000,-32.33000000
2030-06-29,lignite,33.49000000,0.00000000,-33.49000000
2030-06-30,lignite,28.21000000,0.00000000,-28.21000000
2030-07-01,lignite,27.18000000,0.00000000,-27.18000000
2030-07-02,lignite,24.92000000,0.00000000,-24.92000000
2030-07-03,lignite,21.70000000,0.00000000,-21.70000000
2030-07-04,lignite,24.68000000,0.00000000,-24.68000000
2030-07-05,lignite,24.70000000,0.00000000,-24.70000000
2030-07-06,lignite,24.86000000,0.00000000,-24.86000000
2030-07-07,lignite,39.65000000,0.00000000,-39.65000000
2030-07-08,lignite,41.50000000,0.00000000,-41.50000000
2030-07-09,lignite,43.61000000,0.00000000,-43.61000000
2030-07-10,lignite,55.94000000,0.00000000,-55.94000000
2030-07-11,lignite,52.79000000,0.00000000,-52.79000000
2030-07-12,lignite,30.72000000,0.00000000,-30.72000000
2030-07-13,lignite,26.70000000,0.00000000,-26.70000000
2030-07-14,lignite,26.99000000,0.00000000,-26.99000000
2030-07-15,lignite,26.32000000,0.00000000,-26.32000000
2030-07-16,lignite,24.31000000,0.00000000,-24.31000000
2030-07-17,lignite,22.80000000,0.00000000,-22.80000000
2030-07-18,lignite,35.30000000,0.00000000,-35.30000000
2030-07-19,lignite,61.50000000,0.00000000,-61.50000000
2030-07-20,lignite,37.69000000,0.00000000,-37.69000000
2030-07-21,lignite,28.33000000,0.00000000,-28.33000000
2030-07-22,lignite,27.74000000,0.00000000,-27.74000000
2030-07-23,lignite,25.14000000,0.00000000,-25.14000000
2030-07-24,lignite,24.71000000,0.00000000,-24.71000000
2030-07-25,lignite,26.45000000,0.00000000,-26.45000000
2030-07-26,lignite,27.31000000,0.00000000,-27.31000000
2030-07-27,lignite,25.99000000,0.00000000,-25.99000000
2030-07-28,lignite,26.81000000,0.00000000,-26.81000000
2030-07-29,lignite,27.82000000,0.00000000,-27.82000000
2030-07-30,lignite,26.13000000,0.00000000,-26.13000000
2030-07-31,lignite,24.80000000,0.00000000,-24.80000000
2030-08-01,lignite,25.22000000,0.00000000,-25.22000000
2030-08-02,lignite,24.90000000,0.00000000,-24.90000000
2030-08-03,lignite,24.67000000,0.00000000,-24.67000000
2030-08-04,lignite,22.25000000,0.00000000,-22.25000000
2030-08-05,lignite,36.78000000,0.00000000,-36.78000000
2030-08-06,lignite,35.51000000,0.00000000,-35.51000000
2030-08-07,lignite,24.67000000,0.00000000,-24.67000000
2030-08-08,lignite,21.28000000,0.00000000,-21.28000000
2030-08-09,lignite,21.21000000,0.00000000,-21.21000000
2030-08-10,lignite,25.75000000,0.00000000,-25.75000000
2030-08-11,lignite,26.63000000,0.00000000,-26.63000000
2030-08-12,lignite,26.72000000,0.00000000,-26.72000000
2030-08-13,lignite,40.77000000,0.00000000,-40.77000000
2030-08-14,lignite,50.95000000,0.00000000,-50.95000000
2030-08-15,lignite,46.90000000,0.00000000,-46.90000000
2030-08-16,lignite,38.37000000,0.00000000,-38.37000000
2030-08-17,lignite,26.21000000,0.00000000,-26.21000000
2030-08-18,lignite,26.06000000,0.00000000,-26.06000000
2030-08-19,lignite,34.25000000,0.00000000,-34.25000000
2030-08-20,lignite,53.02000000,0.00000000,-53.02000000
2030-08-21,lignite,61.45000000,0.00000000,-61.45000000
2030-08-22,lignite,69.04000000,0.00000000,-69.04000000
2030-08-23,lignite,70.22000000,0.00000000,-70.22000000
2030-08-24,lignite,48.17000000,0.00000000,-48.17000000
2030-08-25,lignite,37.18000000,0.00000000,-37.18000000
2030-08-26,lignite,57.76000000,0.00000000,-57.76000000
2030-08-27,lignite,52.87000000,0.60447728,-52.26552272
2030-08-28,lignite,55.30000000,0.00000000,-55.30000000
2030-08-29,lignite,83.87000000,0.00000000,-83.87000000
2030-08-30,lignite,64.02000000,0.00000000,-64.02000000
2030-08-31,lignite,33.73000000,0.00000000,-33.73000000
2030-09-01,lignite,43.09000000,0.00000000,-43.09000000
2030-09-02,lignite,58.68000000,0.00000000,-58.68000000
2030-09-03,lignite,61.37000000,0.00000000,-61.37000000
2030-09-04,lignite,51.06000000,0.00000000,-51.06000000
2030-09-05,lignite,50.99000000,0.00000000,-50.99000000
2030-09-06,lignite,39.28000000,0.00000000,-39.28000000
2030-09-07,lignite,24.75000000,0.00000000,-24.75000000
2030-09-08,lignite,35.24000000,0.00000000,-35.24000000
2030-09-09,lignite,60.69000000,0.00000000,-60.69000000
2030-09-10,lignite,74.53000000,10.51575507,-64.01424493
2030-09-11,lignite,64.96000000,0.00000000,-64.96000000
2030-09-12,lignite,58.52000000,0.00000000,-58.52000000
2030-09-13,lignite,48.99000000,0.00000000,-48.99000000
2030-09-14,lignite,39.82000000,0.00000000,-39.82000000
2030-09-15,lignite,27.67000000,0.00000000,-27.67000000
2030-09-16,lignite,47.37000000,0.00000000,-47.37000000
2030-09-17,lignite,49.39000000,0.00000000,-49.39000000
2030-09-18,lignite,31.58000000,0.00000000,-31.58000000
2030-09-19,lignite,24.67000000,0.00000000,-24.67000000
2030-09-20,lignite,23.19000000,0.00000000,-23.19000000
2030-09-21,lignite,24.67000000,0.00000000,-24.67000000
2030-09-22,lignite,25.23000000,0.00000000,-25.23000000
2030-09-23,lignite,36.05000000,0.00000000,-36.05000000
2030-09-24,lignite,29.43000000,0.00000000,-29.43000000
2030-09-25,lignite,39.66000000,0.00000000,-39.66000000
2030-09-26,lignite,63.16000000,7.58634784,-55.57365216
2030-09-27,lignite,49.39000000,0.00000000,-49.39000000
2030-09-28,lignite,26.84000000,0.00000000,-26.84000000
2030-09-29,lignite,24.77000000,0.00000000,-24.77000000
2030-09-30,lignite,39.57000000,0.00000000,-39.57000000
2030-10-01,lignite,40.03000000,0.00000000,-40.03000000
2030-10-02,lignite,31.06000000,0.00000000,-31.06000000
2030-10-03,lignite,36.03000000,0.00000000,-36.03000000
2030-10-04,lignite,36.79000000,0.00000000,-36.79000000
2030-10-05,lignite,35.71000000,0.00000000,-35.71000000
2030-10-06,lignite,33.60000000,0.00000000,-33.60000000
2030-10-07,lignite,34.31000000,0.00000000,-34.31000000
2030-10-08,lignite,39.50000000,0.00000000,-39.50000000
2030-10-09,lignite,39.42000000,0.48812841,-38.93187159
2030-10-10,lignite,38.32000000,0.00000000,-38.32000000
2030-10-11,lignite,55.17000000,0.00000000,-55.17000000
2030-10-12,lignite,66.78000000,2.01698297,-64.76301703
2030-10-13,lignite,71.89000000,0.00000000,-71.89000000
2030-10-14,lignite,82.50000000,0.00000000,-82.50000000
2030-10-15,lignite,57.62000000,0.00000000,-57.62000000
2030-10-16,lignite,54.09000000,0.00000000,-54.09000000
2030-10-17,lignite,48.47000000,4.80595135,-43.66404865
2030-10-18,lignite,58.49000000,0.00000000,-58.49000000
2030-10-19,lignite,45.55000000,6.24431962,-39.30568038
2030-10-20,lignite,36.30000000,0.00000000,-36.30000000
2030-10-21,lignite,58.96000000,0.00000000,-58.96000000
2030-10-22,lignite,66.30000000,23.20714327,-43.09285673
2030-10-23,lignite,54.28000000,1.22339218,-53.05660782
2030-10-24,lignite,36.97000000,0.00000000,-36.97000000
2030-10-25,lignite,39.28000000,0.00000000,-39.28000000
2030-10-26,lignite,44.97000000,0.00000000,-44.97000000
2030-10-27,lignite,35.71000000,0.00000000,-35.71000000
2030-10-28,lignite,42.71000000,0.00000000,-42.71000000
2030-10-29,lignite,63.78000000,0.00000000,-63.78000000
2030-10-30,lignite,73.57000000,17.75430593,-55.81569407
2030-10-31,lignite,79.10000000,0.00000000,-79.10000000
2030-11-01,lignite,38.87000000,0.00000000,-38.87000000
2030-11-02,lignite,35.71000000,0.00000000,-35.71000000
2030-11-03,lignite,36.50000000,0.00000000,-36.50000000
2030-11-04,lignite,57.25000000,0.00000000,-57.25000000
2030-11-05,lignite,53.04000000,0.00000000,-53.04000000
2030-11-06,lignite,39.85000000,0.00000000,-39.85000000
2030-11-07,lignite,38.51000000,19.21664872,-19.29335128
2030-11-08,lignite,36.90000000,0.00000000,-36.90000000
2030-11-09,lignite,35.71000000,0.00000000,-35.71000000
2030-11-10,lignite,35.71000000,0.00000000,-35.71000000
2030-11-11,lignite,44.58000000,0.00000000,-44.58000000
2030-11-12,lignite,77.98000000,28.37160224,-49.60839776
2030-11-13,lignite,83.36000000,14.48456644,-68.87543356
2030-11-14,lignite,65.39000000,0.00000000,-65.39000000
2030-11-15,lignite,56.44000000,5.01871972,-51.42128028
2030-11-16,lignite,42.29000000,0.00000000,-42.29000000
2030-11-17,lignite,37.22000000,0.00000000,-37.22000000
2030-11-18,lignite,58.37000000,0.00000000,-58.37000000
2030-11-19,lignite,86.44000000,16.73882926,-69.70117074
2030-11-20,lignite,113.74000000,26.39802593,-87.34197407
2030-11-21,lignite,107.50000000,0.00000000,-107.50000000
2030-11-22,lignite,59.17000000,0.00000000,-59.17000000
2030-11-23,lignite,37.45000000,0.00000000,-37.45000000
2030-11-24,lignite,49.37000000,0.00000000,-49.37000000
2030-11-25,lignite,77.74000000,0.00000000,-77.74000000
2030-11-26,lignite,99.57000000,9.69546608,-89.87453392
2030-11-27,lignite,80.70000000,0.00000000,-80.70000000
2030-11-28,lignite,101.10000000,0.00000000,-101.10000000
2030-11-29,lignite,127.74000000,59.03921312,-68.70078688
2030-11-30,lignite,139.26000000,87.52432364,-51.73567636
2030-12-01,lignite,122.45000000,15.88536429,-106.56463571
2030-12-02,lignite,103.00000000,0.00000000,-103.00000000
2030-12-03,lignite,86.63000000,0.00000000,-86.63000000
2030-12-04,lignite,79.85000000,29.82771249,-50.02228751
2030-12-05,lignite,101.23000000,0.00000000,-101.23000000
2030-12-06,lignite,111.06000000,50.66195718,-60.39804282
2030-12-07,lignite,41.18000000,0.00000000,-41.18000000
2030-12-08,lignite,80.99000000,0.00000000,-80.99000000
2030-12-09,lignite,119.59000000,0.00000000,-119.59000000
2030-12-10,lignite,132.99000000,89.11999976,-43.87000024
2030-12-11,lignite,136.44000000,92.76541321,-43.67458679
2030-12-12,lignite,146.88000000,96.52245603,-50.35754397
2030-12-13,lignite,127.01000000,78.38695827,-48.62304173
2030-12-14,lignite,98.29000000,96.13271856,-2.15728144
2030-12-15,lignite,78.84000000,0.00000000,-78.84000000
2030-12-16,lignite,116.83000000,18.89056325,-97.93943675
2030-12-17,lignite,109.77000000,62.85795237,-46.91204763
2030-12-18,lignite,75.54000000,0.00000000,-75.54000000
2030-12-19,lignite,38.37000000,50.49028927,12.12028927
2030-12-20,lignite,36.44000000,0.00000000,-36.44000000
2030-12-21,lignite,36.07000000,0.00000000,-36.07000000
2030-12-22,lignite,35.88000000,0.00000000,-35.88000000
2030-12-23,lignite,62.35000000,0.00000000,-62.35000000
2030-12-24,lignite,37.02000000,0.00000000,-37.02000000
2030-12-25,lignite,35.85000000,0.00000000,-35.85000000
2030-12-26,lignite,35.71000000,0.00000000,-35.71000000
2030-12-27,lignite,28.76000000,0.00000000,-28.76000000
2030-12-28,lignite,27.31000000,0.00000000,-27.31000000
2030-12-29,lignite,24.97000000,0.00000000,-24.97000000
2030-12-30,lignite,23.63000000,0.00000000,-23.63000000
2030-12-31,lignite,24.37000000,0.00000000,-24.37000000
2030-01-01,nuclear,0.00000000,0.00000000,0.00000000
2030-01-02,nuclear,0.00000000,0.00000000,0.00000000
2030-01-03,nuclear,0.00000000,0.00000000,0.00000000
2030-01-04,nuclear,0.00000000,0.00000000,0.00000000
2030-01-05,nuclear,0.00000000,0.00000000,0.00000000
2030-01-06,nuclear,0.00000000,0.00000000,0.00000000
2030-01-07,nuclear,0.00000000,0.00000000,0.00000000
2030-01-08,nuclear,0.00000000,0.00000000,0.00000000
2030-01-09,nuclear,0.00000000,0.00000000,0.00000000
2030-01-10,nuclear,0.00000000,0.00000000,0.00000000
2030-01-11,nuclear,0.00000000,0.00000000,0.00000000
2030-01-12,nuclear,0.00000000,0.00000000,0.00000000
2030-01-13,nuclear,0.00000000,0.00000000,0.00000000
2030-01-14,nuclear,0.00000000,0.00000000,0.00000000
2030-01-15,nuclear,0.00000000,0.00000000,0.00000000
2030-01-16,nuclear,0.00000000,0.00000000,0.00000000
2030-01-17,nuclear,0.00000000,0.00000000,0.00000000
2030-01-18,nuclear,0.00000000,0.00000000,0.00000000
2030-01-19,nuclear,0.00000000,0.00000000,0.00000000
2030-01-20,nuclear,0.00000000,0.00000000,0.00000000
2030-01-21,nuclear,0.00000000,0.00000000,0.00000000
2030-01-22,nuclear,0.00000000,0.00000000,0.00000000
2030-01-23,nuclear,0.00000000,0.00000000,0.00000000
2030-01-24,nuclear,0.00000000,0.00000000,0.00000000
2030-01-25,nuclear,0.00000000,0.00000000,0.00000000
2030-01-26,nuclear,0.00000000,0.00000000,0.00000000
2030-01-27,nuclear,0.00000000,0.00000000,0.00000000
2030-01-28,nuclear,0.00000000,0.00000000,0.00000000
2030-01-29,nuclear,0.00000000,0.00000000,0.00000000
2030-01-30,nuclear,0.00000000,0.00000000,0.00000000
2030-01-31,nuclear,0.00000000,0.00000000,0.00000000
2030-02-01,nuclear,0.00000000,0.00000000,0.00000000
2030-02-02,nuclear,0.00000000,0.00000000,0.00000000
2030-02-03,nuclear,0.00000000,0.00000000,0.00000000
2030-02-04,nuclear,0.00000000,0.00000000,0.00000000
2030-02-05,nuclear,0.00000000,0.00000000,0.00000000
2030-02-06,nuclear,0.00000000,0.00000000,0.00000000
2030-02-07,nuclear,0.00000000,0.00000000,0.00000000
2030-02-08,nuclear,0.00000000,0.00000000,0.00000000
2030-02-09,nuclear,0.00000000,0.00000000,0.00000000
2030-02-10,nuclear,0.00000000,0.00000000,0.00000000
2030-02-11,nuclear,0.00000000,0.00000000,0.00000000
2030-02-12,nuclear,0.00000000,0.00000000,0.00000000
2030-02-13,nuclear,0.00000000,0.00000000,0.00000000
2030-02-14,nuclear,0.00000000,0.00000000,0.00000000
2030-02-15,nuclear,0.00000000,0.00000000,0.00000000
2030-02-16,nuclear,0.00000000,0.00000000,0.00000000
2030-02-17,nuclear,0.00000000,0.00000000,0.00000000
2030-02-18,nuclear,0.00000000,0.00000000,0.00000000
2030-02-19,nuclear,0.00000000,0.00000000,0.00000000
2030-02-20,nuclear,0.00000000,0.00000000,0.00000000
2030-02-21,nuclear,0.00000000,0.00000000,0.00000000
2030-02-22,nuclear,0.00000000,0.00000000,0.00000000
2030-02-23,nuclear,0.00000000,0.00000000,0.00000000
2030-02-24,nuclear,0.00000000,0.00000000,0.00000000
2030-02-25,nuclear,0.00000000,0.00000000,0.00000000
2030-02-26,nuclear,0.00000000,0.00000000,0.00000000
2030-02-27,nuclear,0.00000000,0.00000000,0.00000000
2030-02-28,nuclear,0.00000000,0.00000000,0.00000000
2030-03-01,nuclear,0.00000000,0.00000000,0.00000000
2030-03-02,nuclear,0.00000000,0.00000000,0.00000000
2030-03-03,nuclear,0.00000000,0.00000000,0.00000000
2030-03-04,nuclear,0.00000000,0.00000000,0.00000000
2030-03-05,nuclear,0.00000000,0.00000000,0.00000000
2030-03-06,nuclear,0.00000000,0.00000000,0.00000000
2030-03-07,nuclear,0.00000000,0.00000000,0.00000000
2030-03-08,nuclear,0.00000000,0.00000000,0.00000000
2030-03-09,nuclear,0.00000000,0.00000000,0.00000000
2030-03-10,nuclear,0.00000000,0.00000000,0.00000000
2030-03-11,nuclear,0.00000000,0.00000000,0.00000000
2030-03-12,nuclear,0.00000000,0.00000000,0.00000000
2030-03-13,nuclear,0.00000000,0.00000000,0.00000000
2030-03-14,nuclear,0.00000000,0.00000000,0.00000000
2030-03-15,nuclear,0.00000000,0.00000000,0.00000000
2030-03-16,nuclear,0.00000000,0.00000000,0.00000000
2030-03-17,nuclear,0.00000000,0.00000000,0.00000000
2030-03-18,nuclear,0.00000000,0.00000000,0.00000000
2030-03-19,nuclear,0.00000000,0.00000000,0.00000000
2030-03-20,nuclear,0.00000000,0.00000000,0.00000000
2030-03-21,nuclear,0.00000000,0.00000000,0.00000000
2030-03-22,nuclear,0.00000000,0.00000000,0.00000000
2030-03-23,nuclear,0.00000000,0.00000000,0.00000000
2030-03-24,nuclear,0.00000000,0.00000000,0.00000000
2030-03-25,nuclear,0.00000000,0.00000000,0.00000000
2030-03-26,nuclear,0.00000000,0.00000000,0.00000000
2030-03-27,nuclear,0.00000000,0.00000000,0.00000000
2030-03-28,nuclear,0.00000000,0.00000000,0.00000000
2030-03-29,nuclear,0.00000000,0.00000000,0.00000000
2030-03-30,nuclear,0.00000000,0.00000000,0.00000000
2030-03-31,nuclear,0.00000000,0.00000000,0.00000000
2030-04-01,nuclear,0.00000000,0.00000000,0.00000000
2030-04-02,nuclear,0.00000000,0.00000000,0.00000000
2030-04-03,nuclear,0.00000000,0.00000000,0.00000000
2030-04-04,nuclear,0.00000000,0.00000000,0.00000000
2030-04-05,nuclear,0.00000000,0.00000000,0.00000000
2030-04-06,nuclear,0.00000000,0.00000000,0.00000000
2030-04-07,nuclear,0.00000000,0.00000000,0.00000000
2030-04-08,nuclear,0.00000000,0.00000000,0.00000000
2030-04-09,nuclear,0.00000000,0.00000000,0.00000000
2030-04-10,nuclear,0.00000000,0.00000000,0.00000000
2030-04-11,nuclear,0.00000000,0.00000000,0.00000000
2030-04-12,nuclear,0.00000000,0.00000000,0.00000000
2030-04-13,nuclear,0.00000000,0.00000000,0.00000000
2030-04-14,nuclear,0.00000000,0.00000000,0.00000000
2030-04-15,nuclear,0.00000000,0.00000000,0.00000000
2030-04-16,nuclear,0.00000000,0.00000000,0.00000000
2030-04-17,nuclear,0.00000000,0.00000000,0.00000000
2030-04-18,nuclear,0.00000000,0.00000000,0.00000000
2030-04-19,nuclear,0.00000000,0.00000000,0.00000000
2030-04-20,nuclear,0.00000000,0.00000000,0.00000000
2030-04-21,nuclear,0.00000000,0.00000000,0.00000000
2030-04-22,nuclear,0.00000000,0.00000000,0.00000000
2030-04-23,nuclear,0.00000000,0.00000000,0.00000000
2030-04-24,nuclear,0.00000000,0.00000000,0.00000000
2030-04-25,nuclear,0.00000000,0.00000000,0.00000000
2030-04-26,nuclear,0.00000000,0.00000000,0.00000000
2030-04-27,nuclear,0.00000000,0.00000000,0.00000000
2030-04-28,nuclear,0.00000000,0.00000000,0.00000000
2030-04-29,nuclear,0.00000000,0.00000000,0.00000000
2030-04-30,nuclear,0.00000000,0.00000000,0.00000000
2030-05-01,nuclear,0.00000000,0.00000000,0.00000000
2030-05-02,nuclear,0.00000000,0.00000000,0.00000000
2030-05-03,nuclear,0.00000000,0.00000000,0.00000000
2030-05-04,nuclear,0.00000000,0.00000000,0.00000000
2030-05-05,nuclear,0.00000000,0.00000000,0.00000000
2030-05-06,nuclear,0.00000000,0.00000000,0.00000000
2030-05-07,nuclear,0.00000000,0.00000000,0.00000000
2030-05-08,nuclear,0.00000000,0.00000000,0.00000000
2030-05-09,nuclear,0.00000000,0.00000000,0.00000000
2030-05-10,nuclear,0.00000000,0.00000000,0.00000000
2030-05-11,nuclear,0.00000000,0.00000000,0.00000000
2030-05-12,nuclear,0.00000000,0.00000000,0.00000000
2030-05-13,nuclear,0.00000000,0.00000000,0.00000000
2030-05-14,nuclear,0.00000000,0.00000000,0.00000000
2030-05-15,nuclear,0.00000000,0.00000000,0.00000000
2030-05-16,nuclear,0.00000000,0.00000000,0.00000000
2030-05-17,nuclear,0.00000000,0.00000000,0.00000000
2030-05-18,nuclear,0.00000000,0.00000000,0.00000000
2030-05-19,nuclear,0.00000000,0.00000000,0.00000000
2030-05-20,nuclear,0.00000000,0.00000000,0.00000000
2030-05-21,nuclear,0.00000000,0.00000000,0.00000000
2030-05-22,nuclear,0.00000000,0.00000000,0.00000000
2030-05-23,nuclear,0.00000000,0.00000000,0.00000000
2030-05-24,nuclear,0.00000000,0.00000000,0.00000000
2030-05-25,nuclear,0.00000000,0.00000000,0.00000000
2030-05-26,nuclear,0.00000000,0.00000000,0.00000000
2030-05-27,nuclear,0.00000000,0.00000000,0.00000000
2030-05-28,nuclear,0.00000000,0.00000000,0.00000000
2030-05-29,nuclear,0.00000000,0.00000000,0.00000000
2030-05-30,nuclear,0.00000000,0.00000000,0.00000000
2030-05-31,nuclear,0.00000000,0.00000000,0.00000000
2030-06-01,nuclear,0.00000000,0.00000000,0.00000000
2030-06-02,nuclear,0.00000000,0.00000000,0.00000000
2030-06-03,nuclear,0.00000000,0.00000000,0.00000000
2030-06-04,nuclear,0.00000000,0.00000000,0.00000000
2030-06-05,nuclear,0.00000000,0.00000000,0.00000000
2030-06-06,nuclear,0.00000000,0.00000000,0.00000000
2030-06-07,nuclear,0.00000000,0.00000000,0.00000000
2030-06-08,nuclear,0.00000000,0.00000000,0.00000000
2030-06-09,nuclear,0.00000000,0.00000000,0.00000000
2030-06-10,nuclear,0.00000000,0.00000000,0.00000000
2030-06-11,nuclear,0.00000000,0.00000000,0.00000000
2030-06-12,nuclear,0.00000000,0.00000000,0.00000000
2030-06-13,nuclear,0.00000000,0.00000000,0.00000000
2030-06-14,nuclear,0.00000000,0.00000000,0.00000000
2030-06-15,nuclear,0.00000000,0.00000000,0.00000000
2030-06-16,nuclear,0.00000000,0.00000000,0.00000000
2030-06-17,nuclear,0.00000000,0.00000000,0.00000000
2030-06-18,nuclear,0.00000000,0.00000000,0.00000000
2030-06-19,nuclear,0.00000000,0.00000000,0.00000000
2030-06-20,nuclear,0.00000000,0.00000000,0.00000000
2030-06-21,nuclear,0.00000000,0.00000000,0.00000000
2030-06-22,nuclear,0.00000000,0.00000000,0.00000000
2030-06-23,nuclear,0.00000000,0.00000000,0.00000000
2030-06-24,nuclear,0.00000000,0.00000000,0.00000000
2030-06-25,nuclear,0.00000000,0.00000000,0.00000000
2030-06-26,nuclear,0.00000000,0.00000000,0.00000000
2030-06-27,nuclear,0.00000000,0.00000000,0.00000000
2030-06-28,nuclear,0.00000000,0.00000000,0.00000000
2030-06-29,nuclear,0.00000000,0.00000000,0.00000000
2030-06-30,nuclear,0.00000000,0.00000000,0.00000000
2030-07-01,nuclear,0.00000000,0.00000000,0.00000000
2030-07-02,nuclear,0.00000000,0.00000000,0.00000000
2030-07-03,nuclear,0.00000000,0.00000000,0.00000000
2030-07-04,nuclear,0.00000000,0.00000000,0.00000000
2030-07-05,nuclear,0.00000000,0.00000000,0.00000000
2030-07-06,nuclear,0.00000000,0.00000000,0.00000000
2030-07-07,nuclear,0.00000000,0.00000000,0.00000000
2030-07-08,nuclear,0.00000000,0.00000000,0.00000000
2030-07-09,nuclear,0.00000000,0.00000000,0.00000000
2030-07-10,nuclear,0.00000000,0.00000000,0.00000000
2030-07-11,nuclear,0.00000000,0.00000000,0.00000000
2030-07-12,nuclear,0.00000000,0.00000000,0.00000000
2030-07-13,nuclear,0.00000000,0.00000000,0.00000000
2030-07-14,nuclear,0.00000000,0.00000000,0.00000000
2030-07-15,nuclear,0.00000000,0.00000000,0.00000000
2030-07-16,nuclear,0.00000000,0.00000000,0.00000000
2030-07-17,nuclear,0.00000000,0.00000000,0.00000000
2030-07-18,nuclear,0.00000000,0.00000000,0.00000000
2030-07-19,nuclear,0.00000000,0.00000000,0.00000000
2030-07-20,nuclear,0.00000000,0.00000000,0.00000000
2030-07-21,nuclear,0.00000000,0.00000000,0.00000000
2030-07-22,nuclear,0.00000000,0.00000000,0.00000000
2030-07-23,nuclear,0.00000000,0.00000000,0.00000000
2030-07-24,nuclear,0.00000000,0.00000000,0.00000000
2030-07-25,nuclear,0.00000000,0.00000000,0.00000000
2030-07-26,nuclear,0.00000000,0.00000000,0.00000000
2030-07-27,nuclear,0.00000000,0.00000000,0.00000000
2030-07-28,nuclear,0.00000000,0.00000000,0.00000000
2030-07-29,nuclear,0.00000000,0.00000000,0.00000000
2030-07-30,nuclear,0.00000000,0.00000000,0.00000000
2030-07-31,nuclear,0.00000000,0.00000000,0.00000000
2030-08-01,nuclear,0.00000000,0.00000000,0.00000000
2030-08-02,nuclear,0.00000000,0.00000000,0.00000000
2030-08-03,nuclear,0.00000000,0.00000000,0.00000000
2030-08-04,nuclear,0.00000000,0.00000000,0.00000000
2030-08-05,nuclear,0.00000000,0.00000000,0.00000000
2030-08-06,nuclear,0.00000000,0.00000000,0.00000000
2030-08-07,nuclear,0.00000000,0.00000000,0.00000000
2030-08-08,nuclear,0.00000000,0.00000000,0.00000000
2030-08-09,nuclear,0.00000000,0.00000000,0.00000000
2030-08-10,nuclear,0.00000000,0.00000000,0.00000000
2030-08-11,nuclear,0.00000000,0.00000000,0.00000000
2030-08-12,nuclear,0.00000000,0.00000000,0.00000000
2030-08-13,nuclear,0.00000000,0.00000000,0.00000000
2030-08-14,nuclear,0.00000000,0.00000000,0.00000000
2030-08-15,nuclear,0.00000000,0.00000000,0.00000000
2030-08-16,nuclear,0.00000000,0.00000000,0.00000000
2030-08-17,nuclear,0.00000000,0.00000000,0.00000000
2030-08-18,nuclear,0.00000000,0.00000000,0.00000000
2030-08-19,nuclear,0.00000000,0.00000000,0.00000000
2030-08-20,nuclear,0.00000000,0.00000000,0.00000000
2030-08-21,nuclear,0.00000000,0.00000000,0.00000000
2030-08-22,nuclear,0.00000000,0.00000000,0.00000000
2030-08-23,nuclear,0.00000000,0.00000000,0.00000000
2030-08-24,nuclear,0.00000000,0.00000000,0.00000000
2030-08-25,nuclear,0.00000000,0.00000000,0.00000000
2030-08-26,nuclear,0.00000000,0.00000000,0.00000000
2030-08-27,nuclear,0.00000000,0.00000000,0.00000000
2030-08-28,nuclear,0.00000000,0.00000000,0.00000000
2030-08-29,nuclear,0.00000000,0.00000000,0.00000000
2030-08-30,nuclear,0.00000000,0.00000000,0.00000000
2030-08-31,nuclear,0.00000000,0.00000000,0.00000000
2030-09-01,nuclear,0.00000000,0.00000000,0.00000000
2030-09-02,nuclear,0.00000000,0.00000000,0.00000000
2030-09-03,nuclear,0.00000000,0.00000000,0.00000000
2030-09-04,nuclear,0.00000000,0.00000000,0.00000000
2030-09-05,nuclear,0.00000000,0.00000000,0.00000000
2030-09-06,nuclear,0.00000000,0.00000000,0.00000000
2030-09-07,nuclear,0.00000000,0.00000000,0.00000000
2030-09-08,nuclear,0.00000000,0.00000000,0.00000000
2030-09-09,nuclear,0.00000000,0.00000000,0.00000000
2030-09-10,nuclear,0.00000000,0.00000000,0.00000000
2030-09-11,nuclear,0.00000000,0.00000000,0.00000000
2030-09-12,nuclear,0.00000000,0.00000000,0.00000000
2030-09-13,nuclear,0.00000000,0.00000000,0.00000000
2030-09-14,nuclear,0.00000000,0.00000000,0.00000000
2030-09-15,nuclear,0.00000000,0.00000000,0.00000000
2030-09-16,nuclear,0.00000000,0.00000000,0.00000000
2030-09-17,nuclear,0.00000000,0.00000000,0.00000000
2030-09-18,nuclear,0.00000000,0.00000000,0.00000000
2030-09-19,nuclear,0.00000000,0.00000000,0.00000000
2030-09-20,nuclear,0.00000000,0.00000000,0.00000000
2030-09-21,nuclear,0.00000000,0.00000000,0.00000000
2030-09-22,nuclear,0.00000000,0.00000000,0.00000000
2030-09-23,nuclear,0.00000000,0.00000000,0.00000000
2030-09-24,nuclear,0.00000000,0.00000000,0.00000000
2030-09-25,nuclear,0.00000000,0.00000000,0.00000000
2030-09-26,nuclear,0.00000000,0.00000000,0.00000000
2030-09-27,nuclear,0.00000000,0.00000000,0.00000000
2030-09-28,nuclear,0.00000000,0.00000000,0.00000000
2030-09-29,nuclear,0.00000000,0.00000000,0.00000000
2030-09-30,nuclear,0.00000000,0.00000000,0.00000000
2030-10-01,nuclear,0.00000000,0.00000000,0.00000000
2030-10-02,nuclear,0.00000000,0.00000000,0.00000000
2030-10-03,nuclear,0.00000000,0.00000000,0.00000000
2030-10-04,nuclear,0.00000000,0.00000000,0.00000000
2030-10-05,nuclear,0.00000000,0.00000000,0.00000000
2030-10-06,nuclear,0.00000000,0.00000000,0.00000000
2030-10-07,nuclear,0.00000000,0.00000000,0.00000000
2030-10-08,nuclear,0.00000000,0.00000000,0.00000000
2030-10-09,nuclear,0.00000000,0.00000000,0.00000000
2030-10-10,nuclear,0.00000000,0.00000000,0.00000000
2030-10-11,nuclear,0.00000000,0.00000000,0.00000000
2030-10-12,nuclear,0.00000000,0.00000000,0.00000000
2030-10-13,nuclear,0.00000000,0.00000000,0.00000000
2030-10-14,nuclear,0.00000000,0.00000000,0.00000000
2030-10-15,nuclear,0.00000000,0.00000000,0.00000000
2030-10-16,nuclear,0.00000000,0.00000000,0.00000000
2030-10-17,nuclear,0.00000000,0.00000000,0.00000000
2030-10-18,nuclear,0.00000000,0.00000000,0.00000000
2030-10-19,nuclear,0.00000000,0.00000000,0.00000000
2030-10-20,nuclear,0.00000000,0.00000000,0.00000000
2030-10-21,nuclear,0.00000000,0.00000000,0.00000000
2030-10-22,nuclear,0.00000000,0.00000000,0.00000000
2030-10-23,nuclear,0.00000000,0.00000000,0.00000000
2030-10-24,nuclear,0.00000000,0.00000000,0.00000000
2030-10-25,nuclear,0.00000000,0.00000000,0.00000000
2030-10-26,nuclear,0.00000000,0.00000000,0.00000000
2030-10-27,nuclear,0.00000000,0.00000000,0.00000000
2030-10-28,nuclear,0.00000000,0.00000000,0.00000000
2030-10-29,nuclear,0.00000000,0.00000000,0.00000000
2030-10-30,nuclear,0.00000000,0.00000000,0.00000000
2030-10-31,nuclear,0.00000000,0.00000000,0.00000000
2030-11-01,nuclear,0.00000000,0.00000000,0.00000000
2030-11-02,nuclear,0.00000000,0.00000000,0.00000000
2030-11-03,nuclear,0.00000000,0.00000000,0.00000000
2030-11-04,nuclear,0.00000000,0.00000000,0.00000000
2030-11-05,nuclear,0.00000000,0.00000000,0.00000000
2030-11-06,nuclear,0.00000000,0.00000000,0.00000000
2030-11-07,nuclear,0.00000000,0.00000000,0.00000000
2030-11-08,nuclear,0.00000000,0.00000000,0.00000000
2030-11-09,nuclear,0.00000000,0.00000000,0.00000000
2030-11-10,nuclear,0.00000000,0.00000000,0.00000000
2030-11-11,nuclear,0.00000000,0.00000000,0.00000000
2030-11-12,nuclear,0.00000000,0.00000000,0.00000000
2030-11-13,nuclear,0.00000000,0.00000000,0.00000000
2030-11-14,nuclear,0.00000000,0.00000000,0.00000000
2030-11-15,nuclear,0.00000000,0.00000000,0.00000000
2030-11-16,nuclear,0.00000000,0.00000000,0.00000000
2030-11-17,nuclear,0.00000000,0.00000000,0.00000000
2030-11-18,nuclear,0.00000000,0.00000000,0.00000000
2030-11-19,nuclear,0.00000000,0.00000000,0.00000000
2030-11-20,nuclear,0.00000000,0.00000000,0.00000000
2030-11-21,nuclear,0.00000000,0.00000000,0.00000000
2030-11-22,nuclear,0.00000000,0.00000000,0.00000000
2030-11-23,nuclear,0.00000000,0.00000000,0.00000000
2030-11-24,nuclear,0.00000000,0.00000000,0.00000000
2030-11-25,nuclear,0.00000000,0.00000000,0.00000000
2030-11-26,nuclear,0.00000000,0.00000000,0.00000000
2030-11-27,nuclear,0.00000000,0.00000000,0.00000000
2030-11-28,nuclear,0.00000000,0.00000000,0.00000000
2030-11-29,nuclear,0.00000000,0.00000000,0.00000000
2030-11-30,nuclear,0.00000000,0.00000000,0.00000000
2030-12-01,nuclear,0.00000000,0.00000000,0.00000000
2030-12-02,nuclear,0.00000000,0.00000000,0.00000000
2030-12-03,nuclear,0.00000000,0.00000000,0.00000000
2030-12-04,nuclear,0.00000000,0.00000000,0.00000000
2030-12-05,nuclear,0.00000000,0.00000000,0.00000000
2030-12-06,nuclear,0.00000000,0.00000000,0.00000000
2030-12-07,nuclear,0.00000000,0.00000000,0.00000000
2030-12-08,nuclear,0.00000000,0.00000000,0.00000000
2030-12-09,nuclear,0.00000000,0.00000000,0.00000000
2030-12-10,nuclear,0.00000000,0.00000000,0.00000000
2030-12-11,nuclear,0.00000000,0.00000000,0.00000000
2030-12-12,nuclear,0.00000000,0.00000000,0.00000000
2030-12-13,nuclear,0.00000000,0.00000000,0.00000000
2030-12-14,nuclear,0.00000000,0.00000000,0.00000000
2030-12-15,nuclear,0.00000000,0.00000000,0.00000000
2030-12-16,nuclear,0.00000000,0.00000000,0.00000000
2030-12-17,nuclear,0.00000000,0.00000000,0.00000000
2030-12-18,nuclear,0.00000000,0.00000000,0.00000000
2030-12-19,nuclear,0.00000000,0.00000000,0.00000000
2030-12-20,nuclear,0.00000000,0.00000000,0.00000000
2030-12-21,nuclear,0.00000000,0.00000000,0.00000000
2030-12-22,nuclear,0.00000000,0.00000000,0.00000000
2030-12-23,nuclear,0.00000000,0.00000000,0.00000000
2030-12-24,nuclear,0.00000000,0.00000000,0.00000000
2030-12-25,nuclear,0.00000000,0.00000000,0.00000000
2030-12-26,nuclear,0.00000000,0.00000000,0.00000000
2030-12-27,nuclear,0.00000000,0.00000000,0.00000000
2030-12-28,nuclear,0.00000000,0.00000000,0.00000000
2030-12-29,nuclear,0.00000000,0.00000000,0.00000000
2030-12-30,nuclear,0.00000000,0.00000000,0.00000000
2030-12-31,nuclear,0.00000000,0.00000000,0.00000000
2030-01-01,offwind,284.64000000,284.63999951,-0.00000049
2030-01-02,offwind,225.87000000,225.83999963,-0.03000037
2030-01-03,offwind,269.28000000,269.27999946,-0.00000054
2030-01-04,offwind,325.34000000,325.44000022,0.10000022
2030-01-05,offwind,163.77000000,163.68000089,-0.08999911
2030-01-06,offwind,353.36000000,353.27999906,-0.08000094
2030-01-07,offwind,366.32000000,366.23999997,-0.08000003
2030-01-08,offwind,386.21000000,386.15999976,-0.05000024
2030-01-09,offwind,250.27000000,250.31999986,0.04999986
2030-01-10,offwind,246.54000000,246.47999985,-0.06000015
2030-01-11,offwind,308.43000000,308.40000003,-0.02999997
2030-01-12,offwind,302.61000000,302.64000013,0.03000013
2030-01-13,offwind,271.92000000,271.92000026,0.00000026
2030-01-14,offwind,367.37000000,367.43999943,0.06999943
2030-01-15,offwind,290.57000000,290.63999964,0.06999964
2030-01-16,offwind,212.03000000,211.92000044,-0.10999956
2030-01-17,offwind,316.93000000,317.04000000,0.11000000
2030-01-18,offwind,299.09000000,299.04000010,-0.04999990
2030-01-19,offwind,270.40000000,270.47999987,0.07999987
2030-01-20,offwind,61.93000000,61.91999971,-0.01000029
2030-01-21,offwind,88.18000000,88.08000008,-0.09999992
2030-01-22,offwind,120.13000000,120.23999962,0.10999962
2030-01-23,offwind,24.10000000,23.99999978,-0.10000022
2030-01-24,offwind,17.47000000,17.51999945,0.04999945
2030-01-25,offwind,177.12000000,177.11999986,-0.00000014
2030-01-26,offwind,250.47000000,250.56000008,0.09000008
2030-01-27,offwind,111.89000000,111.83999988,-0.05000012
2030-01-28,offwind,108.35000000,108.23999961,-0.11000039
2030-01-29,offwind,266.04000000,266.15999964,0.11999964
2030-01-30,offwind,233.19000000,233.28000014,0.09000014
2030-01-31,offwind,208.95000000,209.03999990,0.08999990
2030-02-01,offwind,309.46000000,309.36000021,-0.09999979
2030-02-02,offwind,303.61000000,303.60000031,-0.00999969
2030-02-03,offwind,254.47000000,254.39999938,-0.07000062
2030-02-04,offwind,136.09000000,136.08000012,-0.00999988
2030-02-05,offwind,378.77000000,378.71999972,-0.05000028
2030-02-06,offwind,45.21000000,45.11999974,-0.09000026
2030-02-07,offwind,136.92000000,137.03999959,0.11999959
2030-02-08,offwind,232.70000000,232.79999969,0.09999969
2030-02-09,offwind,401.69000000,401.76000075,0.07000075
2030-02-10,offwind,337.30000000,337.20000001,-0.09999999
2030-02-11,offwind,312.58000000,312.48000003,-0.09999997
2030-02-12,offwind,119.58000000,119.52000014,-0.05999986
2030-02-13,offwind,95.47000000,95.52000012,0.05000012
2030-02-14,offwind,73.84000000,73.92000019,0.08000019
2030-02-15,offwind,142.49000000,142.55999974,0.06999974
2030-02-16,offwind,264.11000000,263.99999977,-0.11000023
2030-02-17,offwind,273.56000000,273.60000040,0.04000040
2030-02-18,offwind,236.72000000,236.63999995,-0.08000005
2030-02-19,offwind,209.52000000,209.51999963,-0.00000037
2030-02-20,offwind,331.66000000,331.67999985,0.01999985
2030-02-21,offwind,210.52000000,210.48000005,-0.03999995
2030-02-22,offwind,109.77000000,109.67999905,-0.09000095
2030-02-23,offwind,258.84000000,258.95999983,0.11999983
2030-02-24,offwind,386.09000000,386.16000023,0.07000023
2030-02-25,offwind,373.95000000,373.92000024,-0.02999976
2030-02-26,offwind,285.33000000,285.35999971,0.02999971
2030-02-27,offwind,45.95000000,45.84000017,-0.10999983
2030-02-28,offwind,31.66000000,31.68000029,0.02000029
2030-03-01,offwind,18.41000000,18.47999987,0.06999987
2030-03-02,offwind,47.88000000,47.76000006,-0.11999994
2030-03-03,offwind,174.76000000,174.71999953,-0.04000047
2030-03-04,offwind,230.39000000,230.40000007,0.01000007
2030-03-05,offwind,191.11000000,191.04000095,-0.06999905
2030-03-06,offwind,168.33000000,168.23999967,-0.09000033
2030-03-07,offwind,215.08000000,215.04000026,-0.03999974
2030-03-08,offwind,58.50000000,58.56000038,0.06000038
2030-03-09,offwind,39.02000000,39.12000033,0.10000033
2030-03-10,offwind,291.42000000,291.36000007,-0.05999993
2030-03-11,offwind,205.89000000,205.92000032,0.03000032
2030-03-12,offwind,227.06000000,227.04000098,-0.01999902
2030-03-13,offwind,274.76000000,274.79999985,0.03999985
2030-03-14,offwind,224.28000000,224.39999947,0.11999947
2030-03-15,offwind,279.05000000,279.11999984,0.06999984
2030-03-16,offwind,304.16000000,304.08000004,-0.07999996
2030-03-17,offwind,223.44000000,223.44000024,0.00000024
2030-03-18,offwind,61.87000000,61.91999947,0.04999947
2030-03-19,offwind,126.77000000,126.71999996,-0.05000004
2030-03-20,offwind,135.72000000,135.83999990,0.11999990
2030-03-21,offwind,251.47000000,251.52000026,0.05000026
2030-03-22,offwind,298.33000000,298.32000038,-0.00999962
2030-03-23,offwind,266.81000000,266.87999936,0.06999936
2030-03-24,offwind,251.45000000,251.51999907,0.06999907
2030-03-25,offwind,295.29000000,295.20000080,-0.08999920
2030-03-26,offwind,258.34000000,258.23999987,-0.10000013
2030-03-27,offwind,281.36000000,281.28000043,-0.07999957
2030-03-28,offwind,209.40000000,209.51999987,0.11999987
2030-03-29,offwind,211.64000000,211.67999998,0.03999998
2030-03-30,offwind,334.99000000,335.04000013,0.05000013
2030-03-31,offwind,142.63000000,142.56000022,-0.06999978
2030-04-01,offwind,357.22000000,357.11999955,-0.10000045
2030-04-02,offwind,270.73000000,270.71999985,-0.01000015
2030-04-03,offwind,64.39000000,64.31999980,-0.07000020
2030-04-04,offwind,20.29000000,20.40000000,0.11000000
2030-04-05,offwind,25.89000000,25.91999967,0.02999967
2030-04-06,offwind,187.66000000,187.68000067,0.02000067
2030-04-07,offwind,261.78000000,261.83999966,0.05999966
2030-04-08,offwind,69.97000000,70.07999994,0.10999994
2030-04-09,offwind,71.53000000,71.52000010,-0.00999990
2030-04-10,offwind,348.73000000,348.71999981,-0.01000019
2030-04-11,offwind,279.59000000,279.60000005,0.01000005
2030-04-12,offwind,157.44000000,157.43999959,-0.00000041
2030-04-13,offwind,285.87000000,285.83999992,-0.03000008
2030-04-14,offwind,144.23000000,144.24000060,0.01000060
2030-04-15,offwind,245.13000000,245.03999945,-0.09000055
2030-04-16,offwind,60.74000000,60.72000001,-0.01999999
2030-04-17,offwind,65.83000000,65.75999972,-0.07000028
2030-04-18,offwind,169.66000000,169.67999982,0.01999982
2030-04-19,offwind,160.90000000,160.79999963,-0.10000037
2030-04-20,offwind,227.16000000,227.28000026,0.12000026
2030-04-21,offwind,197.34000000,186.88321057,-10.45678943
2030-04-22,offwind,154.09000000,147.57424509,-6.51575491
2030-04-23,offwind,113.27000000,113.28000003,0.01000003
2030-04-24,offwind,180.34000000,180.23999968,-0.10000032
2030-04-25,offwind,216.83000000,216.72000016,-0.10999984
2030-04-26,offwind,217.28000000,217.20000013,-0.07999987
2030-04-27,offwind,118.10000000,118.07999999,-0.02000001
2030-04-28,offwind,173.44000000,173.51999983,0.07999983
2030-04-29,offwind,98.11000000,98.16000020,0.05000020
2030-04-30,offwind,43.99000000,43.92000028,-0.06999972
2030-05-01,offwind,92.22000000,92.15999984,-0.06000016
2030-05-02,offwind,177.22000000,177.12000034,-0.09999966
2030-05-03,offwind,33.10000000,33.11999996,0.01999996
2030-05-04,offwind,138.90000000,138.95999948,0.05999948
2030-05-05,offwind,229.33000000,229.43999989,0.10999989
2030-05-06,offwind,226.92000000,226.80000005,-0.11999995
2030-05-07,offwind,293.48000000,293.51999995,0.03999995
2030-05-08,offwind,151.73000000,151.67999969,-0.05000031
2030-05-09,offwind,106.67000000,106.55999971,-0.11000029
2030-05-10,offwind,90.16000000,90.24000019,0.08000019
2030-05-11,offwind,83.81000000,83.76000033,-0.04999967
2030-05-12,offwind,144.87000000,144.96000008,0.09000008
2030-05-13,offwind,105.07000000,105.12000003,0.05000003
2030-05-14,offwind,43.77000000,43.67999982,-0.09000018
2030-05-15,offwind,133.85000000,133.92000001,0.07000001
2030-05-16,offwind,253.14000000,253.19999969,0.05999969
2030-05-17,offwind,201.01000000,201.11999988,0.10999988
2030-05-18,offwind,15.68000000,15.59999956,-0.08000044
2030-05-19,offwind,82.58000000,82.56000016,-0.01999984
2030-05-20,offwind,194.74000000,194.64000050,-0.09999950
2030-05-21,offwind,180.71000000,180.71999965,0.00999965
2030-05-22,offwind,185.29000000,185.27999962,-0.01000038
2030-05-23,offwind,259.55000000,259.43999980,-0.11000020
2030-05-24,offwind,169.84000000,169.91999957,0.07999957
2030-05-25,offwind,193.28000000,193.20000011,-0.07999989
2030-05-26,offwind,151.63000000,140.25033541,-11.37966459
2030-05-27,offwind,18.20000000,15.12183071,-3.07816929
2030-05-28,offwind,65.60000000,65.52000092,-0.07999908
2030-05-29,offwind,183.44000000,183.36000045,-0.07999955
2030-05-30,offwind,101.95000000,102.00000021,0.05000021
2030-05-31,offwind,152.00000000,151.91999943,-0.08000057
2030-06-01,offwind,243.67000000,243.60000001,-0.06999999
2030-06-02,offwind,155.53000000,155.51999970,-0.01000030
2030-06-03,offwind,25.16000000,25.10340431,-0.05659569
2030-06-04,offwind,33.70000000,33.60000017,-0.09999983
2030-06-05,offwind,13.71000000,13.67999944,-0.03000056
2030-06-06,offwind,75.75000000,75.83999937,0.08999937
2030-06-07,offwind,85.99000000,85.91999973,-0.07000027
2030-06-08,offwind,135.22000000,135.12000018,-0.09999982
2030-06-09,offwind,166.54000000,166.56000000,0.02000000
2030-06-10,offwind,262.92000000,260.93887797,-1.98112203
2030-06-11,offwind,312.58000000,312.48000050,-0.09999950
2030-06-12,offwind,244.31000000,244.32000021,0.01000021
2030-06-13,offwind,261.08000000,261.12000065,0.04000065
2030-06-14,offwind,148.18000000,148.07999942,-0.10000058
2030-06-15,offwind,39.32000000,39.35999960,0.03999960
2030-06-16,offwind,76.85000000,76.80000026,-0.04999974
2030-06-17,offwind,11.64000000,11.52000004,-0.11999996
2030-06-18,offwind,46.40000000,46.31999967,-0.08000033
2030-06-19,offwind,255.98000000,256.08000000,0.10000000
2030-06-20,offwind,169.30000000,169.19999985,-0.10000015
2030-06-21,offwind,152.79000000,152.88000033,0.09000033
2030-06-22,offwind,41.82000000,41.75999970,-0.06000030
2030-06-23,offwind,85.77000000,85.67999974,-0.09000026
2030-06-24,offwind,49.29000000,49.19999997,-0.09000003
2030-06-25,offwind,57.05000000,57.11999999,0.06999999
2030-06-26,offwind,276.16000000,276.24000048,0.08000048
2030-06-27,offwind,238.35000000,238.31999985,-0.03000015
2030-06-28,offwind,116.74000000,116.64000007,-0.09999993
2030-06-29,offwind,119.90000000,120.00000083,0.10000083
2030-06-30,offwind,98.93000000,98.88000016,-0.04999984
2030-07-01,offwind,259.40000000,259.44000028,0.04000028
2030-07-02,offwind,219.59000000,219.59999999,0.00999999
2030-07-03,offwind,250.65000000,250.56000056,-0.08999944
2030-07-04,offwind,208.16000000,208.07999995,-0.08000005
2030-07-05,offwind,206.11000000,206.15999983,0.04999983
2030-07-06,offwind,122.29000000,122.39999997,0.10999997
2030-07-07,offwind,30.27000000,26.66197523,-3.60802477
2030-07-08,offwind,157.57000000,139.72955531,-17.84044469
2030-07-09,offwind,118.68000000,118.79999994,0.11999994
2030-07-10,offwind,40.91000000,40.80000023,-0.10999977
2030-07-11,offwind,155.43000000,155.51999970,0.08999970
2030-07-12,offwind,140.82000000,140.87999984,0.05999984
2030-07-13,offwind,174.23000000,174.24000003,0.01000003
2030-07-14,offwind,49.47000000,49.43999996,-0.03000004
2030-07-15,offwind,198.20000000,198.23999981,0.03999981
2030-07-16,offwind,207.31000000,207.35999999,0.04999999
2030-07-17,offwind,204.01000000,203.99999972,-0.01000028
2030-07-18,offwind,99.28000000,99.35999989,0.07999989
2030-07-19,offwind,29.59000000,29.51999994,-0.07000006
2030-07-20,offwind,143.79000000,143.76000015,-0.02999985
2030-07-21,offwind,53.24000000,53.28000021,0.04000021
2030-07-22,offwind,104.25000000,104.15999914,-0.09000086
2030-07-23,offwind,239.39000000,239.27999955,-0.11000045
2030-07-24,offwind,123.51000000,123.59999943,0.08999943
2030-07-25,offwind,185.88000000,185.99999982,0.11999982
2030-07-26,offwind,160.38000000,160.32000037,-0.05999963
2030-07-27,offwind,76.93000000,77.03999953,0.10999953
2030-07-28,offwind,11.03000000,11.03999935,0.00999935
2030-07-29,offwind,102.05000000,102.00000045,-0.04999955
2030-07-30,offwind,176.86000000,176.88000011,0.02000011
2030-07-31,offwind,124.04000000,124.07999916,0.03999916
2030-08-01,offwind,185.88000000,185.76000055,-0.11999945
2030-08-02,offwind,228.76000000,228.71999946,-0.04000054
2030-08-03,offwind,193.73000000,193.68000080,-0.04999920
2030-08-04,offwind,198.86000000,198.95999953,0.09999953
2030-08-05,offwind,62.23000000,62.16000017,-0.06999983
2030-08-06,offwind,99.22000000,99.12000038,-0.09999962
2030-08-07,offwind,183.14000000,183.12000022,-0.01999978
2030-08-08,offwind,266.40000000,266.39999987,-0.00000013
2030-08-09,offwind,276.45000000,276.47999975,0.02999975
2030-08-10,offwind,130.84000000,130.79999972,-0.04000028
2030-08-11,offwind,106.46000000,99.00059574,-7.45940426
2030-08-12,offwind,175.18000000,175.20000045,0.02000045
2030-08-13,offwind,208.14000000,208.07999995,-0.06000005
2030-08-14,offwind,104.05000000,104.16000009,0.11000009
2030-08-15,offwind,216.83000000,216.71999992,-0.11000008
2030-08-16,offwind,77.30000000,77.27999976,-0.02000024
2030-08-17,offwind,147.64000000,147.59999992,-0.04000008
2030-08-18,offwind,233.52000000,217.02776573,-16.49223427
2030-08-19,offwind,288.89000000,257.68583242,-31.20416758
2030-08-20,offwind,62.29000000,62.39999992,0.10999992
2030-08-21,offwind,44.45000000,44.40000026,-0.04999974
2030-08-22,offwind,61.67000000,61.67999972,0.00999972
2030-08-23,offwind,61.31000000,61.20000022,-0.10999978
2030-08-24,offwind,68.60000000,68.63999955,0.03999955
2030-08-25,offwind,55.56000000,55.43999985,-0.12000015
2030-08-26,offwind,90.06000000,89.99999973,-0.06000027
2030-08-27,offwind,89.64000000,89.52000023,-0.11999977
2030-08-28,offwind,117.36000000,117.36000074,0.00000074
2030-08-29,offwind,29.41000000,29.51999994,0.10999994
2030-08-30,offwind,104.27000000,104.16000056,-0.10999944
2030-08-31,offwind,141.05000000,141.11999959,0.06999959
2030-09-01,offwind,109.74000000,109.68000048,-0.05999952
2030-09-02,offwind,57.54000000,57.59999972,0.05999972
2030-09-03,offwind,145.40000000,145.43999981,0.03999981
2030-09-04,offwind,59.87000000,59.76000031,-0.10999969
2030-09-05,offwind,48.59000000,48.48000097,-0.10999903
2030-09-06,offwind,126.51000000,126.47999973,-0.03000027
2030-09-07,offwind,259.96000000,259.92000001,-0.03999999
2030-09-08,offwind,140.96000000,140.88000032,-0.07999968
2030-09-09,offwind,24.83000000,24.72000046,-0.10999954
2030-09-10,offwind,26.13000000,26.15999990,0.02999990
2030-09-11,offwind,184.27000000,184.31999968,0.04999968
2030-09-12,offwind,174.76000000,174.71999953,-0.04000047
2030-09-13,offwind,339.18000000,339.11999989,-0.06000011
2030-09-14,offwind,96.17000000,96.23999936,0.06999936
2030-09-15,offwind,126.62000000,126.72000043,0.10000043
2030-09-16,offwind,59.89000000,60.00000029,0.11000029
2030-09-17,offwind,156.65000000,156.71999939,0.06999939
2030-09-18,offwind,324.99000000,324.95999977,-0.03000023
2030-09-19,offwind,237.84000000,237.83999964,-0.00000036
2030-09-20,offwind,279.32000000,279.35999935,0.03999935
2030-09-21,offwind,164.11000000,164.16000038,0.05000038
2030-09-22,offwind,196.75000000,196.79999942,0.04999942
2030-09-23,offwind,157.54000000,157.44000006,-0.09999994
2030-09-24,offwind,372.00000000,371.99999987,-0.00000013
2030-09-25,offwind,308.52000000,308.64000001,0.12000001
2030-09-26,offwind,106.69000000,106.79999970,0.10999970
2030-09-27,offwind,150.30000000,150.24000001,-0.05999999
2030-09-28,offwind,417.32000000,417.36000007,0.04000007
2030-09-29,offwind,383.54000000,383.52000015,-0.01999985
2030-09-30,offwind,312.96000000,312.95999976,-0.00000024
2030-10-01,offwind,410.51000000,410.39999977,-0.11000023
2030-10-02,offwind,474.90000000,474.96000003,0.06000003
2030-10-03,offwind,220.58000000,220.56000041,-0.01999959
2030-10-04,offwind,331.92000000,331.92000008,0.00000008
2030-10-05,offwind,424.22000000,424.32000014,0.10000014
2030-10-06,offwind,350.08000000,350.15999996,0.07999996
2030-10-07,offwind,374.97000000,374.88000018,-0.08999982
2030-10-08,offwind,363.84000000,363.83999940,-0.00000060
2030-10-09,offwind,203.47000000,203.51999974,0.04999974
2030-10-10,offwind,360.74000000,360.71999982,-0.02000018
2030-10-11,offwind,218.68000000,218.64000029,-0.03999971
2030-10-12,offwind,133.00000000,132.95999983,-0.04000017
2030-10-13,offwind,137.39000000,137.28000053,-0.10999947
2030-10-14,offwind,100.46000000,100.56000030,0.10000030
2030-10-15,offwind,239.03000000,239.03999981,0.00999981
2030-10-16,offwind,318.84000000,318.96000036,0.12000036
2030-10-17,offwind,280.65000000,280.56000023,-0.08999977
2030-10-18,offwind,299.40000000,299.28000080,-0.11999920
2030-10-19,offwind,135.59000000,135.59999991,0.00999991
2030-10-20,offwind,391.30000000,391.19999970,-0.10000030
2030-10-21,offwind,87.19000000,87.11999990,-0.07000010
2030-10-22,offwind,168.81000000,168.72000012,-0.08999988
2030-10-23,offwind,204.79000000,204.72000015,-0.06999985
2030-10-24,offwind,387.44000000,387.35999969,-0.08000031
2030-10-25,offwind,335.96000000,335.99999960,0.03999960
2030-10-26,offwind,226.41000000,226.31999984,-0.09000016
2030-10-27,offwind,323.02000000,323.04000012,0.02000012
2030-10-28,offwind,230.97000000,230.87999981,-0.09000019
2030-10-29,offwind,109.30000000,109.19999908,-0.10000092
2030-10-30,offwind,102.06000000,101.99999998,-0.06000002
2030-10-31,offwind,158.22000000,158.15999978,-0.06000022
2030-11-01,offwind,382.16000000,382.07999928,-0.08000072
2030-11-02,offwind,363.88000000,363.83999964,-0.04000036
2030-11-03,offwind,368.22000000,368.15999962,-0.06000038
2030-11-04,offwind,329.68000000,329.76000044,0.08000044
2030-11-05,offwind,269.36000000,269.27999970,-0.08000030
2030-11-06,offwind,309.61000000,309.59999996,-0.01000004
2030-11-07,offwind,317.94000000,317.99999970,0.05999970
2030-11-08,offwind,334.70000000,334.79999991,0.09999991
2030-11-09,offwind,343.22000000,343.19999966,-0.02000034
2030-11-10,offwind,400.66000000,400.55999939,-0.10000061
2030-11-11,offwind,406.49000000,406.55999999,0.06999999
2030-11-12,offwind,101.31000000,101.28000026,-0.02999974
2030-11-13,offwind,121.18000000,121.20000028,0.02000028
2030-11-14,offwind,296.70000000,296.64000024,-0.05999976
2030-11-15,offwind,264.99000000,264.96000091,-0.02999909
2030-11-16,offwind,328.91000000,328.79999978,-0.11000022
2030-11-17,offwind,208.15000000,208.07999995,-0.07000005
2030-11-18,offwind,338.89000000,338.88000015,-0.00999985
2030-11-19,offwind,182.91000000,182.87999976,-0.03000024
2030-11-20,offwind,59.91000000,60.00000077,0.09000077
2030-11-21,offwind,137.47000000,137.52000028,0.05000028
2030-11-22,offwind,411.68000000,411.59999993,-0.08000007
2030-11-23,offwind,338.19000000,338.15999971,-0.03000029
2030-11-24,offwind,264.92000000,264.95999972,0.03999972
2030-11-25,offwind,243.01000000,243.12000076,0.11000076
2030-11-26,offwind,155.75000000,155.76000040,0.01000040
2030-11-27,offwind,314.56000000,314.64000014,0.08000014
2030-11-28,offwind,234.10000000,233.99999986,-0.10000014
2030-11-29,offwind,79.30000000,79.20000036,-0.09999964
2030-11-30,offwind,78.37000000,78.47999945,0.10999945
2030-12-01,offwind,120.69000000,120.71999912,0.02999912
2030-12-02,offwind,351.42000000,351.35999965,-0.06000035
2030-12-03,offwind,439.06000000,438.96000000,-0.10000000
2030-12-04,offwind,406.06000000,406.08000002,0.02000002
2030-12-05,offwind,387.74000000,387.84000014,0.10000014
2030-12-06,offwind,176.93000000,176.88000035,-0.04999965
2030-12-07,offwind,320.89000000,320.88000025,-0.00999975
2030-12-08,offwind,99.14000000,99.11999991,-0.02000009
2030-12-09,offwind,184.57000000,184.56000014,-0.00999986
2030-12-10,offwind,153.36000000,153.36000078,0.00000078
2030-12-11,offwind,173.70000000,173.76000053,0.06000053
2030-12-12,offwind,137.63000000,137.52000028,-0.10999972
2030-12-13,offwind,243.04000000,243.11999980,0.07999980
2030-12-14,offwind,244.37000000,244.32000021,-0.04999979
2030-12-15,offwind,278.20000000,278.16000061,-0.03999939
2030-12-16,offwind,110.05000000,110.15999974,0.10999974
2030-12-17,offwind,376.70000000,376.79999959,0.09999959
2030-12-18,offwind,389.49000000,389.52000027,0.03000027
2030-12-19,offwind,462.70000000,462.72000003,0.02000003
2030-12-20,offwind,384.77000000,384.72000008,-0.04999992
2030-12-21,offwind,316.12000000,316.08000005,-0.03999995
2030-12-22,offwind,340.60000000,340.56000029,-0.03999971
2030-12-23,offwind,128.37000000,128.39999986,0.02999986
2030-12-24,offwind,172.92000000,173.03999986,0.11999986
2030-12-25,offwind,267.33000000,267.35999981,0.02999981
2030-12-26,offwind,390.68000000,390.72000020,0.04000020
2030-12-27,offwind,456.98000000,456.95999990,-0.02000010
2030-12-28,offwind,464.43000000,464.39999994,-0.03000006
2030-12-29,offwind,366.55000000,366.47999996,-0.07000004
2030-12-30,offwind,413.12000000,413.04000033,-0.07999967
2030-12-31,offwind,340.38000000,340.31999959,-0.06000041
2030-01-01,oil-light,7.20000000,0.00000000,-7.20000000
2030-01-02,oil-light,7.20000000,0.00000000,-7.20000000
2030-01-03,oil-light,7.20000000,0.00000000,-7.20000000
2030-01-04,oil-light,7.20000000,0.00000000,-7.20000000
2030-01-05,oil-light,7.20000000,0.00000000,-7.20000000
2030-01-06,oil-light,7.20000000,0.00000000,-7.20000000
2030-01-07,oil-light,7.20000000,0.00000000,-7.20000000
2030-01-08,oil-light,7.20000000,0.00000000,-7.20000000
2030-01-09,oil-light,7.20000000,3.18000000,-4.02000000
2030-01-10,oil-light,7.20000000,0.00000000,-7.20000000
2030-01-11,oil-light,7.20000000,0.00000000,-7.20000000
2030-01-12,oil-light,7.20000000,0.00000000,-7.20000000
2030-01-13,oil-light,7.20000000,0.00000000,-7.20000000
2030-01-14,oil-light,7.20000000,0.00000000,-7.20000000
2030-01-15,oil-light,7.20000000,0.00000000,-7.20000000
2030-01-16,oil-light,7.20000000,0.00000000,-7.20000000
2030-01-17,oil-light,7.20000000,0.00000000,-7.20000000
2030-01-18,oil-light,7.20000000,0.00000000,-7.20000000
2030-01-19,oil-light,7.20000000,0.00000000,-7.20000000
2030-01-20,oil-light,7.36000000,0.00000000,-7.36000000
2030-01-21,oil-light,8.11000000,0.00000000,-8.11000000
2030-01-22,oil-light,9.00000000,0.00000000,-9.00000000
2030-01-23,oil-light,10.92000000,0.00000000,-10.92000000
2030-01-24,oil-light,11.31000000,2.65000000,-8.66000000
2030-01-25,oil-light,10.09000000,0.00000000,-10.09000000
2030-01-26,oil-light,7.28000000,2.65000000,-4.63000000
2030-01-27,oil-light,7.59000000,0.00000000,-7.59000000
2030-01-28,oil-light,8.64000000,0.00000000,-8.64000000
2030-01-29,oil-light,7.20000000,0.00000000,-7.20000000
2030-01-30,oil-light,7.20000000,0.00000000,-7.20000000
2030-01-31,oil-light,7.20000000,0.00000000,-7.20000000
2030-02-01,oil-light,7.20000000,0.00000000,-7.20000000
2030-02-02,oil-light,7.20000000,0.00000000,-7.20000000
2030-02-03,oil-light,7.20000000,0.00000000,-7.20000000
2030-02-04,oil-light,7.75000000,0.00000000,-7.75000000
2030-02-05,oil-light,7.20000000,0.00000000,-7.20000000
2030-02-06,oil-light,8.19000000,0.00000000,-8.19000000
2030-02-07,oil-light,8.03000000,0.00000000,-8.03000000
2030-02-08,oil-light,7.32000000,0.00000000,-7.32000000
2030-02-09,oil-light,7.20000000,0.00000000,-7.20000000
2030-02-10,oil-light,7.20000000,0.00000000,-7.20000000
2030-02-11,oil-light,7.20000000,0.00000000,-7.20000000
2030-02-12,oil-light,8.11000000,0.00000000,-8.11000000
2030-02-13,oil-light,7.99000000,0.00000000,-7.99000000
2030-02-14,oil-light,8.03000000,2.65000000,-5.38000000
2030-02-15,oil-light,7.40000000,0.00000000,-7.40000000
2030-02-16,oil-light,7.20000000,0.00000000,-7.20000000
2030-02-17,oil-light,7.20000000,0.00000000,-7.20000000
2030-02-18,oil-light,7.20000000,0.00000000,-7.20000000
2030-02-19,oil-light,7.20000000,0.00000000,-7.20000000
2030-02-20,oil-light,7.20000000,0.00000000,-7.20000000
2030-02-21,oil-light,7.75000000,0.00000000,-7.75000000
2030-02-22,oil-light,7.32000000,0.00000000,-7.32000000
2030-02-23,oil-light,7.20000000,0.00000000,-7.20000000
2030-02-24,oil-light,7.20000000,0.00000000,-7.20000000
2030-02-25,oil-light,7.20000000,0.00000000,-7.20000000
2030-02-26,oil-light,7.20000000,0.00000000,-7.20000000
2030-02-27,oil-light,7.20000000,0.00000000,-7.20000000
2030-02-28,oil-light,7.67000000,0.00000000,-7.67000000
2030-03-01,oil-light,7.20000000,0.00000000,-7.20000000
2030-03-02,oil-light,7.20000000,0.00000000,-7.20000000
2030-03-03,oil-light,7.20000000,0.00000000,-7.20000000
2030-03-04,oil-light,7.20000000,0.00000000,-7.20000000
2030-03-05,oil-light,7.62000000,0.00000000,-7.62000000
2030-03-06,oil-light,7.20000000,0.00000000,-7.20000000
2030-03-07,oil-light,7.20000000,0.00000000,-7.20000000
2030-03-08,oil-light,7.32000000,0.00000000,-7.32000000
2030-03-09,oil-light,7.20000000,0.00000000,-7.20000000
2030-03-10,oil-light,7.20000000,0.00000000,-7.20000000
2030-03-11,oil-light,7.20000000,0.00000000,-7.20000000
2030-03-12,oil-light,7.20000000,0.00000000,-7.20000000
2030-03-13,oil-light,7.20000000,0.00000000,-7.20000000
2030-03-14,oil-light,7.20000000,0.00000000,-7.20000000
2030-03-15,oil-light,7.20000000,0.00000000,-7.20000000
2030-03-16,oil-light,7.20000000,0.00000000,-7.20000000
2030-03-17,oil-light,7.20000000,0.00000000,-7.20000000
2030-03-18,oil-light,7.20000000,0.00000000,-7.20000000
2030-03-19,oil-light,7.20000000,0.00000000,-7.20000000
2030-03-20,oil-light,7.20000000,0.00000000,-7.20000000
2030-03-21,oil-light,7.20000000,0.00000000,-7.20000000
2030-03-22,oil-light,7.20000000,0.00000000,-7.20000000
2030-03-23,oil-light,7.20000000,0.00000000,-7.20000000
2030-03-24,oil-light,7.20000000,0.00000000,-7.20000000
2030-03-25,oil-light,7.20000000,0.00000000,-7.20000000
2030-03-26,oil-light,7.20000000,0.00000000,-7.20000000
2030-03-27,oil-light,7.20000000,0.00000000,-7.20000000
2030-03-28,oil-light,7.20000000,0.00000000,-7.20000000
2030-03-29,oil-light,7.20000000,0.00000000,-7.20000000
2030-03-30,oil-light,7.20000000,0.00000000,-7.20000000
2030-03-31,oil-light,7.20000000,0.00000000,-7.20000000
2030-04-01,oil-light,3.60000000,0.00000000,-3.60000000
2030-04-02,oil-light,3.60000000,0.00000000,-3.60000000
2030-04-03,oil-light,3.60000000,0.00000000,-3.60000000
2030-04-04,oil-light,3.60000000,0.00000000,-3.60000000
2030-04-05,oil-light,3.60000000,0.00000000,-3.60000000
2030-04-06,oil-light,3.60000000,0.00000000,-3.60000000
2030-04-07,oil-light,3.60000000,0.00000000,-3.60000000
2030-04-08,oil-light,3.80000000,0.00000000,-3.80000000
2030-04-09,oil-light,3.60000000,0.00000000,-3.60000000
2030-04-10,oil-light,3.60000000,0.00000000,-3.60000000
2030-04-11,oil-light,3.60000000,0.00000000,-3.60000000
2030-04-12,oil-light,3.60000000,0.00000000,-3.60000000
2030-04-13,oil-light,3.60000000,0.00000000,-3.60000000
2030-04-14,oil-light,3.60000000,0.00000000,-3.60000000
2030-04-15,oil-light,3.60000000,0.00000000,-3.60000000
2030-04-16,oil-light,3.60000000,0.00000000,-3.60000000
2030-04-17,oil-light,3.60000000,0.00000000,-3.60000000
2030-04-18,oil-light,3.60000000,0.00000000,-3.60000000
2030-04-19,oil-light,3.60000000,0.00000000,-3.60000000
2030-04-20,oil-light,3.60000000,0.00000000,-3.60000000
2030-04-21,oil-light,3.60000000,0.00000000,-3.60000000
2030-04-22,oil-light,3.60000000,0.00000000,-3.60000000
2030-04-23,oil-light,3.60000000,0.00000000,-3.60000000
2030-04-24,oil-light,3.60000000,0.00000000,-3.60000000
2030-04-25,oil-light,3.60000000,0.00000000,-3.60000000
2030-04-26,oil-light,3.60000000,0.00000000,-3.60000000
2030-04-27,oil-light,3.60000000,0.00000000,-3.60000000
2030-04-28,oil-light,3.60000000,0.00000000,-3.60000000
2030-04-29,oil-light,3.60000000,0.00000000,-3.60000000
2030-04-30,oil-light,3.60000000,0.00000000,-3.60000000
2030-05-01,oil-light,2.40000000,0.00000000,-2.40000000
2030-05-02,oil-light,2.40000000,0.00000000,-2.40000000
2030-05-03,oil-light,2.40000000,0.00000000,-2.40000000
2030-05-04,oil-light,2.40000000,0.00000000,-2.40000000
2030-05-05,oil-light,2.40000000,0.00000000,-2.40000000
2030-05-06,oil-light,2.40000000,0.00000000,-2.40000000
2030-05-07,oil-light,2.40000000,0.00000000,-2.40000000
2030-05-08,oil-light,2.40000000,0.00000000,-2.40000000
2030-05-09,oil-light,2.40000000,0.00000000,-2.40000000
2030-05-10,oil-light,2.40000000,0.00000000,-2.40000000
2030-05-11,oil-light,2.40000000,0.00000000,-2.40000000
2030-05-12,oil-light,2.40000000,0.00000000,-2.40000000
2030-05-13,oil-light,2.40000000,0.00000000,-2.40000000
2030-05-14,oil-light,2.40000000,0.00000000,-2.40000000
2030-05-15,oil-light,2.40000000,0.00000000,-2.40000000
2030-05-16,oil-light,2.40000000,0.00000000,-2.40000000
2030-05-17,oil-light,2.40000000,0.00000000,-2.40000000
2030-05-18,oil-light,2.40000000,0.00000000,-2.40000000
2030-05-19,oil-light,2.40000000,0.00000000,-2.40000000
2030-05-20,oil-light,2.40000000,0.00000000,-2.40000000
2030-05-21,oil-light,2.40000000,0.00000000,-2.40000000
2030-05-22,oil-light,2.40000000,0.00000000,-2.40000000
2030-05-23,oil-light,2.40000000,0.00000000,-2.40000000
2030-05-24,oil-light,2.40000000,0.00000000,-2.40000000
2030-05-25,oil-light,2.40000000,0.00000000,-2.40000000
2030-05-26,oil-light,2.40000000,0.00000000,-2.40000000
2030-05-27,oil-light,2.40000000,0.00000000,-2.40000000
2030-05-28,oil-light,2.40000000,0.00000000,-2.40000000
2030-05-29,oil-light,2.40000000,0.00000000,-2.40000000
2030-05-30,oil-light,2.40000000,0.00000000,-2.40000000
2030-05-31,oil-light,2.40000000,0.00000000,-2.40000000
2030-06-01,oil-light,2.40000000,0.00000000,-2.40000000
2030-06-02,oil-light,2.40000000,0.00000000,-2.40000000
2030-06-03,oil-light,2.40000000,0.00000000,-2.40000000
2030-06-04,oil-light,2.40000000,0.00000000,-2.40000000
2030-06-05,oil-light,2.40000000,0.00000000,-2.40000000
2030-06-06,oil-light,2.40000000,0.00000000,-2.40000000
2030-06-07,oil-light,2.40000000,0.00000000,-2.40000000
2030-06-08,oil-light,2.40000000,0.00000000,-2.40000000
2030-06-09,oil-light,2.40000000,0.00000000,-2.40000000
2030-06-10,oil-light,2.40000000,0.00000000,-2.40000000
2030-06-11,oil-light,2.40000000,0.00000000,-2.40000000
2030-06-12,oil-light,2.40000000,0.00000000,-2.40000000
2030-06-13,oil-light,2.40000000,0.00000000,-2.40000000
2030-06-14,oil-light,2.40000000,0.00000000,-2.40000000
2030-06-15,oil-light,2.40000000,0.00000000,-2.40000000
2030-06-16,oil-light,2.40000000,0.00000000,-2.40000000
2030-06-17,oil-light,2.40000000,0.00000000,-2.40000000
2030-06-18,oil-light,2.40000000,0.00000000,-2.40000000
2030-06-19,oil-light,2.40000000,0.00000000,-2.40000000
2030-06-20,oil-light,2.40000000,0.00000000,-2.40000000
2030-06-21,oil-light,2.40000000,0.00000000,-2.40000000
2030-06-22,oil-light,2.40000000,0.00000000,-2.40000000
2030-06-23,oil-light,2.40000000,0.00000000,-2.40000000
2030-06-24,oil-light,2.40000000,0.00000000,-2.40000000
2030-06-25,oil-light,2.40000000,0.00000000,-2.40000000
2030-06-26,oil-light,2.40000000,0.00000000,-2.40000000
2030-06-27,oil-light,2.40000000,0.00000000,-2.40000000
2030-06-28,oil-light,2.40000000,0.00000000,-2.40000000
2030-06-29,oil-light,2.40000000,0.00000000,-2.40000000
2030-06-30,oil-light,2.40000000,0.00000000,-2.40000000
2030-07-01,oil-light,3.60000000,0.00000000,-3.60000000
2030-07-02,oil-light,3.60000000,0.00000000,-3.60000000
2030-07-03,oil-light,3.60000000,0.00000000,-3.60000000
2030-07-04,oil-light,3.60000000,0.00000000,-3.60000000
2030-07-05,oil-light,3.60000000,0.00000000,-3.60000000
2030-07-06,oil-light,3.60000000,0.00000000,-3.60000000
2030-07-07,oil-light,3.60000000,0.00000000,-3.60000000
2030-07-08,oil-light,3.60000000,0.00000000,-3.60000000
2030-07-09,oil-light,3.60000000,0.00000000,-3.60000000
2030-07-10,oil-light,3.60000000,0.00000000,-3.60000000
2030-07-11,oil-light,3.60000000,0.00000000,-3.60000000
2030-07-12,oil-light,3.60000000,0.00000000,-3.60000000
2030-07-13,oil-light,3.60000000,0.00000000,-3.60000000
2030-07-14,oil-light,3.60000000,0.00000000,-3.60000000
2030-07-15,oil-light,3.60000000,0.00000000,-3.60000000
2030-07-16,oil-light,3.60000000,0.00000000,-3.60000000
2030-07-17,oil-light,3.60000000,0.00000000,-3.60000000
2030-07-18,oil-light,3.60000000,0.00000000,-3.60000000
2030-07-19,oil-light,3.60000000,0.00000000,-3.60000000
2030-07-20,oil-light,3.60000000,0.00000000,-3.60000000
2030-07-21,oil-light,3.60000000,0.00000000,-3.60000000
2030-07-22,oil-light,3.60000000,0.00000000,-3.60000000
2030-07-23,oil-light,3.60000000,0.00000000,-3.60000000
2030-07-24,oil-light,3.60000000,0.00000000,-3.60000000
2030-07-25,oil-light,3.60000000,0.00000000,-3.60000000
2030-07-26,oil-light,3.60000000,0.00000000,-3.60000000
2030-07-27,oil-light,3.60000000,0.00000000,-3.60000000
2030-07-28,oil-light,3.60000000,0.00000000,-3.60000000
2030-07-29,oil-light,3.60000000,0.00000000,-3.60000000
2030-07-30,oil-light,3.60000000,0.00000000,-3.60000000
2030-07-31,oil-light,3.60000000,0.00000000,-3.60000000
2030-08-01,oil-light,3.60000000,0.00000000,-3.60000000
2030-08-02,oil-light,3.60000000,0.00000000,-3.60000000
2030-08-03,oil-light,3.60000000,0.00000000,-3.60000000
2030-08-04,oil-light,3.60000000,0.00000000,-3.60000000
2030-08-05,oil-light,3.60000000,0.00000000,-3.60000000
2030-08-06,oil-light,3.60000000,0.00000000,-3.60000000
2030-08-07,oil-light,3.60000000,0.00000000,-3.60000000
2030-08-08,oil-light,3.60000000,0.00000000,-3.60000000
2030-08-09,oil-light,3.60000000,0.00000000,-3.60000000
2030-08-10,oil-light,3.60000000,0.00000000,-3.60000000
2030-08-11,oil-light,3.60000000,0.00000000,-3.60000000
2030-08-12,oil-light,3.60000000,0.00000000,-3.60000000
2030-08-13,oil-light,3.60000000,0.00000000,-3.60000000
2030-08-14,oil-light,3.60000000,0.00000000,-3.60000000
2030-08-15,oil-light,3.60000000,0.00000000,-3.60000000
2030-08-16,oil-light,3.60000000,0.00000000,-3.60000000
2030-08-17,oil-light,3.60000000,0.00000000,-3.60000000
2030-08-18,oil-light,3.60000000,0.00000000,-3.60000000
2030-08-19,oil-light,3.60000000,0.00000000,-3.60000000
2030-08-20,oil-light,3.76000000,0.00000000,-3.76000000
2030-08-21,oil-light,3.76000000,0.00000000,-3.76000000
2030-08-22,oil-light,3.60000000,0.00000000,-3.60000000
2030-08-23,oil-light,3.60000000,0.00000000,-3.60000000
2030-08-24,oil-light,3.60000000,0.00000000,-3.60000000
2030-08-25,oil-light,3.60000000,0.00000000,-3.60000000
2030-08-26,oil-light,3.60000000,0.00000000,-3.60000000
2030-08-27,oil-light,3.60000000,0.00000000,-3.60000000
2030-08-28,oil-light,3.80000000,0.00000000,-3.80000000
2030-08-29,oil-light,3.99000000,0.00000000,-3.99000000
2030-08-30,oil-light,3.60000000,0.00000000,-3.60000000
2030-08-31,oil-light,3.60000000,0.00000000,-3.60000000
2030-09-01,oil-light,3.60000000,0.00000000,-3.60000000
2030-09-02,oil-light,3.60000000,0.00000000,-3.60000000
2030-09-03,oil-light,3.60000000,0.00000000,-3.60000000
2030-09-04,oil-light,3.60000000,0.00000000,-3.60000000
2030-09-05,oil-light,3.60000000,0.00000000,-3.60000000
2030-09-06,oil-light,3.60000000,0.00000000,-3.60000000
2030-09-07,oil-light,3.60000000,0.00000000,-3.60000000
2030-09-08,oil-light,3.60000000,0.00000000,-3.60000000
2030-09-09,oil-light,3.84000000,0.00000000,-3.84000000
2030-09-10,oil-light,3.64000000,0.00000000,-3.64000000
2030-09-11,oil-light,3.64000000,0.00000000,-3.64000000
2030-09-12,oil-light,3.60000000,0.00000000,-3.60000000
2030-09-13,oil-light,3.60000000,0.00000000,-3.60000000
2030-09-14,oil-light,3.60000000,0.00000000,-3.60000000
2030-09-15,oil-light,3.60000000,0.00000000,-3.60000000
2030-09-16,oil-light,3.60000000,0.00000000,-3.60000000
2030-09-17,oil-light,3.60000000,0.00000000,-3.60000000
2030-09-18,oil-light,3.60000000,0.00000000,-3.60000000
2030-09-19,oil-light,3.60000000,0.00000000,-3.60000000
2030-09-20,oil-light,3.60000000,0.00000000,-3.60000000
2030-09-21,oil-light,3.60000000,0.00000000,-3.60000000
2030-09-22,oil-light,3.60000000,0.00000000,-3.60000000
2030-09-23,oil-light,3.60000000,0.00000000,-3.60000000
2030-09-24,oil-light,3.60000000,0.00000000,-3.60000000
2030-09-25,oil-light,3.72000000,0.00000000,-3.72000000
2030-09-26,oil-light,3.60000000,0.00000000,-3.60000000
2030-09-27,oil-light,3.60000000,0.00000000,-3.60000000
2030-09-28,oil-light,3.60000000,0.00000000,-3.60000000
2030-09-29,oil-light,3.60000000,0.00000000,-3.60000000
2030-09-30,oil-light,3.60000000,0.00000000,-3.60000000
2030-10-01,oil-light,7.20000000,0.00000000,-7.20000000
2030-10-02,oil-light,7.20000000,0.00000000,-7.20000000
2030-10-03,oil-light,7.20000000,0.00000000,-7.20000000
2030-10-04,oil-light,7.20000000,0.00000000,-7.20000000
2030-10-05,oil-light,7.20000000,0.00000000,-7.20000000
2030-10-06,oil-light,7.20000000,0.00000000,-7.20000000
2030-10-07,oil-light,7.20000000,0.00000000,-7.20000000
2030-10-08,oil-light,7.20000000,0.00000000,-7.20000000
2030-10-09,oil-light,7.20000000,0.00000000,-7.20000000
2030-10-10,oil-light,7.20000000,0.00000000,-7.20000000
2030-10-11,oil-light,7.59000000,0.00000000,-7.59000000
2030-10-12,oil-light,7.20000000,0.00000000,-7.20000000
2030-10-13,oil-light,7.20000000,0.00000000,-7.20000000
2030-10-14,oil-light,7.20000000,0.00000000,-7.20000000
2030-10-15,oil-light,7.20000000,0.00000000,-7.20000000
2030-10-16,oil-light,7.20000000,0.00000000,-7.20000000
2030-10-17,oil-light,7.20000000,0.00000000,-7.20000000
2030-10-18,oil-light,7.20000000,0.00000000,-7.20000000
2030-10-19,oil-light,7.20000000,0.00000000,-7.20000000
2030-10-20,oil-light,7.20000000,0.00000000,-7.20000000
2030-10-21,oil-light,7.20000000,0.00000000,-7.20000000
2030-10-22,oil-light,7.20000000,0.00000000,-7.20000000
2030-10-23,oil-light,7.20000000,0.00000000,-7.20000000
2030-10-24,oil-light,7.20000000,0.00000000,-7.20000000
2030-10-25,oil-light,7.20000000,0.00000000,-7.20000000
2030-10-26,oil-light,7.20000000,0.00000000,-7.20000000
2030-10-27,oil-light,7.20000000,0.00000000,-7.20000000
2030-10-28,oil-light,7.20000000,0.00000000,-7.20000000
2030-10-29,oil-light,7.48000000,0.00000000,-7.48000000
2030-10-30,oil-light,7.52000000,0.00000000,-7.52000000
2030-10-31,oil-light,7.32000000,0.00000000,-7.32000000
2030-11-01,oil-light,7.20000000,0.00000000,-7.20000000
2030-11-02,oil-light,7.20000000,0.00000000,-7.20000000
2030-11-03,oil-light,7.20000000,0.00000000,-7.20000000
2030-11-04,oil-light,7.20000000,0.00000000,-7.20000000
2030-11-05,oil-light,7.20000000,0.00000000,-7.20000000
2030-11-06,oil-light,7.20000000,0.00000000,-7.20000000
2030-11-07,oil-light,7.20000000,0.00000000,-7.20000000
2030-11-08,oil-light,7.20000000,0.00000000,-7.20000000
2030-11-09,oil-light,7.20000000,0.00000000,-7.20000000
2030-11-10,oil-light,7.20000000,0.00000000,-7.20000000
2030-11-11,oil-light,7.20000000,0.00000000,-7.20000000
2030-11-12,oil-light,7.95000000,0.00000000,-7.95000000
2030-11-13,oil-light,7.28000000,0.00000000,-7.28000000
2030-11-14,oil-light,7.20000000,0.00000000,-7.20000000
2030-11-15,oil-light,7.20000000,0.00000000,-7.20000000
2030-11-16,oil-light,7.20000000,0.00000000,-7.20000000
2030-11-17,oil-light,7.20000000,0.00000000,-7.20000000
2030-11-18,oil-light,7.20000000,0.00000000,-7.20000000
2030-11-19,oil-light,7.95000000,0.00000000,-7.95000000
2030-11-20,oil-light,7.99000000,0.00000000,-7.99000000
2030-11-21,oil-light,7.61000000,0.00000000,-7.61000000
2030-11-22,oil-light,7.20000000,0.00000000,-7.20000000
2030-11-23,oil-light,7.20000000,0.00000000,-7.20000000
2030-11-24,oil-light,7.20000000,0.00000000,-7.20000000
2030-11-25,oil-light,7.44000000,0.00000000,-7.44000000
2030-11-26,oil-light,7.91000000,0.00000000,-7.91000000
2030-11-27,oil-light,7.20000000,0.00000000,-7.20000000
2030-11-28,oil-light,7.99000000,0.00000000,-7.99000000
2030-11-29,oil-light,8.54000000,0.00000000,-8.54000000
2030-11-30,oil-light,7.63000000,0.00000000,-7.63000000
2030-12-01,oil-light,7.20000000,0.00000000,-7.20000000
2030-12-02,oil-light,7.20000000,0.00000000,-7.20000000
2030-12-03,oil-light,7.20000000,0.00000000,-7.20000000
2030-12-04,oil-light,7.20000000,0.00000000,-7.20000000
2030-12-05,oil-light,7.52000000,0.00000000,-7.52000000
2030-12-06,oil-light,8.11000000,0.00000000,-8.11000000
2030-12-07,oil-light,7.20000000,0.00000000,-7.20000000
2030-12-08,oil-light,7.44000000,0.00000000,-7.44000000
2030-12-09,oil-light,8.46000000,0.00000000,-8.46000000
2030-12-10,oil-light,8.54000000,0.00000000,-8.54000000
2030-12-11,oil-light,8.62000000,0.00000000,-8.62000000
2030-12-12,oil-light,8.27000000,0.00000000,-8.27000000
2030-12-13,oil-light,7.56000000,0.00000000,-7.56000000
2030-12-14,oil-light,7.32000000,0.00000000,-7.32000000
2030-12-15,oil-light,7.20000000,0.00000000,-7.20000000
2030-12-16,oil-light,10.22000000,0.00000000,-10.22000000
2030-12-17,oil-light,7.28000000,0.00000000,-7.28000000
2030-12-18,oil-light,7.20000000,0.00000000,-7.20000000
2030-12-19,oil-light,7.20000000,0.00000000,-7.20000000
2030-12-20,oil-light,7.20000000,0.00000000,-7.20000000
2030-12-21,oil-light,7.20000000,0.00000000,-7.20000000
2030-12-22,oil-light,7.20000000,0.00000000,-7.20000000
2030-12-23,oil-light,7.20000000,0.00000000,-7.20000000
2030-12-24,oil-light,7.20000000,0.00000000,-7.20000000
2030-12-25,oil-light,7.20000000,0.00000000,-7.20000000
2030-12-26,oil-light,7.20000000,0.00000000,-7.20000000
2030-12-27,oil-light,7.20000000,0.00000000,-7.20000000
2030-12-28,oil-light,7.20000000,0.00000000,-7.20000000
2030-12-29,oil-light,7.20000000,0.00000000,-7.20000000
2030-12-30,oil-light,7.20000000,0.00000000,-7.20000000
2030-12-31,oil-light,7.20000000,0.00000000,-7.20000000
2030-01-01,onwind,706.41000000,706.32000066,-0.08999934
2030-01-02,onwind,731.45000000,731.51999882,0.06999882
2030-01-03,onwind,412.06000000,412.07999905,0.01999905
2030-01-04,onwind,1215.16000000,1215.11999780,-0.04000220
2030-01-05,onwind,800.76000000,800.64000096,-0.11999904
2030-01-06,onwind,648.01000000,648.00000225,-0.00999775
2030-01-07,onwind,556.81000000,556.79999993,-0.01000007
2030-01-08,onwind,593.60000000,593.51999944,-0.08000056
2030-01-09,onwind,558.63000000,558.71999902,0.08999902
2030-01-10,onwind,641.72000000,641.76000030,0.04000030
2030-01-11,onwind,872.11000000,872.16000175,0.05000175
2030-01-12,onwind,1203.68000000,1203.59999986,-0.08000014
2030-01-13,onwind,1180.62000000,1180.55999887,-0.06000113
2030-01-14,onwind,1070.13000000,1070.15999970,0.02999970
2030-01-15,onwind,1122.77000000,1122.71999915,-0.05000085
2030-01-16,onwind,765.50000000,765.60000076,0.10000076
2030-01-17,onwind,548.86000000,548.88000210,0.02000210
2030-01-18,onwind,320.56000000,320.63999952,0.07999952
2030-01-19,onwind,519.83000000,519.83999893,0.00999893
2030-01-20,onwind,109.07000000,108.95999878,-0.11000122
2030-01-21,onwind,383.49000000,383.51999972,0.02999972
2030-01-22,onwind,281.85000000,281.76000114,-0.08999886
2030-01-23,onwind,150.17000000,150.23999922,0.06999922
2030-01-24,onwind,105.55000000,105.59999846,0.04999846
2030-01-25,onwind,51.45000000,51.35999970,-0.09000030
2030-01-26,onwind,71.29000000,71.28000015,-0.00999985
2030-01-27,onwind,218.08000000,218.16000075,0.08000075
2030-01-28,onwind,105.75000000,105.83999823,0.08999823
2030-01-29,onwind,518.32000000,518.40000026,0.08000026
2030-01-30,onwind,973.48000000,973.43999905,-0.04000095
2030-01-31,onwind,974.60000000,974.63999966,0.03999966
2030-02-01,onwind,1343.40000000,1343.52000089,0.12000089
2030-02-02,onwind,888.58000000,888.47999954,-0.10000046
2030-02-03,onwind,1317.42000000,1317.35999849,-0.06000151
2030-02-04,onwind,261.94000000,261.83999813,-0.10000187
2030-02-05,onwind,276.71000000,276.71999980,0.00999980
2030-02-06,onwind,168.44000000,168.48000207,0.04000207
2030-02-07,onwind,156.91000000,156.95999986,0.04999986
2030-02-08,onwind,339.22000000,339.11999959,-0.10000041
2030-02-09,onwind,527.74000000,527.75999933,0.01999933
2030-02-10,onwind,650.62000000,650.64000067,0.02000067
2030-02-11,onwind,832.54000000,832.56000062,0.02000062
2030-02-12,onwind,151.77000000,151.68000045,-0.08999955
2030-02-13,onwind,123.53000000,123.60000153,0.07000153
2030-02-14,onwind,94.82000000,94.79999986,-0.02000014
2030-02-15,onwind,175.47000000,175.44000079,-0.02999921
2030-02-16,onwind,567.56000000,567.59999938,0.03999938
2030-02-17,onwind,1338.63000000,1338.71999933,0.08999933
2030-02-18,onwind,1086.78000000,1086.72000154,-0.05999846
2030-02-19,onwind,597.94000000,597.84000144,-0.09999856
2030-02-20,onwind,1233.50000000,1233.59999958,0.09999958
2030-02-21,onwind,577.08000000,577.20000080,0.12000080
2030-02-22,onwind,181.20000000,181.19999976,-0.00000024
2030-02-23,onwind,198.38000000,198.47999837,0.09999837
2030-02-24,onwind,790.62000000,790.56000084,-0.05999916
2030-02-25,onwind,912.95000000,912.96000177,0.01000177
2030-02-26,onwind,514.04000000,514.07999997,0.03999997
2030-02-27,onwind,291.83000000,291.83999955,0.00999955
2030-02-28,onwind,242.70000000,242.63999957,-0.06000043
2030-03-01,onwind,210.37000000,210.48000099,0.11000099
2030-03-02,onwind,181.69000000,181.67999761,-0.01000239
2030-03-03,onwind,176.75000000,176.63999968,-0.11000032
2030-03-04,onwind,502.23000000,502.31999969,0.08999969
2030-03-05,onwind,315.17000000,315.12000033,-0.04999967
2030-03-06,onwind,245.48000000,245.51999777,0.03999777
2030-03-07,onwind,759.59000000,759.59999945,0.00999945
2030-03-08,onwind,241.11000000,241.20000090,0.09000090
2030-03-09,onwind,320.98000000,320.88000186,-0.09999814
2030-03-10,onwind,617.83000000,617.76000275,-0.06999725
2030-03-11,onwind,469.08000000,468.96000221,-0.11999779
2030-03-12,onwind,478.34000000,478.31999957,-0.02000043
2030-03-13,onwind,1023.62000000,1023.60000071,-0.01999929
2030-03-14,onwind,927.16000000,927.12000069,-0.03999931
2030-03-15,onwind,375.88000000,375.83999995,-0.04000005
2030-03-16,onwind,514.28000000,514.31999889,0.03999889
2030-03-17,onwind,481.81000000,471.58668875,-10.22331125
2030-03-18,onwind,224.31000000,224.40000099,0.09000099
2030-03-19,onwind,144.63000000,144.72000088,0.09000088
2030-03-20,onwind,255.87000000,255.84000109,-0.02999891
2030-03-21,onwind,234.91000000,234.96000152,0.05000152
2030-03-22,onwind,663.55000000,659.64521985,-3.90478015
2030-03-23,onwind,752.09000000,752.15999861,0.06999861
2030-03-24,onwind,825.32000000,825.35999956,0.03999956
2030-03-25,onwind,844.12000000,793.31748240,-50.80251760
2030-03-26,onwind,457.54000000,457.43999744,-0.10000256
2030-03-27,onwind,609.97000000,610.08000042,0.11000042
2030-03-28,onwind,323.62000000,323.51999943,-0.10000057
2030-03-29,onwind,292.50000000,292.56000060,0.06000060
2030-03-30,onwind,770.24000000,770.15999912,-0.08000088
2030-03-31,onwind,511.93000000,511.92000025,-0.00999975
2030-04-01,onwind,767.64000000,767.75999877,0.11999877
2030-04-02,onwind,593.19000000,593.27999966,0.08999966
2030-04-03,onwind,363.68000000,363.59999926,-0.08000074
2030-04-04,onwind,114.27000000,114.23999990,-0.03000010
2030-04-05,onwind,46.65000000,46.55999985,-0.09000015
2030-04-06,onwind,210.81000000,207.72936019,-3.08063981
2030-04-07,onwind,278.90000000,278.88000123,-0.01999877
2030-04-08,onwind,112.29000000,112.32000081,0.03000081
2030-04-09,onwind,83.09000000,83.04000043,-0.04999957
2030-04-10,onwind,529.44000000,476.98101693,-52.45898307
2030-04-11,onwind,687.59000000,687.59999740,0.00999740
2030-04-12,onwind,571.14000000,571.19999949,0.05999949
2030-04-13,onwind,498.81000000,498.72000129,-0.08999871
2030-04-14,onwind,133.06000000,132.95999889,-0.10000111
2030-04-15,onwind,330.68000000,330.71999878,0.03999878
2030-04-16,onwind,213.01000000,213.11999941,0.10999941
2030-04-17,onwind,263.27000000,263.28000107,0.01000107
2030-04-18,onwind,495.14000000,495.11999948,-0.02000052
2030-04-19,onwind,641.30000000,641.27999904,-0.02000096
2030-04-20,onwind,488.77000000,488.88000095,0.11000095
2030-04-21,onwind,574.88000000,515.42222377,-59.45777623
2030-04-22,onwind,446.54000000,328.05466181,-118.48533819
2030-04-23,onwind,274.48000000,274.56000094,0.08000094
2030-04-24,onwind,739.53000000,739.44000092,-0.08999908
2030-04-25,onwind,563.37000000,563.28000165,-0.08999835
2030-04-26,onwind,349.23000000,349.19999971,-0.03000029
2030-04-27,onwind,125.70000000,121.89322136,-3.80677864
2030-04-28,onwind,285.20000000,285.12000061,-0.07999939
2030-04-29,onwind,311.47000000,311.51999937,0.04999937
2030-04-30,onwind,138.74000000,138.72000213,-0.01999787
2030-05-01,onwind,181.71000000,181.67999761,-0.03000239
2030-05-02,onwind,376.93000000,377.04000056,0.11000056
2030-05-03,onwind,141.89000000,141.83999841,-0.05000159
2030-05-04,onwind,270.37000000,262.53644295,-7.83355705
2030-05-05,onwind,495.62000000,475.57180498,-20.04819502
2030-05-06,onwind,233.63000000,217.00560666,-16.62439334
2030-05-07,onwind,409.43000000,409.44000063,0.01000063
2030-05-08,onwind,393.92000000,393.84000047,-0.07999953
2030-05-09,onwind,519.98000000,520.08000042,0.10000042
2030-05-10,onwind,306.55000000,306.47999974,-0.07000026
2030-05-11,onwind,128.89000000,128.88000009,-0.00999991
2030-05-12,onwind,332.18000000,332.15999916,-0.02000084
2030-05-13,onwind,284.29000000,284.40000128,0.11000128
2030-05-14,onwind,118.82000000,118.79999997,-0.02000003
2030-05-15,onwind,220.00000000,220.08000155,0.08000155
2030-05-16,onwind,650.38000000,650.39999918,0.01999918
2030-05-17,onwind,474.68000000,474.71999947,0.03999947
2030-05-18,onwind,190.02000000,190.07999927,0.05999927
2030-05-19,onwind,312.77000000,312.72000083,-0.04999917
2030-05-20,onwind,466.24000000,395.14064904,-71.09935096
2030-05-21,onwind,348.88000000,344.46094345,-4.41905655
2030-05-22,onwind,295.86000000,295.92000007,0.06000007
2030-05-23,onwind,618.67000000,618.72000187,0.05000187
2030-05-24,onwind,215.39000000,215.28000084,-0.10999916
2030-05-25,onwind,258.07000000,257.99999995,-0.07000005
2030-05-26,onwind,322.08000000,259.11235399,-62.96764601
2030-05-27,onwind,162.55000000,112.11420837,-50.43579163
2030-05-28,onwind,172.14000000,172.08000132,-0.05999868
2030-05-29,onwind,296.92000000,288.75698851,-8.16301149
2030-05-30,onwind,241.11000000,241.20000004,0.09000004
2030-05-31,onwind,285.55000000,273.42396464,-12.12603536
2030-06-01,onwind,380.12000000,380.16000110,0.04000110
2030-06-02,onwind,316.46000000,315.94512920,-0.51487080
2030-06-03,onwind,312.27000000,218.79772516,-93.47227484
2030-06-04,onwind,192.14000000,192.24000070,0.10000070
2030-06-05,onwind,200.46000000,200.39999831,-0.06000169
2030-06-06,onwind,167.06000000,167.03999827,-0.02000173
2030-06-07,onwind,125.15000000,125.04000021,-0.10999979
2030-06-08,onwind,179.81000000,179.75999937,-0.05000063
2030-06-09,onwind,308.51000000,275.92617598,-32.58382402
2030-06-10,onwind,422.18000000,307.59702123,-114.58297877
2030-06-11,onwind,403.42000000,403.44000017,0.02000017
2030-06-12,onwind,389.92000000,363.79962753,-26.12037247
2030-06-13,onwind,434.11000000,434.16000093,0.05000093
2030-06-14,onwind,339.14000000,339.12000044,-0.01999956
2030-06-15,onwind,164.72000000,164.63999963,-0.08000037
2030-06-16,onwind,175.89000000,175.92000035,0.03000035
2030-06-17,onwind,79.15000000,79.19999970,0.04999970
2030-06-18,onwind,59.61000000,59.52000073,-0.08999927
2030-06-19,onwind,266.93000000,266.87999947,-0.05000053
2030-06-20,onwind,162.97000000,162.96000032,-0.00999968
2030-06-21,onwind,241.71000000,241.68000216,-0.02999784
2030-06-22,onwind,297.49000000,297.59999767,0.10999767
2030-06-23,onwind,527.94000000,528.00000082,0.06000082
2030-06-24,onwind,95.23000000,77.38065765,-17.84934235
2030-06-25,onwind,50.35000000,50.39999887,0.04999887
2030-06-26,onwind,530.65000000,530.63999924,-0.01000076
2030-06-27,onwind,506.17000000,506.16000299,-0.00999701
2030-06-28,onwind,214.40000000,214.31999831,-0.08000169
2030-06-29,onwind,72.42000000,72.47999990,0.05999990
2030-06-30,onwind,120.02000000,120.00000143,-0.01999857
2030-07-01,onwind,357.31000000,357.35999903,0.04999903
2030-07-02,onwind,437.13000000,437.04000255,-0.08999745
2030-07-03,onwind,474.23000000,474.23999820,0.00999820
2030-07-04,onwind,379.44000000,379.44000006,0.00000006
2030-07-05,onwind,573.13000000,573.12000114,-0.00999886
2030-07-06,onwind,165.35000000,165.36000238,0.01000238
2030-07-07,onwind,64.31000000,50.22015642,-14.08984358
2030-07-08,onwind,146.71000000,102.72061869,-43.98938131
2030-07-09,onwind,117.31000000,112.28306281,-5.02693719
2030-07-10,onwind,154.84000000,154.79999929,-0.04000071
2030-07-11,onwind,139.80000000,139.67999869,-0.12000131
2030-07-12,onwind,361.65000000,361.68000018,0.03000018
2030-07-13,onwind,233.33000000,233.27999879,-0.05000121
2030-07-14,onwind,87.80000000,87.84000028,0.04000028
2030-07-15,onwind,352.10000000,320.31637530,-31.78362470
2030-07-16,onwind,347.31000000,347.28000147,-0.02999853
2030-07-17,onwind,312.86000000,311.87553696,-0.98446304
2030-07-18,onwind,105.66000000,105.60000187,-0.05999813
2030-07-19,onwind,108.26000000,108.24000030,-0.01999970
2030-07-20,onwind,138.35000000,138.23999830,-0.11000170
2030-07-21,onwind,75.95000000,75.83999937,-0.11000063
2030-07-22,onwind,190.75000000,185.62108984,-5.12891016
2030-07-23,onwind,391.22000000,391.19999948,-0.02000052
2030-07-24,onwind,331.99000000,331.91999938,-0.07000062
2030-07-25,onwind,187.73000000,187.67999977,-0.05000023
2030-07-26,onwind,227.77000000,227.76000046,-0.00999954
2030-07-27,onwind,295.16000000,295.20000073,0.04000073
2030-07-28,onwind,224.43000000,224.40000099,-0.02999901
2030-07-29,onwind,195.13000000,195.11999975,-0.01000025
2030-07-30,onwind,308.81000000,308.88000009,0.07000009
2030-07-31,onwind,473.92000000,474.00000013,0.08000013
2030-08-01,onwind,631.55000000,631.43999955,-0.11000045
2030-08-02,onwind,594.65000000,594.71999919,0.06999919
2030-08-03,onwind,854.41000000,854.39999845,-0.01000155
2030-08-04,onwind,193.56000000,193.67999937,0.11999937
2030-08-05,onwind,101.89000000,101.99999835,0.10999835
2030-08-06,onwind,314.83000000,314.87999970,0.04999970
2030-08-07,onwind,864.49000000,864.48000027,-0.00999973
2030-08-08,onwind,751.49000000,751.44000013,-0.04999987
2030-08-09,onwind,335.48000000,335.52000034,0.04000034
2030-08-10,onwind,82.97000000,83.04000129,0.07000129
2030-08-11,onwind,71.11000000,58.63504238,-12.47495762
2030-08-12,onwind,201.70000000,201.59999977,-0.10000023
2030-08-13,onwind,129.21000000,129.11999987,-0.09000013
2030-08-14,onwind,74.26000000,74.16000177,-0.09999823
2030-08-15,onwind,148.85000000,148.80000310,-0.04999690
2030-08-16,onwind,86.23000000,86.16000098,-0.06999902
2030-08-17,onwind,189.26000000,189.36000164,0.10000164
2030-08-18,onwind,113.56000000,87.69032017,-25.86967983
2030-08-19,onwind,179.41000000,158.23432786,-21.17567214
2030-08-20,onwind,66.67000000,66.71999837,0.04999837
2030-08-21,onwind,47.75000000,47.75999960,0.00999960
2030-08-22,onwind,68.95000000,68.88000065,-0.06999935
2030-08-23,onwind,51.93000000,51.84000011,-0.08999989
2030-08-24,onwind,86.91000000,86.88000031,-0.02999969
2030-08-25,onwind,227.52000000,227.51999897,-0.00000103
2030-08-26,onwind,249.88000000,249.83999978,-0.04000022
2030-08-27,onwind,149.11000000,149.04000203,-0.06999797
2030-08-28,onwind,166.53000000,166.55999957,0.02999957
2030-08-29,onwind,68.14000000,68.15999875,0.01999875
2030-08-30,onwind,144.34000000,144.23999961,-0.10000039
2030-08-31,onwind,382.95000000,383.04000016,0.09000016
2030-09-01,onwind,268.41000000,268.32000156,-0.08999844
2030-09-02,onwind,60.51000000,60.47999899,-0.03000101
2030-09-03,onwind,142.38000000,142.32000053,-0.05999947
2030-09-04,onwind,208.75000000,208.79999827,0.04999827
2030-09-05,onwind,302.79000000,302.88000220,0.09000220
2030-09-06,onwind,196.67000000,196.55999928,-0.11000072
2030-09-07,onwind,402.35000000,400.78891127,-1.56108873
2030-09-08,onwind,256.95000000,247.82137950,-9.12862050
2030-09-09,onwind,82.60000000,81.00918902,-1.59081098
2030-09-10,onwind,26.77000000,26.87999917,0.10999917
2030-09-11,onwind,74.48000000,74.39999899,-0.08000101
2030-09-12,onwind,99.76000000,99.84000120,0.08000120
2030-09-13,onwind,366.51000000,366.48000088,-0.02999912
2030-09-14,onwind,79.78000000,79.67999925,-0.10000075
2030-09-15,onwind,255.90000000,255.84000023,-0.05999977
2030-09-16,onwind,213.94000000,213.84000131,-0.09999869
2030-09-17,onwind,213.94000000,213.83999961,-0.10000039
2030-09-18,onwind,756.81000000,756.71999954,-0.09000046
2030-09-19,onwind,856.49000000,856.56000073,0.07000073
2030-09-20,onwind,668.65000000,668.63999947,-0.01000053
2030-09-21,onwind,635.96000000,636.00000133,0.04000133
2030-09-22,onwind,530.40000000,530.39999861,-0.00000139
2030-09-23,onwind,528.68000000,528.71999845,0.03999845
2030-09-24,onwind,226.09000000,226.07999859,-0.01000141
2030-09-25,onwind,434.14000000,434.15999837,0.01999837
2030-09-26,onwind,70.27000000,70.32000018,0.05000018
2030-09-27,onwind,149.26000000,149.28000095,0.02000095
2030-09-28,onwind,320.54000000,320.63999781,0.09999781
2030-09-29,onwind,574.68000000,574.55999981,-0.12000019
2030-09-30,onwind,379.70000000,379.67999898,-0.02000102
2030-10-01,onwind,947.22000000,947.28000007,0.06000007
2030-10-02,onwind,757.05000000,756.95999846,-0.09000154
2030-10-03,onwind,520.46000000,520.56000254,0.10000254
2030-10-04,onwind,322.30000000,322.31999968,0.01999968
2030-10-05,onwind,853.85000000,853.92000060,0.07000060
2030-10-06,onwind,746.42000000,742.52533203,-3.89466797
2030-10-07,onwind,469.34000000,468.23908078,-1.10091922
2030-10-08,onwind,600.81000000,600.71999879,-0.09000121
2030-10-09,onwind,345.91000000,345.83999938,-0.07000062
2030-10-10,onwind,558.46000000,558.47999924,0.01999924
2030-10-11,onwind,227.85000000,227.76000046,-0.08999954
2030-10-12,onwind,103.17000000,103.19999810,0.02999810
2030-10-13,onwind,247.60000000,247.67999749,0.07999749
2030-10-14,onwind,222.19000000,222.24000041,0.05000041
2030-10-15,onwind,446.14000000,446.15999928,0.01999928
2030-10-16,onwind,511.85000000,511.92000110,0.07000110
2030-10-17,onwind,469.85000000,469.92000133,0.07000133
2030-10-18,onwind,229.95000000,229.92000103,-0.02999897
2030-10-19,onwind,262.36000000,262.32000196,-0.03999804
2030-10-20,onwind,745.14000000,745.19999818,0.05999818
2030-10-21,onwind,413.87000000,413.76000092,-0.10999908
2030-10-22,onwind,360.19000000,360.24000150,0.05000150
2030-10-23,onwind,448.82000000,448.80000112,-0.01999888
2030-10-24,onwind,1049.78000000,1049.75999969,-0.02000031
2030-10-25,onwind,597.92000000,597.83999803,-0.08000197
2030-10-26,onwind,327.93000000,327.83999972,-0.09000028
2030-10-27,onwind,449.47000000,449.51999704,0.04999704
2030-10-28,onwind,605.29000000,605.27999886,-0.01000114
2030-10-29,onwind,246.89000000,246.95999987,0.06999987
2030-10-30,onwind,231.48000000,231.60000119,0.12000119
2030-10-31,onwind,234.96000000,234.95999981,-0.00000019
2030-11-01,onwind,675.99000000,676.07999946,0.08999946
2030-11-02,onwind,802.15000000,802.08000049,-0.06999951
2030-11-03,onwind,701.36000000,701.28000189,-0.07999811
2030-11-04,onwind,377.71000000,377.76000075,0.05000075
2030-11-05,onwind,380.79000000,380.87999958,0.08999958
2030-11-06,onwind,729.65000000,729.60000144,-0.04999856
2030-11-07,onwind,848.27000000,848.16000163,-0.10999837
2030-11-08,onwind,764.07000000,764.16000038,0.09000038
2030-11-09,onwind,795.12000000,795.11999921,-0.00000079
2030-11-10,onwind,659.74000000,659.75999996,0.01999996
2030-11-11,onwind,525.69000000,525.59999961,-0.09000039
2030-11-12,onwind,137.91000000,137.99999852,0.08999852
2030-11-13,onwind,339.64000000,339.59999829,-0.04000171
2030-11-14,onwind,511.35000000,511.44000069,0.09000069
2030-11-15,onwind,415.87000000,415.92000064,0.05000064
2030-11-16,onwind,626.90000000,626.88000204,-0.01999796
2030-11-17,onwind,988.28000000,988.31999988,0.03999988
2030-11-18,onwind,472.33000000,472.31999912,-0.01000088
2030-11-19,onwind,209.23000000,209.28000124,0.05000124
2030-11-20,onwind,208.27000000,208.32000042,0.05000042
2030-11-21,onwind,309.44000000,309.35999965,-0.08000035
2030-11-22,onwind,529.87000000,529.91999990,0.04999990
2030-11-23,onwind,502.89000000,502.80000010,-0.08999990
2030-11-24,onwind,388.87000000,388.80000083,-0.06999917
2030-11-25,onwind,340.36000000,340.31999934,-0.04000066
2030-11-26,onwind,222.30000000,222.23999871,-0.06000129
2030-11-27,onwind,449.74000000,449.75999938,0.01999938
2030-11-28,onwind,433.98000000,433.92000030,-0.05999970
2030-11-29,onwind,107.84000000,107.75999988,-0.08000012
2030-11-30,onwind,89.87000000,89.75999937,-0.11000063
2030-12-01,onwind,127.99000000,127.91999926,-0.07000074
2030-12-02,onwind,376.06000000,376.07999973,0.01999973
2030-12-03,onwind,306.22000000,306.23999996,0.01999996
2030-12-04,onwind,354.95000000,354.95999953,0.00999953
2030-12-05,onwind,248.72000000,248.63999917,-0.08000083
2030-12-06,onwind,197.32000000,197.27999947,-0.04000053
2030-12-07,onwind,580.95000000,581.04000068,0.09000068
2030-12-08,onwind,312.15000000,312.23999785,0.08999785
2030-12-09,onwind,107.63000000,107.52000010,-0.10999990
2030-12-10,onwind,69.52000000,69.59999999,0.07999999
2030-12-11,onwind,64.24000000,64.31999887,0.07999887
2030-12-12,onwind,141.20000000,141.12000163,-0.07999837
2030-12-13,onwind,288.38000000,288.48000008,0.10000008
2030-12-14,onwind,308.76000000,308.63999861,-0.12000139
2030-12-15,onwind,316.77000000,316.79999878,0.02999878
2030-12-16,onwind,140.91000000,140.87999929,-0.03000071
2030-12-17,onwind,150.16000000,150.24000092,0.08000092
2030-12-18,onwind,631.83000000,631.91999911,0.08999911
2030-12-19,onwind,1090.01000000,1090.07999589,0.06999589
2030-12-20,onwind,1121.62000000,1121.52000026,-0.09999974
2030-12-21,onwind,706.24000000,706.31999981,0.07999981
2030-12-22,onwind,820.43000000,820.31999907,-0.11000093
2030-12-23,onwind,554.85000000,554.87999914,0.02999914
2030-12-24,onwind,746.21000000,746.16000072,-0.04999928
2030-12-25,onwind,573.40000000,573.36000177,-0.03999823
2030-12-26,onwind,1116.37000000,1116.47999806,0.10999806
2030-12-27,onwind,1094.64000000,1094.63999938,-0.00000062
2030-12-28,onwind,1275.89000000,1275.84000255,-0.04999745
2030-12-29,onwind,1342.82000000,1342.80000155,-0.01999845
2030-12-30,onwind,1141.97000000,1141.91999856,-0.05000144
2030-12-31,onwind,1080.94000000,1080.96000001,0.02000001
2030-01-01,other-res,109.53000000,121.67999987,12.14999987
2030-01-02,other-res,121.04000000,121.92000080,0.88000080
2030-01-03,other-res,121.04000000,121.92000080,0.88000080
2030-01-04,other-res,105.19000000,121.67999987,16.48999987
2030-01-05,other-res,113.46000000,121.67999987,8.21999987
2030-01-06,other-res,116.57000000,121.67999987,5.10999987
2030-01-07,other-res,120.71000000,121.67999987,0.96999987
2030-01-08,other-res,120.71000000,121.67999987,0.96999987
2030-01-09,other-res,121.04000000,121.92000080,0.88000080
2030-01-10,other-res,121.04000000,121.92000080,0.88000080
2030-01-11,other-res,120.71000000,121.67999987,0.96999987
2030-01-12,other-res,104.67000000,121.67999987,17.00999987
2030-01-13,other-res,106.82000000,120.82003370,14.00003370
2030-01-14,other-res,120.70000000,121.67999987,0.97999987
2030-01-15,other-res,120.71000000,121.67999987,0.96999987
2030-01-16,other-res,121.04000000,121.92000080,0.88000080
2030-01-17,other-res,121.06000000,121.92000080,0.86000080
2030-01-18,other-res,120.72000000,121.67999987,0.95999987
2030-01-19,other-res,120.71000000,121.67999987,0.96999987
2030-01-20,other-res,120.72000000,121.67999987,0.95999987
2030-01-21,other-res,120.75000000,121.67999987,0.92999987
2030-01-22,other-res,121.01000000,121.67999987,0.66999987
2030-01-23,other-res,121.58000000,121.92000080,0.34000080
2030-01-24,other-res,121.68000000,121.92000080,0.24000080
2030-01-25,other-res,121.25000000,121.67999987,0.42999987
2030-01-26,other-res,120.76000000,121.67999987,0.91999987
2030-01-27,other-res,120.75000000,121.67999987,0.92999987
2030-01-28,other-res,121.11000000,121.67999987,0.56999987
2030-01-29,other-res,120.73000000,121.67999987,0.94999987
2030-01-30,other-res,121.04000000,121.92000080,0.88000080
2030-01-31,other-res,121.04000000,121.92000080,0.88000080
2030-02-01,other-res,112.96000000,124.32000112,11.36000112
2030-02-02,other-res,116.47000000,124.32000112,7.85000112
2030-02-03,other-res,108.87000000,95.42445277,-13.44554723
2030-02-04,other-res,123.41000000,124.32000112,0.91000112
2030-02-05,other-res,123.33000000,124.32000112,0.99000112
2030-02-06,other-res,124.40000000,125.03999941,0.63999941
2030-02-07,other-res,124.38000000,125.03999941,0.65999941
2030-02-08,other-res,123.39000000,124.32000112,0.93000112
2030-02-09,other-res,120.72000000,124.32000112,3.60000112
2030-02-10,other-res,122.73000000,124.32000112,1.59000112
2030-02-11,other-res,123.34000000,124.32000112,0.98000112
2030-02-12,other-res,123.44000000,124.32000112,0.88000112
2030-02-13,other-res,124.34000000,125.03999941,0.69999941
2030-02-14,other-res,124.38000000,125.03999941,0.65999941
2030-02-15,other-res,123.39000000,124.32000112,0.93000112
2030-02-16,other-res,122.40000000,124.32000112,1.92000112
2030-02-17,other-res,104.10000000,124.32000112,20.22000112
2030-02-18,other-res,115.33000000,124.32000112,8.99000112
2030-02-19,other-res,123.33000000,124.32000112,0.99000112
2030-02-20,other-res,115.05000000,125.03999941,9.98999941
2030-02-21,other-res,124.24000000,125.03999941,0.79999941
2030-02-22,other-res,123.35000000,124.32000112,0.97000112
2030-02-23,other-res,123.33000000,124.32000112,0.99000112
2030-02-24,other-res,118.80000000,124.32000112,5.52000112
2030-02-25,other-res,119.65000000,124.32000112,4.67000112
2030-02-26,other-res,123.33000000,124.32000112,0.99000112
2030-02-27,other-res,124.17000000,125.03999941,0.86999941
2030-02-28,other-res,124.23000000,125.03999941,0.80999941
2030-03-01,other-res,116.04000000,119.52000048,3.48000048
2030-03-02,other-res,116.02000000,119.52000048,3.50000048
2030-03-03,other-res,118.22000000,119.52000048,1.30000048
2030-03-04,other-res,118.57000000,119.52000048,0.95000048
2030-03-05,other-res,118.62000000,119.52000048,0.90000048
2030-03-06,other-res,117.26000000,118.07999940,0.81999940
2030-03-07,other-res,117.22000000,118.07999940,0.85999940
2030-03-08,other-res,118.57000000,119.52000048,0.95000048
2030-03-09,other-res,118.57000000,119.52000048,0.95000048
2030-03-10,other-res,117.48000000,119.52000048,2.04000048
2030-03-11,other-res,118.57000000,105.89304267,-12.67695733
2030-03-12,other-res,118.57000000,119.52000048,0.95000048
2030-03-13,other-res,111.55000000,103.31999947,-8.23000053
2030-03-14,other-res,114.32000000,118.07999940,3.75999940
2030-03-15,other-res,115.37000000,119.52000048,4.15000048
2030-03-16,other-res,111.54000000,110.99277707,-0.54722293
2030-03-17,other-res,112.70000000,85.50371339,-27.19628661
2030-03-18,other-res,115.43000000,89.64000036,-25.78999964
2030-03-19,other-res,118.59000000,119.52000048,0.93000048
2030-03-20,other-res,117.22000000,118.07999940,0.85999940
2030-03-21,other-res,117.22000000,118.07999940,0.85999940
2030-03-22,other-res,112.47000000,96.77062466,-15.69937534
2030-03-23,other-res,106.42000000,119.52000048,13.10000048
2030-03-24,other-res,104.61000000,89.45920038,-15.15079962
2030-03-25,other-res,106.02000000,79.68000032,-26.33999968
2030-03-26,other-res,118.57000000,119.52000048,0.95000048
2030-03-27,other-res,110.98000000,93.47999952,-17.50000048
2030-03-28,other-res,112.02000000,118.07999940,6.05999940
2030-03-29,other-res,118.57000000,119.52000048,0.95000048
2030-03-30,other-res,109.38000000,112.19480157,2.81480157
2030-03-31,other-res,114.41000000,102.21303546,-12.19696454
2030-04-01,other-res,115.87000000,89.37200573,-26.49799427
2030-04-02,other-res,115.15000000,92.52999940,-22.62000060
2030-04-03,other-res,111.39000000,117.84000071,6.45000071
2030-04-04,other-res,112.90000000,98.20000059,-14.69999941
2030-04-05,other-res,111.98000000,111.14466779,-0.83533221
2030-04-06,other-res,109.38000000,89.03687336,-20.34312664
2030-04-07,other-res,110.01000000,82.78999946,-27.22000054
2030-04-08,other-res,115.93000000,106.83006186,-9.09993814
2030-04-09,other-res,115.35000000,110.45828870,-4.89171130
2030-04-10,other-res,109.77000000,81.97824779,-27.79175221
2030-04-11,other-res,111.01000000,117.84000071,6.83000071
2030-04-12,other-res,114.78000000,116.87999924,2.09999924
2030-04-13,other-res,106.49000000,116.87999924,10.38999924
2030-04-14,other-res,110.01000000,93.81269147,-16.19730853
2030-04-15,other-res,115.87000000,84.63184661,-31.23815339
2030-04-16,other-res,115.87000000,116.87999924,1.00999924
2030-04-17,other-res,116.70000000,117.84000071,1.14000071
2030-04-18,other-res,113.72000000,117.84000071,4.12000071
2030-04-19,other-res,107.77000000,116.87999924,9.10999924
2030-04-20,other-res,108.58000000,116.87999924,8.29999924
2030-04-21,other-res,106.96000000,73.94044647,-33.01955353
2030-04-22,other-res,108.46000000,69.96238566,-38.49761434
2030-04-23,other-res,112.14000000,116.87999924,4.73999924
2030-04-24,other-res,110.67000000,117.10336982,6.43336982
2030-04-25,other-res,112.85000000,91.53615726,-21.31384274
2030-04-26,other-res,109.38000000,116.87999924,7.49999924
2030-04-27,other-res,109.38000000,84.26811322,-25.11188678
2030-04-28,other-res,111.26000000,116.87999924,5.61999924
2030-04-29,other-res,115.15000000,86.39839700,-28.75160300
2030-04-30,other-res,109.38000000,82.78999946,-26.59000054
2030-05-01,other-res,106.28000000,74.72000057,-31.55999943
2030-05-02,other-res,110.43000000,112.08000085,1.65000085
2030-05-03,other-res,107.34000000,101.12110285,-6.21889715
2030-05-04,other-res,104.26000000,84.42000035,-19.83999965
2030-05-05,other-res,104.06000000,67.21759659,-36.84240341
2030-05-06,other-res,111.55000000,75.04000031,-36.50999969
2030-05-07,other-res,107.62000000,83.60865682,-24.01134318
2030-05-08,other-res,110.25000000,107.87625445,-2.37374555
2030-05-09,other-res,106.74000000,91.42932037,-15.31067963
2030-05-10,other-res,111.55000000,112.56000047,1.01000047
2030-05-11,other-res,111.55000000,112.56000047,1.01000047
2030-05-12,other-res,104.85000000,81.23620673,-23.61379327
2030-05-13,other-res,108.09000000,76.37870400,-31.71129600
2030-05-14,other-res,111.61000000,112.56000047,0.95000047
2030-05-15,other-res,111.17000000,112.08000085,0.91000085
2030-05-16,other-res,110.78000000,98.02499435,-12.75500565
2030-05-17,other-res,105.68000000,87.58612809,-18.09387191
2030-05-18,other-res,105.40000000,96.61175063,-8.78824937
2030-05-19,other-res,104.26000000,79.73000033,-24.52999967
2030-05-20,other-res,104.88000000,60.97000025,-43.90999975
2030-05-21,other-res,106.41000000,84.18876462,-22.22123538
2030-05-22,other-res,107.42000000,93.40000071,-14.01999929
2030-05-23,other-res,105.94000000,112.08000085,6.14000085
2030-05-24,other-res,111.55000000,112.56000047,1.01000047
2030-05-25,other-res,103.71000000,109.32063432,5.61063432
2030-05-26,other-res,103.37000000,70.35000029,-33.01999971
2030-05-27,other-res,106.35000000,65.66000027,-40.68999973
2030-05-28,other-res,106.43000000,85.21840661,-21.21159339
2030-05-29,other-res,103.74000000,79.39000060,-24.34999940
2030-05-30,other-res,104.31000000,90.78287294,-13.52712706
2030-05-31,other-res,103.45000000,79.73000033,-23.71999967
2030-06-01,other-res,101.05000000,80.93799557,-20.11200443
2030-06-02,other-res,101.93000000,70.66251697,-31.26748303
2030-06-03,other-res,103.56000000,56.22943463,-47.33056537
2030-06-04,other-res,103.76000000,82.41034503,-21.34965497
2030-06-05,other-res,102.57000000,106.80000060,4.23000060
2030-06-06,other-res,105.62000000,106.80000060,1.18000060
2030-06-07,other-res,107.76000000,108.95999999,1.19999999
2030-06-08,other-res,102.89000000,108.95999999,6.06999999
2030-06-09,other-res,101.05000000,72.63999999,-28.41000001
2030-06-10,other-res,100.85000000,63.55999999,-37.29000001
2030-06-11,other-res,102.41000000,85.50698820,-16.90301180
2030-06-12,other-res,100.96000000,77.98498956,-22.97501044
2030-06-13,other-res,100.56000000,75.65000043,-24.90999957
2030-06-14,other-res,103.76000000,108.95999999,5.19999999
2030-06-15,other-res,103.56000000,108.95999999,5.39999999
2030-06-16,other-res,102.69000000,84.53208803,-18.15791197
2030-06-17,other-res,107.59000000,73.75340250,-33.83659750
2030-06-18,other-res,107.94000000,108.95999999,1.01999999
2030-06-19,other-res,104.08000000,100.41021035,-3.66978965
2030-06-20,other-res,103.72000000,106.19247729,2.47247729
2030-06-21,other-res,107.39000000,108.95999999,1.56999999
2030-06-22,other-res,104.88000000,108.95999999,4.07999999
2030-06-23,other-res,103.07000000,99.14414347,-3.92585653
2030-06-24,other-res,105.90000000,70.58713894,-35.31286106
2030-06-25,other-res,106.59000000,108.95999999,2.36999999
2030-06-26,other-res,100.25000000,84.10411196,-16.14588804
2030-06-27,other-res,102.76000000,106.80000060,4.04000060
2030-06-28,other-res,107.94000000,108.95999999,1.01999999
2030-06-29,other-res,104.88000000,108.95999999,4.07999999
2030-06-30,other-res,105.07000000,108.95999999,3.88999999
2030-07-01,other-res,111.91000000,89.02271444,-22.88728556
2030-07-02,other-res,106.54000000,113.76000062,7.22000062
2030-07-03,other-res,104.79000000,113.51999969,8.72999969
2030-07-04,other-res,106.25000000,113.51999969,7.26999969
2030-07-05,other-res,104.84000000,113.76000062,8.92000062
2030-07-06,other-res,106.10000000,90.52343680,-15.57656320
2030-07-07,other-res,104.77000000,74.71345469,-30.05654531
2030-07-08,other-res,107.33000000,66.36000036,-40.96999964
2030-07-09,other-res,108.82000000,85.32000047,-23.49999953
2030-07-10,other-res,109.91000000,113.51999969,3.60999969
2030-07-11,other-res,106.92000000,97.26857645,-9.65142355
2030-07-12,other-res,108.86000000,99.51020299,-9.34979701
2030-07-13,other-res,105.69000000,113.76000062,8.07000062
2030-07-14,other-res,106.30000000,81.33838893,-24.96161107
2030-07-15,other-res,107.09000000,70.92186569,-36.16813431
2030-07-16,other-res,106.80000000,113.76000062,6.96000062
2030-07-17,other-res,106.55000000,81.63474199,-24.91525801
2030-07-18,other-res,108.64000000,94.59999974,-14.04000026
2030-07-19,other-res,112.66000000,113.76000062,1.10000062
2030-07-20,other-res,107.13000000,90.06000049,-17.06999951
2030-07-21,other-res,107.56000000,95.10496158,-12.45503842
2030-07-22,other-res,111.91000000,75.84000042,-36.06999958
2030-07-23,other-res,111.91000000,113.76000062,1.85000062
2030-07-24,other-res,112.76000000,113.51999969,0.75999969
2030-07-25,other-res,112.76000000,113.51999969,0.75999969
2030-07-26,other-res,111.91000000,113.76000062,1.85000062
2030-07-27,other-res,111.43000000,113.76000062,2.33000062
2030-07-28,other-res,108.23000000,113.76000062,5.53000062
2030-07-29,other-res,112.27000000,90.06000049,-22.20999951
2030-07-30,other-res,108.86000000,96.46840636,-12.39159364
2030-07-31,other-res,112.76000000,113.51999969,0.75999969
2030-08-01,other-res,102.27000000,107.49361220,5.22361220
2030-08-02,other-res,101.24000000,108.95999999,7.71999999
2030-08-03,other-res,98.05000000,86.09289939,-11.95710061
2030-08-04,other-res,101.60000000,94.29706755,-7.30293245
2030-08-05,other-res,108.23000000,77.17175270,-31.05824730
2030-08-06,other-res,108.21000000,108.95999999,0.74999999
2030-08-07,other-res,100.38000000,108.95999999,8.57999999
2030-08-08,other-res,99.73000000,108.95999999,9.22999999
2030-08-09,other-res,103.78000000,108.95999999,5.17999999
2030-08-10,other-res,100.59000000,88.99971300,-11.59028700
2030-08-11,other-res,100.08000000,77.17999999,-22.90000001
2030-08-12,other-res,104.89000000,72.63999999,-32.25000001
2030-08-13,other-res,104.10000000,108.95999999,4.85999999
2030-08-14,other-res,104.09000000,92.09491357,-11.99508643
2030-08-15,other-res,103.50000000,90.79999999,-12.70000001
2030-08-16,other-res,105.26000000,90.79999999,-14.46000001
2030-08-17,other-res,103.78000000,108.95999999,5.17999999
2030-08-18,other-res,100.58000000,72.63999999,-27.94000001
2030-08-19,other-res,101.73000000,68.09999999,-33.63000001
2030-08-20,other-res,103.58000000,85.80522549,-17.77477451
2030-08-21,other-res,104.10000000,90.79999999,-13.30000001
2030-08-22,other-res,104.81000000,108.60373766,3.79373766
2030-08-23,other-res,103.28000000,90.79999999,-12.48000001
2030-08-24,other-res,104.01000000,108.95999999,4.94999999
2030-08-25,other-res,104.29000000,108.95999999,4.66999999
2030-08-26,other-res,105.01000000,81.71999999,-23.29000001
2030-08-27,other-res,108.27000000,108.95999999,0.68999999
2030-08-28,other-res,108.27000000,108.95999999,0.68999999
2030-08-29,other-res,108.28000000,108.95999999,0.67999999
2030-08-30,other-res,108.21000000,108.95999999,0.74999999
2030-08-31,other-res,102.28000000,91.63127033,-10.64872967
2030-09-01,other-res,107.32000000,88.36137650,-18.95862350
2030-09-02,other-res,108.72000000,88.57867674,-20.14132326
2030-09-03,other-res,108.71000000,109.38093982,0.67093982
2030-09-04,other-res,107.60000000,98.98133198,-8.61866802
2030-09-05,other-res,109.62000000,92.59999948,-17.02000052
2030-09-06,other-res,106.33000000,109.43999960,3.10999960
2030-09-07,other-res,101.98000000,82.07999970,-19.90000030
2030-09-08,other-res,102.17000000,77.51999972,-24.65000028
2030-09-09,other-res,108.74000000,77.57287214,-31.16712786
2030-09-10,other-res,108.77000000,109.43999960,0.66999960
2030-09-11,other-res,110.32000000,111.11999938,0.79999938
2030-09-12,other-res,110.33000000,111.11999938,0.78999938
2030-09-13,other-res,108.69000000,109.43999960,0.74999960
2030-09-14,other-res,107.79000000,109.43999960,1.64999960
2030-09-15,other-res,104.08000000,86.63999969,-17.44000031
2030-09-16,other-res,108.74000000,82.72869915,-26.01130085
2030-09-17,other-res,108.73000000,109.43999960,0.70999960
2030-09-18,other-res,103.85000000,111.11999938,7.26999938
2030-09-19,other-res,103.77000000,106.48999940,2.71999940
2030-09-20,other-res,102.99000000,109.43999960,6.44999960
2030-09-21,other-res,103.02000000,109.43999960,6.41999960
2030-09-22,other-res,105.38000000,109.43999960,4.05999960
2030-09-23,other-res,108.72000000,79.81069813,-28.90930187
2030-09-24,other-res,103.69000000,97.33163422,-6.35836578
2030-09-25,other-res,106.34000000,102.89139758,-3.44860242
2030-09-26,other-res,110.35000000,111.11999938,0.76999938
2030-09-27,other-res,108.74000000,109.43999960,0.69999960
2030-09-28,other-res,98.94000000,105.60557510,6.66557510
2030-09-29,other-res,100.53000000,105.82908271,5.29908271
2030-09-30,other-res,108.73000000,109.43999960,0.70999960
2030-10-01,other-res,113.61000000,115.92000001,2.31000001
2030-10-02,other-res,115.24000000,116.16000094,0.92000094
2030-10-03,other-res,111.74000000,101.81876783,-9.92123217
2030-10-04,other-res,111.42000000,102.28028023,-9.13971977
2030-10-05,other-res,96.60000000,108.95931613,12.35931613
2030-10-06,other-res,100.20000000,68.16468536,-32.03531464
2030-10-07,other-res,111.60000000,43.47000000,-68.13000000
2030-10-08,other-res,115.05000000,115.92000001,0.87000001
2030-10-09,other-res,115.24000000,116.16000094,0.92000094
2030-10-10,other-res,115.24000000,116.16000094,0.92000094
2030-10-11,other-res,115.14000000,115.92000001,0.78000001
2030-10-12,other-res,115.07000000,115.92000001,0.85000001
2030-10-13,other-res,115.06000000,115.92000001,0.86000001
2030-10-14,other-res,115.06000000,115.92000001,0.86000001
2030-10-15,other-res,115.06000000,115.92000001,0.86000001
2030-10-16,other-res,115.24000000,116.16000094,0.92000094
2030-10-17,other-res,115.24000000,116.16000094,0.92000094
2030-10-18,other-res,115.06000000,115.92000001,0.86000001
2030-10-19,other-res,115.06000000,115.92000001,0.86000001
2030-10-20,other-res,103.79000000,109.39574634,5.60574634
2030-10-21,other-res,115.06000000,115.92000001,0.86000001
2030-10-22,other-res,115.06000000,115.92000001,0.86000001
2030-10-23,other-res,115.24000000,116.16000094,0.92000094
2030-10-24,other-res,111.09000000,101.64000082,-9.44999918
2030-10-25,other-res,115.06000000,115.92000001,0.86000001
2030-10-26,other-res,115.06000000,115.92000001,0.86000001
2030-10-27,other-res,110.91000000,115.92000001,5.01000001
2030-10-28,other-res,115.06000000,115.92000001,0.86000001
2030-10-29,other-res,115.10000000,115.92000001,0.82000001
2030-10-30,other-res,115.29000000,116.16000094,0.87000094
2030-10-31,other-res,115.25000000,116.16000094,0.91000094
2030-11-01,other-res,119.30000000,123.35999964,4.05999964
2030-11-02,other-res,109.77000000,103.52592965,-6.24407035
2030-11-03,other-res,111.44000000,105.53610308,-5.90389692
2030-11-04,other-res,122.51000000,123.35999964,0.84999964
2030-11-05,other-res,122.51000000,123.35999964,0.84999964
2030-11-06,other-res,123.52000000,124.32000112,0.80000112
2030-11-07,other-res,123.52000000,124.32000112,0.80000112
2030-11-08,other-res,122.51000000,123.35999964,0.84999964
2030-11-09,other-res,119.96000000,123.35999964,3.39999964
2030-11-10,other-res,117.64000000,123.35999964,5.71999964
2030-11-11,other-res,122.51000000,123.35999964,0.84999964
2030-11-12,other-res,122.69000000,123.35999964,0.66999964
2030-11-13,other-res,123.54000000,124.32000112,0.78000112
2030-11-14,other-res,123.52000000,124.32000112,0.80000112
2030-11-15,other-res,122.52000000,123.35999964,0.83999964
2030-11-16,other-res,122.51000000,123.35999964,0.84999964
2030-11-17,other-res,111.02000000,113.07999967,2.05999967
2030-11-18,other-res,122.51000000,123.35999964,0.84999964
2030-11-19,other-res,122.61000000,123.35999964,0.74999964
2030-11-20,other-res,123.64000000,124.32000112,0.68000112
2030-11-21,other-res,123.60000000,124.32000112,0.72000112
2030-11-22,other-res,122.51000000,123.35999964,0.84999964
2030-11-23,other-res,122.51000000,123.35999964,0.84999964
2030-11-24,other-res,122.51000000,123.35999964,0.84999964
2030-11-25,other-res,122.54000000,123.35999964,0.81999964
2030-11-26,other-res,122.63000000,123.35999964,0.72999964
2030-11-27,other-res,123.52000000,124.32000112,0.80000112
2030-11-28,other-res,123.67000000,124.32000112,0.65000112
2030-11-29,other-res,123.00000000,123.35999964,0.35999964
2030-11-30,other-res,122.58000000,123.35999964,0.77999964
2030-12-01,other-res,122.18000000,122.88000003,0.70000003
2030-12-02,other-res,122.16000000,122.88000003,0.72000003
2030-12-03,other-res,122.16000000,122.88000003,0.72000003
2030-12-04,other-res,123.17000000,123.83999926,0.66999926
2030-12-05,other-res,123.19000000,123.83999926,0.64999926
2030-12-06,other-res,122.28000000,122.88000003,0.60000003
2030-12-07,other-res,122.16000000,122.88000003,0.72000003
2030-12-08,other-res,122.17000000,122.88000003,0.71000003
2030-12-09,other-res,122.48000000,122.88000003,0.40000003
2030-12-10,other-res,122.59000000,122.88000003,0.29000003
2030-12-11,other-res,123.60000000,123.83999926,0.23999926
2030-12-12,other-res,123.48000000,123.83999926,0.35999926
2030-12-13,other-res,122.25000000,122.88000003,0.63000003
2030-12-14,other-res,122.18000000,122.88000003,0.70000003
2030-12-15,other-res,122.16000000,122.88000003,0.72000003
2030-12-16,other-res,122.62000000,122.88000003,0.26000003
2030-12-17,other-res,122.25000000,122.88000003,0.63000003
2030-12-18,other-res,123.17000000,123.83999926,0.66999926
2030-12-19,other-res,121.21000000,123.83999926,2.62999926
2030-12-20,other-res,116.51000000,122.88000003,6.37000003
2030-12-21,other-res,122.16000000,122.88000003,0.72000003
2030-12-22,other-res,122.16000000,122.88000003,0.72000003
2030-12-23,other-res,122.16000000,122.88000003,0.72000003
2030-12-24,other-res,122.16000000,122.88000003,0.72000003
2030-12-25,other-res,123.17000000,123.83999926,0.66999926
2030-12-26,other-res,104.01000000,123.83999926,19.82999926
2030-12-27,other-res,103.25000000,122.88000003,19.63000003
2030-12-28,other-res,102.81000000,103.95883385,1.14883385
2030-12-29,other-res,102.81000000,104.89631685,2.08631685
2030-12-30,other-res,102.81000000,108.77973823,5.96973823
2030-12-31,other-res,102.81000000,122.88000003,20.07000003
2030-01-01,solar,158.61000000,158.63999896,0.02999896
2030-01-02,solar,123.10000000,123.11999849,0.01999849
2030-01-03,solar,165.05000000,165.11999888,0.06999888
2030-01-04,solar,48.37000000,48.48000031,0.11000031
2030-01-05,solar,82.88000000,82.79999857,-0.08000143
2030-01-06,solar,108.54000000,108.48000006,-0.05999994
2030-01-07,solar,169.62000000,169.67999827,0.05999827
2030-01-08,solar,84.62000000,84.71999910,0.09999910
2030-01-09,solar,94.71000000,94.80000190,0.09000190
2030-01-10,solar,106.59000000,106.55999953,-0.03000047
2030-01-11,solar,68.58000000,68.64000215,0.06000215
2030-01-12,solar,68.61000000,68.64000027,0.03000027
2030-01-13,solar,131.21000000,131.28000076,0.07000076
2030-01-14,solar,109.42000000,109.43999845,0.01999845
2030-01-15,solar,90.12000000,89.99999869,-0.12000131
2030-01-16,solar,186.83000000,186.71999736,-0.11000264
2030-01-17,solar,219.54000000,219.59999710,0.05999710
2030-01-18,solar,121.96000000,121.92000004,-0.03999996
2030-01-19,solar,131.42000000,131.52000082,0.10000082
2030-01-20,solar,90.64000000,90.72000077,0.08000077
2030-01-21,solar,60.90000000,60.96000190,0.06000190
2030-01-22,solar,28.06000000,28.08000216,0.02000216
2030-01-23,solar,50.77000000,50.87999910,0.10999910
2030-01-24,solar,48.48000000,48.47999843,-0.00000157
2030-01-25,solar,28.79000000,28.79999672,0.00999672
2030-01-26,solar,40.18000000,40.08000174,-0.09999826
2030-01-27,solar,64.77000000,64.79999545,0.02999545
2030-01-28,solar,90.78000000,90.71999889,-0.06000111
2030-01-29,solar,114.77000000,114.71999991,-0.05000009
2030-01-30,solar,116.11000000,116.16000219,0.05000219
2030-01-31,solar,98.52000000,98.64000109,0.12000109
2030-02-01,solar,68.73000000,68.63999839,-0.09000161
2030-02-02,solar,79.66000000,79.68000146,0.02000146
2030-02-03,solar,57.18000000,57.12000083,-0.05999917
2030-02-04,solar,201.14000000,201.11999948,-0.02000052
2030-02-05,solar,119.12000000,119.04000299,-0.07999701
2030-02-06,solar,130.24000000,130.31999861,0.07999861
2030-02-07,solar,353.54000000,353.51999859,-0.02000141
2030-02-08,solar,402.19000000,402.24000084,0.05000084
2030-02-09,solar,367.87000000,367.92000071,0.05000071
2030-02-10,solar,281.21000000,281.27999919,0.06999919
2030-02-11,solar,135.56000000,135.59999820,0.03999820
2030-02-12,solar,145.98000000,145.92000294,-0.05999706
2030-02-13,solar,208.65000000,208.56000343,-0.08999657
2030-02-14,solar,237.63000000,237.60000022,-0.02999978
2030-02-15,solar,285.70000000,285.59999851,-0.10000149
2030-02-16,solar,281.11000000,281.03999913,-0.07000087
2030-02-17,solar,95.17000000,95.27999827,0.10999827
2030-02-18,solar,116.26000000,116.16000219,-0.09999781
2030-02-19,solar,190.27000000,190.31999836,0.04999836
2030-02-20,solar,290.40000000,290.40000173,0.00000173
2030-02-21,solar,281.58000000,281.51999926,-0.06000074
2030-02-22,solar,307.25000000,307.20000075,-0.04999925
2030-02-23,solar,141.22000000,141.11999785,-0.10000215
2030-02-24,solar,129.74000000,129.84000036,0.10000036
2030-02-25,solar,203.16000000,203.04000001,-0.11999999
2030-02-26,solar,260.27000000,260.16000084,-0.10999916
2030-02-27,solar,326.94000000,326.87999870,-0.06000130
2030-02-28,solar,462.32000000,462.24000059,-0.07999941
2030-03-01,solar,615.92000000,615.84000379,-0.07999621
2030-03-02,solar,540.68000000,540.71999984,0.03999984
2030-03-03,solar,384.10000000,383.99999953,-0.10000047
2030-03-04,solar,256.86000000,256.79999991,-0.06000009
2030-03-05,solar,205.86000000,205.91999706,0.05999706
2030-03-06,solar,231.86000000,231.84000237,-0.01999763
2030-03-07,solar,296.49000000,296.40000151,-0.08999849
2030-03-08,solar,148.74000000,148.80000186,0.06000186
2030-03-09,solar,238.98000000,239.04000062,0.06000062
2030-03-10,solar,249.71000000,249.59999979,-0.11000021
2030-03-11,solar,387.31000000,387.36000047,0.05000047
2030-03-12,solar,270.21000000,270.23999989,0.02999989
2030-03-13,solar,333.84000000,333.84000064,0.00000064
2030-03-14,solar,272.22000000,272.15999854,-0.06000146
2030-03-15,solar,481.10000000,481.20000210,0.10000210
2030-03-16,solar,682.05000000,682.07999776,0.02999776
2030-03-17,solar,584.29000000,584.40000257,0.11000257
2030-03-18,solar,611.67000000,611.76000078,0.09000078
2030-03-19,solar,418.65000000,418.55999786,-0.09000214
2030-03-20,solar,280.58000000,280.56000087,-0.01999913
2030-03-21,solar,406.48000000,406.56000204,0.08000204
2030-03-22,solar,578.55000000,578.64000285,0.09000285
2030-03-23,solar,301.59000000,301.68000486,0.09000486
2030-03-24,solar,317.98000000,318.00000375,0.02000375
2030-03-25,solar,459.97000000,460.08000375,0.11000375
2030-03-26,solar,344.85000000,344.87999994,0.02999994
2030-03-27,solar,587.73000000,587.76000163,0.03000163
2030-03-28,solar,671.02000000,671.04000221,0.02000221
2030-03-29,solar,390.36000000,390.47999758,0.11999758
2030-03-30,solar,337.34000000,337.44000164,0.10000164
2030-03-31,solar,348.00000000,347.99999705,-0.00000295
2030-04-01,solar,251.66000000,251.75999663,0.09999663
2030-04-02,solar,366.63000000,366.72000037,0.09000037
2030-04-03,solar,669.71000000,669.59999993,-0.11000007
2030-04-04,solar,813.27000000,813.36000227,0.09000227
2030-04-05,solar,819.67000000,819.60000212,-0.06999788
2030-04-06,solar,841.82000000,841.92000080,0.10000080
2030-04-07,solar,551.34000000,551.27999525,-0.06000475
2030-04-08,solar,282.58000000,282.47999953,-0.10000047
2030-04-09,solar,681.83000000,681.83999769,0.00999769
2030-04-10,solar,805.58000000,805.67999826,0.09999826
2030-04-11,solar,541.63000000,541.67999823,0.04999823
2030-04-12,solar,399.20000000,399.11999997,-0.08000003
2030-04-13,solar,495.14000000,495.11999845,-0.02000155
2030-04-14,solar,532.45000000,532.56000133,0.11000133
2030-04-15,solar,276.45000000,276.47999974,0.02999974
2030-04-16,solar,278.28000000,278.39999839,0.11999839
2030-04-17,solar,516.38000000,516.47999686,0.09999686
2030-04-18,solar,450.76000000,450.72000303,-0.03999697
2030-04-19,solar,632.70000000,632.63999530,-0.06000470
2030-04-20,solar,426.15000000,426.23999999,0.08999999
2030-04-21,solar,861.70000000,861.59999688,-0.10000312
2030-04-22,solar,819.91000000,819.83999467,-0.07000533
2030-04-23,solar,619.93000000,619.92000116,-0.00999884
2030-04-24,solar,473.85000000,473.76000003,-0.08999997
2030-04-25,solar,492.43000000,492.47999959,0.04999959
2030-04-26,solar,699.43000000,699.36000067,-0.06999933
2030-04-27,solar,809.53000000,809.51999744,-0.01000256
2030-04-28,solar,372.58000000,372.48000197,-0.09999803
2030-04-29,solar,499.79000000,499.67999784,-0.11000216
2030-04-30,solar,915.94000000,915.83999691,-0.10000309
2030-05-01,solar,551.71000000,551.76000290,0.05000290
2030-05-02,solar,462.02000000,462.00000053,-0.01999947
2030-05-03,solar,765.68000000,765.59999652,-0.08000348
2030-05-04,solar,789.05000000,789.11999930,0.06999930
2030-05-05,solar,581.85000000,581.75999996,-0.09000004
2030-05-06,solar,518.15000000,518.16000109,0.01000109
2030-05-07,solar,560.66000000,560.64000161,-0.01999839
2030-05-08,solar,581.99000000,582.00000003,0.01000003
2030-05-09,solar,668.38000000,668.39999771,0.01999771
2030-05-10,solar,412.46000000,412.55999807,0.09999807
2030-05-11,solar,348.93000000,348.95999920,0.02999920
2030-05-12,solar,507.34000000,507.36000185,0.02000185
2030-05-13,solar,585.61000000,585.59999915,-0.01000085
2030-05-14,solar,573.22000000,573.12000132,-0.09999868
2030-05-15,solar,583.43000000,583.44000043,0.01000043
2030-05-16,solar,418.50000000,418.55999786,0.05999786
2030-05-17,solar,638.31000000,638.39999878,0.08999878
2030-05-18,solar,746.34000000,746.39999871,0.05999871
2030-05-19,solar,644.25000000,644.15999850,-0.09000150
2030-05-20,solar,601.78000000,601.67999986,-0.10000014
2030-05-21,solar,681.87000000,681.83999957,-0.03000043
2030-05-22,solar,713.07000000,713.03999884,-0.03000116
2030-05-23,solar,405.19000000,405.11999976,-0.07000024
2030-05-24,solar,512.63000000,512.63999956,0.00999956
2030-05-25,solar,752.24000000,752.15999843,-0.08000157
2030-05-26,solar,840.11000000,839.99999839,-0.11000161
2030-05-27,solar,884.26000000,883.78253036,-0.47746964
2030-05-28,solar,843.01000000,843.12000302,0.11000302
2030-05-29,solar,836.69000000,836.64000122,-0.04999878
2030-05-30,solar,802.81000000,802.79999934,-0.01000066
2030-05-31,solar,896.27000000,896.15999896,-0.11000104
2030-06-01,solar,735.48000000,735.60000322,0.12000322
2030-06-02,solar,739.59000000,739.67999684,0.08999684
2030-06-03,solar,847.63000000,847.67999865,0.04999865
2030-06-04,solar,826.66000000,826.56000218,-0.09999782
2030-06-05,solar,755.60000000,755.52000124,-0.07999876
2030-06-06,solar,615.02000000,615.11999983,0.09999983
2030-06-07,solar,653.51000000,653.52000298,0.01000298
2030-06-08,solar,666.50000000,666.47999718,-0.02000282
2030-06-09,solar,775.20000000,775.19999731,-0.00000269
2030-06-10,solar,748.52000000,748.55999931,0.03999931
2030-06-11,solar,804.04000000,803.99999779,-0.04000221
2030-06-12,solar,825.75000000,825.83999822,0.08999822
2030-06-13,solar,837.38000000,837.35999766,-0.02000234
2030-06-14,solar,747.00000000,746.88000072,-0.11999928
2030-06-15,solar,689.76000000,689.76000552,0.00000552
2030-06-16,solar,595.23000000,595.20000181,-0.02999819
2030-06-17,solar,723.59000000,723.60000365,0.01000365
2030-06-18,solar,738.85000000,738.96000228,0.11000228
2030-06-19,solar,571.96000000,571.92000286,-0.03999714
2030-06-20,solar,638.90000000,638.87999891,-0.02000109
2030-06-21,solar,622.67000000,622.56000002,-0.10999998
2030-06-22,solar,611.01000000,611.04000245,0.03000245
2030-06-23,solar,382.86000000,382.79999920,-0.06000080
2030-06-24,solar,770.35000000,770.39999973,0.04999973
2030-06-25,solar,781.64000000,781.67999911,0.03999911
2030-06-26,solar,690.01000000,689.99999808,-0.01000192
2030-06-27,solar,593.18000000,593.27999752,0.09999752
2030-06-28,solar,615.59000000,615.59999808,0.00999808
2030-06-29,solar,567.54000000,567.59999979,0.05999979
2030-06-30,solar,408.50000000,408.47999882,-0.02000118
2030-07-01,solar,529.00000000,528.95999845,-0.04000155
2030-07-02,solar,675.88000000,675.83999978,-0.04000022
2030-07-03,solar,631.22000000,631.20000054,-0.01999946
2030-07-04,solar,766.62000000,766.55999867,-0.06000133
2030-07-05,solar,621.40000000,621.35999405,-0.04000595
2030-07-06,solar,826.91000000,826.80000224,-0.10999776
2030-07-07,solar,970.98000000,969.43437292,-1.54562708
2030-07-08,solar,896.37000000,896.39999902,0.02999902
2030-07-09,solar,857.14000000,857.04000125,-0.09999875
2030-07-10,solar,694.63000000,694.56000122,-0.06999878
2030-07-11,solar,876.07000000,875.99999899,-0.07000101
2030-07-12,solar,670.11000000,670.07999630,-0.03000370
2030-07-13,solar,706.62000000,706.55999892,-0.06000108
2030-07-14,solar,787.48000000,787.44000259,-0.03999741
2030-07-15,solar,722.29000000,722.40000144,0.11000144
2030-07-16,solar,726.95000000,726.96000270,0.01000270
2030-07-17,solar,740.65000000,740.64000274,-0.00999726
2030-07-18,solar,795.10000000,795.12000284,0.02000284
2030-07-19,solar,653.13000000,653.04000284,-0.08999716
2030-07-20,solar,716.21000000,716.15999782,-0.05000218
2030-07-21,solar,521.15000000,521.03999813,-0.11000187
2030-07-22,solar,679.97000000,679.92000091,-0.04999909
2030-07-23,solar,534.08000000,533.99999985,-0.08000015
2030-07-24,solar,482.75000000,482.64000062,-0.10999938
2030-07-25,solar,475.92000000,475.91999875,-0.00000125
2030-07-26,solar,597.38000000,597.35999866,-0.02000134
2030-07-27,solar,333.95000000,333.83999876,-0.11000124
2030-07-28,solar,468.12000000,468.23999850,0.11999850
2030-07-29,solar,527.46000000,527.52000181,0.06000181
2030-07-30,solar,590.51000000,590.39999672,-0.11000328
2030-07-31,solar,423.19000000,423.11999912,-0.07000088
2030-08-01,solar,501.28000000,501.36000206,0.08000206
2030-08-02,solar,414.36000000,414.48000048,0.12000048
2030-08-03,solar,604.10000000,604.07999864,-0.02000136
2030-08-04,solar,558.68000000,558.71999920,0.03999920
2030-08-05,solar,571.85000000,571.92000099,0.07000099
2030-08-06,solar,422.70000000,422.64000087,-0.05999913
2030-08-07,solar,480.90000000,480.95999640,0.05999640
2030-08-08,solar,647.46000000,647.52000131,0.06000131
2030-08-09,solar,576.95000000,576.95999863,0.00999863
2030-08-10,solar,879.97000000,880.08000201,0.11000201
2030-08-11,solar,909.67000000,909.60000081,-0.06999919
2030-08-12,solar,543.45000000,543.36000057,-0.08999943
2030-08-13,solar,684.38000000,684.48000030,0.10000030
2030-08-14,solar,764.69000000,764.64000001,-0.04999999
2030-08-15,solar,667.79000000,667.67999564,-0.11000436
2030-08-16,solar,705.94000000,705.84000247,-0.09999753
2030-08-17,solar,575.02000000,575.03999622,0.01999622
2030-08-18,solar,835.66000000,835.68000095,0.02000095
2030-08-19,solar,724.73000000,724.80000022,0.07000022
2030-08-20,solar,819.98000000,820.07999850,0.09999850
2030-08-21,solar,814.66000000,814.55999697,-0.10000303
2030-08-22,solar,764.06000000,764.15999612,0.09999612
2030-08-23,solar,823.97000000,823.92000144,-0.04999856
2030-08-24,solar,711.55000000,711.60000032,0.05000032
2030-08-25,solar,445.18000000,445.19999774,0.01999774
2030-08-26,solar,590.21000000,590.15999854,-0.05000146
2030-08-27,solar,350.63000000,350.64000154,0.01000154
2030-08-28,solar,364.36000000,364.31999783,-0.04000217
2030-08-29,solar,323.56000000,323.51999965,-0.04000035
2030-08-30,solar,505.74000000,505.68000138,-0.05999862
2030-08-31,solar,571.09000000,571.20000079,0.11000079
2030-09-01,solar,373.26000000,373.19999841,-0.06000159
2030-09-02,solar,533.48000000,533.51999784,0.03999784
2030-09-03,solar,487.21000000,487.19999813,-0.01000187
2030-09-04,solar,641.83000000,641.75999971,-0.07000029
2030-09-05,solar,625.82000000,625.92000095,0.10000095
2030-09-06,solar,633.33000000,633.35999926,0.02999926
2030-09-07,solar,649.59000000,649.67999815,0.08999815
2030-09-08,solar,631.65000000,631.68000067,0.03000067
2030-09-09,solar,613.14000000,613.20000305,0.06000305
2030-09-10,solar,582.05000000,582.00000191,-0.04999809
2030-09-11,solar,586.32000000,586.32000311,0.00000311
2030-09-12,solar,472.77000000,472.80000352,0.03000352
2030-09-13,solar,264.72000000,264.71999835,-0.00000165
2030-09-14,solar,487.39000000,487.44000195,0.05000195
2030-09-15,solar,583.83000000,583.92000056,0.09000056
2030-09-16,solar,558.78000000,558.71999920,-0.06000080
2030-09-17,solar,488.62000000,488.64000041,0.02000041
2030-09-18,solar,266.13000000,266.16000063,0.03000063
2030-09-19,solar,415.81000000,415.92000276,0.11000276
2030-09-20,solar,497.69000000,497.76000294,0.07000294
2030-09-21,solar,413.93000000,414.00000223,0.07000223
2030-09-22,solar,219.97000000,220.08000287,0.11000287
2030-09-23,solar,359.98000000,360.00000038,0.02000038
2030-09-24,solar,495.68000000,495.59999858,-0.08000142
2030-09-25,solar,541.20000000,541.20000373,0.00000373
2030-09-26,solar,519.07000000,519.12000136,0.05000136
2030-09-27,solar,482.61000000,482.64000250,0.03000250
2030-09-28,solar,466.44000000,466.56000367,0.12000367
2030-09-29,solar,324.93000000,324.96000005,0.03000005
2030-09-30,solar,397.06000000,396.96000313,-0.09999687
2030-10-01,solar,148.49000000,148.56000180,0.07000180
2030-10-02,solar,229.12000000,229.20000164,0.08000164
2030-10-03,solar,332.43000000,332.40000024,-0.02999976
2030-10-04,solar,434.10000000,434.15999843,0.05999843
2030-10-05,solar,414.22000000,414.24000042,0.02000042
2030-10-06,solar,443.87000000,443.75999922,-0.11000078
2030-10-07,solar,439.48000000,439.43999990,-0.04000010
2030-10-08,solar,286.41000000,286.31999871,-0.09000129
2030-10-09,solar,464.70000000,464.64000126,-0.05999874
2030-10-10,solar,391.95000000,391.91999610,-0.03000390
2030-10-11,solar,340.38000000,340.31999680,-0.06000320
2030-10-12,solar,358.28000000,358.31999804,0.03999804
2030-10-13,solar,204.10000000,203.99999840,-0.10000160
2030-10-14,solar,188.14000000,188.15999776,0.01999776
2030-10-15,solar,192.79000000,192.72000091,-0.06999909
2030-10-16,solar,316.96000000,317.03999785,0.07999785
2030-10-17,solar,352.07000000,352.08000194,0.01000194
2030-10-18,solar,227.07000000,227.03999728,-0.03000272
2030-10-19,solar,261.02000000,261.12000111,0.10000111
2030-10-20,solar,280.14000000,280.08000262,-0.05999738
2030-10-21,solar,132.60000000,132.47999921,-0.12000079
2030-10-22,solar,263.49000000,263.51999990,0.02999990
2030-10-23,solar,254.24000000,254.16000294,-0.07999706
2030-10-24,solar,143.99000000,144.00000053,0.01000053
2030-10-25,solar,256.02000000,256.07999971,0.05999971
2030-10-26,solar,254.98000000,254.87999938,-0.10000062
2030-10-27,solar,343.31000000,343.19999948,-0.11000052
2030-10-28,solar,268.80000000,268.80000136,0.00000136
2030-10-29,solar,231.96000000,232.08000244,0.12000244
2030-10-30,solar,318.72000000,318.72000207,0.00000207
2030-10-31,solar,229.96000000,229.91999808,-0.04000192
2030-11-01,solar,198.96000000,198.95999888,-0.00000112
2030-11-02,solar,248.58000000,248.63999952,0.05999952
2030-11-03,solar,199.62000000,199.68000096,0.06000096
2030-11-04,solar,107.31000000,107.27999973,-0.03000027
2030-11-05,solar,197.02000000,197.04000023,0.02000023
2030-11-06,solar,244.15000000,244.08000202,-0.06999798
2030-11-07,solar,177.00000000,176.88000214,-0.11999786
2030-11-08,solar,258.94000000,258.95999863,0.01999863
2030-11-09,solar,145.71000000,145.68000100,-0.02999900
2030-11-10,solar,236.53000000,236.63999995,0.10999995
2030-11-11,solar,186.67000000,186.72000300,0.05000300
2030-11-12,solar,179.80000000,179.75999919,-0.04000081
2030-11-13,solar,239.49000000,239.52000075,0.03000075
2030-11-14,solar,199.13000000,199.20000271,0.07000271
2030-11-15,solar,218.09000000,218.16000045,0.07000045
2030-11-16,solar,93.52000000,93.59999969,0.07999969
2030-11-17,solar,77.14000000,77.03999697,-0.10000303
2030-11-18,solar,72.60000000,72.47999946,-0.12000054
2030-11-19,solar,111.08000000,111.12000079,0.04000079
2030-11-20,solar,95.16000000,95.27999827,0.11999827
2030-11-21,solar,123.45000000,123.36000043,-0.08999957
2030-11-22,solar,79.48000000,79.43999951,-0.04000049
2030-11-23,solar,175.22000000,175.20000168,-0.01999832
2030-11-24,solar,96.50000000,96.47999861,-0.02000139
2030-11-25,solar,110.92000000,110.88000073,-0.03999927
2030-11-26,solar,97.53000000,97.44000075,-0.08999925
2030-11-27,solar,123.16000000,123.12000037,-0.03999963
2030-11-28,solar,54.78000000,54.71999828,-0.06000172
2030-11-29,solar,37.27000000,37.19999906,-0.07000094
2030-11-30,solar,44.30000000,44.39999918,0.09999918
2030-12-01,solar,66.14000000,66.23999960,0.09999960
2030-12-02,solar,32.28000000,32.15999954,-0.12000046
2030-12-03,solar,32.25000000,32.15999954,-0.09000046
2030-12-04,solar,42.38000000,42.48000240,0.10000240
2030-12-05,solar,35.50000000,35.51999859,0.01999859
2030-12-06,solar,58.38000000,58.31999928,-0.06000072
2030-12-07,solar,116.51000000,116.40000038,-0.10999962
2030-12-08,solar,108.73000000,108.71999825,-0.01000175
2030-12-09,solar,85.19000000,85.20000111,0.01000111
2030-12-10,solar,59.61000000,59.52000150,-0.08999850
2030-12-11,solar,48.92000000,48.96000232,0.04000232
2030-12-12,solar,104.92000000,104.87999906,-0.04000094
2030-12-13,solar,141.05000000,141.11999973,0.06999973
2030-12-14,solar,65.42000000,65.51999940,0.09999940
2030-12-15,solar,88.04000000,88.07999815,0.03999815
2030-12-16,solar,70.69000000,70.79999899,0.10999899
2030-12-17,solar,68.00000000,67.92000007,-0.07999993
2030-12-18,solar,70.20000000,70.08000255,-0.11999745
2030-12-19,solar,27.02000000,27.11999814,0.09999814
2030-12-20,solar,49.37000000,49.43999870,0.06999870
2030-12-21,solar,59.11000000,59.04000136,-0.06999864
2030-12-22,solar,78.08000000,78.00000099,-0.07999901
2030-12-23,solar,51.03000000,51.11999916,0.08999916
2030-12-24,solar,116.07000000,116.15999844,0.08999844
2030-12-25,solar,153.37000000,153.35999937,-0.01000063
2030-12-26,solar,64.21000000,64.32000095,0.11000095
2030-12-27,solar,208.57000000,208.56000155,-0.00999845
2030-12-28,solar,129.44000000,129.36000210,-0.07999790
2030-12-29,solar,130.08000000,130.08000042,0.00000042
2030-12-30,solar,204.61000000,204.71999860,0.10999860
2030-12-31,solar,141.05000000,141.11999973,0.06999973
