symbol_name,genscape/power/supply/de.cap_avail.bl.bio.d.c,genscape/power/supply/de.cap_avail.bl.btry.d.c,genscape/power/supply/de.cap_avail.bl.ccgt.d.c,genscape/power/supply/de.cap_avail.bl.coal.d.c,genscape/power/supply/de.cap_avail.bl.engine.d.c,genscape/power/supply/de.cap_avail.bl.gas_boiler.d.c,genscape/power/supply/de.cap_avail.bl.geo.d.c,genscape/power/supply/de.cap_avail.bl.gt.d.c,genscape/power/supply/de.cap_avail.bl.hydro_ps.d.c,genscape/power/supply/de.cap_avail.bl.hydro_res.d.c,genscape/power/supply/de.cap_avail.bl.hydro_ror.d.c,genscape/power/supply/de.cap_avail.bl.lig.d.c,genscape/power/supply/de.cap_avail.bl.nuc.d.c,genscape/power/supply/de.cap_avail.bl.oil.d.c,genscape/power/supply/de.cap_avail.bl.spv.d.c,genscape/power/supply/de.cap_avail.bl.waste.d.c,genscape/power/supply/de.cap_avail.bl.wnd.d.c,genscape/power/supply/de.cap_avail.bl.wnd_off.d.c,genscape/power/supply/de.cap_avail.bl.wnd_on.d.c,genscape/power/supply/de.cap_inst.bl.bio.d.c,genscape/power/supply/de.cap_inst.bl.btry.d.c,genscape/power/supply/de.cap_inst.bl.ccgt.d.c,genscape/power/supply/de.cap_inst.bl.coal.d.c,genscape/power/supply/de.cap_inst.bl.engine.d.c,genscape/power/supply/de.cap_inst.bl.gas_boiler.d.c,genscape/power/supply/de.cap_inst.bl.geo.d.c,genscape/power/supply/de.cap_inst.bl.gt.d.c,genscape/power/supply/de.cap_inst.bl.hydro_ps.d.c,genscape/power/supply/de.cap_inst.bl.hydro_res.d.c,genscape/power/supply/de.cap_inst.bl.hydro_ror.d.c,genscape/power/supply/de.cap_inst.bl.lig.d.c,genscape/power/supply/de.cap_inst.bl.nuc.d.c,genscape/power/supply/de.cap_inst.bl.oil.d.c,genscape/power/supply/de.cap_inst.bl.spv.d.c,genscape/power/supply/de.cap_inst.bl.waste.d.c,genscape/power/supply/de.cap_inst.bl.wnd.d.c,genscape/power/supply/de.cap_inst.bl.wnd_off.d.c,genscape/power/supply/de.cap_inst.bl.wnd_on.d.c,genscape/power/supply/de.pro.bl.bio.d.c,genscape/power/supply/de.pro.bl.btry.d.c,genscape/power/supply/de.pro.bl.ccgt.d.c,genscape/power/supply/de.pro.bl.coal.d.c,genscape/power/supply/de.pro.bl.engine.d.c,genscape/power/supply/de.pro.bl.gas_boiler.d.c,genscape/power/supply/de.pro.bl.gas.d.c,genscape/power/supply/de.pro.bl.geo.d.c,genscape/power/supply/de.pro.bl.gt.d.c,genscape/power/supply/de.pro.bl.hydro.d.c,genscape/power/supply/de.pro.bl.hydro_ps.d.c,genscape/power/supply/de.pro.bl.hydro_res.d.c,genscape/power/supply/de.pro.bl.hydro_ror.d.c,genscape/power/supply/de.pro.bl.lig.d.c,genscape/power/supply/de.pro.bl.nuc.d.c,genscape/power/supply/de.pro.bl.oil.d.c,genscape/power/supply/de.pro.bl.spv.d.c,genscape/power/supply/de.pro.bl.waste.d.c,genscape/power/supply/de.pro.bl.wnd.d.c,genscape/power/supply/de.pro.bl.wnd_off.d.c,genscape/power/supply/de.pro.bl.wnd_on.d.c,genscape/power/supply/de.pro.coal.d.c,genscape/power/supply/de.pro.gas.d.c,genscape/power/supply/de.pro.lig.d.c,genscape/power/supply/de.pro.pl.hydro.d.c,genscape/power/supply/de.pro.pl.spv.d.c,genscape/power/supply/de.pro.pl.wnd.d.c,genscape/power/supply/de.pro.spv.d.c,genscape/power/supply/de.pro.wnd.d.c
effective_date,2026-08-15T18:24:00,2026-08-15T18:24:00,2026-08-15T18:24:00,2026-08-15T18:24:00,2026-08-15T18:24:00,2026-08-15T18:24:00,2026-08-15T18:24:00,2026-08-15T18:24:00,2026-08-15T18:24:00,2026-08-15T18:24:00,2026-08-15T18:24:00,2026-08-15T18:24:00,2026-08-15T18:24:00,2026-08-15T18:24:00,2026-08-15T18:24:00,2026-08-15T18:24:00,2026-08-15T18:24:00,2026-08-15T18:24:00,2026-08-15T18:24:00,2026-08-15T18:24:00,2026-08-15T18:24:00,2026-08-15T18:24:00,2026-08-15T18:24:00,2026-08-15T18:24:00,2026-08-15T18:24:00,2026-08-15T18:24:00,2026-08-15T18:24:00,2026-08-15T18:24:00,2026-08-15T18:24:00,2026-08-15T18:24:00,2026-08-15T18:24:00,2026-08-15T18:24:00,2026-08-15T18:24:00,2026-08-15T18:24:00,2026-08-15T18:24:00,2026-08-15T18:24:00,2026-08-15T18:24:00,2026-08-15T18:24:00,2026-08-15T18:24:00,2026-08-15T18:24:00,2026-08-15T18:24:00,2026-08-15T18:24:00,2026-08-15T18:24:00,2026-08-15T18:24:00,,2026-08-15T18:24:00,2026-08-15T18:24:00,,2026-08-15T18:24:00,2026-08-15T18:24:00,2026-08-15T18:24:00,2026-08-15T18:24:00,2026-08-15T18:24:00,2026-08-15T18:24:00,2026-08-15T18:24:00,2026-08-15T18:24:00,2026-08-15T18:24:00,2026-08-15T18:24:00,2026-08-15T18:24:00,,,,,,,,
tag,EPC_LT_Model,EPC_LT_Model,EPC_LT_Model,EPC_LT_Model,EPC_LT_Model,EPC_LT_Model,EPC_LT_Model,EPC_LT_Model,EPC_LT_Model,EPC_LT_Model,EPC_LT_Model,EPC_LT_Model,EPC_LT_Model,EPC_LT_Model,EPC_LT_Model,EPC_LT_Model,EPC_LT_Model,EPC_LT_Model,EPC_LT_Model,EPC_LT_Model,EPC_LT_Model,EPC_LT_Model,EPC_LT_Model,EPC_LT_Model,EPC_LT_Model,EPC_LT_Model,EPC_LT_Model,EPC_LT_Model,EPC_LT_Model,EPC_LT_Model,EPC_LT_Model,EPC_LT_Model,EPC_LT_Model,EPC_LT_Model,EPC_LT_Model,EPC_LT_Model,EPC_LT_Model,EPC_LT_Model,EPC_LT_Model,EPC_LT_Model,EPC_LT_Model,EPC_LT_Model,EPC_LT_Model,EPC_LT_Model,EPC_LT_Model,EPC_LT_Model,EPC_LT_Model,EPC_LT_Model,EPC_LT_Model,EPC_LT_Model,EPC_LT_Model,EPC_LT_Model,EPC_LT_Model,EPC_LT_Model,EPC_LT_Model,EPC_LT_Model,EPC_LT_Model,EPC_LT_Model,EPC_LT_Model,EPC_LT_Model,EPC_LT_Model,EPC_LT_Model,EPC_LT_Model,EPC_LT_Model,EPC_LT_Model,EPC_LT_Model,EPC_LT_Model
unit,GW,GW,GW,GW,GW,GW,GW,GW,GW,GW,GW,GW,GW,GW,GW,GW,GW,GW,GW,GW,GW,GW,GW,GW,GW,GW,GW,GW,GW,GW,GW,GW,GW,GW,GW,GW,GW,GW,GWh,GWh,GWh,GWh,GWh,GWh,GWh,GWh,GWh,GWh,GWh,GWh,GWh,GWh,GWh,GWh,GWh,GWh,GWh,GWh,GWh,GWh,GWh,GWh,GWh,GWh,GWh,GWh,GWh
timezone,CET,CET,CET,CET,CET,CET,CET,CET,CET,CET,CET,CET,CET,CET,CET,CET,CET,CET,CET,CET,CET,CET,CET,CET,CET,CET,CET,CET,CET,CET,CET,CET,CET,CET,CET,CET,CET,CET,CET,CET,CET,CET,CET,CET,CET,CET,CET,CET,CET,CET,CET,CET,CET,CET,CET,CET,CET,CET,CET,CET,CET,CET,CET,CET,CET,CET,CET
1/1/2026 0:00,4.07,3.31,14.3,7.45,0.51,3.94,0,2.48,0,0,6.75,11.52,0,0.56,1.91,0.77,0,6.64,41.95,7.61,3.31,18.03,8.99,0.52,5.3,0,3.78,6.49,0.12,7.34,14.01,0,0.56,118.72,1.76,0,9.86,68.49,92.48,0,91.88,47.32,0,0.93,,0,0,,0,0,25.12,83.09,0,7.2,45.84,15.22,0,159.27,1006.71,,,,,,,,
1/2/2026 0:00,4.2,3.31,14.52,7.39,0.51,4.02,0,2.75,0,0,6.75,11.09,0,0.56,1.93,0.77,0,6.6,40.45,7.61,3.31,18.03,8.99,0.52,5.3,0,3.78,6.49,0.12,7.34,14.01,0,0.56,118.72,1.76,0,9.86,68.49,99.53,0,112.41,47.53,0,6.08,,0,0,,0,0,24.23,108.13,0,7.2,46.28,17.59,0,158.45,970.88,,,,,,,,
1/3/2026 0:00,4.2,3.31,15.04,7.4,0.52,4.21,0,2.69,0,0,6.75,12.14,0,0.54,2.19,0.77,0,4.05,23.8,7.61,3.31,18.03,8.99,0.52,5.3,0,3.78,6.49,0.12,7.34,14.01,0,0.56,118.72,1.76,0,9.86,68.49,100.89,0,168.59,59.36,0,12.79,,0,0,,0,0,24.16,190.59,0,7.2,52.59,17.59,0,97.16,571.3,,,,,,,,
1/4/2026 0:00,4.17,3.31,14.9,7.29,0.52,4.16,0,2.68,0,0,6.75,11.56,0,0.54,2.86,0.77,0,1.98,17.5,7.61,3.31,18.03,8.99,0.52,5.3,0,3.78,6.49,0.12,7.34,14.01,0,0.56,118.72,1.76,0,9.86,68.49,100.04,0,207.91,79.74,0,12.63,,0,0,,0,0,23.61,205.05,0,7.2,68.62,17.6,0,47.44,419.9,,,,,,,,
1/5/2026 0:00,4.26,3.31,14.93,7.4,0.52,4.17,0,2.62,0,0,6.75,11.42,0,0.54,3.37,0.77,0,1.33,11.98,7.61,3.31,18.03,8.99,0.52,5.3,0,3.78,6.49,0.12,7.34,14.01,0,0.56,118.72,1.76,0,9.86,68.49,102.24,5.66,320.84,150.49,4.49,22.43,,0,2.09,,0,0,33.86,255.29,0,8.57,80.96,17.87,0,31.91,287.53,,,,,,,,
1/6/2026 0:00,4.27,3.31,14.91,7.4,0.51,4.16,0,2.55,0,0,6.75,11.4,0,0.54,2.61,0.77,0,2.28,11.16,7.61,3.31,18.03,8.99,0.52,5.3,0,3.78,6.49,0.12,7.34,14.01,0,0.56,118.72,1.76,0,9.86,68.49,102.44,2,328.63,145.76,3.41,19.57,,0,0.74,,0,0,38.58,257.02,0,8.49,62.72,17.73,0,54.83,267.86,,,,,,,,
1/7/2026 0:00,4.22,3.31,15.03,7.42,0.51,4.21,0,2.75,0,0,6.75,11.95,0,0.54,3.17,0.77,0,6.08,22.91,7.61,3.31,18.03,8.99,0.52,5.3,0,3.78,6.49,0.12,7.34,14.01,0,0.56,118.72,1.76,0,9.86,68.49,101.21,0,297.17,125.85,0.16,12.78,,0,0.02,,0,0,27.61,238.02,0,7.56,76.06,17.62,0,145.92,549.81,,,,,,,,
1/8/2026 0:00,4.27,3.31,15.08,7.52,0.52,4.22,0,2.77,0,0,6.75,11.99,0,0.54,1.24,0.77,0,2.31,14.74,7.61,3.31,18.03,8.99,0.52,5.3,0,3.78,6.49,0.12,7.34,14.01,0,0.56,118.72,1.76,0,9.86,68.49,102.56,5.77,316.58,147.75,6.46,45.99,,0,14.4,,0,0,34.62,266.82,0,10.13,29.74,17.95,0,55.4,353.84,,,,,,,,
1/9/2026 0:00,4.2,3.31,14.47,7.48,0.51,4,0,2.72,0,0,6.75,12.12,0,0.54,1.09,0.77,0,6.65,39.33,7.61,3.31,18.03,8.99,0.52,5.3,0,3.78,6.49,0.12,7.34,14.01,0,0.56,118.72,1.76,0,9.86,68.49,100.78,0.4,115.89,49.35,0,12.02,,0,0,,0,0,29.7,155.22,0,7.2,26.18,17.59,0,159.6,943.81,,,,,,,,
1/10/2026 0:00,4.23,3.31,14.67,7.5,0.52,4.08,0,2.69,0,0,6.75,11.82,0,0.53,1.38,0.77,0,4.99,22.34,7.61,3.31,18.03,8.99,0.52,5.3,0,3.78,6.49,0.12,7.34,14.01,0,0.56,118.72,1.76,0,9.86,68.49,101.56,4.49,219.4,96.65,0.16,12.25,,0,0.02,,0,0,29.73,187.24,0,7.59,33.01,17.6,0,119.76,536.18,,,,,,,,
1/11/2026 0:00,4.23,3.31,14.72,7.52,0.51,4.09,0,2.7,0,0,6.75,11.54,0,0.53,3.28,0.77,0,3.38,10.78,7.61,3.31,18.03,8.99,0.52,5.3,0,3.78,6.49,0.12,7.34,14.01,0,0.56,118.72,1.76,0,9.86,68.49,101.46,0,239.36,103.96,0,12.44,,0,0,,0,0,27.96,225.53,0,7.2,78.61,17.6,0,81.23,258.74,,,,,,,,
1/12/2026 0:00,4.2,3.31,15.01,7.49,0.51,4.2,0,2.76,0,0,6.75,12.23,0,0.53,0.52,0.77,0,5.55,21.19,7.61,3.31,18.03,8.99,0.52,5.3,0,3.78,6.49,0.12,7.34,14.01,0,0.56,118.72,1.76,0,9.86,68.49,100.79,0.22,271.33,123.75,0,12.76,,0,0,,0,0,31.9,233.17,0,7.87,12.44,17.61,0,133.12,508.64,,,,,,,,
1/13/2026 0:00,4.21,3.31,14.82,7.41,0.51,4.13,0,2.81,0,0,6.75,12.26,0,0.53,1.8,0.77,0,4.84,18.04,7.61,3.31,18.03,8.99,0.52,5.3,0,3.78,6.49,0.12,7.34,14.01,0,0.56,118.72,1.76,0,9.86,68.49,101.14,0.47,269.28,124.96,1.02,12.54,,0,0.1,,0,0,31.76,255.83,0,8.15,43.21,17.63,0,116.16,433.03,,,,,,,,
1/14/2026 0:00,4.18,3.31,14.54,7.21,0.51,4.03,0,2.81,0,0,6.75,11.38,0,0.53,1.81,0.77,0,3.47,17.78,7.61,3.31,18.03,8.99,0.52,5.3,0,3.78,6.49,0.12,7.34,14.01,0,0.56,118.72,1.76,0,9.86,68.49,100.38,5.77,280.11,138.57,2.37,15.94,,0,1.62,,0,0,32.71,245.05,0,8.54,43.34,17.75,0,83.29,426.65,,,,,,,,
1/15/2026 0:00,4.17,3.31,14.62,7.29,0.51,4.06,0,2.76,0,0,6.75,11.07,0,0.53,2.11,0.77,0,5.04,18.11,7.61,3.31,18.03,8.99,0.52,5.3,0,3.78,6.49,0.12,7.34,14.01,0,0.56,118.72,1.76,0,9.86,68.49,100.13,2.72,244.51,128.05,0.39,12.33,,0,0.03,,0,0,31.47,220.97,0,7.87,50.54,17.63,0,120.93,434.54,,,,,,,,
1/16/2026 0:00,4.22,3.31,14.77,7.42,0.51,4.11,0,2.69,0,0,6.75,11.27,0,0.53,3.25,0.77,0,4.3,18.52,7.61,3.31,18.03,8.99,0.52,5.3,0,3.78,6.49,0.12,7.34,14.01,0,0.56,118.72,1.76,0,9.86,68.49,101.37,2.45,251.4,142.66,1.47,15.19,,0,0.29,,0,0,30.37,231.22,0,8.34,77.92,17.71,0,103.22,444.5,,,,,,,,
1/17/2026 0:00,4.28,3.31,15.05,6.71,0.51,4.21,0,2.67,0,0,6.75,10.76,0,0.53,3.13,0.77,0,2.88,12.17,7.61,3.31,18.03,8.99,0.52,5.3,0,3.78,6.49,0.12,7.34,14.01,0,0.56,118.72,1.76,0,9.86,68.49,102.67,0,227.97,124.94,0,12.8,,0,0,,0,0,28.51,238.9,0,8.7,75.01,17.63,0,69.18,292.12,,,,,,,,
1/18/2026 0:00,4.25,3.31,15.06,6.86,0.51,4.22,0,2.67,0,0,6.75,10.66,0,0.53,3.78,0.77,0,2.41,16.24,7.61,3.31,18.03,8.99,0.52,5.3,0,3.78,6.49,0.12,7.34,14.01,0,0.56,118.72,1.76,0,9.86,68.49,102.1,0,209.82,122.03,0,12.82,,0,0,,0,0,27.12,228.7,0,7.99,90.69,17.61,0,57.88,389.72,,,,,,,,
1/19/2026 0:00,4.31,3.31,15.33,6.88,0.51,4.32,0,2.68,0,0,6.75,10.89,0,0.53,3.87,0.77,0,1.9,13.24,7.61,3.31,18.03,8.99,0.52,5.3,0,3.78,6.49,0.12,7.34,14.01,0,0.56,118.72,1.76,0,9.86,68.49,103.54,5.77,312.46,153.1,3.32,18.95,,0,2.37,,0,0,29.15,253.62,0,9.55,92.79,17.88,0,45.5,317.79,,,,,,,,
1/20/2026 0:00,4.36,3.31,15.33,7.19,0.51,4.31,0,2.72,0,0,6.75,10.89,0,0.53,3.9,0.77,0,1.66,7.15,7.61,3.31,18.03,8.99,0.52,5.3,0,3.78,6.49,0.12,7.34,14.01,0,0.56,118.72,1.76,0,9.86,68.49,104.53,10.39,338.56,167.79,6.15,42.34,,0,12.77,,0,0,32.65,261.2,0,10.85,93.71,18.05,0,39.94,171.62,,,,,,,,
1/21/2026 0:00,4.34,3.31,15.53,7.58,0.51,4.39,0,2.73,0,0,6.75,10.77,0,0.53,4.36,0.77,0,4.21,11.05,7.61,3.31,18.03,8.99,0.52,5.3,0,3.78,6.49,0.12,7.34,14.01,0,0.56,118.72,1.76,0,9.86,68.49,104.17,1.29,335.92,175.33,2.6,18.86,,0,0.6,,0,0,30.18,257.87,0,9.09,104.6,17.92,0,101.08,265.25,,,,,,,,
1/22/2026 0:00,4.36,3.31,15.63,6.93,0.51,4.42,0,2.73,0,0,6.75,11.59,0,0.53,4.43,0.77,0,6.66,14.31,7.61,3.31,18.03,8.99,0.52,5.3,0,3.78,6.49,0.12,7.34,14.01,0,0.56,118.72,1.76,0,9.86,68.49,104.71,1.75,286.68,158.68,0.63,13.44,,0,0.41,,0,0,30.19,271.2,0,9.09,106.28,17.81,0,159.85,343.43,,,,,,,,
1/23/2026 0:00,4.34,3.31,15.54,6.96,0.51,4.39,0,2.73,0,0,6.75,11.88,0,0.53,4.22,0.77,0,6.72,18.29,7.61,3.31,18.03,8.99,0.52,5.3,0,3.78,6.49,0.12,7.34,14.01,0,0.56,118.72,1.76,0,9.86,68.49,104.05,1.76,230.19,135.06,0,13.35,,0,0,,0,0,28.9,270.88,0,8.98,101.27,17.69,0,161.26,438.85,,,,,,,,
1/24/2026 0:00,4.34,3.31,15.07,7.11,0.51,4.22,0,2.72,0,0,6.75,11.15,0,0.53,2.83,0.77,0,6.23,12.35,7.61,3.31,18.03,8.99,0.52,5.3,0,3.78,6.49,0.12,7.34,14.01,0,0.56,118.72,1.76,0,9.86,68.49,104.23,0,199.53,132.16,0,12.83,,0,0,,0,0,26.75,255.55,0,8.66,67.86,17.65,0,149.49,296.31,,,,,,,,
1/25/2026 0:00,4.31,3.31,15.21,7.19,0.51,4.27,0,2.73,0,0,6.75,12.01,0,0.53,2.1,0.77,0,5.6,12.1,7.61,3.31,18.03,8.99,0.52,5.3,0,3.78,6.49,0.12,7.34,14.01,0,0.56,118.72,1.76,0,9.86,68.49,103.4,0,180.23,133.93,0,12.97,,0,0,,0,0,24.51,271.58,0,9.09,50.3,17.62,0,134.46,290.42,,,,,,,,
1/26/2026 0:00,4.29,3.31,15.5,7.26,0.51,4.38,0,2.72,0,0,6.75,13.53,0,0.53,0.79,0.77,0,5.35,14.18,7.61,3.31,18.03,8.99,0.52,5.3,0,3.78,6.49,0.12,7.34,14.01,0,0.56,118.72,1.76,0,9.86,68.49,102.97,1.84,302.79,162.03,3.54,15.03,,0,0.91,,0,0,30.72,316.98,0,9.17,18.98,17.95,0,128.5,340.31,,,,,,,,
1/27/2026 0:00,4.18,3.31,15.46,7.39,0.51,4.36,0,2.72,0,0,6.75,12.01,0,0.53,2.64,0.77,0,5.16,9.69,7.61,3.31,18.03,8.99,0.52,5.3,0,3.78,6.49,0.12,7.34,14.01,0,0.56,118.72,1.76,0,9.86,68.49,100.2,4.34,326.54,173.56,3.23,15.99,,0,0.69,,0,0,31.12,288.04,0,9.25,63.43,17.91,0,123.91,232.46,,,,,,,,
1/28/2026 0:00,4.22,3.31,15.54,7.76,0.51,4.39,0,2.72,0,0,6.75,11.57,0,0.53,1.56,0.77,0,6.62,16.74,7.61,3.31,18.03,8.99,0.52,5.3,0,3.78,6.49,0.12,7.34,14.01,0,0.56,118.72,1.76,0,9.86,68.49,101.18,1.42,300.36,178.11,1.97,13.84,,0,0.33,,0,0,30.23,274.75,0,9.09,37.38,17.8,0,158.94,401.69,,,,,,,,
1/29/2026 0:00,4.28,3.31,15.77,7.55,0.51,4.48,0,2.72,0,0,6.75,11.66,0,0.53,1.26,0.77,0,6.58,13.45,7.61,3.31,18.03,8.99,0.52,5.3,0,3.78,6.49,0.12,7.34,14.01,0,0.56,118.72,1.76,0,9.86,68.49,102.7,4.11,320.82,174.46,3.51,20.25,,0,0.91,,0,0,32.77,274.7,0,9.48,30.2,17.94,0,157.92,322.77,,,,,,,,
1/30/2026 0:00,4.35,3.31,15.73,7.5,0.51,4.46,0,2.45,0,0,6.75,11.69,0,0.53,2.35,0.77,0,6.77,16.55,7.61,3.31,18.03,8.99,0.52,5.3,0,3.78,6.49,0.12,7.34,14.01,0,0.56,118.72,1.76,0,9.86,68.49,104.37,0.8,241.76,163.49,0,13.56,,0,0,,0,0,29.22,270.89,0,9.02,56.48,17.73,0,162.57,397.14,,,,,,,,
1/31/2026 0:00,4.29,3.31,15.4,7.46,0.52,4.34,0,2.29,0,0,6.75,9.91,0,0.53,3.71,0.77,0,6.85,18.32,7.61,3.31,18.03,8.99,0.52,5.3,0,3.78,6.49,0.12,7.34,14.01,0,0.56,118.72,1.76,0,9.86,68.49,103.06,0,161.34,144.5,0,13.19,,0,0,,0,0,25.96,232.85,0,8.98,88.98,17.63,0,164.41,439.78,,,,,,,,
2/1/2026 0:00,4.26,3.31,15.42,7.68,0.52,4.35,0,2.3,0,0,6.75,9.24,0,0.53,3.71,0.77,0,6.89,14.87,7.61,3.31,18.03,8.99,0.52,5.3,0,3.78,6.49,0.12,7.34,14.01,0,0.56,119.85,1.76,0,10,68.78,102.19,0,145.82,147.89,0,13.21,,0,0,,0,0,24.22,214.34,0,9.09,88.99,17.62,0,165.34,356.91,,,,,,,,
2/2/2026 0:00,4.18,3.31,15.53,7.73,0.52,4.39,0,2.3,0,0,6.75,9.77,0,0.53,5.25,0.77,0,6.94,24.22,7.61,3.31,18.03,8.99,0.52,5.3,0,3.78,6.49,0.12,7.34,14.01,0,0.56,119.85,1.76,0,10,68.78,100.28,0.46,170.98,155.25,0,13.33,,0,0,,0,0,26.3,227.02,0,8.94,126.05,17.68,0,166.57,581.19,,,,,,,,
2/3/2026 0:00,4.15,3.31,15.46,7.48,0.51,4.36,0,2.35,0,0,6.75,9.27,0,0.53,5.22,0.77,0,6.97,31.15,7.61,3.31,18.03,8.99,0.52,5.3,0,3.78,6.49,0.12,7.34,14.01,0,0.56,119.85,1.76,0,10,68.78,99.51,0.4,161.58,121.39,0,13.25,,0,0,,0,0,26.71,197.9,0,7.75,125.24,17.6,0,167.28,747.6,,,,,,,,
2/4/2026 0:00,4.28,3.31,15.59,7.71,0.51,4.41,0,2.3,0,0,6.75,11.99,0,0.53,4.89,0.77,0,6.96,19.44,7.61,3.31,18.03,8.99,0.52,5.3,0,3.78,6.49,0.12,7.34,14.01,0,0.56,119.85,1.76,0,10,68.78,102.66,0.79,242.5,140.85,0,13.4,,0,0,,0,0,27.56,263.85,0,8.38,117.31,17.62,0,167.11,466.52,,,,,,,,
2/5/2026 0:00,4.33,3.31,15.47,7.83,0.52,4.37,0,2.24,0,0,6.75,12.34,0,0.53,3.51,0.77,0,6.87,17.61,7.61,3.31,18.03,8.99,0.52,5.3,0,3.78,6.49,0.12,7.34,14.01,0,0.56,119.85,1.76,0,10,68.78,103.94,0,245.55,147.26,0,13.26,,0,0,,0,0,27.72,283.61,0,8.62,84.18,17.63,0,164.83,422.66,,,,,,,,
2/6/2026 0:00,4.35,3.31,15.31,7.86,0.51,4.31,0,2.18,0,0,6.75,12.05,0,0.53,3.48,0.77,0,4.87,7.67,7.61,3.31,18.03,8.99,0.52,5.3,0,3.78,6.49,0.12,7.34,14.01,0,0.56,119.85,1.76,0,10,68.78,104.39,3.22,306.11,175.93,3.31,13.91,,0,0.24,,0,0,27.82,287.41,0,9.09,83.47,17.73,0,116.91,184.04,,,,,,,,
2/7/2026 0:00,4.29,3.31,15.05,7.5,0.52,4.21,0,2.1,0,0,6.75,10.71,0,0.53,2.62,0.77,0,4.35,5.55,7.61,3.31,18.03,8.99,0.52,5.3,0,3.78,6.49,0.12,7.34,14.01,0,0.56,119.85,1.76,0,10,68.78,102.93,0.48,252.09,145,0,12.8,,0,0,,0,0,25.9,254.97,0,9.09,62.92,17.65,0,104.43,133.08,,,,,,,,
2/8/2026 0:00,4.26,3.31,15.17,7.86,0.52,4.26,0,2.16,0,0,6.75,10.49,0,0.53,3.18,0.77,0,5.93,7.83,7.61,3.31,18.03,8.99,0.52,5.3,0,3.78,6.49,0.12,7.34,14.01,0,0.56,119.85,1.76,0,10,68.78,102.28,0,189.76,147.38,0,12.93,,0,0,,0,0,26.63,246.7,0,9.09,76.26,17.61,0,142.21,187.86,,,,,,,,
2/9/2026 0:00,4.33,3.31,15.67,7.81,0.52,4.44,0,2.3,0,0,6.75,11.45,0,0.53,4.25,0.77,0,3.24,7.95,7.61,3.31,18.03,8.99,0.52,5.3,0,3.78,6.49,0.12,7.34,14.01,0,0.56,119.85,1.76,0,10,68.78,103.94,5.77,316.46,177.32,3.17,20.46,,0,1.3,,0,0,31.29,271.95,0,9.17,101.99,17.87,0,77.81,190.71,,,,,,,,
2/10/2026 0:00,4.27,3.31,15.59,7.69,0.52,4.41,0,2.37,0,0,6.75,11.9,0,0.53,6.29,0.77,0,3.38,13.14,7.61,3.31,18.03,8.99,0.52,5.3,0,3.78,6.49,0.12,7.34,14.01,0,0.56,119.85,1.76,0,10,68.78,102.51,0,287.66,160.27,0.16,13.4,,0,0,,0,0,30.77,285,0,9.09,150.85,17.66,0,81.01,315.3,,,,,,,,
2/11/2026 0:00,4.26,3.31,15.49,7.37,0.51,4.37,0,2.26,0,0,6.75,11.74,0,0.53,2.24,0.77,0,3.73,15.17,7.61,3.31,18.03,8.99,0.52,5.3,0,3.78,6.49,0.12,7.34,14.01,0,0.56,119.85,1.76,0,10,68.78,102.31,0,302.27,160.39,2.05,14.09,,0,0.13,,0,0,31.87,274.42,0,9.09,53.65,17.67,0,89.55,364.04,,,,,,,,
2/12/2026 0:00,4.2,3.31,15.52,6.97,0.51,4.39,0,2.27,0,0,6.75,11.65,0,0.53,1.93,0.77,0,6.56,16.94,7.61,3.31,18.03,8.99,0.52,5.3,0,3.78,6.49,0.12,7.34,14.01,0,0.56,119.85,1.76,0,10,68.78,100.77,0.4,276.48,138.29,0,13.32,,0,0,,0,0,34.43,268.14,0,8.74,46.3,17.66,0,157.37,406.5,,,,,,,,
2/13/2026 0:00,4.24,3.31,15.51,7.14,0.51,4.38,0,2.31,0,0,6.75,11.9,0,0.53,2.96,0.77,0,3.41,12.47,7.61,3.31,18.03,8.99,0.52,5.3,0,3.78,6.49,0.12,7.34,14.01,0,0.56,119.85,1.76,0,10,68.78,101.81,0.8,261.91,142.39,0.16,13.31,,0,0.03,,0,0,36.13,278.11,0,8.78,71.12,17.67,0,81.79,299.19,,,,,,,,
2/14/2026 0:00,4.24,3.31,15.26,7.11,0.51,4.29,0,2.29,0,0,6.75,11.85,0,0.53,2.55,0.77,0,1.05,9.27,7.61,3.31,18.03,8.99,0.52,5.3,0,3.78,6.49,0.12,7.34,14.01,0,0.56,119.85,1.76,0,10,68.78,101.86,0,246.19,139.57,0,13.04,,0,0,,0,0,34.44,283.77,0,9.09,61.29,17.64,0,25.26,222.4,,,,,,,,
2/15/2026 0:00,4.18,3.31,14.81,6.91,0.51,4.13,0,2.28,0,0,6.75,11.09,0,0.53,5.63,0.77,0,4.66,12.47,7.61,3.31,18.03,8.99,0.52,5.3,0,3.78,6.49,0.12,7.34,14.01,0,0.56,119.85,1.76,0,10,68.78,100.24,0,145.33,113.09,0,12.54,,0,0,,0,0,33.09,248.32,0,8.19,135,17.6,0,111.77,299.19,,,,,,,,
2/16/2026 0:00,4.27,3.31,15.46,7.23,0.51,4.36,0,2.29,0,0,6.75,12.12,0,0.53,2.96,0.77,0,4.44,20.8,7.61,3.31,18.03,8.99,0.52,5.3,0,3.78,6.49,0.12,7.34,14.01,0,0.56,119.85,1.76,0,10,68.78,102.45,1.11,229.4,139.53,0.08,13.26,,0,0,,0,0,36.19,281.1,0,8.7,71.04,17.66,0,106.53,499.21,,,,,,,,
2/17/2026 0:00,4.23,3.31,15.65,7.61,0.51,4.43,0,2.71,0,0,6.75,13.31,0,0.53,3.7,0.77,0,1.9,13.37,7.61,3.31,18.03,8.99,0.52,5.3,0,3.78,6.49,0.12,7.34,14.01,0,0.56,119.85,1.76,0,10,68.78,101.41,0,273.55,148.51,0,13.46,,0,0,,0,0,38.77,319.2,0,9.09,88.74,17.63,0,45.65,320.79,,,,,,,,
2/18/2026 0:00,4.23,3.31,15.62,7.79,0.51,4.42,0,2.64,0,0,6.75,13.48,0,0.53,4.44,0.77,0,1.8,8.76,7.61,3.31,18.03,8.99,0.52,5.3,0,3.78,6.49,0.12,7.34,14.01,0,0.56,119.85,1.76,0,10,68.78,101.46,5.37,299.2,164.9,1.07,16.42,,0,0.98,,0,0,40.74,322.87,0,9.09,106.59,17.74,0,43.15,210.18,,,,,,,,
2/19/2026 0:00,4.25,3.31,15.45,7.51,0.52,4.36,0,2.52,0,0,6.75,13.5,0,0.53,4.49,0.77,0,5.35,22.28,7.61,3.31,18.03,8.99,0.52,5.3,0,3.78,6.49,0.12,7.34,14.01,0,0.56,119.85,1.76,0,10,68.78,102.08,0,217.29,134.88,0,13.24,,0,0,,0,0,37.45,308.54,0,8.58,107.77,17.61,0,128.32,534.81,,,,,,,,
2/20/2026 0:00,4.22,3.31,15.43,7.7,0.51,4.35,0,2.45,0,0,6.75,12.97,0,0.53,6.73,0.77,0,5.81,17.9,7.61,3.31,18.03,8.99,0.52,5.3,0,3.78,6.49,0.12,7.34,14.01,0,0.56,119.85,1.76,0,10,68.78,101.27,1.66,197,125.62,0,13.22,,0,0,,0,0,39.57,293.24,0,8.86,161.62,17.64,0,139.51,429.5,,,,,,,,
2/21/2026 0:00,4.09,3.31,15.28,7.71,0.52,4.3,0,2.51,0,0,6.75,10.01,0,0.53,2.93,0.77,0,6.25,30.16,7.61,3.31,18.03,8.99,0.52,5.3,0,3.78,6.49,0.12,7.34,14.01,0,0.56,119.85,1.76,0,10,68.78,98.25,5.77,102.63,54.61,0,8.33,,0,0,,0,0,38.53,156.98,0,7.2,70.32,17.59,0,150.05,723.74,,,,,,,,
2/22/2026 0:00,4,3.31,15.36,7.71,0.52,4.33,0,2.59,0,0,6.75,9.83,0,0.53,1.51,0.77,0,5.85,32.01,7.61,3.31,18.03,8.99,0.52,5.3,0,3.78,6.49,0.12,7.34,14.01,0,0.56,119.85,1.76,0,10,68.78,96.07,0.32,92.78,47.88,0,4.59,,0,0,,0,0,43.61,129.44,0,7.2,36.28,17.59,0,140.49,768.2,,,,,,,,
2/23/2026 0:00,4.02,3.31,15.49,7.71,0.52,4.37,0,2.59,0,0,6.75,10.78,0,0.53,4.54,0.77,0,6.77,31.83,7.61,3.31,18.03,8.99,0.52,5.3,0,3.78,6.49,0.12,7.34,14.01,0,0.56,119.85,1.76,0,10,68.78,96.48,0,128.81,76.13,0,11.08,,0,0,,0,0,41.7,188.16,0,7.28,108.91,17.59,0,162.37,763.81,,,,,,,,
2/24/2026 0:00,4.19,3.31,15.58,7.51,0.52,4.41,0,2.56,0,0,6.75,12.27,0,0.53,3.67,0.77,0,1.78,7.98,7.61,3.31,18.03,8.99,0.52,5.3,0,3.78,6.49,0.12,7.34,14.01,0,0.56,119.85,1.76,0,10,68.78,100.47,5.77,295.42,155.68,1.9,16.62,,0,1.03,,0,0,49.1,283.66,0,8.7,88.19,17.75,0,42.82,191.51,,,,,,,,
2/25/2026 0:00,4.19,3.31,15.35,7.25,0.52,4.32,0,2.49,0,0,6.75,11.88,0,0.53,8.17,0.77,0,4.11,8.06,7.61,3.31,18.03,8.99,0.52,5.3,0,3.78,6.49,0.12,7.34,14.01,0,0.56,119.85,1.76,0,10,68.78,100.57,0,250.04,130.28,0,13.13,,0,0,,0,0,48.57,269.02,0,8.86,196.01,17.61,0,98.67,193.42,,,,,,,,
2/26/2026 0:00,4.2,3.31,14.94,7.16,0.52,4.17,0,2.34,0,0,6.75,11.73,0,0.53,8.56,0.77,0,6.08,16.5,7.61,3.31,18.03,8.99,0.52,5.3,0,3.78,6.49,0.12,7.34,14.01,0,0.56,119.85,1.76,0,10,68.78,100.78,0,165.21,92.29,0,12.68,,0,0,,0,0,46.88,233,0,7.48,205.45,17.6,0,145.84,396.08,,,,,,,,
2/27/2026 0:00,4.19,3.31,14.81,7.35,0.43,4.13,0,2.24,0,0,6.75,10.94,0,0.53,10.02,0.77,0,6.56,20.94,7.61,3.31,18.03,8.99,0.52,5.3,0,3.78,6.49,0.12,7.34,14.01,0,0.56,119.85,1.76,0,10,68.78,100.56,1,134.83,78.28,0,12.32,,0,0,,0,0,45.42,202.47,0,7.32,240.59,17.6,0,157.51,502.55,,,,,,,,
2/28/2026 0:00,4.16,3.31,14.71,7.1,0.51,4.09,0,2.24,0,0,6.75,11.6,0,0.53,9.57,0.77,0,4.74,21.6,7.61,3.31,18.03,8.21,0.52,5.3,0,3.78,6.49,0.12,7.34,14.01,0,0.56,119.85,1.76,0,10,68.78,98.57,5.77,93.34,51.76,0,10.01,,0,0,,0,0,42.6,193.18,0,7.2,229.57,15.92,0,113.72,518.32,,,,,,,,
3/1/2026 0:00,4.09,3.31,14.82,7.12,0.51,4.13,0,2.29,0,0,6.75,11.76,0,0.53,7.42,0.77,0,5.5,14.25,7.61,3.31,18.03,8.21,0.52,5.3,0,3.78,6.49,0.12,7.34,14.01,0,0.56,120.97,1.76,0,10.13,69.08,97.76,0,86.99,46.94,0,10.25,,0,0,,0,0,41.42,194.05,0,7.44,178.03,17.6,0,132.07,341.99,,,,,,,,
3/2/2026 0:00,4.07,3.31,14.98,7.04,0.51,4.19,0,2.45,0,0,6.75,12.13,0,0.53,10.96,0.77,0,4.77,9.45,7.61,3.31,18.03,8.21,0.52,5.3,0,3.78,6.49,0.12,7.34,14.01,0,0.56,120.97,1.76,0,10.13,69.08,97.75,6.46,201.52,117.41,0.32,13.69,,0,0.21,,0,0,43.63,249.1,0,8.19,262.97,17.66,0,114.59,226.85,,,,,,,,
3/3/2026 0:00,4.17,3.31,14.99,6.45,0.52,4.19,0,2.45,0,0,6.75,11.26,0,0.53,11.7,0.77,0,2.46,5.27,7.61,3.31,18.03,8.21,0.52,5.3,0,3.78,6.49,0.12,7.34,14.01,0,0.56,120.97,1.76,0,10.13,69.08,99.99,2.94,213.68,141.25,0.57,12.73,,0,0.06,,0,0,45.25,264.74,0,9.09,280.71,17.7,0,59.11,126.58,,,,,,,,
3/4/2026 0:00,4.28,3.31,15.04,6.4,0.51,4.21,0,2.45,0,0,6.75,12.2,0,0.53,12.04,0.77,0,1.63,2.95,7.61,3.31,18.03,8.21,0.52,5.3,0,3.78,6.49,0.12,7.34,14.01,0,0.56,120.97,1.76,0,10.13,69.08,102.65,10.04,217.9,146.63,1.02,15.62,,0,1.49,,0,0,45.26,289.05,0,9.43,289.08,17.83,0,39.15,70.87,,,,,,,,
3/5/2026 0:00,4.25,3.31,15.01,6.18,0.51,4.2,0,2.4,0,0,6.75,12.32,0,0.53,13.7,0.77,0,2.29,9.49,7.61,3.31,18.03,8.21,0.52,5.3,0,3.78,6.49,0.12,7.34,14.01,0,0.56,120.97,1.76,0,10.13,69.08,101.89,5.67,163.81,129.96,0,12.76,,0,0,,0,0,42.37,273.28,0,8.78,328.91,17.73,0,54.87,227.77,,,,,,,,
3/6/2026 0:00,4.28,3.31,14.97,6.29,0.52,4.18,0,2.56,0,0,6.75,12.01,0,0.53,13.9,0.77,0,0.97,5.23,7.61,3.31,18.03,8.21,0.52,5.3,0,3.78,6.49,0.12,7.34,14.01,0,0.56,120.97,1.76,0,10.13,69.08,102.77,6.44,172,140.2,0.32,12.71,,0,0.04,,0,0,43.92,277.54,0,8.94,333.69,17.73,0,23.28,125.63,,,,,,,,
3/7/2026 0:00,4.21,3.31,14.45,6.3,0.52,3.99,0,2.62,0,0,6.75,11.34,0,0.53,14.15,0.77,0,0.61,2.31,7.61,3.31,18.03,8.21,0.52,5.3,0,3.78,6.49,0.12,7.34,14.01,0,0.56,120.97,1.76,0,10.13,69.08,100.76,5.77,118.02,122.92,0,10.92,,0,0,,0,0,42.12,242.68,0,8.66,339.66,17.67,0,14.57,55.5,,,,,,,,
3/8/2026 0:00,4.12,3.31,14.67,6.3,0.52,4.07,0,2.62,0,0,6.75,11.03,0,0.53,13.47,0.77,0,0.69,5.1,7.61,3.31,18.03,8.21,0.52,5.3,0,3.78,6.49,0.12,7.34,14.01,0,0.56,120.97,1.76,0,10.13,69.08,98.2,0.4,104.34,127.14,0,10.97,,0,0,,0,0,39.45,232.52,0,8.54,323.2,17.3,0,16.45,122.51,,,,,,,,
3/9/2026 0:00,4.13,3.31,14.78,6.35,0.51,4.11,0,2.63,0,0,6.75,12.39,0,0.53,13.57,0.77,0,0.52,3.8,7.61,3.31,18.03,8.21,0.52,5.3,0,3.78,6.49,0.12,7.34,14.01,0,0.56,120.97,1.76,0,10.13,69.08,99.13,10.74,186.32,139.1,0.86,15.12,,0,0.78,,0,0,41.51,288.28,0,8.97,325.77,17.76,0,12.54,91.28,,,,,,,,
3/10/2026 0:00,4.02,3.31,14.52,6.51,0.51,4.02,0,2.62,0,0,6.75,12.34,0,0.53,11.96,0.77,0,1.81,5.04,7.61,3.31,18.03,8.21,0.52,5.3,0,3.78,6.49,0.12,7.34,14.01,0,0.56,120.97,1.76,0,10.13,69.08,96.54,5.99,183.88,152.14,0.08,12.21,,0,0.11,,0,0,39.18,296.13,0,9.17,286.95,17.8,0,43.42,120.97,,,,,,,,
3/11/2026 0:00,3.99,3.31,14.57,6.51,0.52,4.04,0,2.65,0,0,6.75,11.51,0,0.53,7.31,0.77,0,5.34,21.29,7.61,3.31,18.03,8.21,0.52,5.3,0,3.78,6.49,0.12,7.34,14.01,0,0.56,120.97,1.76,0,10.13,69.08,95.86,6.38,93.88,90.6,0,12.27,,0,0,,0,0,35.97,242.66,0,8.46,175.37,17.62,0,128.13,510.93,,,,,,,,
3/12/2026 0:00,4.03,3.31,14.58,6.57,0.52,4.04,0,2.73,0,0,6.75,9.15,0,0.53,11.95,0.77,0,6.48,21.2,7.61,3.31,18.03,8.21,0.52,5.3,0,3.78,6.49,0.12,7.34,14.01,0,0.56,120.97,1.76,0,10.13,69.08,95.5,6.3,58.87,91.54,0,10.74,,0,0,,0,0,36.57,179.39,0,8.11,286.73,16.26,0,155.6,508.87,,,,,,,,
3/13/2026 0:00,4.02,3.31,14.46,6.61,0.52,4,0,2.73,0,0,6.75,8.84,0,0.53,9.33,0.77,0,6.22,27.74,7.61,3.31,18.03,8.21,0.52,5.3,0,3.78,6.49,0.12,7.34,14.01,0,0.56,120.97,1.76,0,10.13,69.08,94.21,2.69,89.85,64.7,0,6.21,,0,0,,0,0,36.45,150.53,0,7.91,223.85,15.95,0,149.39,665.87,,,,,,,,
3/14/2026 0:00,4.16,3.31,14.11,6.42,0.52,3.87,0,2.72,0,0,6.75,11.3,0,0.53,6.48,0.77,0,1.2,7.67,7.61,3.31,18.03,8.21,0.52,5.3,0,3.78,6.49,0.12,7.34,14.01,0,0.56,120.97,1.76,0,10.13,69.08,99.86,5.37,109.03,132.37,0,11.76,,0,0,,0,0,37.42,271.2,0,9.09,155.59,17.64,0,28.81,184.03,,,,,,,,
3/15/2026 0:00,4.06,3.31,14.14,6.58,0.52,3.88,0,2.73,0,0,6.75,11.33,0,0.53,8.64,0.77,0,2.67,5.4,7.61,3.31,18.03,8.21,0.52,5.3,0,3.78,6.49,0.12,7.34,14.01,0,0.56,120.97,1.76,0,10.13,69.08,97.44,5.77,96.12,121.63,0,11.23,,0,0,,0,0,34.82,244.28,0,8.66,207.39,17.64,0,63.98,129.66,,,,,,,,
3/16/2026 0:00,3.96,3.31,14.36,6.58,0.52,3.96,0,2.73,0,0,6.75,11,0,0.53,9.31,0.77,0,5.52,22.97,7.61,3.31,18.03,8.21,0.52,5.3,0,3.78,6.49,0.12,7.34,14.01,0,0.56,120.97,1.76,0,10.13,69.08,95.01,3.67,101.98,75.08,0,10.24,,0,0,,0,0,35.58,200.24,0,8.03,223.52,17.62,0,132.53,551.27,,,,,,,,
3/17/2026 0:00,4.07,3.31,14.6,6.43,0.52,4.05,0,2.73,0,0,6.75,11.82,0,0.53,9.7,0.77,0,3.8,7.04,7.61,3.31,18.03,8.21,0.52,5.3,0,3.78,6.49,0.12,7.34,14.01,0,0.56,120.97,1.76,0,10.13,69.08,97.64,5.77,159.99,146.64,0,12.3,,0,0,,0,0,34.02,283.54,0,9.09,232.86,17.68,0,91.13,168.9,,,,,,,,
3/18/2026 0:00,3.99,3.31,14.41,6.32,0.51,3.98,0,2.73,0,0,6.75,11.95,0,0.53,16.78,0.77,0,2.91,12.13,7.61,3.31,18.03,8.21,0.52,5.3,0,3.78,6.49,0.12,7.34,14.01,0,0.56,120.97,1.76,0,10.13,69.08,94.4,5.33,115.8,121.91,0,10.58,,0,0,,0,0,34.95,251.8,0,8.62,402.68,16.3,0,69.73,291.13,,,,,,,,
3/19/2026 0:00,4.03,3.31,14.52,5.98,0.51,4.02,0,2.73,0,0,6.75,12,0,0.53,17.11,0.77,0,0.94,4.65,7.61,3.31,18.03,8.21,0.52,5.3,0,3.78,6.49,0.12,7.34,14.01,0,0.56,120.97,1.76,0,10.13,69.08,96.82,5.77,161.15,128.04,0.32,11.29,,0,0.04,,0,0,36.61,262.6,0,8.78,410.61,17.72,0,22.68,111.58,,,,,,,,
3/20/2026 0:00,4.18,3.31,14.7,6.06,0.51,4.09,0,2.73,0,0,6.75,12.84,0,0.53,14.08,0.77,0,0.62,3.58,7.61,3.31,18.03,8.21,0.52,5.3,0,3.78,6.49,0.12,7.34,14.01,0,0.56,120.97,1.76,0,10.13,69.08,100.36,6.56,179.76,138.92,0,12.42,,0,0,,0,0,35.29,305.06,0,9.09,337.81,17.74,0,14.89,85.99,,,,,,,,
3/21/2026 0:00,4.14,3.31,14.23,6.23,0.51,3.91,0,2.71,0,0,6.75,12.52,0,0.53,11.95,0.77,0,0.49,6.31,7.61,3.31,18.03,8.21,0.52,5.3,0,3.78,6.49,0.12,7.34,14.01,0,0.56,120.97,1.76,0,10.13,69.08,99.46,5.77,88.6,133.51,0,11.06,,0,0,,0,0,32.32,273.72,0,8.7,286.86,17.66,0,11.82,151.41,,,,,,,,
3/22/2026 0:00,4.07,3.31,14.27,6.14,0.47,3.93,0,2.73,0,0,6.75,11.3,0,0.53,17.14,0.77,0,0.99,8.4,7.61,3.31,18.03,8.21,0.52,5.3,0,3.78,6.49,0.12,7.34,14.01,0,0.56,120.97,1.76,0,10.13,69.08,95.93,0.8,86.53,104.92,0,8.42,,0,0,,0,0,32.53,223.14,0,8.46,411.33,15.97,0,23.82,201.49,,,,,,,,
3/23/2026 0:00,4.14,3.31,14.51,6.22,0.51,4.02,0,2.73,0,0,6.75,12.51,0,0.53,15.72,0.77,0,0.45,1.09,7.61,3.31,18.03,8.21,0.52,5.3,0,3.78,6.49,0.12,7.34,14.01,0,0.56,120.97,1.76,0,10.13,69.08,99.33,10.74,168.99,142.05,0.71,13.12,,0,0.13,,0,0,34.87,292.59,0,9.28,377.4,17.8,0,10.88,26.21,,,,,,,,
3/24/2026 0:00,4.02,3.31,14.54,6.21,0.51,4.03,0,2.45,0,0,6.75,11.36,0,0.53,14.46,0.77,0,6.13,20.25,7.61,3.31,18.03,8.21,0.52,5.3,0,3.78,6.49,0.12,7.34,14.01,0,0.56,120.97,1.76,0,10.13,69.08,94.96,5.97,56.66,90.04,0,8.66,,0,0,,0,0,32.14,205.71,0,8.23,346.95,16.29,0,147.19,486.09,,,,,,,,
3/25/2026 0:00,3.97,3.31,14.72,6.26,0.51,4.09,0,2.48,0,0,6.75,9.93,0,0.53,8.79,0.77,0,7.27,35.79,7.61,3.31,18.03,8.21,0.52,5.3,0,3.78,6.49,0.12,7.34,14.01,0,0.56,120.97,1.76,0,10.13,69.08,88,5.77,54.26,50.16,0,4.19,,0,0,,0,0,32.53,154.2,0,7.71,211.08,13.53,0,174.39,858.88,,,,,,,,
3/26/2026 0:00,4.1,3.31,14.83,6.27,0.51,4.13,0,2.73,0,0,6.75,10.96,0,0.53,12.84,0.77,0,6.94,23.41,7.61,3.31,18.03,8.21,0.52,5.3,0,3.78,6.49,0.12,7.34,14.01,0,0.56,120.97,1.76,0,10.13,69.08,97.26,0.8,71.55,100.46,0,8.99,,0,0,,0,0,32.44,216.3,0,8.46,308.11,16.28,0,166.49,561.88,,,,,,,,
3/27/2026 0:00,4.16,3.31,15.1,6.41,0.51,4.23,0,2.73,0,0,6.75,11.99,0,0.53,14.91,0.77,0,3.42,8.34,7.61,3.31,18.03,8.21,0.52,5.3,0,3.78,6.49,0.12,7.34,14.01,0,0.56,120.97,1.76,0,10.13,69.08,99.73,10.56,97.97,141.95,0,12.85,,0,0,,0,0,32.13,279.87,0,8.94,357.81,17.66,0,82.04,200.21,,,,,,,,
3/28/2026 0:00,4.15,3.31,14.6,6.9,0.51,4.05,0,2.73,0,0,6.75,11.6,0,0.53,8.8,0.77,0,3.02,12.06,7.61,3.31,18.03,8.21,0.52,5.3,0,3.78,6.49,0.12,7.34,14.01,0,0.56,120.97,1.76,0,10.13,69.08,99.54,5.77,64.75,103.73,0,10.97,,0,0,,0,0,31.49,235.92,0,8.5,211.3,17.62,0,72.54,289.5,,,,,,,,
3/29/2026 0:00,4.05,3.31,14.55,6.8,0.51,4.03,0,2.73,0,0,6.75,10.5,0,0.53,13.57,0.77,0,4.6,13.52,7.61,3.31,18.03,8.21,0.52,5.3,0,3.78,6.49,0.12,7.34,14.01,0,0.56,120.97,1.76,0,10.13,69.08,95.68,5.77,52.92,84.24,0,9.08,,0,0,,0,0,29.39,174.67,0,8.07,325.6,16.26,0,110.42,324.5,,,,,,,,
3/30/2026 0:00,4.04,3.31,14.63,6.73,0.51,4.06,0,2.64,0,0,6.75,9.58,0,0.53,10.55,0.77,0,6.32,25.96,7.61,3.31,18.03,8.21,0.52,5.3,0,3.78,6.49,0.12,7.34,14.01,0,0.56,120.97,1.76,0,10.13,69.08,96.82,9.3,61.71,76.52,0,8.47,,0,0,,0,0,31.59,150.93,0,7.75,253.15,17.61,0,151.73,622.94,,,,,,,,
3/31/2026 0:00,4.1,3.31,14.93,6.88,0.52,4.17,0,2.55,0,0,6.75,10.35,0,0.53,11.5,0.77,0,4.45,18.1,7.61,3.31,18.03,8.21,0.52,5.3,0,3.78,6.49,0.12,7.34,14.01,0,0.56,120.97,1.76,0,10.13,69.08,98.45,2.63,102.21,134.71,0,12.49,,0,0,,0,0,34.23,230.55,0,8.74,275.99,17.64,0,106.77,434.38,,,,,,,,
4/1/2026 0:00,4.06,3.31,15.09,6.41,0.52,4.23,0,2.79,0,0,6.75,9.95,0,0.53,14.7,0.77,0,1,1.91,7.61,3.31,18.03,8.21,0.52,5.3,0,3.78,6.49,0.12,7.34,14.01,0,0.56,122.1,1.76,0,10.26,69.37,97.37,10.74,185.31,149.95,0.64,12.85,,0,0.08,,0,0,29.38,238.8,0,5.64,352.75,17.78,0,24.05,45.74,,,,,,,,
4/2/2026 0:00,4.13,3.31,14.87,6.5,0.5,4.15,0,2.81,0,0,6.75,9.94,0,0.53,15.25,0.77,0,3.69,6.47,7.61,3.31,18.03,8.21,0.52,5.3,0,3.78,6.49,0.12,7.34,14.01,0,0.56,122.1,1.76,0,10.26,69.37,99.13,5.77,114.99,140.62,0,12.42,,0,0,,0,0,27.3,232.92,0,5.22,366.08,17.65,0,88.67,155.27,,,,,,,,
4/3/2026 0:00,4.26,3.31,14.07,6.42,0.5,3.85,0,2.49,0,0,6.75,6.08,0,0.53,11.07,0.77,0,4.77,13.49,7.61,3.31,18.03,8.21,0.52,5.3,0,3.78,6.49,0.12,7.34,14.01,0,0.56,122.1,1.76,0,10.26,69.37,101.78,5.77,66.24,90.29,0,8.3,,0,0,,0,0,27.95,111.81,0,4.59,265.77,17.62,0,114.38,323.76,,,,,,,,
4/4/2026 0:00,4.29,3.31,13.98,6.15,0.51,3.82,0,2.62,0,0,6.75,6.41,0,0.53,11.58,0.77,0,6.23,25.44,7.61,3.31,18.03,8.21,0.52,5.3,0,3.78,6.49,0.12,7.34,14.01,0,0.56,122.1,1.76,0,10.26,69.37,97.94,5.86,44.27,32.75,0,3.05,,0,0,,0,0,27.81,86.2,0,3.92,277.89,15.27,0,149.42,610.66,,,,,,,,
4/5/2026 0:00,4.22,3.31,13.91,6.3,0.51,3.8,0,2.7,0,0,6.75,8.28,0,0.53,13.68,0.77,0,7.76,35.63,7.61,3.31,18.03,8.21,0.52,5.3,0,3.78,6.49,0.12,7.34,14.01,0,0.56,122.1,1.76,0,10.26,69.37,92.12,5.77,42.72,12.67,0,0.24,,0,0,,0,0,27.8,68.09,0,3.6,328.42,11.52,0,186.13,855.23,,,,,,,,
4/6/2026 0:00,4.18,3.31,13.94,6.36,0.5,3.81,0,2.7,0,0,6.75,8.54,0,0.53,17.01,0.77,0,5.7,22.06,7.61,3.31,18.03,8.21,0.52,5.3,0,3.78,6.49,0.12,7.34,14.01,0,0.56,122.1,1.76,0,10.26,69.37,91.78,0.4,44.24,35.54,0,2.65,,0,0,,0,0,29.88,106.75,0,3.99,408.14,11.98,0,136.88,529.53,,,,,,,,
4/7/2026 0:00,4.16,3.31,13.77,6.31,0.5,3.75,0,2.01,0,0,6.75,8.24,0,0.53,19.13,0.77,0,1.49,7.73,7.61,3.31,18.03,8.21,0.52,5.3,0,3.78,6.49,0.12,7.34,14.01,0,0.56,122.1,1.76,0,10.26,69.37,98.12,10.34,82.55,113.29,0,7.9,,0,0,,0,0,32.58,170.64,0,4.86,459.03,15.96,0,35.79,185.46,,,,,,,,
4/8/2026 0:00,4.24,3.31,13.88,6.32,0.49,3.79,0,2.06,0,0,6.75,8.41,0,0.53,19.5,0.77,0,3.47,7.96,7.61,3.31,18.03,8.21,0.52,5.3,0,3.78,6.49,0.12,7.34,14.01,0,0.56,122.1,1.76,0,10.26,69.37,100.86,8.29,79.06,123.38,0,8.88,,0,0,,0,0,32.79,176.37,0,4.94,467.98,16.01,0,83.17,190.95,,,,,,,,
4/9/2026 0:00,4.22,3.31,14.04,5.93,0.5,3.85,0,2.06,0,0,6.75,8.25,0,0.53,18.79,0.77,0,6.38,12.18,7.61,3.31,18.03,8.21,0.52,5.3,0,3.78,6.49,0.12,7.34,14.01,0,0.56,122.1,1.76,0,10.26,69.37,99.8,2.83,64.42,98.42,0,8.32,,0,0,,0,0,33.04,171.43,0,4.9,450.91,15.96,0,153.2,292.38,,,,,,,,
4/10/2026 0:00,4.23,3.31,13.92,5.79,0.5,3.8,0,2.06,0,0,6.75,8.41,0,0.53,10.18,0.77,0,3.81,10.74,7.61,3.31,18.03,8.21,0.52,5.3,0,3.78,6.49,0.12,7.34,14.01,0,0.56,122.1,1.76,0,10.26,69.37,101.52,5.77,128.67,119.16,1.11,12.25,,0,0.74,,0,0,32.55,197.24,0,5.79,244.33,17.71,0,91.55,257.88,,,,,,,,
4/11/2026 0:00,4.28,3.31,13.77,5.36,0.49,3.75,0,2.06,0,0,6.75,7.78,0,0.53,18.54,0.77,0,5.29,15.94,7.61,3.31,18.03,8.21,0.52,5.3,0,3.78,6.49,0.12,7.34,14.01,0,0.56,122.1,1.76,0,10.26,69.37,98.88,0,68.95,49.71,0,6.96,,0,0,,0,0,34.28,138.11,0,4.23,444.91,14.94,0,127.06,382.55,,,,,,,,
4/12/2026 0:00,4.28,3.31,13.94,5.17,0.49,3.81,0,2.06,0,0,6.75,8.48,0,0.53,10.27,0.77,0,3.96,6.9,7.61,3.31,18.03,8.21,0.52,5.3,0,3.78,6.49,0.12,7.34,14.01,0,0.56,122.1,1.76,0,10.26,69.37,101.52,5.77,86.66,48.29,0,8.35,,0,0,,0,0,35.02,151.79,0,4.15,246.52,17.61,0,94.98,165.64,,,,,,,,
4/13/2026 0:00,4.23,3.31,14.21,5.37,0.5,3.91,0,2.04,0,0,6.75,9.14,0,0.53,9.65,0.77,0,2.81,10.51,7.61,3.31,18.03,8.21,0.52,5.3,0,3.78,6.49,0.12,7.34,14.01,0,0.56,122.1,1.76,0,10.26,69.37,101.41,0.33,125.71,118.39,0,11.87,,0,0,,0,0,40.04,219.26,0,5.49,231.6,17.65,0,67.34,252.34,,,,,,,,
4/14/2026 0:00,4.24,3.31,14.23,5.35,0.51,3.91,0,2.02,0,0,6.75,9.38,0,0.53,10.32,0.77,0,1.21,6.34,7.61,3.31,18.03,8.21,0.52,5.3,0,3.78,6.49,0.12,7.34,14.01,0,0.56,122.1,1.76,0,10.26,69.37,101.68,5.77,191.15,123.74,0.68,12.61,,0,0.71,,0,0,39.36,225.05,0,5.79,247.72,17.74,0,29.1,152.25,,,,,,,,
4/15/2026 0:00,4.22,3.31,14.15,5.23,0.5,3.89,0,2,0,0,6.75,9.62,0,0.53,15.53,0.77,0,2.19,2.61,7.61,3.31,18.03,8.21,0.52,5.3,0,3.78,6.49,0.12,7.34,14.01,0,0.56,122.1,1.76,0,10.26,69.37,101.17,5.77,160.16,116.31,0.15,11.81,,0,0.03,,0,0,36.74,226.58,0,5.22,372.66,17.71,0,52.54,62.72,,,,,,,,
4/16/2026 0:00,4.25,3.31,14.09,5.39,0.47,3.86,0,2.02,0,0,6.75,8.52,0,0.53,15.41,0.77,0,2.39,4.12,7.61,3.31,18.03,8.21,0.52,5.3,0,3.78,6.49,0.12,7.34,14.01,0,0.56,122.1,1.76,0,10.26,69.37,101.98,5.37,148.3,106.16,0.3,12.29,,0,0.03,,0,0,35.81,191.22,0,5.1,369.81,17.66,0,57.26,98.78,,,,,,,,
4/17/2026 0:00,4.26,3.31,14.02,5.12,0.48,3.84,0,2.02,0,0,6.75,8.98,0,0.53,17.07,0.77,0,0.91,1.52,7.61,3.31,18.03,8.21,0.52,5.3,0,3.78,6.49,0.12,7.34,14.01,0,0.56,122.1,1.76,0,10.26,69.37,102.25,6.16,142.89,97.76,0,10.66,,0,0,,0,0,36.35,195.44,0,4.94,409.59,17.64,0,21.78,36.52,,,,,,,,
4/18/2026 0:00,4.29,3.31,13.41,4.62,0.49,3.62,0,2.02,0,0,6.75,7.62,0,0.53,15.56,0.77,0,1.48,3.38,7.61,3.31,18.03,8.21,0.52,5.3,0,3.78,6.49,0.12,7.34,14.01,0,0.56,122.1,1.76,0,10.26,69.37,102.91,5.77,110.91,74.78,0,8.29,,0,0,,0,0,34.8,148.39,0,4.78,373.37,17.62,0,35.41,81.08,,,,,,,,
4/19/2026 0:00,4.26,3.31,13.62,5.17,0.5,3.69,0,2.02,0,0,6.75,7.19,0,0.53,10.12,0.77,0,2.53,10.49,7.61,3.31,18.03,8.21,0.52,5.3,0,3.78,6.49,0.12,7.34,14.01,0,0.56,122.1,1.76,0,10.26,69.37,100.71,0.4,90,79.87,0,8.24,,0,0,,0,0,36.05,135.35,0,4.63,242.86,16.28,0,60.72,251.81,,,,,,,,
4/20/2026 0:00,4.22,3.31,13.88,5.28,0.49,3.79,0,2.02,0,0,6.75,8.3,0,0.53,11.27,0.77,0,4.42,16.64,7.61,3.31,18.03,8.21,0.52,5.3,0,3.78,6.49,0.12,7.34,14.01,0,0.56,122.1,1.76,0,10.26,69.37,101.22,6.31,86.57,84.58,0,10.32,,0,0,,0,0,36.31,169.98,0,4.7,270.37,17.62,0,106.16,399.3,,,,,,,,
4/21/2026 0:00,4.21,3.31,14.1,5.2,0.51,3.87,0,2.01,0,0,6.75,9.41,0,0.53,16.88,0.77,0,2.17,11.87,7.61,3.31,18.03,8.21,0.52,5.3,0,3.78,6.49,0.12,7.34,14.01,0,0.56,122.1,1.76,0,10.26,69.37,100.43,8.73,106.98,83.05,0,9.85,,0,0,,0,0,35.98,192.77,0,4.94,405.15,17.6,0,52.03,284.96,,,,,,,,
4/22/2026 0:00,4.24,3.31,14.1,4.83,0.48,3.87,0,2,0,0,6.75,8.98,0,0.53,22.18,0.77,0,1.72,8.18,7.61,3.31,18.03,8.21,0.52,5.3,0,3.78,6.49,0.12,7.34,14.01,0,0.56,122.1,1.76,0,10.26,69.37,99.78,7.05,100.02,75.81,0,7.92,,0,0,,0,0,34.2,181.59,0,4.78,532.4,15.63,0,41.38,196.39,,,,,,,,
4/23/2026 0:00,4.23,3.31,13.7,4.58,0.51,3.72,0,2.02,0,0,6.75,8.62,0,0.53,22.16,0.77,0,5.54,15.35,7.61,3.31,18.03,8.21,0.52,5.3,0,3.78,6.49,0.12,7.34,14.01,0,0.56,122.1,1.76,0,10.26,69.37,98.08,1.19,47.4,69.62,0,7.27,,0,0,,0,0,31.46,167.76,0,4.78,531.77,15.28,0,132.89,368.44,,,,,,,,
4/24/2026 0:00,4.28,3.31,13.28,4.01,0.51,3.57,0,2.04,0,0,6.75,8.61,0,0.53,19.56,0.77,0,5.53,13.77,7.61,3.31,18.03,8.21,0.52,5.3,0,3.78,6.49,0.12,7.34,14.01,0,0.56,122.1,1.76,0,10.26,69.37,100.44,10.74,57.23,63.45,0,7.27,,0,0,,0,0,32.27,171.19,0,4.78,469.49,15.63,0,132.81,330.48,,,,,,,,
4/25/2026 0:00,4.29,3.31,13.29,4.04,0.51,3.57,0,2.03,0,0,6.75,8.38,0,0.53,20.64,0.77,0,6,20.1,7.61,3.31,18.03,8.21,0.52,5.3,0,3.78,6.49,0.12,7.34,14.01,0,0.56,122.1,1.76,0,10.26,69.37,98.08,0,43.69,29.38,0,4.93,,0,0,,0,0,29.71,119.97,0,3.68,495.44,14.57,0,143.98,482.38,,,,,,,,
4/26/2026 0:00,4.28,3.31,13.41,4.31,0.51,3.61,0,2.02,0,0,6.75,8.55,0,0.53,21.52,0.77,0,1.75,5.84,7.61,3.31,18.03,8.21,0.52,5.3,0,3.78,6.49,0.12,7.34,14.01,0,0.56,122.1,1.76,0,10.26,69.37,98.79,7.82,70.73,36.65,0,6.59,,0,0,,0,0,30.12,130.08,0,4.07,516.4,14.94,0,41.96,140.21,,,,,,,,
4/27/2026 0:00,4.29,3.31,13.7,4.69,0.51,3.72,0,2.07,0,0,6.75,8.36,0,0.53,20.12,0.77,0,0.41,3.3,7.61,3.31,18.03,8.21,0.52,5.3,0,3.78,6.49,0.12,7.34,14.01,0,0.56,122.1,1.76,0,10.26,69.37,102.24,9.08,125.18,91.21,0,8.59,,0,0,,0,0,33.14,177.46,0,4.94,482.82,16.33,0,9.9,79.29,,,,,,,,
4/28/2026 0:00,4.26,3.31,13.54,4.63,0.51,3.66,0,2.06,0,0,6.75,8.15,0,0.53,20.34,0.77,0,2.5,14.02,7.61,3.31,18.03,8.21,0.52,5.3,0,3.78,6.49,0.12,7.34,14.01,0,0.56,122.1,1.76,0,10.26,69.37,100.05,2.46,56.31,72.16,0,7.43,,0,0,,0,0,31.46,165.32,0,4.74,488.25,15.34,0,60.07,336.59,,,,,,,,
4/29/2026 0:00,4.26,3.31,13.43,4.53,0.51,3.62,0,2.07,0,0,6.75,7.91,0,0.53,21.85,0.77,0,1.31,13.98,7.61,3.31,18.03,8.21,0.52,5.3,0,3.78,6.49,0.12,7.34,14.01,0,0.56,122.1,1.76,0,10.26,69.37,99.98,6.02,66.79,69.95,0,7.08,,0,0,,0,0,31.99,158.97,0,4.78,524.44,15.29,0,31.51,335.64,,,,,,,,
4/30/2026 0:00,4.23,3.31,13.59,4.34,0.51,3.68,0,2.12,0,0,6.75,6.6,0,0.53,21.86,0.77,0,1.85,11.56,7.61,3.31,18.03,8.21,0.52,5.3,0,3.78,6.49,0.12,7.34,14.01,0,0.56,122.1,1.76,0,10.26,69.37,98.39,9.23,75.31,69.11,0,7.09,,0,0,,0,0,34.3,135.21,0,4.78,524.68,15.29,0,44.36,277.52,,,,,,,,
5/1/2026 0:00,4.11,3.31,13.67,3.73,0.51,3.71,0,1.85,0,0,6.75,5.71,0,0.53,22.42,0.77,0,3.58,9.57,7.61,3.31,18.03,8.21,0.52,5.3,0,3.78,6.49,0.12,7.34,14.01,0,0.56,123.64,1.76,0,10.4,69.66,94.4,5.37,42.83,55.44,0,6.31,,0,0,,0,0,31.37,109.87,0,4.55,538.01,14.93,0,85.89,229.61,,,,,,,,
5/2/2026 0:00,4.09,3.31,13.58,4.05,0.51,3.68,0,1.84,0,0,6.75,6,0,0.53,21.64,0.77,0,3.17,10.11,7.61,3.31,18.03,8.21,0.52,5.3,0,3.78,6.49,0.12,7.34,14.01,0,0.56,123.64,1.76,0,10.4,69.66,94.1,6.16,63.29,46.84,0,6.83,,0,0,,0,0,31.66,113.73,0,4.31,519.32,14.95,0,75.97,242.52,,,,,,,,
5/3/2026 0:00,4.05,3.31,13.49,4.2,0.51,3.64,0,1.79,0,0,6.75,6.47,0,0.53,17.55,0.77,0,0.49,9.66,7.61,3.31,18.03,8.21,0.52,5.3,0,3.78,6.49,0.12,7.34,14.01,0,0.56,123.64,1.76,0,10.4,69.66,93.74,0.27,65.42,64.01,0,7.38,,0,0,,0,0,31.59,125.8,0,4.55,421.13,15.29,0,11.73,231.76,,,,,,,,
5/4/2026 0:00,4.1,3.31,13.38,4.32,0.51,3.6,0,1.71,0,0,6.75,8.26,0,0.53,14.87,0.77,0,1.3,4.83,7.61,3.31,18.03,8.21,0.52,5.3,0,3.78,6.49,0.12,7.34,14.01,0,0.56,123.64,1.76,0,10.4,69.66,98.45,8.68,122.77,91.28,0.76,11.62,,0,0.52,,0,0,35.49,193.66,0,5.18,356.95,17.71,0,31.17,115.95,,,,,,,,
5/5/2026 0:00,4.12,3.31,13.44,4.45,0.51,3.62,0,1.69,0,0,6.75,8.99,0,0.53,12.58,0.77,0,0.67,4.22,7.61,3.31,18.03,8.21,0.52,5.3,0,3.78,6.49,0.12,7.34,14.01,0,0.56,123.64,1.76,0,10.4,69.66,98.94,3.5,148.36,101.34,0,11.01,,0,0,,0,0,41.96,215.41,0,5.49,301.84,17.66,0,16.06,101.32,,,,,,,,
5/6/2026 0:00,4.19,3.31,13.53,4.5,0.51,3.66,0,1.83,0,0,6.75,8.83,0,0.53,10.64,0.77,0,4.4,9.2,7.61,3.31,18.03,8.21,0.52,5.3,0,3.78,6.49,0.12,7.34,14.01,0,0.56,123.64,1.76,0,10.4,69.66,100.61,1.7,104.37,96.38,0,11.12,,0,0,,0,0,41.12,210.29,0,5.49,255.28,17.65,0,105.52,220.87,,,,,,,,
5/7/2026 0:00,4.21,3.31,13.31,4.48,0.51,3.58,0,1.83,0,0,6.75,8.98,0,0.53,11.17,0.77,0,1.04,5.04,7.61,3.31,18.03,8.21,0.52,5.3,0,3.78,6.49,0.12,7.34,14.01,0,0.56,123.64,1.76,0,10.4,69.66,101.08,5.77,158.66,102.07,0.76,12.42,,0,0.15,,0,0,42.2,215.17,0,5.57,268.08,17.74,0,24.85,120.86,,,,,,,,
5/8/2026 0:00,4.18,3.31,13.44,4.5,0.51,3.63,0,1.87,0,0,6.75,9.1,0,0.53,17.84,0.77,0,2.11,4.4,7.61,3.31,18.03,8.21,0.52,5.3,0,3.78,6.49,0.12,7.34,14.01,0,0.56,123.64,1.76,0,10.4,69.66,100.36,5.77,132.7,92.94,0,10.54,,0,0,,0,0,40.62,201.18,0,5.02,428.22,17.65,0,50.67,105.64,,,,,,,,
5/9/2026 0:00,4.14,3.31,13.04,4.49,0.51,3.48,0,1.88,0,0,6.75,9.57,0,0.53,18.64,0.77,0,1.57,4.37,7.61,3.31,18.03,8.21,0.52,5.3,0,3.78,6.49,0.12,7.34,14.01,0,0.56,123.64,1.76,0,10.4,69.66,97.56,5.77,125.67,80.86,0,7.46,,0,0,,0,0,36.16,192.72,0,4.86,447.43,15.98,0,37.56,104.91,,,,,,,,
5/10/2026 0:00,4.12,3.31,13.1,4.49,0.51,3.5,0,1.89,0,0,6.75,9.56,0,0.53,17.16,0.77,0,1.93,5.42,7.61,3.31,18.03,8.21,0.52,5.3,0,3.78,6.49,0.12,7.34,14.01,0,0.56,123.64,1.76,0,10.4,69.66,96.4,0,98.97,71.83,0,7.09,,0,0,,0,0,33.06,187,0,4.7,411.91,15.31,0,46.34,130.15,,,,,,,,
5/11/2026 0:00,4.16,3.31,13.4,4.82,0.51,3.61,0,1.89,0,0,6.75,9.22,0,0.53,8.72,0.77,0,3.01,14.61,7.61,3.31,18.03,8.21,0.52,5.3,0,3.78,6.49,0.12,7.34,14.01,0,0.56,123.64,1.76,0,10.4,69.66,99.8,5.77,95.48,97.05,0,10.95,,0,0,,0,0,33.95,216.08,0,5.49,209.17,17.64,0,72.19,350.69,,,,,,,,
5/12/2026 0:00,4.14,3.31,13.37,5.01,0.48,3.6,0,1.89,0,0,6.75,9.11,0,0.53,14.61,0.77,0,5.48,20.01,7.61,3.31,18.03,8.21,0.52,5.3,0,3.78,6.49,0.12,7.34,14.01,0,0.56,123.64,1.76,0,10.4,69.66,99.26,3.85,46.99,74.83,0,8.17,,0,0,,0,0,36.97,183.72,0,4.31,350.71,17.62,0,131.41,480.13,,,,,,,,
5/13/2026 0:00,4.17,3.31,13.4,4.74,0.51,3.61,0,1.98,0,0,6.75,9.01,0,0.53,13.49,0.77,0,1.55,16.88,7.61,3.31,18.03,8.21,0.52,5.3,0,3.78,6.49,0.12,7.34,14.01,0,0.56,123.64,1.76,0,10.4,69.66,100.04,6.56,82.94,90.02,0,10.67,,0,0,,0,0,37.34,201.9,0,5.02,323.67,17.63,0,37.1,405.15,,,,,,,,
5/14/2026 0:00,4.11,3.31,13.42,4.44,0.51,3.62,0,2.12,0,0,6.75,7.84,0,0.53,15.13,0.77,0,2,9.82,7.61,3.31,18.03,8.21,0.52,5.3,0,3.78,6.49,0.12,7.34,14.01,0,0.56,123.64,1.76,0,10.4,69.66,97.55,5.77,76.23,79.01,0,7.87,,0,0,,0,0,35.24,162.84,0,4.86,363.19,15.95,0,47.98,235.79,,,,,,,,
5/15/2026 0:00,4.07,3.31,13.28,4.52,0.51,3.57,0,2.12,0,0,6.75,8.16,0,0.53,16.86,0.77,0,4.01,5,7.61,3.31,18.03,8.21,0.52,5.3,0,3.78,6.49,0.12,7.34,14.01,0,0.56,123.64,1.76,0,10.4,69.66,97.65,5.77,100.81,86.78,0,9.52,,0,0,,0,0,33.91,174.43,0,4.94,404.67,17.65,0,96.29,120.01,,,,,,,,
5/16/2026 0:00,4.11,3.31,13.2,4.52,0.51,3.54,0,2.12,0,0,6.75,8.06,0,0.53,17.36,0.77,0,5.33,10.46,7.61,3.31,18.03,8.21,0.52,5.3,0,3.78,6.49,0.12,7.34,14.01,0,0.56,123.64,1.76,0,10.4,69.66,96.24,5.77,63.82,72.1,0,7.17,,0,0,,0,0,33.43,157.58,0,4.7,416.54,15.59,0,127.96,251.01,,,,,,,,
5/17/2026 0:00,3.91,3.31,13.18,4.52,0.51,3.53,0,2.1,0,0,6.75,8.5,0,0.53,16.42,0.77,0,2.4,6.32,7.61,3.31,18.03,8.21,0.52,5.3,0,3.78,6.49,0.12,7.34,14.01,0,0.56,123.64,1.76,0,10.4,69.66,91.65,2.92,75.42,75.29,0,6.9,,0,0,,0,0,31.31,161.75,0,4.63,394.15,16.2,0,57.6,151.62,,,,,,,,
5/18/2026 0:00,3.92,3.31,13.27,4.56,0.51,3.56,0,1.86,0,0,6.75,9.36,0,0.53,16.46,0.77,0,0.83,4.49,7.61,3.31,18.03,8.21,0.52,5.3,0,3.78,6.49,0.12,7.34,14.01,0,0.56,123.64,1.76,0,10.4,69.66,93.96,6.06,146.61,102.41,0.71,10.82,,0,0.04,,0,0,32.75,221.17,0,5.42,394.97,17.72,0,19.88,107.67,,,,,,,,
5/19/2026 0:00,3.92,3.31,13.47,4.52,0.51,3.64,0,1.84,0,0,6.75,9.88,0,0.53,17.12,0.77,0,2.01,3.91,7.61,3.31,18.03,8.21,0.52,5.3,0,3.78,6.49,0.12,7.34,14.01,0,0.56,123.64,1.76,0,10.4,69.66,93.96,6.16,149.5,97.02,0,11.05,,0,0,,0,0,34.9,228.47,0,5.1,410.79,17.65,0,48.24,93.85,,,,,,,,
5/20/2026 0:00,3.92,3.31,13.41,4.53,0.5,3.61,0,1.84,0,0,6.75,10.54,0,0.53,15.42,0.77,0,4.25,11.57,7.61,3.31,18.03,8.21,0.52,5.3,0,3.78,6.49,0.12,7.34,14.01,0,0.56,123.64,1.76,0,10.4,69.66,93.78,5.77,73.37,81.95,0,8.98,,0,0,,0,0,33.14,214.49,0,4.86,370.15,17.64,0,102.03,277.7,,,,,,,,
5/21/2026 0:00,3.92,3.31,13.56,4.53,0.51,3.67,0,1.84,0,0,6.75,10.57,0,0.53,18.21,0.77,0,2.71,6.27,7.61,3.31,18.03,8.21,0.52,5.3,0,3.78,6.49,0.12,7.34,14.01,0,0.56,123.64,1.76,0,10.4,69.66,93.42,5.77,105.24,86.47,0.32,8.92,,0,0.01,,0,0,36.65,220.83,0,4.94,437.14,17.66,0,65.03,150.47,,,,,,,,
5/22/2026 0:00,3.92,3.31,13.58,4.53,0.51,3.68,0,1.89,0,0,6.75,9.7,0,0.53,20.04,0.77,0,1.14,1.56,7.61,3.31,18.03,8.21,0.52,5.3,0,3.78,6.49,0.12,7.34,14.01,0,0.56,123.64,1.76,0,10.4,69.66,93.24,5.77,131.99,91.28,0,8.38,,0,0,,0,0,36.82,201.89,0,4.86,480.89,17.64,0,27.4,37.47,,,,,,,,
5/23/2026 0:00,3.9,3.31,13.54,4.51,0.51,3.66,0,1.94,0,0,6.75,7.24,0,0.53,22.75,0.77,0,2.44,2.85,7.61,3.31,18.03,8.21,0.52,5.3,0,3.78,6.49,0.12,7.34,14.01,0,0.56,123.64,1.76,0,10.4,69.66,89.74,5.77,94.67,74.58,0,6.9,,0,0,,0,0,35.26,143.59,0,4.63,545.94,14.97,0,58.44,68.31,,,,,,,,
5/24/2026 0:00,3.9,3.31,13.52,4.49,0.51,3.65,0,1.88,0,0,6.75,7.38,0,0.53,21.98,0.77,0,0.79,4.39,7.61,3.31,18.03,8.21,0.52,5.3,0,3.78,6.49,0.12,7.34,14.01,0,0.56,123.64,1.76,0,10.4,69.66,89.35,5.77,91.52,72.4,0,6.47,,0,0,,0,0,35.2,144.54,0,4.63,527.41,14.97,0,18.92,105.34,,,,,,,,
5/25/2026 0:00,3.92,3.31,13.39,4.12,0.51,3.61,0,1.91,0,0,6.75,7.89,0,0.53,24.15,0.77,0,1.64,2.9,7.61,3.31,18.03,8.21,0.52,5.3,0,3.78,6.49,0.12,7.34,14.01,0,0.56,123.64,1.76,0,10.4,69.66,90.14,5.77,80.01,69.12,0,6.85,,0,0,,0,0,38.64,155.57,0,4.7,579.5,14.97,0,39.37,69.69,,,,,,,,
5/26/2026 0:00,3.92,3.31,12.75,3.84,0.51,3.59,0,1.91,0,0,6.75,7.87,0,0.53,23.6,0.77,0,3.26,6.06,7.61,3.31,18.03,8.21,0.52,5.3,0,3.78,6.49,0.12,7.34,14.01,0,0.56,123.64,1.76,0,10.4,69.66,92.03,5.77,101.97,70.03,0,7.74,,0,0,,0,0,43.07,161.92,0,4.82,566.5,15.94,0,78.23,145.39,,,,,,,,
5/27/2026 0:00,3.92,3.31,13.4,3.86,0.38,3.61,0,1.91,0,0,6.75,8.49,0,0.53,23.07,0.77,0,3.09,10.65,7.61,3.31,18.03,8.21,0.52,5.3,0,3.78,6.49,0.12,7.34,14.01,0,0.56,123.64,1.76,0,10.4,69.66,90.62,3.32,78.48,64.18,0,7.2,,0,0,,0,0,44.16,170.85,0,4.7,553.57,15.3,0,74.11,255.67,,,,,,,,
5/28/2026 0:00,3.92,3.31,13.49,3.73,0.51,3.64,0,1.95,0,0,6.75,8.09,0,0.53,24.19,0.77,0,0.8,3.2,7.61,3.31,18.03,8.21,0.52,5.3,0,3.78,6.49,0.12,7.34,14.01,0,0.56,123.64,1.76,0,10.4,69.66,92.17,8.22,142.43,70.66,1.25,9.59,,0,1.05,,0,0,48.01,167.3,0,5.46,580.55,16.09,0,19.18,76.86,,,,,,,,
5/29/2026 0:00,3.92,3.31,13.55,3.7,0.51,3.66,0,1.95,0,0,6.75,8.41,0,0.53,23.12,0.77,0,3.07,3.81,7.61,3.31,18.03,8.21,0.52,5.3,0,3.78,6.49,0.12,7.34,14.01,0,0.56,123.64,1.76,0,10.4,69.66,92.31,5.77,135.61,67.58,0.2,7.97,,0,0.02,,0,0,46.06,171.33,0,4.86,554.79,16.36,0,73.65,91.5,,,,,,,,
5/30/2026 0:00,3.9,3.31,13.03,3.71,0.51,3.47,0,2.15,0,0,6.75,8.23,0,0.53,20.23,0.77,0,2.44,8.29,7.61,3.31,18.03,8.21,0.52,5.3,0,3.78,6.49,0.12,7.34,14.01,0,0.56,123.64,1.76,0,10.4,69.66,90.03,5.77,108.72,59.55,0,6.8,,0,0,,0,0,44.33,158.53,0,4.67,485.46,15.29,0,58.48,198.85,,,,,,,,
5/31/2026 0:00,3.9,3.31,13.38,3.71,0.51,3.6,0,2.2,0,0,6.75,7.2,0,0.53,16.38,0.77,0,0.27,4.16,7.61,3.31,18.03,8.21,0.52,5.3,0,3.78,6.49,0.12,7.34,14.01,0,0.56,123.64,1.76,0,10.4,69.66,91.77,1.78,117.91,60.67,0,7.5,,0,0,,0,0,43.51,143.01,0,4.63,393.07,15.64,0,6.4,99.83,,,,,,,,
6/1/2026 0:00,3.92,3.31,13.42,3.97,0.41,3.59,0,2.15,0,0,6.75,7.6,0,0.53,19.31,0.62,0,0.52,3.48,7.61,3.31,18.15,8.21,0.52,5.3,0,3.78,6.49,0.12,7.34,14.01,0,0.56,124.85,1.76,0,10.53,69.95,94.13,9.76,163.79,75.24,1.36,13.65,,0,1.26,,0,0,49.53,177.65,0,4.84,463.56,14.44,0,12.6,83.59,,,,,,,,
6/2/2026 0:00,3.92,3.31,13.28,4.19,0.5,3.54,0,2.15,0,0,6.75,8.08,0,0.53,16.33,0.62,0,2.2,7.64,7.61,3.31,18.15,8.21,0.52,5.3,0,3.78,6.49,0.12,7.34,14.01,0,0.56,124.85,1.76,0,10.53,69.95,94.13,5.77,120.13,77.04,0,10.89,,0,0,,0,0,47.65,188.14,0,3.92,391.94,14.38,0,52.83,183.25,,,,,,,,
6/3/2026 0:00,3.92,3.31,13.55,4.61,0.49,3.63,0,2.15,0,0,6.75,8.59,0,0.53,15.79,0.62,0,3.94,14.99,7.61,3.31,18.15,8.21,0.52,5.3,0,3.78,6.49,0.12,7.34,14.01,0,0.56,124.85,1.76,0,10.53,69.95,94.13,5.77,51.7,71.43,0,9.91,,0,0,,0,0,49.44,175.7,0,3.7,378.96,14.37,0,94.64,359.7,,,,,,,,
6/4/2026 0:00,3.92,3.31,13.31,4.01,0.49,3.55,0,2.16,0,0,6.75,7.44,0,0.53,13.28,0.62,0,5.98,22.19,7.61,3.31,18.15,8.21,0.52,5.3,0,3.78,6.49,0.12,7.34,14.01,0,0.56,124.85,1.76,0,10.53,69.95,92.9,3.97,29.15,7.48,0,6.39,,0,0,,0,0,44.87,125.51,0,2.56,318.77,13.16,0,143.51,532.48,,,,,,,,
6/5/2026 0:00,3.92,3.31,13.41,4.1,0.47,3.58,0,2.16,0,0,6.75,7.8,0,0.53,17.4,0.62,0,3.33,12.32,7.61,3.31,18.15,8.21,0.52,5.3,0,3.78,6.49,0.12,7.34,14.01,0,0.56,124.85,1.76,0,10.53,69.95,94.13,7.42,75.85,32.57,0,9.5,,0,0,,0,0,45.99,151.89,0,3.18,417.67,14.39,0,79.91,295.74,,,,,,,,
6/6/2026 0:00,3.83,3.31,13.29,3.81,0.51,3.54,0,2.16,0,0,6.75,7.78,0,0.53,18.54,0.62,0,1.08,3.19,7.61,3.31,18.15,8.21,0.52,5.3,0,3.78,6.49,0.12,7.34,14.01,0,0.56,124.85,1.76,0,10.53,69.95,90.72,5.77,96.49,61.83,0,7.7,,0,0,,0,0,43.11,156.56,0,3.5,445,13.77,0,25.83,76.62,,,,,,,,
6/7/2026 0:00,3.83,3.31,13.45,3.81,0.51,3.6,0,2.16,0,0,6.75,7.53,0,0.53,18.79,0.62,0,5.19,18.36,7.61,3.31,18.15,8.21,0.52,5.3,0,3.78,6.49,0.12,7.34,14.01,0,0.56,124.85,1.76,0,10.53,69.95,86.37,0.8,43.81,22.69,0,4.98,,0,0,,0,0,38.4,129.83,0,2.87,450.86,12.16,0,124.46,440.71,,,,,,,,
6/8/2026 0:00,3.92,3.31,13.58,4.26,0.51,3.65,0,2.16,0,0,6.75,8.44,0,0.53,18.61,0.62,0,2.44,5.36,7.61,3.31,18.15,8.21,0.52,5.3,0,3.78,6.49,0.12,7.34,14.01,0,0.56,124.85,1.76,0,10.53,69.95,94.13,10.74,135.27,76.97,0.71,11.08,,0,0.05,,0,0,41.92,191.35,0,4.12,446.7,14.43,0,58.49,128.74,,,,,,,,
6/9/2026 0:00,3.92,3.31,13.43,4.26,0.43,3.59,0,2.22,0,0,6.75,8.41,0,0.53,14.94,0.62,0,3.51,15.62,7.61,3.31,18.15,8.21,0.52,5.3,0,3.78,6.49,0.12,7.34,14.01,0,0.56,124.85,1.76,0,10.53,69.95,93.12,4.92,78.23,72.85,0,8.8,,0,0,,0,0,44.88,177.14,0,3.94,358.54,13.58,0,84.2,374.9,,,,,,,,
6/10/2026 0:00,3.92,3.31,13.31,4.17,0.51,3.55,0,2.16,0,0,6.75,7.95,0,0.53,12.95,0.62,0,3.46,8.3,7.61,3.31,18.15,8.21,0.52,5.3,0,3.78,6.49,0.12,7.34,14.01,0,0.56,124.85,1.76,0,10.53,69.95,94.13,5.77,116.17,78.5,0.71,10.84,,0,0.05,,0,0,51.82,187.69,0,4.69,310.81,14.41,0,83.02,199.25,,,,,,,,
6/11/2026 0:00,3.92,3.31,13.42,4.31,0.51,3.59,0,2.16,0,0,6.75,8.16,0,0.53,16.35,0.62,0,1.07,7.59,7.61,3.31,18.15,8.21,0.52,5.3,0,3.78,6.49,0.12,7.34,14.01,0,0.56,124.85,1.76,0,10.53,69.95,94.13,5.77,120.94,77.27,0,9.84,,0,0,,0,0,55.06,175.37,0,3.94,392.36,14.39,0,25.69,182.23,,,,,,,,
6/12/2026 0:00,3.92,3.31,13.26,4.17,0.51,3.53,0,2.18,0,0,6.75,8.53,0,0.53,8.63,0.62,0,3.81,19.16,7.61,3.31,18.15,8.21,0.52,5.3,0,3.78,6.49,0.12,7.34,14.01,0,0.56,124.85,1.76,0,10.53,69.95,94.13,3.07,33.35,49.49,0,9.75,,0,0,,0,0,52.58,166.87,0,3.19,207.05,14.35,0,91.44,459.83,,,,,,,,
6/13/2026 0:00,3.83,3.31,12.98,4.41,0.51,3.43,0,2.11,0,0,6.75,8.51,0,0.53,19.75,0.62,0,6.66,27.61,7.61,3.31,18.15,8.21,0.52,5.3,0,3.78,6.49,0.12,7.34,14.01,0,0.56,124.85,1.76,0,10.53,69.95,86.2,5.77,28.86,8.62,0,2.15,,0,0,,0,0,46.73,83.42,0,2.4,473.93,12.17,0,159.85,662.61,,,,,,,,
6/14/2026 0:00,3.83,3.31,13.27,4.59,0.51,3.53,0,2.02,0,0,6.75,8.42,0,0.53,18.7,0.62,0,7.22,28.08,7.61,3.31,18.15,8.21,0.52,5.3,0,3.78,6.49,0.12,7.34,14.01,0,0.56,124.85,1.76,0,10.53,69.95,85.02,2.51,28.88,6.15,0,1.89,,0,0,,0,0,41.33,86.42,0,2.4,448.74,11.98,0,173.38,673.94,,,,,,,,
6/15/2026 0:00,3.92,3.31,13.61,4.45,0.51,3.66,0,2.02,0,0,6.75,8.93,0,0.53,18.36,0.62,0,6.2,22.96,7.61,3.31,18.15,8.21,0.52,5.3,0,3.78,6.49,0.12,7.34,14.01,0,0.56,124.85,1.76,0,10.53,69.95,90.63,8.93,53.75,23.69,0,6.74,,0,0,,0,0,45.41,127.68,0,2.87,440.53,12.95,0,148.77,550.94,,,,,,,,
6/16/2026 0:00,3.92,3.31,13.79,4.01,0.51,3.72,0,2.02,0,0,6.75,8.93,0,0.53,16.81,0.62,0,1.07,6.05,7.61,3.31,18.15,8.21,0.52,5.3,0,3.78,6.49,0.12,7.34,14.01,0,0.56,124.85,1.76,0,10.53,69.95,94.13,5.86,113.78,69.36,0.39,10.46,,0,0.03,,0,0,46.43,189.9,0,3.94,403.41,14.4,0,25.58,145.31,,,,,,,,
6/17/2026 0:00,3.92,3.31,13.69,4.17,0.51,3.68,0,2.02,0,0,6.75,8.52,0,0.53,18.8,0.62,0,2.22,3.25,7.61,3.31,18.15,8.21,0.52,5.3,0,3.78,6.49,0.12,7.34,14.01,0,0.56,124.85,1.76,0,10.53,69.95,94.13,5.77,156.81,72.51,0,10.51,,0,0,,0,0,49.51,182.82,0,3.94,451.16,14.4,0,53.27,77.9,,,,,,,,
6/18/2026 0:00,3.92,3.31,12.88,4.37,0.51,3.65,0,2.01,0,0,6.75,8.84,0,0.53,21.5,0.62,0,1.35,3.5,7.61,3.31,18.15,8.21,0.52,5.3,0,3.78,6.49,0.12,7.34,14.01,0,0.56,124.85,1.76,0,10.53,69.95,94.13,5.77,153.07,78.45,1.59,12.12,,0,1.18,,0,0,47.58,186.25,0,5.02,515.94,14.45,0,32.31,84.02,,,,,,,,
6/19/2026 0:00,3.92,3.31,12.51,4.38,0.51,3.58,0,1.95,0,0,6.75,7.67,0,0.53,21.69,0.62,0,1.49,3.53,7.61,3.31,18.15,8.21,0.52,5.3,0,3.78,6.49,0.12,7.34,14.01,0,0.56,124.85,1.76,0,10.53,69.95,93.59,5.77,155.75,74.78,0.57,9.56,,0,0.05,,0,0,46.71,162.47,0,3.96,520.48,14.41,0,35.71,84.62,,,,,,,,
6/20/2026 0:00,3.83,3.31,12.3,4.38,0.52,3.5,0,1.87,0,0,6.75,7.64,0,0.53,20.4,0.62,0,1.64,3.59,7.61,3.31,18.15,8.21,0.52,5.3,0,3.78,6.49,0.12,7.34,14.01,0,0.56,124.85,1.76,0,10.53,69.95,89.6,5.77,126.67,67.5,0,7.08,,0,0,,0,0,47.97,152.5,0,3.58,489.62,13.2,0,39.29,86.23,,,,,,,,
6/21/2026 0:00,3.83,3.31,12.54,4.35,0.51,3.55,0,1.89,0,0,6.75,9.02,0,0.53,21.27,0.62,0,1.03,2.17,7.61,3.31,18.15,8.21,0.52,5.3,0,3.78,6.49,0.12,7.34,14.01,0,0.56,124.85,1.76,0,10.53,69.95,89.4,5.37,125.2,65.75,0,7.19,,0,0,,0,0,47.97,174.95,0,3.43,510.39,13.18,0,24.74,52.05,,,,,,,,
6/22/2026 0:00,3.92,3.31,12.63,4.48,0.51,3.59,0,2,0,0,6.75,10.15,0,0.53,22.34,0.62,0,1.29,4.55,7.61,3.31,18.15,8.21,0.52,5.3,0,3.78,6.49,0.12,7.34,14.01,0,0.56,124.85,1.76,0,10.53,69.95,94.13,6.17,150.44,78.03,0.96,9.78,,0,0.07,,0,0,49.52,210.93,0,4.48,536.13,14.43,0,31.03,109.22,,,,,,,,
6/23/2026 0:00,3.92,3.31,12.62,4.62,0.51,3.58,0,2.12,0,0,6.75,10,0,0.53,22.86,0.62,0,0.54,1.95,7.61,3.31,18.15,8.21,0.52,5.3,0,3.78,6.49,0.12,7.34,14.01,0,0.56,124.85,1.76,0,10.53,69.95,94.13,5.77,182.62,91.13,1.88,13.69,,0,1.56,,0,0,52.45,228.88,0,5.58,548.56,14.48,0,12.88,46.73,,,,,,,,
6/24/2026 0:00,3.92,3.31,12.32,4.89,0.52,3.54,0,2.12,0,0,6.75,9.47,0,0.53,24.15,0.62,0,0.44,1.07,7.61,3.31,18.15,8.21,0.52,5.3,0,3.78,6.49,0.12,7.34,14.01,0,0.56,124.85,1.76,0,10.53,69.95,94.13,5.77,191.55,102.49,4.18,24.49,,0,7.98,,0,0,51.34,216.14,0,6.93,579.56,14.5,0,10.66,25.64,,,,,,,,
6/25/2026 0:00,3.92,3.31,12.23,5.38,0.51,3.55,0,2.12,0,0,6.75,9.68,0,0.53,24.35,0.62,0,1.17,3.46,7.61,3.31,18.15,8.21,0.52,5.3,0,3.78,6.49,0.12,7.34,14.01,0,0.56,124.85,1.76,0,10.53,69.95,94.13,5.77,174.12,103.24,2.08,13.48,,0,1.26,,0,0,49.64,205.67,0,5.64,584.46,14.49,0,27.99,82.93,,,,,,,,
6/26/2026 0:00,3.92,3.31,11.97,4.99,0.5,3.48,0,2.12,0,0,6.75,10.1,0,0.53,24.83,0.62,0,2.11,3.57,7.61,3.31,18.15,8.21,0.52,5.3,0,3.78,6.49,0.12,7.34,14.01,0,0.56,124.85,1.76,0,10.53,69.95,94.13,5.77,162.33,90.24,1.56,12.51,,0,1.51,,0,0,43.83,213.66,0,5,595.95,14.45,0,50.73,85.57,,,,,,,,
6/27/2026 0:00,3.83,3.31,11.54,4.79,0.5,3.34,0,2.12,0,0,6.75,10.49,0,0.53,23.01,0.62,0,0.97,3.23,7.61,3.31,18.15,8.21,0.52,5.3,0,3.78,6.49,0.12,7.34,14.01,0,0.56,124.85,1.76,0,10.53,69.95,90.75,5.77,135.98,78.37,0.92,7.62,,0,0.07,,0,0,42.96,205.36,0,4.06,552.29,13.81,0,23.35,77.42,,,,,,,,
6/28/2026 0:00,3.83,3.31,11.15,4.49,0.5,3.14,0,2.12,0,0,6.75,9.97,0,0.53,21.97,0.62,0,1.44,5.48,7.61,3.31,18.15,8.21,0.52,5.3,0,3.78,6.49,0.12,7.34,14.01,0,0.56,124.85,1.76,0,10.53,69.95,89.88,5.37,113.27,69.02,0.16,6.37,,0,0.02,,0,0,40.98,186.06,0,3.6,527.21,13.36,0,34.61,131.6,,,,,,,,
6/29/2026 0:00,3.92,3.31,12.23,4.79,0.51,3.39,0,2.12,0,0,6.75,9.33,0,0.53,17.4,0.62,0,0.9,5.17,7.61,3.31,18.15,8.21,0.52,5.3,0,3.78,6.49,0.12,7.34,14.01,0,0.56,124.85,1.76,0,10.53,69.95,94.13,5.99,160.98,88.5,1.59,12.76,,0,1.51,,0,0,49.36,217.13,0,5.15,417.48,14.46,0,21.58,124.03,,,,,,,,
6/30/2026 0:00,3.92,3.31,12.38,4.76,0.51,3.41,0,2.05,0,0,6.75,9.5,0,0.53,18.16,0.62,0,0.21,2.82,7.61,3.31,18.15,8.21,0.52,5.3,0,3.78,6.49,0.12,7.34,14.01,0,0.56,124.85,1.76,0,10.53,69.95,94.13,5.37,209.24,109.43,2.79,17.23,,0,3.77,,0,0,53.45,226.33,0,7.16,435.95,14.5,0,5.11,67.74,,,,,,,,
7/1/2026 0:00,3.85,3.31,13.18,4.82,0.51,3.5,0,2.12,0,0,6.75,8.68,0,0.53,15.07,0.89,0,0.58,4.62,7.61,3.31,18.15,8.21,0.52,5.3,0,3.78,6.49,0.12,7.34,14.01,0,0.56,126.06,1.76,0,10.66,70.24,92.5,6.16,226.57,110.82,2.6,11.81,,0,0.3,,0,0,54.25,207.17,0,7.97,361.62,20.85,0,13.96,110.88,,,,,,,,
7/2/2026 0:00,3.85,3.31,12.62,4.82,0.47,3.3,0,2.15,0,0,6.75,9.24,0,0.53,20.13,0.89,0,5.76,16.9,7.61,3.31,18.15,8.21,0.52,5.3,0,3.78,6.49,0.12,7.34,14.01,0,0.56,126.06,1.76,0,10.66,70.24,88.74,5.77,82.01,38.49,0,5.81,,0,0,,0,0,52.08,154.46,0,4.27,483.11,17.61,0,138.18,405.68,,,,,,,,
7/3/2026 0:00,3.85,3.31,12.38,4.48,0.48,3.21,0,2.12,0,0,6.75,8.76,0,0.53,21.34,0.89,0,6.87,25.65,7.61,3.31,18.15,8.21,0.52,5.3,0,3.78,6.49,0.12,7.34,14.01,0,0.56,126.06,1.76,0,10.66,70.24,88.26,5.77,34.01,19.75,0,5.28,,0,0,,0,0,44.28,123.32,0,3.99,512.22,16.84,0,164.76,615.62,,,,,,,,
7/4/2026 0:00,3.84,3.31,12.42,4.14,0.52,3.22,0,2.12,0,0,6.75,6.37,0,0.53,18.51,0.89,0,4.73,15.01,7.61,3.31,18.15,8.21,0.52,5.3,0,3.78,6.49,0.12,7.34,14.01,0,0.56,126.06,1.76,0,10.66,70.24,88.01,5.77,36.49,31.33,0,5.46,,0,0,,0,0,38.74,111.01,0,3.88,444.3,17.18,0,113.64,360.26,,,,,,,,
7/5/2026 0:00,3.84,3.31,12.7,4.05,0.52,3.33,0,2.12,0,0,6.75,6.09,0,0.53,18.88,0.89,0,4.2,21.02,7.61,3.31,18.15,8.21,0.52,5.3,0,3.78,6.49,0.12,7.34,14.01,0,0.56,126.06,1.76,0,10.66,70.24,87.29,0.8,36.77,24.1,0,4.89,,0,0,,0,0,34.33,102.38,0,3.92,453.03,16.85,0,100.82,504.58,,,,,,,,
7/6/2026 0:00,3.85,3.31,12.86,4.44,0.52,3.38,0,2.12,0,0,6.75,8,0,0.53,13.82,0.89,0,5.04,16.8,7.61,3.31,18.15,8.21,0.52,5.3,0,3.78,6.49,0.12,7.34,14.01,0,0.56,126.06,1.76,0,10.66,70.24,92.14,10.74,58.86,70.03,0,8.14,,0,0,,0,0,34.72,158.53,0,4.7,331.73,20.53,0,121.02,403.15,,,,,,,,
7/7/2026 0:00,3.85,3.31,12.49,4.76,0.52,3.42,0,2.12,0,0,6.75,9.23,0,0.53,16.83,0.89,0,6.7,29.54,7.61,3.31,18.15,8.21,0.52,5.3,0,3.78,6.49,0.12,7.34,14.01,0,0.56,126.06,1.76,0,10.66,70.24,89.22,0,36.07,19.77,0,6.02,,0,0,,0,0,33.9,156.79,0,3.76,403.85,17.64,0,160.79,709.04,,,,,,,,
7/8/2026 0:00,3.85,3.31,12.98,4.66,0.52,3.43,0,2.13,0,0,6.75,9.38,0,0.53,17.85,0.89,0,4.33,18.97,7.61,3.31,18.15,8.21,0.52,5.3,0,3.78,6.49,0.12,7.34,14.01,0,0.56,126.06,1.76,0,10.66,70.24,92.14,11.13,59.39,71.42,0,7.75,,0,0,,0,0,35.8,175.44,0,4.47,428.43,20.52,0,103.97,455.35,,,,,,,,
7/9/2026 0:00,3.85,3.31,12.97,4.76,0.52,3.42,0,2.16,0,0,6.75,9.11,0,0.53,20.63,0.89,0,1.95,6.31,7.61,3.31,18.15,8.21,0.52,5.3,0,3.78,6.49,0.12,7.34,14.01,0,0.56,126.06,1.76,0,10.66,70.24,92.5,6.17,128.21,86.67,0,9.51,,0,0,,0,0,36.69,195.99,0,5.54,495,20.66,0,46.68,151.39,,,,,,,,
7/10/2026 0:00,3.85,3.31,12.47,4.69,0.52,3.41,0,2.16,0,0,6.75,9.07,0,0.53,23.85,0.89,0,0.5,5.18,7.61,3.31,18.15,8.21,0.52,5.3,0,3.78,6.49,0.12,7.34,14.01,0,0.56,126.06,1.76,0,10.66,70.24,92.5,5.77,138,94.84,0,9.25,,0,0,,0,0,33.13,193.79,0,5.39,572.43,20.66,0,12.02,124.25,,,,,,,,
7/11/2026 0:00,3.84,3.31,12.19,4.59,0.52,3.38,0,2.16,0,0,6.75,7.54,0,0.53,24.12,0.89,0,0.49,4.97,7.61,3.31,18.15,8.21,0.52,5.3,0,3.78,6.49,0.12,7.34,14.01,0,0.56,126.06,1.76,0,10.66,70.24,90.18,5.77,110.38,77.8,0,7.04,,0,0,,0,0,33.37,151.19,0,4.78,578.97,18.52,0,11.86,119.23,,,,,,,,
7/12/2026 0:00,3.84,3.31,12.18,4.67,0.52,3.37,0,2.16,0,0,6.75,7.09,0,0.53,24.3,0.89,0,3.07,7.93,7.61,3.31,18.15,8.21,0.52,5.3,0,3.78,6.49,0.12,7.34,14.01,0,0.56,126.06,1.76,0,10.66,70.24,88.24,0.8,70.17,71.05,0,6.17,,0,0,,0,0,28.82,136.16,0,4.55,583.31,17.28,0,73.65,190.39,,,,,,,,
7/13/2026 0:00,3.85,3.31,12.26,4.74,0.52,3.4,0,2.16,0,0,6.75,8.12,0,0.53,22.43,0.89,0,2.18,5.6,7.61,3.31,18.15,8.21,0.52,5.3,0,3.78,6.49,0.12,7.34,14.01,0,0.56,126.06,1.76,0,10.66,70.24,92.5,10.74,113.04,88.84,0.08,9.4,,0,0.01,,0,0,29.87,175.39,0,5.39,538.4,20.64,0,52.22,134.43,,,,,,,,
7/14/2026 0:00,3.85,3.31,12.17,4.74,0.52,3.37,0,2.16,0,0,6.75,8.69,0,0.53,20.22,0.89,0,2.11,8.38,7.61,3.31,18.15,8.21,0.52,5.3,0,3.78,6.49,0.12,7.34,14.01,0,0.56,126.06,1.76,0,10.66,70.24,92.5,5.77,121.58,92.36,0,9.47,,0,0,,0,0,33.3,189.39,0,5.1,485.26,20.64,0,50.64,201.18,,,,,,,,
7/15/2026 0:00,3.85,3.31,12.23,4.74,0.52,3.36,0,2.16,0,0,6.75,9.94,0,0.53,19.8,0.89,0,1.85,6.46,7.61,3.31,18.15,8.21,0.52,5.3,0,3.78,6.49,0.12,7.34,14.01,0,0.56,126.06,1.76,0,10.66,70.24,92.5,5.77,135.27,98.24,0,9.99,,0,0.01,,0,0,37.48,216.72,0,5.62,475.19,20.67,0,44.36,155.09,,,,,,,,
7/16/2026 0:00,3.85,3.31,12.37,4.78,0.52,3.41,0,2.16,0,0,6.75,10.81,0,0.53,20.99,0.89,0,0.53,3.11,7.61,3.31,18.15,8.21,0.52,5.3,0,3.78,6.49,0.12,7.34,14.01,0,0.56,126.06,1.76,0,10.66,70.24,92.5,5.77,165.55,105.68,0.97,11.16,,0,0.63,,0,0,40.39,254.5,0,6.76,503.66,20.81,0,12.73,74.6,,,,,,,,
7/17/2026 0:00,3.85,3.31,12.38,4.82,0.52,3.38,0,2.16,0,0,6.75,11.38,0,0.53,17.93,0.89,0,1.39,5.71,7.61,3.31,18.15,8.21,0.52,5.3,0,3.78,6.49,0.12,7.34,14.01,0,0.56,126.06,1.76,0,10.66,70.24,92.5,3.61,122.88,109,0,10.27,,0,0,,0,0,37.54,268.67,0,5.57,430.43,20.58,0,33.4,136.95,,,,,,,,
7/18/2026 0:00,3.84,3.31,12.57,4.51,0.52,3.28,0,2.16,0,0,6.75,9.24,0,0.53,18.56,0.89,0,5.48,14.89,7.61,3.31,18.15,8.21,0.52,5.3,0,3.78,6.49,0.12,7.34,14.01,0,0.56,126.06,1.76,0,10.66,70.24,89.72,5.37,59.78,71.81,0,6.23,,0,0,,0,0,36.23,179.85,0,4.63,445.41,17.29,0,131.5,357.31,,,,,,,,
7/19/2026 0:00,3.84,3.31,12.26,4.47,0.52,3.17,0,2.16,0,0,6.75,8.31,0,0.53,17.15,0.89,0,6.04,16.68,7.61,3.31,18.15,8.21,0.52,5.3,0,3.78,6.49,0.12,7.34,14.01,0,0.56,126.06,1.76,0,10.66,70.24,87.96,1.2,33.5,46.93,0,5.61,,0,0,,0,0,34.5,156.68,0,4.55,411.66,16.86,0,144.87,400.34,,,,,,,,
7/20/2026 0:00,3.85,3.31,12.62,4.68,0.52,3.3,0,2.16,0,0,6.75,9.58,0,0.53,19.44,0.89,0,3.49,15.9,7.61,3.31,18.15,8.21,0.52,5.3,0,3.78,6.49,0.12,7.34,14.01,0,0.56,126.06,1.76,0,10.66,70.24,91.45,10.34,56.34,84.77,0,7.32,,0,0,,0,0,32.96,195.79,0,4.82,466.62,19.39,0,83.84,381.49,,,,,,,,
7/21/2026 0:00,3.85,3.31,12.94,5,0.52,3.41,0,2.16,0,0,6.75,10.43,0,0.53,21.09,0.89,0,2.02,8.02,7.61,3.31,18.15,8.21,0.52,5.3,0,3.78,6.49,0.12,7.34,14.01,0,0.56,126.06,1.76,0,10.66,70.24,91.96,6.16,73.83,100.99,0,8.36,,0,0,,0,0,32.34,217.67,0,4.94,506.05,19.75,0,48.59,192.6,,,,,,,,
7/22/2026 0:00,3.85,3.31,12.88,5.28,0.52,3.39,0,2.16,0,0,6.75,10.39,0,0.53,16.49,0.89,0,6.42,18.69,7.61,3.31,18.15,8.21,0.52,5.3,0,3.78,6.49,0.12,7.34,14.01,0,0.56,126.06,1.76,0,10.66,70.24,90.99,0.4,52.16,91.37,0,7.14,,0,0,,0,0,31.98,205.81,0,4.78,395.79,18.52,0,154.08,448.62,,,,,,,,
7/23/2026 0:00,3.85,3.31,12.99,5.15,0.52,3.43,0,2.16,0,0,6.75,10.44,0,0.53,17.9,0.89,0,3.28,15.02,7.61,3.31,18.15,8.21,0.52,5.3,0,3.78,6.49,0.12,7.34,14.01,0,0.56,126.06,1.76,0,10.66,70.24,92.33,11.14,57.16,95.92,0,9.18,,0,0,,0,0,31.23,217,0,4.9,429.55,20.57,0,78.7,360.42,,,,,,,,
7/24/2026 0:00,3.85,3.31,12.79,5,0.52,3.36,0,2.16,0,0,6.75,10.56,0,0.53,20.68,0.89,0,1.4,3.82,7.61,3.31,18.15,8.21,0.52,5.3,0,3.78,6.49,0.12,7.34,14.01,0,0.56,126.06,1.76,0,10.66,70.24,92.5,5.77,103.89,103.3,0,9.02,,0,0,,0,0,29.13,224.78,0,5.24,496.35,20.65,0,33.68,91.57,,,,,,,,
7/25/2026 0:00,3.84,3.31,12.92,5.15,0.52,3.41,0,2.16,0,0,6.75,8.11,0,0.53,23.01,0.89,0,3.13,6.04,7.61,3.31,18.15,8.21,0.52,5.3,0,3.78,6.49,0.12,7.34,14.01,0,0.56,126.06,1.76,0,10.66,70.24,88.54,5.77,63.24,86.38,0,6.55,,0,0,,0,0,27.04,160.96,0,4.7,552.18,17.71,0,75.06,144.89,,,,,,,,
7/26/2026 0:00,3.84,3.31,13.05,5.01,0.52,3.45,0,2.16,0,0,6.75,8.1,0,0.53,16.32,0.89,0,1.54,12.12,7.61,3.31,18.15,8.21,0.52,5.3,0,3.78,6.49,0.12,7.34,14.01,0,0.56,126.06,1.76,0,10.66,70.24,90.04,5.77,38.44,85.05,0,7.23,,0,0,,0,0,24.32,158,0,4.63,391.57,17.7,0,36.88,290.93,,,,,,,,
7/27/2026 0:00,3.85,3.31,13.18,5.47,0.52,3.5,0,2.12,0,0,6.75,9.49,0,0.53,18.28,0.89,0,4.64,20.81,7.61,3.31,18.15,8.21,0.52,5.3,0,3.78,6.49,0.12,7.34,14.01,0,0.56,126.06,1.76,0,10.66,70.24,90.51,7.29,35.45,57.43,0,6.77,,0,0,,0,0,26.68,161.23,0,4.11,438.69,17.93,0,111.43,499.56,,,,,,,,
7/28/2026 0:00,3.85,3.31,13.23,5.6,0.52,3.52,0,2.03,0,0,6.75,9.94,0,0.53,21.17,0.89,0,3.07,6.58,7.61,3.31,18.15,8.21,0.52,5.3,0,3.78,6.49,0.12,7.34,14.01,0,0.56,126.06,1.76,0,10.66,70.24,91.03,5.77,98.41,113.74,0.16,8.33,,0,0.15,,0,0,27.21,205.84,0,5.92,508.17,18.65,0,73.61,157.93,,,,,,,,
7/29/2026 0:00,3.85,3.31,12.47,5.56,0.52,3.57,0,2.02,0,0,6.75,10.3,0,0.53,23.01,0.89,0,1.47,5.43,7.61,3.31,18.15,8.21,0.52,5.3,0,3.78,6.49,0.12,7.34,14.01,0,0.56,126.06,1.76,0,10.66,70.24,91.96,5.77,129.13,114.78,0.73,9.48,,0,0.14,,0,0,29.75,218.4,0,6.04,552.32,19.45,0,35.35,130.31,,,,,,,,
7/30/2026 0:00,3.85,3.31,12.49,5.41,0.52,3.57,0,1.99,0,0,6.75,10.54,0,0.53,21.69,0.89,0,3.21,7.94,7.61,3.31,18.15,8.21,0.52,5.3,0,3.78,6.49,0.12,7.34,14.01,0,0.56,126.06,1.76,0,10.66,70.24,91.96,5.77,107.15,110.2,0,9.6,,0,0.06,,0,0,29.1,223.2,0,5.84,520.6,20.59,0,77.03,190.55,,,,,,,,
7/31/2026 0:00,3.85,3.31,12.63,5.49,0.52,3.51,0,1.99,0,0,6.75,10.46,0,0.53,20.21,0.89,0,0.5,2.78,7.61,3.31,18.15,8.21,0.52,5.3,0,3.78,6.49,0.12,7.34,14.01,0,0.56,126.06,1.76,0,10.66,70.24,92.5,5.77,138.4,118.52,0,10.67,,0,0,,0,0,30.55,242.65,0,6,485.11,20.7,0,11.89,66.84,,,,,,,,
8/1/2026 0:00,3.73,3.31,13.03,4.92,0.52,3.44,0,1.99,0,0,6.75,8.5,0,0.53,18.88,0.81,0,0.92,4.23,7.61,3.31,18.15,8.21,0.52,5.3,0,3.78,6.49,0.12,7.34,14.01,0,0.56,127.27,1.76,0,10.8,70.53,88.8,5.77,121.83,100.05,0,9.22,,0,0,,0,0,30.69,177.68,0,5.17,453.06,18.22,0,22.08,101.58,,,,,,,,
8/2/2026 0:00,3.73,3.31,12.55,4.59,0.52,3.44,0,1.99,0,0,6.75,8.1,0,0.53,21.06,0.81,0,0.62,5.51,7.61,3.31,18.15,8.21,0.52,5.3,0,3.78,6.49,0.12,7.34,14.01,0,0.56,127.27,1.76,0,10.8,70.53,87.44,5.37,100.98,90.68,0,7.25,,0,0,,0,0,31.39,165.69,0,4.82,505.43,16.48,0,14.98,132.22,,,,,,,,
8/3/2026 0:00,3.73,3.31,12.69,5.25,0.47,3.61,0,1.99,0,0,6.75,8.23,0,0.53,21.32,0.81,0,3.95,8.98,7.61,3.31,18.15,8.21,0.52,5.3,0,3.78,6.49,0.12,7.34,14.01,0,0.56,127.27,1.76,0,10.8,70.53,89.57,6.09,87.85,110.69,0,9.79,,0,0,,0,0,30.37,179.29,0,5.47,511.58,18.78,0,94.72,215.45,,,,,,,,
8/4/2026 0:00,3.73,3.31,12.57,5.32,0.49,3.6,0,1.99,0,0,6.75,8.47,0,0.53,18.92,0.81,0,2.77,6.54,7.61,3.31,18.15,8.21,0.52,5.3,0,3.78,6.49,0.12,7.34,14.01,0,0.56,127.27,1.76,0,10.8,70.53,89.57,5.84,130.7,116.75,0.73,10.95,,0,0.17,,0,0,33.21,198.13,0,6.69,454.13,18.9,0,66.57,156.85,,,,,,,,
8/5/2026 0:00,3.73,3.31,12.54,4.92,0.51,3.59,0,1.95,0,0,6.75,7.83,0,0.53,20.39,0.81,0,4.83,9.35,7.61,3.31,18.15,8.21,0.52,5.3,0,3.78,6.49,0.12,7.34,14.01,0,0.56,127.27,1.76,0,10.8,70.53,88.1,5.77,96.2,99.29,0,7.81,,0,0,,0,0,33.97,163.75,0,5.35,489.27,17.25,0,115.97,224.39,,,,,,,,
8/6/2026 0:00,3.73,3.31,12.92,4.88,0.47,3.59,0,1.99,0,0,6.75,7.88,0,0.53,18.67,0.81,0,5.7,13.37,7.61,3.31,18.15,8.21,0.52,5.3,0,3.78,6.49,0.12,7.34,14.01,0,0.56,127.27,1.76,0,10.8,70.53,87.38,5.77,72.68,87.21,0,7.5,,0,0,,0,0,35.62,164.08,0,4.78,447.99,16.53,0,136.68,320.84,,,,,,,,
8/7/2026 0:00,3.73,3.31,13.31,5,0.51,3.55,0,2,0,0,6.75,8.39,0,0.53,18.2,0.81,0,2.71,6.79,7.61,3.31,18.15,8.21,0.52,5.3,0,3.78,6.49,0.12,7.34,14.01,0,0.56,127.27,1.76,0,10.8,70.53,89.57,5.77,103.69,97.65,0,9.55,,0,0,,0,0,37.31,181.38,0,5.77,436.74,18.8,0,65.05,162.91,,,,,,,,
8/8/2026 0:00,3.73,3.31,13.21,5.5,0.48,3.51,0,2.03,0,0,6.75,8.98,0,0.53,21.78,0.81,0,0.65,3.18,7.61,3.31,18.15,8.21,0.52,5.3,0,3.78,6.49,0.12,7.34,14.01,0,0.56,127.27,1.76,0,10.8,70.53,87.34,5.77,107.47,104.19,0,7.55,,0,0,,0,0,29.85,180.99,0,4.86,522.7,16.73,0,15.55,76.23,,,,,,,,
8/9/2026 0:00,3.73,3.31,12.63,5.52,0.43,3.55,0,2.03,0,0,6.75,8.98,0,0.53,21.62,0.81,0,1.06,6.61,7.61,3.31,18.15,8.21,0.52,5.3,0,3.78,6.49,0.12,7.34,14.01,0,0.56,127.27,1.76,0,10.8,70.53,87.15,5.77,78.74,97.68,0,7.19,,0,0,,0,0,27.19,174.49,0,4.85,518.83,16.17,0,25.52,158.69,,,,,,,,
8/10/2026 0:00,3.73,3.31,12.78,5.29,0.5,3.61,0,2.03,0,0,6.75,9.17,0,0.53,18.34,0.81,0,2.63,12.4,7.61,3.31,18.15,8.21,0.52,5.3,0,3.78,6.49,0.12,7.34,14.01,0,0.56,127.27,1.76,0,10.8,70.53,89.03,2.45,81.75,106.66,0,9.59,,0,0,,0,0,29.29,194.32,0,5.02,440.13,18.7,0,63.21,297.66,,,,,,,,
8/11/2026 0:00,3.73,3.31,13.29,5.45,0.52,3.54,0,2.03,0,0,6.75,9.62,0,0.53,20.87,0.81,0,3.33,9.23,7.61,3.31,18.15,8.21,0.52,5.3,0,3.78,6.49,0.12,7.34,14.01,0,0.56,127.27,1.76,0,10.8,70.53,88.43,8.68,80.01,104.61,0,8.15,,0,0,,0,0,29.85,200.78,0,5.17,500.98,17.66,0,79.84,221.42,,,,,,,,
8/12/2026 0:00,3.73,3.31,13.39,5.5,0.5,3.58,0,2.03,0,0,6.75,10.02,0,0.53,22.52,0.81,0,0.43,4.94,7.61,3.31,18.15,8.21,0.52,5.3,0,3.78,6.49,0.12,7.34,14.01,0,0.56,127.27,1.76,0,10.8,70.53,89.21,6.16,113.46,114.08,0.47,9.63,,0,0.13,,0,0,28.88,213.7,0,5.92,540.48,18.82,0,10.34,118.48,,,,,,,,
8/13/2026 0:00,3.73,3.31,13.01,5.57,0.5,3.62,0,2,0,0,6.75,9.49,0,0.53,22.75,0.81,0,1.46,7.39,7.61,3.31,18.15,8.21,0.52,5.3,0,3.78,6.49,0.12,7.34,14.01,0,0.56,127.27,1.76,0,10.8,70.53,89.57,5.77,126.37,117.39,0.7,9.69,,0,0.2,,0,0,29.58,203.23,0,6.42,546.06,18.86,0,35.1,177.41,,,,,,,,
8/14/2026 0:00,3.73,3.31,12.53,5.92,0.5,3.55,0,1.98,0,0,6.75,8.4,0,0.53,22.6,0.81,0,1.66,6.53,7.61,3.31,18.15,8.21,0.52,5.3,0,3.78,6.49,0.12,7.34,14.01,0,0.56,127.27,1.76,0,10.8,70.53,89.57,5.77,118.11,123.49,0.7,9.74,,0,0.3,,0,0,28.83,182.52,0,6.38,542.49,18.86,0,39.89,156.78,,,,,,,,
8/15/2026 0:00,3.73,3.31,12.09,5.63,0.5,3.45,0,1.98,0,0,6.75,7.62,0,0.53,19.59,0.81,0,1.57,5.94,7.61,3.31,18.15,8.21,0.52,5.3,0,3.78,6.49,0.12,7.34,14.01,0,0.56,127.27,1.76,0,10.8,70.53,88.63,5.77,102.51,114.18,0,9.18,,0,0,,0,0,28.27,160.32,0,5.61,470.07,17.8,0,37.75,142.57,,,,,,,,
8/16/2026 0:00,3.73,3.31,12.77,5.45,0.5,3.61,0,1.97,0,0,6.75,7.33,0,0.53,17.35,0.81,0,1.5,5.65,7.61,3.31,18.15,8.21,0.52,5.3,0,3.78,6.49,0.12,7.34,14.01,0,0.56,127.27,1.76,0,10.8,70.53,89.01,2.06,102.44,108.75,0,8.59,,0,0,,0,0,28.4,155.53,0,5.61,416.43,18.07,0,35.93,135.71,,,,,,,,
8/17/2026 0:00,3.73,3.31,13.97,5.78,0.5,3.79,0,1.97,0,0,6.75,8.25,0,0.53,12.42,0.81,0,2.08,7.85,7.61,3.31,18.15,8.21,0.52,5.3,0,3.78,6.49,0.12,7.34,14.01,0,0.56,127.27,1.76,0,10.8,70.53,89.57,9.48,170.31,136.19,0.31,11.51,,0,0.16,,0,0,32.45,196.87,0,7,298.04,18.93,0,49.87,188.42,,,,,,,,
8/18/2026 0:00,3.73,3.31,14.29,5.78,0.5,3.9,0,1.97,0,0,6.75,8.6,0,0.53,10.48,0.81,0,2.6,9.82,7.61,3.31,18.15,8.21,0.52,5.3,0,3.78,6.49,0.12,7.34,14.01,0,0.56,127.27,1.76,0,10.8,70.53,89.57,5.37,128.19,136.35,0,11.85,,0,0,,0,0,35.76,206.36,0,6.54,251.55,18.9,0,62.35,235.64,,,,,,,,
8/19/2026 0:00,3.73,3.31,14.3,5.77,0.5,3.9,0,1.97,0,0,6.75,8.69,0,0.53,14.53,0.81,0,4.11,15.55,7.61,3.31,18.15,8.21,0.52,5.3,0,3.78,6.49,0.12,7.34,14.01,0,0.56,127.27,1.76,0,10.8,70.53,89.57,5.37,99.51,122.05,0,11.43,,0,0,,0,0,35.55,190.81,0,5.73,348.75,18.82,0,98.74,373.26,,,,,,,,
8/20/2026 0:00,3.73,3.31,14.29,5.71,0.5,3.9,0,1.97,0,0,6.75,8.69,0,0.53,15.89,0.81,0,2.76,10.43,7.61,3.31,18.15,8.21,0.52,5.3,0,3.78,6.49,0.12,7.34,14.01,0,0.56,127.27,1.76,0,10.8,70.53,89.57,6.16,125.21,121.91,0.47,11.59,,0,0.06,,0,0,37.19,191.69,0,6.44,381.32,18.87,0,66.18,250.25,,,,,,,,
8/21/2026 0:00,3.73,3.31,14.21,5.67,0.5,3.87,0,1.97,0,0,6.75,8.34,0,0.53,15.02,0.81,0,2.39,9.04,7.61,3.31,18.15,8.21,0.52,5.3,0,3.78,6.49,0.12,7.34,14.01,0,0.56,127.27,1.76,0,10.8,70.53,89.57,5.77,123.82,122.04,0,11.61,,0,0.09,,0,0,38.55,188.68,0,6.15,360.58,18.89,0,57.35,216.9,,,,,,,,
8/22/2026 0:00,3.73,3.31,13.92,5.63,0.5,3.77,0,1.97,0,0,6.75,7.36,0,0.53,16.46,0.81,0,2.04,7.7,7.61,3.31,18.15,8.21,0.52,5.3,0,3.78,6.49,0.12,7.34,14.01,0,0.56,127.27,1.76,0,10.8,70.53,88.83,5.77,63.86,111,0,8.37,,0,0,,0,0,36.68,153.97,0,4.78,394.95,18.7,0,48.87,184.88,,,,,,,,
8/23/2026 0:00,3.73,3.31,13.96,5.6,0.5,3.78,0,1.97,0,0,6.75,7.55,0,0.53,15.73,0.81,0,2.27,8.59,7.61,3.31,18.15,8.21,0.52,5.3,0,3.78,6.49,0.12,7.34,14.01,0,0.56,127.27,1.76,0,10.8,70.53,88.38,5.2,46.73,98.53,0,8.02,,0,0,,0,0,34.55,151.83,0,4.78,377.51,16.48,0,54.48,206.15,,,,,,,,
8/24/2026 0:00,3.73,3.31,14.21,5.63,0.5,3.87,0,1.97,0,0,6.75,8.45,0,0.53,15.48,0.81,0,2.55,9.65,7.61,3.31,18.15,8.21,0.52,5.3,0,3.78,6.49,0.12,7.34,14.01,0,0.56,127.27,1.76,0,10.8,70.53,89.57,6.33,66.95,114.34,0,11.26,,0,0,,0,0,36.09,184.75,0,5.62,371.54,18.79,0,61.19,231.63,,,,,,,,
8/25/2026 0:00,3.73,3.31,14.2,5.76,0.5,3.87,0,1.97,0,0,6.75,8.82,0,0.53,14.97,0.81,0,3.16,11.98,7.61,3.31,18.15,8.21,0.52,5.3,0,3.78,6.49,0.12,7.34,14.01,0,0.56,127.27,1.76,0,10.8,70.53,89.57,5.37,86.06,121.92,0,11.42,,0,0,,0,0,37.15,193.7,0,5.58,359.36,18.82,0,75.94,287.51,,,,,,,,
8/26/2026 0:00,3.73,3.31,14.19,5.73,0.5,3.87,0,1.97,0,0,6.75,8.96,0,0.53,15.11,0.81,0,3.17,12.02,7.61,3.31,18.15,8.21,0.52,5.3,0,3.78,6.49,0.12,7.34,14.01,0,0.56,127.27,1.76,0,10.8,70.53,89.57,5.77,98.71,122.01,0,11.59,,0,0.04,,0,0,36.51,197.38,0,5.66,362.52,18.82,0,76.16,288.43,,,,,,,,
8/27/2026 0:00,3.73,3.31,14.17,5.7,0.5,3.86,0,1.97,0,0,6.75,8.92,0,0.53,14.74,0.81,0,2.9,10.99,7.61,3.31,18.15,8.21,0.52,5.3,0,3.78,6.49,0.12,7.34,14.01,0,0.56,127.27,1.76,0,10.8,70.53,89.57,6.16,113.53,122.91,0,11.73,,0,0.09,,0,0,36.04,200.42,0,6,353.85,18.89,0,69.64,263.81,,,,,,,,
8/28/2026 0:00,3.73,3.31,14.08,5.66,0.5,3.83,0,1.97,0,0,6.75,8.57,0,0.53,14.35,0.81,0,2.42,9.15,7.61,3.31,18.15,8.21,0.52,5.3,0,3.78,6.49,0.12,7.34,14.01,0,0.56,127.27,1.76,0,10.8,70.53,89.57,5.77,113.03,120.89,0,11.61,,0,0.04,,0,0,35.25,191.12,0,5.85,344.48,18.89,0,57.96,219.62,,,,,,,,
8/29/2026 0:00,3.73,3.31,13.78,5.63,0.5,3.72,0,1.97,0,0,6.75,7.76,0,0.53,14.41,0.81,0,2.86,10.83,7.61,3.31,18.15,8.21,0.52,5.3,0,3.78,6.49,0.12,7.34,14.01,0,0.56,127.27,1.76,0,10.8,70.53,88.83,5.77,74.64,111.32,0,8.25,,0,0,,0,0,34.05,161.95,0,4.86,345.93,18.72,0,68.6,259.99,,,,,,,,
8/30/2026 0:00,3.73,3.31,13.8,5.51,0.5,3.73,0,1.97,0,0,6.75,7.64,0,0.53,13.31,0.81,0,3.2,12.12,7.61,3.31,18.15,8.21,0.52,5.3,0,3.78,6.49,0.12,7.34,14.01,0,0.56,127.27,1.76,0,10.8,70.53,88.47,4.11,56.05,97.55,0,7.86,,0,0,,0,0,33.05,155.43,0,4.74,319.46,16.93,0,76.74,290.95,,,,,,,,
8/31/2026 0:00,3.73,3.31,14.04,5.48,0.5,3.81,0,1.97,0,0,6.75,8.47,0,0.53,13.59,0.81,0,3.37,12.78,7.61,3.31,18.15,8.21,0.52,5.3,0,3.78,6.49,0.12,7.34,14.01,0,0.56,127.27,1.76,0,10.8,70.53,89.57,7.42,82.65,114,0,11.02,,0,0,,0,0,34.41,186.86,0,5.81,326.09,18.83,0,80.91,306.84,,,,,,,,
9/1/2026 0:00,3.78,3.31,14.03,5.36,0.5,3.81,0,2.4,0,0,6.75,9.09,0,0.53,13.69,0.78,0,3.6,13.56,7.61,3.31,18.15,8.21,0.52,5.3,0,3.78,6.49,0.12,7.34,14.01,0,0.56,128.47,1.76,0,10.93,70.83,90.71,5.37,96.9,116.14,0,11.57,,0,0,,0,0,35.24,209.75,0,5.74,328.66,18.18,0,86.52,325.51,,,,,,,,
9/2/2026 0:00,3.78,3.31,14.01,5.33,0.5,3.8,0,2.4,0,0,6.75,9.27,0,0.53,13.25,0.78,0,3.19,12,7.61,3.31,18.15,8.21,0.52,5.3,0,3.78,6.49,0.12,7.34,14.01,0,0.56,128.47,1.76,0,10.93,70.83,90.71,5.77,104.13,116.88,0,11.55,,0,0,,0,0,34.94,216.68,0,5.82,318.05,18.18,0,76.53,288,,,,,,,,
9/3/2026 0:00,3.78,3.31,13.98,5.32,0.5,3.79,0,2.4,0,0,6.75,9.2,0,0.53,13.53,0.78,0,3.07,11.55,7.61,3.31,18.15,8.21,0.52,5.3,0,3.78,6.49,0.12,7.34,14.01,0,0.56,128.47,1.76,0,10.93,70.83,90.71,5.77,101.15,116.56,0,11.52,,0,0,,0,0,34.74,215.11,0,5.67,324.74,18.16,0,73.63,277.18,,,,,,,,
9/4/2026 0:00,3.78,3.31,13.89,5.3,0.5,3.76,0,2.49,0,0,6.75,8.94,0,0.53,13.17,0.78,0,3.51,13.23,7.61,3.31,18.15,8.21,0.52,5.3,0,3.78,6.49,0.12,7.34,14.01,0,0.56,128.47,1.76,0,10.93,70.83,90.71,6.16,63.72,111.42,0,11.19,,0,0,,0,0,34.39,195.46,0,5.02,316.02,18.13,0,84.33,317.54,,,,,,,,
9/5/2026 0:00,3.85,3.31,13.58,5.29,0.5,3.65,0,2.75,0,0,6.75,8.2,0,0.53,13.14,0.78,0,3.59,13.54,7.61,3.31,18.15,8.21,0.52,5.3,0,3.78,6.49,0.12,7.34,14.01,0,0.56,128.47,1.76,0,10.93,70.83,91.76,5.77,45.83,91.68,0,8.47,,0,0,,0,0,33.06,167.68,0,4.86,315.4,18.01,0,86.26,324.89,,,,,,,,
9/6/2026 0:00,3.85,3.31,13.61,5.44,0.5,3.66,0,2.75,0,0,6.75,7.98,0,0.53,13.43,0.78,0,3.28,12.36,7.61,3.31,18.15,8.21,0.52,5.3,0,3.78,6.49,0.12,7.34,14.01,0,0.56,128.47,1.76,0,10.93,70.83,90.64,0.4,46.43,77.67,0,7.72,,0,0,,0,0,30.9,153.57,0,4.63,322.21,15.91,0,78.71,296.55,,,,,,,,
9/7/2026 0:00,3.78,3.31,13.85,5.51,0.5,3.74,0,2.75,0,0,6.75,8.75,0,0.53,13.45,0.78,0,3.24,12.21,7.61,3.31,18.15,8.21,0.52,5.3,0,3.78,6.49,0.12,7.34,14.01,0,0.56,128.47,1.76,0,10.93,70.83,90.71,10.74,90.88,114.75,0,11.37,,0,0,,0,0,31.18,199.29,0,5.51,322.82,18.12,0,77.79,293.14,,,,,,,,
9/8/2026 0:00,3.78,3.31,13.84,5.5,0.5,3.74,0,2.75,0,0,6.75,8.95,0,0.53,13.33,0.78,0,3.42,12.88,7.61,3.31,18.15,8.21,0.52,5.3,0,3.78,6.49,0.12,7.34,14.01,0,0.56,128.47,1.76,0,10.93,70.83,90.71,5.77,108.48,120.44,0,11.36,,0,0,,0,0,32.47,208.13,0,5.78,319.93,18.18,0,81.98,309.02,,,,,,,,
9/9/2026 0:00,3.78,3.31,13.83,5.49,0.5,3.74,0,2.75,0,0,6.75,8.95,0,0.53,13.25,0.78,0,3.63,13.7,7.61,3.31,18.15,8.21,0.52,5.3,0,3.78,6.49,0.12,7.34,14.01,0,0.56,128.47,1.76,0,10.93,70.83,90.71,5.77,104.48,119.39,0,11.35,,0,0,,0,0,33.07,207.51,0,5.7,317.9,18.18,0,87.22,328.87,,,,,,,,
9/10/2026 0:00,3.78,3.31,13.82,5.55,0.5,3.73,0,2.75,0,0,6.75,9.01,0,0.53,13.08,0.78,0,3.63,13.7,7.61,3.31,18.15,8.21,0.52,5.3,0,3.78,6.49,0.12,7.34,14.01,0,0.56,128.47,1.76,0,10.93,70.83,90.71,5.77,106.42,121.56,0,11.33,,0,0.02,,0,0,33.88,208.81,0,5.78,313.86,18.17,0,87.18,328.8,,,,,,,,
9/11/2026 0:00,3.78,3.31,13.73,5.55,0.5,3.7,0,2.75,0,0,6.75,8.68,0,0.53,12.74,0.78,0,3.36,12.67,7.61,3.31,18.15,8.21,0.52,5.3,0,3.78,6.49,0.12,7.34,14.01,0,0.56,128.47,1.76,0,10.93,70.83,90.71,6.16,86.21,117.95,0,11.22,,0,0,,0,0,33.7,192.94,0,5.47,305.64,18.15,0,80.6,304.07,,,,,,,,
9/12/2026 0:00,3.85,3.31,13.44,5.55,0.5,3.6,0,2.75,0,0,6.75,8.36,0,0.53,12.22,0.78,0,3.42,12.92,7.61,3.31,18.15,8.21,0.52,5.3,0,3.78,6.49,0.12,7.34,14.01,0,0.56,128.47,1.76,0,10.93,70.83,91.94,5.77,51.68,98.5,0,8.87,,0,0,,0,0,32.18,173.37,0,4.86,293.21,18.05,0,82.2,310.17,,,,,,,,
9/13/2026 0:00,3.85,3.31,13.48,5.54,0.5,3.61,0,2.75,0,0,6.75,8.21,0,0.53,11.75,0.78,0,3.51,13.26,7.61,3.31,18.15,8.21,0.52,5.3,0,3.78,6.49,0.12,7.34,14.01,0,0.56,128.47,1.76,0,10.93,70.83,91.4,0.44,49.19,94.31,0,8.22,,0,0,,0,0,30.23,161.63,0,4.7,281.96,18,0,84.31,318.21,,,,,,,,
9/14/2026 0:00,3.78,3.31,13.74,5.54,0.5,3.7,0,2.63,0,0,6.75,9.09,0,0.53,11.55,0.78,0,3.52,13.28,7.61,3.31,18.15,8.21,0.52,5.3,0,3.78,6.49,0.12,7.34,14.01,0,0.56,128.47,1.76,0,10.93,70.83,90.71,10.74,102.5,119.12,0,11.25,,0,0.13,,0,0,29.77,211.87,0,5.97,277.24,18.16,0,84.4,318.67,,,,,,,,
9/15/2026 0:00,3.78,3.31,13.75,5.63,0.5,3.71,0,2.63,0,0,6.75,9.48,0,0.53,11.41,0.78,0,3.39,12.81,7.61,3.31,18.15,8.21,0.52,5.3,0,3.78,6.49,0.12,7.34,14.01,0,0.56,128.47,1.76,0,10.93,70.83,90.71,5.77,107.16,127.27,0,11.26,,0,0.13,,0,0,29.63,224.56,0,6.13,273.87,18.2,0,81.38,307.32,,,,,,,,
9/16/2026 0:00,3.78,3.31,13.76,5.62,0.5,3.71,0,2.63,0,0,6.75,9.25,0,0.53,11.34,0.78,0,3.46,13.06,7.61,3.31,18.15,8.21,0.52,5.3,0,3.78,6.49,0.12,7.34,14.01,0,0.56,128.47,1.76,0,10.93,70.83,90.71,5.77,113.79,128.29,0,11.27,,0,0.13,,0,0,29.35,219.15,0,6.09,272.18,18.22,0,82.96,313.39,,,,,,,,
9/17/2026 0:00,3.78,3.31,13.76,5.61,0.5,3.71,0,2.63,0,0,6.75,9.42,0,0.53,11.22,0.78,0,3.46,13.08,7.61,3.31,18.15,8.21,0.52,5.3,0,3.78,6.49,0.12,7.34,14.01,0,0.56,128.47,1.76,0,10.93,70.83,90.71,5.77,117.03,127.79,0,11.27,,0,0.13,,0,0,29.4,223.27,0,6.17,269.27,18.18,0,83.11,314.02,,,,,,,,
9/18/2026 0:00,3.78,3.31,13.7,5.38,0.5,3.69,0,2.63,0,0,6.75,7.7,0,0.53,11.03,0.78,0,3.14,11.85,7.61,3.31,18.15,8.21,0.52,5.3,0,3.78,6.49,0.12,7.34,14.01,0,0.56,128.47,1.76,0,10.93,70.83,90.71,6.16,94.88,122.06,0,11.21,,0,0,,0,0,28.9,182.8,0,5.86,264.83,18.18,0,75.28,284.51,,,,,,,,
9/19/2026 0:00,3.85,3.31,13.43,5.38,0.5,3.59,0,2.63,0,0,6.75,6.16,0,0.53,10.87,0.78,0,3.35,12.68,7.61,3.31,18.15,8.21,0.52,5.3,0,3.78,6.49,0.12,7.34,14.01,0,0.56,128.47,1.76,0,10.93,70.83,92.31,5.77,57.64,103.63,0,9.73,,0,0,,0,0,26.18,131.98,0,4.9,260.82,18.06,0,80.51,304.37,,,,,,,,
9/20/2026 0:00,3.85,3.31,13.49,5.37,0.5,3.61,0,2.63,0,0,6.75,6.28,0,0.53,11.05,0.78,0,3.21,12.15,7.61,3.31,18.15,8.21,0.52,5.3,0,3.78,6.49,0.12,7.34,14.01,0,0.56,128.47,1.76,0,10.93,70.83,92.13,0.8,56.75,91.57,0,8.85,,0,0,,0,0,24.35,129.85,0,4.78,265.1,18.08,0,77.1,291.55,,,,,,,,
9/21/2026 0:00,3.78,3.31,13.77,5.73,0.5,3.71,0,2.63,0,0,6.75,8.11,0,0.53,10.98,0.78,0,2.56,9.69,7.61,3.31,18.15,8.21,0.52,5.3,0,3.78,6.49,0.12,7.34,14.01,0,0.56,128.47,1.76,0,10.93,70.83,90.71,10.34,116.97,128.82,0.47,11.28,,0,0.17,,0,0,24.53,192.29,0,6.35,263.43,18.2,0,61.5,232.61,,,,,,,,
9/22/2026 0:00,3.78,3.31,13.8,5.72,0.5,3.73,0,2.63,0,0,6.75,9.24,0,0.53,11.01,0.78,0,2.85,10.79,7.61,3.31,18.15,8.21,0.52,5.3,0,3.78,6.49,0.12,7.34,14.01,0,0.56,128.47,1.76,0,10.93,70.83,90.71,5.77,131.94,131.73,0,11.32,,0,0.13,,0,0,25.19,219.21,0,6.58,264.29,18.2,0,68.47,259.07,,,,,,,,
9/23/2026 0:00,3.78,3.31,13.83,5.71,0.5,3.74,0,2.63,0,0,6.75,9.2,0,0.53,10.44,0.78,0,2.8,10.6,7.61,3.31,18.15,8.21,0.52,5.3,0,3.78,6.49,0.12,7.34,14.01,0,0.56,128.47,1.76,0,10.93,70.83,90.71,5.77,142.3,133.96,0,11.35,,0,0.13,,0,0,25.94,219.96,0,6.69,250.68,18.21,0,67.19,254.28,,,,,,,,
9/24/2026 0:00,3.78,3.31,13.86,5.71,0.5,3.75,0,2.63,0,0,6.75,9.31,0,0.53,10.14,0.78,0,3.06,11.6,7.61,3.31,18.15,8.21,0.52,5.3,0,3.78,6.49,0.12,7.34,14.01,0,0.56,128.47,1.76,0,10.93,70.83,90.71,5.77,130.93,133.61,0,11.38,,0,0.13,,0,0,26.42,221.97,0,6.69,243.46,18.19,0,73.55,278.44,,,,,,,,
9/25/2026 0:00,3.78,3.31,13.81,5.7,0.5,3.73,0,2.63,0,0,6.75,8.75,0,0.53,10.05,0.78,0,3.31,12.54,7.61,3.31,18.15,8.21,0.52,5.3,0,3.78,6.49,0.12,7.34,14.01,0,0.56,128.47,1.76,0,10.93,70.83,90.71,5.99,91.11,130.05,0,11.33,,0,0,,0,0,25.9,207.32,0,5.86,241.26,18.16,0,79.47,300.91,,,,,,,,
9/26/2026 0:00,3.85,3.31,13.56,5.69,0.5,3.64,0,2.63,0,0,6.75,9.54,0,0.53,9.87,0.78,0,3.48,13.18,7.61,3.31,18.15,8.21,0.52,5.3,0,3.78,6.49,0.12,7.34,14.01,0,0.56,128.47,1.76,0,10.93,70.83,92.31,5.77,55.62,105.52,0,10.14,,0,0,,0,0,24.35,200.32,0,4.9,236.92,18.05,0,83.53,316.39,,,,,,,,
9/27/2026 0:00,3.85,3.31,13.64,5.69,0.5,3.67,0,2.63,0,0,6.75,9.13,0,0.53,9.72,0.78,0,3.44,13.02,7.61,3.31,18.15,8.21,0.52,5.3,0,3.78,6.49,0.12,7.34,14.01,0,0.56,128.47,1.76,0,10.93,70.83,92.31,0.8,48.91,98.41,0,9.05,,0,0,,0,0,23.35,184.39,0,4.78,233.2,18.01,0,82.45,312.39,,,,,,,,
9/28/2026 0:00,3.78,3.31,13.94,5.68,0.5,3.78,0,2.63,0,0,6.75,8.85,0,0.53,9.24,0.78,0,3.68,13.95,7.61,3.31,18.15,8.21,0.52,5.3,0,3.78,6.49,0.12,7.34,14.01,0,0.56,128.47,1.76,0,10.93,70.83,90.71,10.34,106.61,125.3,0,11.47,,0,0.13,,0,0,22.95,209.49,0,5.86,221.88,18.16,0,88.32,334.71,,,,,,,,
9/29/2026 0:00,3.78,3.31,13.99,5.67,0.5,3.79,0,2.65,0,0,6.75,8.63,0,0.53,9.96,0.78,0,4.96,17.87,7.61,3.31,18.15,8.21,0.52,5.3,0,3.78,6.49,0.12,7.34,14.01,0,0.56,128.47,1.76,0,10.93,70.83,90.71,5.77,93.8,126.8,0,11.52,,0,0,,0,0,22.97,203.12,0,5.48,238.94,18.16,0,119.04,428.8,,,,,,,,
9/30/2026 0:00,3.78,3.31,14.03,5.67,0.5,3.81,0,2.68,0,0,6.75,8.91,0,0.53,12.13,0.78,0,3.6,11.22,7.61,3.31,18.15,8.21,0.52,5.3,0,3.78,6.49,0.12,7.34,14.01,0,0.56,128.47,1.76,0,10.93,70.83,90.71,6.56,148.69,127.99,0.7,11.57,,0,0.24,,0,0,23.14,209.43,0,7.03,291.04,18.21,0,86.49,269.28,,,,,,,,
10/1/2026 0:00,4.02,3.31,14.07,5.65,0.5,3.82,0,2.68,0,0,6.75,7.76,0,0.53,4.15,0.81,0,7.37,32.31,7.61,3.31,18.15,8.21,0.52,5.3,0,3.78,6.49,0.12,7.34,14.01,0,0.56,129.68,1.76,0,11.06,71.12,96.45,4.33,74.79,120.31,0,11.61,,0,0,,0,0,22.8,182.66,0,9.09,99.62,18.73,0,176.93,775.49,,,,,,,,
10/2/2026 0:00,4.02,3.31,14.04,5.66,0.5,3.81,0,2.68,0,0,6.75,7.78,0,0.53,6.4,0.81,0,8.53,25.83,7.61,3.31,18.15,8.21,0.52,5.3,0,3.78,6.49,0.12,7.34,14.01,0,0.56,129.68,1.76,0,11.06,71.12,96.45,11,58.95,109.01,0,11.58,,0,0,,0,0,22.45,177.08,0,8.3,153.71,18.72,0,204.64,620,,,,,,,,
10/3/2026 0:00,4.03,3.31,13.8,5.66,0.5,3.72,0,2.68,0,0,6.75,8.07,0,0.53,9.29,0.81,0,3.96,17.76,7.61,3.31,18.15,8.21,0.52,5.3,0,3.78,6.49,0.12,7.34,14.01,0,0.56,129.68,1.76,0,11.06,71.12,96.63,5.77,52.8,72.11,0,10.44,,0,0,,0,0,22.02,167.99,0,7.91,223.01,18.71,0,95.11,426.34,,,,,,,,
10/4/2026 0:00,4.03,3.31,13.89,5.65,0.5,3.76,0,2.68,0,0,6.75,7.97,0,0.53,12.13,0.81,0,5.96,11,7.61,3.31,18.15,8.21,0.52,5.3,0,3.78,6.49,0.12,7.34,14.01,0,0.56,129.68,1.76,0,11.06,71.12,95.49,5.6,41.91,77.92,0,9.83,,0,0,,0,0,21.86,161.17,0,8.38,291.21,17.54,0,143.1,264.01,,,,,,,,
10/5/2026 0:00,4.02,3.31,14.19,5.91,0.5,3.87,0,2.68,0,0,6.75,7.1,0,0.53,11.58,0.81,0,7.62,29.14,7.61,3.31,18.15,8.21,0.52,5.3,0,3.78,6.49,0.12,7.34,14.01,0,0.56,129.68,1.76,0,11.06,71.12,95.12,11.04,51.22,96.91,0,10.28,,0,0,,0,0,22.28,148.15,0,8.07,277.88,16.8,0,182.86,699.34,,,,,,,,
10/6/2026 0:00,4.02,3.31,14.24,5.91,0.5,3.89,0,2.68,0,0,6.75,7.62,0,0.53,12.41,0.81,0,6.29,25.47,7.61,3.31,18.15,8.21,0.52,5.3,0,3.78,6.49,0.12,7.34,14.01,0,0.56,129.68,1.76,0,11.06,71.12,96.45,11.05,98.04,114.47,0,10.89,,0,0,,0,0,22.4,163.72,0,8.19,297.77,18.75,0,150.92,611.34,,,,,,,,
10/7/2026 0:00,4.02,3.31,14.29,5.9,0.5,3.9,0,2.68,0,0,6.75,8.62,0,0.53,12.28,0.81,0,6.73,16.02,7.61,3.31,18.15,8.21,0.52,5.3,0,3.78,6.49,0.12,7.34,14.01,0,0.56,129.68,1.76,0,11.06,71.12,96.45,7.82,106.76,126.36,0,11.37,,0,0,,0,0,22.49,193.47,0,8.74,294.83,18.8,0,161.61,384.45,,,,,,,,
10/8/2026 0:00,4.02,3.31,14.33,5.89,0.5,3.92,0,2.68,0,0,6.75,8.91,0,0.53,8.01,0.81,0,6.54,20.5,7.61,3.31,18.15,8.21,0.52,5.3,0,3.78,6.49,0.12,7.34,14.01,0,0.56,129.68,1.76,0,11.06,71.12,96.45,7.93,109.2,133.37,0,11.9,,0,0,,0,0,22.52,211.71,0,9.09,192.14,18.78,0,156.85,492.11,,,,,,,,
10/9/2026 0:00,4.02,3.31,14.3,5.89,0.5,3.91,0,2.68,0,0,6.75,9.18,0,0.53,12.99,0.81,0,3.66,11.8,7.61,3.31,18.15,8.21,0.52,5.3,0,3.78,6.49,0.12,7.34,14.01,0,0.56,129.68,1.76,0,11.06,71.12,96.45,9.38,120.81,129.2,0,11.87,,0,0,,0,0,22.51,214.97,0,8.86,311.74,18.82,0,87.73,283.3,,,,,,,,
10/10/2026 0:00,4.03,3.31,14.06,5.88,0.5,3.82,0,2.68,0,0,6.75,8.07,0,0.53,10.96,0.81,0,6.48,19.06,7.61,3.31,18.15,8.21,0.52,5.3,0,3.78,6.49,0.12,7.34,14.01,0,0.56,129.68,1.76,0,11.06,71.12,96.63,5.77,41.83,71.35,0,10.77,,0,0,,0,0,21.81,167.39,0,7.99,262.94,18.64,0,155.51,457.47,,,,,,,,
10/11/2026 0:00,4.03,3.31,14.15,5.88,0.5,3.85,0,2.68,0,0,6.75,9.44,0,0.53,9.51,0.81,0,3.93,7.78,7.61,3.31,18.15,8.21,0.52,5.3,0,3.78,6.49,0.12,7.34,14.01,0,0.56,129.68,1.76,0,11.06,71.12,96.63,2.91,92.32,99.27,0,11.15,,0,0,,0,0,21.89,198.03,0,8.11,228.35,18.74,0,94.29,186.65,,,,,,,,
10/12/2026 0:00,4.02,3.31,14.45,5.87,0.5,3.96,0,2.68,0,0,6.75,11.13,0,0.53,10.01,0.81,0,2.39,3.52,7.61,3.31,18.15,8.21,0.52,5.3,0,3.78,6.49,0.12,7.34,14.01,0,0.56,129.68,1.76,0,11.06,71.12,96.45,11.14,204.44,140.58,1.83,12.03,,0,0.45,,0,0,22.88,266.95,0,10.16,240.35,18.88,0,57.34,84.51,,,,,,,,
10/13/2026 0:00,4.02,3.31,14.5,5.87,0.5,3.98,0,2.68,0,0,6.75,11.43,0,0.53,5.71,0.81,0,2.47,8.45,7.61,3.31,18.15,8.21,0.52,5.3,0,3.78,6.49,0.12,7.34,14.01,0,0.56,129.68,1.76,0,11.06,71.12,96.45,5.42,213.51,140.64,0.87,12.16,,0,0.29,,0,0,23.07,274.27,0,9.7,136.92,18.85,0,59.24,202.82,,,,,,,,
10/14/2026 0:00,4.02,3.31,14.54,5.86,0.5,3.99,0,2.68,0,0,6.75,11.43,0,0.53,5.26,0.81,0,1.8,7.58,7.61,3.31,18.15,8.21,0.52,5.3,0,3.78,6.49,0.12,7.34,14.01,0,0.56,129.68,1.76,0,11.06,71.12,96.45,9.03,240.3,140.65,0.7,12.13,,0,0.29,,0,0,23.38,274.43,0,9.55,126.21,18.91,0,43.32,182.01,,,,,,,,
10/15/2026 0:00,4.02,3.31,14.57,5.86,0.5,4.01,0,2.68,0,0,6.75,10.3,0,0.53,5.39,0.81,0,4.29,15.23,7.61,3.31,18.15,8.21,0.52,5.3,0,3.78,6.49,0.12,7.34,14.01,0,0.56,129.68,1.76,0,11.06,71.12,96.45,6.46,144.68,136.91,0,12.17,,0,0,,0,0,23.39,247.2,0,9.09,129.33,18.86,0,103.06,365.43,,,,,,,,
10/16/2026 0:00,4.02,3.31,14.54,5.85,0.5,3.99,0,2.68,0,0,6.75,9.19,0,0.53,8.86,0.81,0,5.73,17.47,7.61,3.31,18.15,8.21,0.52,5.3,0,3.78,6.49,0.12,7.34,14.01,0,0.56,129.68,1.76,0,11.06,71.12,96.45,11.14,116.63,119.23,0,12.13,,0,0,,0,0,22.62,210.34,0,8.54,212.63,18.77,0,137.41,419.29,,,,,,,,
10/17/2026 0:00,4.03,3.31,14.29,5.85,0.5,3.9,0,2.68,0,0,6.75,8.62,0,0.53,9.84,0.81,0,5.04,16.03,7.61,3.31,18.15,8.21,0.52,5.3,0,3.78,6.49,0.12,7.34,14.01,0,0.56,129.68,1.76,0,11.06,71.12,96.63,5.77,57.39,83.42,0,11.07,,0,0,,0,0,22.05,180.54,0,8.11,236.19,18.65,0,120.93,384.76,,,,,,,,
10/18/2026 0:00,4.03,3.31,14.37,5.84,0.5,3.93,0,2.68,0,0,6.75,9.58,0,0.53,6.35,0.81,0,5.38,7.85,7.61,3.31,18.15,8.21,0.52,5.3,0,3.78,6.49,0.12,7.34,14.01,0,0.56,129.68,1.76,0,11.06,71.12,96.63,0.71,61.43,110.03,0,11.38,,0,0,,0,0,22,208.61,0,8.58,152.33,18.7,0,129.07,188.36,,,,,,,,
10/19/2026 0:00,4.02,3.31,14.66,5.84,0.5,4.03,0,2.68,0,0,6.75,10.36,0,0.53,7.3,0.81,0,2.44,8.95,7.61,3.31,18.15,8.21,0.52,5.3,0,3.78,6.49,0.12,7.34,14.01,0,0.56,129.68,1.76,0,11.06,71.12,96.45,8.55,173.35,136.56,0.08,12.26,,0,0.21,,0,0,22.98,248.63,0,9.17,175.11,18.85,0,58.46,214.91,,,,,,,,
10/20/2026 0:00,4.02,3.31,14.7,5.84,0.5,4.05,0,2.68,0,0,6.75,8.95,0,0.53,7.83,0.81,0,7.03,25.43,7.61,3.31,18.15,8.21,0.52,5.3,0,3.78,6.49,0.12,7.34,14.01,0,0.56,129.68,1.76,0,11.06,71.12,96.45,8.19,94.37,131.34,0,12.3,,0,0,,0,0,22.3,211.28,0,8.98,187.93,18.78,0,168.7,610.39,,,,,,,,
10/21/2026 0:00,4.02,3.31,14.73,5.83,0.5,4.06,0,2.68,0,0,6.75,10.68,0,0.53,3.71,0.81,0,1.57,14.13,7.61,3.31,18.15,8.21,0.52,5.3,0,3.78,6.49,0.12,7.34,14.01,0,0.56,129.68,1.76,0,11.06,71.12,96.45,5.54,211.16,136.72,0.26,12.34,,0,0.18,,0,0,22.88,256.25,0,9.48,88.95,18.87,0,37.59,339.02,,,,,,,,
10/22/2026 0:00,4.02,3.31,14.75,5.83,0.5,4.07,0,2.68,0,0,6.75,10.56,0,0.53,7.36,0.81,0,3.03,12.29,7.61,3.31,18.15,8.21,0.52,5.3,0,3.78,6.49,0.12,7.34,14.01,0,0.56,129.68,1.76,0,11.06,71.12,96.45,5.38,190.11,138.86,0,12.36,,0,0.13,,0,0,22.9,253.49,0,9.25,176.76,18.86,0,72.79,295.05,,,,,,,,
10/23/2026 0:00,4.02,3.31,14.7,5.82,0.5,4.05,0,2.69,0,0,6.75,9.47,0,0.53,7.11,0.81,0,3.68,15.32,7.61,3.31,18.15,8.21,0.52,5.3,0,3.78,6.49,0.12,7.34,14.01,0,0.56,129.68,1.76,0,11.06,71.12,96.45,3.31,163.76,137,0,12.31,,0,0.13,,0,0,22.56,227.25,0,9.09,170.56,18.82,0,88.29,367.65,,,,,,,,
10/24/2026 0:00,4.03,3.31,14.45,5.82,0.5,3.96,0,2.74,0,0,6.75,6.86,0,0.53,4.02,0.81,0,6.96,35.83,7.61,3.31,18.15,8.21,0.52,5.3,0,3.78,6.49,0.12,7.34,14.01,0,0.56,129.68,1.76,0,11.06,71.12,95.73,5.34,41.91,41.93,0,10.52,,0,0,,0,0,21.75,127.28,0,7.63,96.59,17.11,0,167.03,859.93,,,,,,,,
10/25/2026 0:00,4.03,3.31,14.52,5.82,0.5,3.98,0,2.74,0,0,6.75,8.02,0,0.53,7.16,0.81,0,5.86,19.56,7.61,3.31,18.15,8.21,0.52,5.3,0,3.78,6.49,0.12,7.34,14.01,0,0.56,129.68,1.76,0,11.06,71.12,96.63,0.4,78.49,58.46,0,11.23,,0,0,,0,0,21.77,153.91,0,7.83,171.75,18.71,0,140.66,469.49,,,,,,,,
10/26/2026 0:00,4.02,3.31,14.8,5.81,0.5,4.09,0,2.74,0,0,6.75,9.97,0,0.53,7.13,0.81,0,4.26,11.53,7.61,3.31,18.15,8.21,0.52,5.3,0,3.78,6.49,0.12,7.34,14.01,0,0.56,129.68,1.76,0,11.06,71.12,96.45,2.72,179.64,136.88,0,12.41,,0,0.03,,0,0,22.54,239.23,0,9.09,171.06,18.86,0,102.25,276.74,,,,,,,,
10/27/2026 0:00,4.02,3.31,14.83,5.81,0.5,4.1,0,2.74,0,0,6.75,9.55,0,0.53,9.6,0.81,0,5.68,15.14,7.61,3.31,18.15,8.21,0.52,5.3,0,3.78,6.49,0.12,7.34,14.01,0,0.56,129.68,1.76,0,11.06,71.12,96.45,5.92,155.47,137.14,0,12.45,,0,0,,0,0,22.15,229.26,0,9.09,230.31,18.87,0,136.36,363.38,,,,,,,,
10/28/2026 0:00,4.02,3.31,14.85,5.81,0.5,4.11,0,2.74,0,0,6.75,9.54,0,0.53,7.51,0.81,0,4.15,20.66,7.61,3.31,18.15,8.21,0.52,5.3,0,3.78,6.49,0.12,7.34,14.01,0,0.56,129.68,1.76,0,11.06,71.12,96.45,3.29,140.31,135.94,0,12.48,,0,0,,0,0,22.15,228.98,0,9.09,180.33,18.82,0,99.55,495.83,,,,,,,,
10/29/2026 0:00,4.02,3.31,14.87,5.8,0.5,4.11,0,2.74,0,0,6.75,10.95,0,0.53,6.48,0.81,0,1.96,8.43,7.61,3.31,18.15,8.21,0.52,5.3,0,3.78,6.49,0.12,7.34,14.01,0,0.56,129.68,1.76,0,11.06,71.12,96.45,6.12,243.83,139.18,1.05,12.57,,0,0.49,,0,0,22.44,262.87,0,9.86,155.61,18.93,0,47.13,202.24,,,,,,,,
10/30/2026 0:00,4.02,3.31,14.81,5.8,0.5,4.09,0,2.74,0,0,6.75,10.76,0,0.53,8.91,0.81,0,1.83,7.9,7.61,3.31,18.15,8.21,0.52,5.3,0,3.78,6.49,0.12,7.34,14.01,0,0.56,129.68,1.76,0,11.06,71.12,96.45,6.79,209.47,138.87,0.93,12.51,,0,0.31,,0,0,22.2,258.28,0,9.7,213.82,18.9,0,44,189.62,,,,,,,,
10/31/2026 0:00,4.03,3.31,14.55,5.8,0.5,4,0,2.74,0,0,6.75,9.82,0,0.53,6.43,0.81,0,2.84,8.02,7.61,3.31,18.15,8.21,0.52,5.3,0,3.78,6.49,0.12,7.34,14.01,0,0.56,129.68,1.76,0,11.06,71.12,96.63,3.32,123.98,134.44,0,12.14,,0,0,,0,0,21.81,235.75,0,9.09,154.27,18.8,0,68.22,192.47,,,,,,,,
11/1/2026 0:00,4.4,3.31,14.62,5.97,0.5,4.02,0,2.74,0,0,6.75,8.07,0,0.53,5.58,0.78,0,6.8,23.06,7.61,3.31,18.15,8.21,0.52,5.3,0,3.78,6.49,0.12,7.34,14.01,0,0.56,130.89,1.76,0,11.2,71.41,104.94,2.06,60.39,60.88,0,10.8,,0,0,,0,0,21.66,144.52,0,7.59,133.92,16.83,0,163.29,553.42,,,,,,,,
11/2/2026 0:00,4.36,3.31,14.89,5.97,0.5,4.12,0,2.74,0,0,6.75,8.32,0,0.53,6.97,0.78,0,6.48,27.36,7.61,3.31,18.15,8.21,0.52,5.3,0,3.78,6.49,0.12,7.34,14.01,0,0.56,130.89,1.76,0,11.2,71.41,104.66,10.56,104.28,106.38,0,12.52,,0,0,,0,0,22.08,178.34,0,8.23,167.32,17.96,0,155.48,656.7,,,,,,,,
11/3/2026 0:00,4.36,3.31,14.92,5.96,0.5,4.13,0,2.74,0,0,6.75,9.28,0,0.53,5.6,0.78,0,6.56,23.92,7.61,3.31,18.15,8.21,0.52,5.3,0,3.78,6.49,0.12,7.34,14.01,0,0.56,130.89,1.76,0,11.2,71.41,104.66,4.26,137.78,138.34,0,12.55,,0,0,,0,0,22,222.1,0,9.09,134.37,18.04,0,157.33,574.19,,,,,,,,
11/4/2026 0:00,4.36,3.31,14.95,5.96,0.5,4.14,0,2.74,0,0,6.75,10.76,0,0.53,3.01,0.78,0,5.87,12.88,7.61,3.31,18.15,8.21,0.52,5.3,0,3.78,6.49,0.12,7.34,14.01,0,0.56,130.89,1.76,0,11.2,71.41,104.66,5.77,214.28,138.93,0.16,12.58,,0,0.34,,0,0,22.31,257.83,0,9.78,72.23,18.13,0,140.86,309.22,,,,,,,,
11/5/2026 0:00,4.36,3.31,14.96,5.96,0.5,4.15,0,2.74,0,0,6.75,10.53,0,0.53,5.53,0.78,0,4.8,12.99,7.61,3.31,18.15,8.21,0.52,5.3,0,3.78,6.49,0.12,7.34,14.01,0,0.56,130.89,1.76,0,11.2,71.41,104.66,0.8,211.45,142.4,0,12.59,,0,0.22,,0,0,22.23,252.72,0,9.09,132.61,18.13,0,115.09,311.74,,,,,,,,
11/6/2026 0:00,4.36,3.31,14.91,5.95,0.5,4.13,0,2.74,0,0,6.75,8.83,0,0.53,6.85,0.78,0,5.51,24.89,7.61,3.31,18.15,8.21,0.52,5.3,0,3.78,6.49,0.12,7.34,14.01,0,0.56,130.89,1.76,0,11.2,71.41,104.66,4.11,102.68,132,0,12.54,,0,0,,0,0,21.91,208.45,0,9.09,164.33,17.99,0,132.29,597.35,,,,,,,,
11/7/2026 0:00,4.4,3.31,14.65,5.95,0.5,4.03,0,2.74,0,0,6.75,7.63,0,0.53,4.96,0.78,0,5.66,28.94,7.61,3.31,18.15,8.21,0.52,5.3,0,3.78,6.49,0.12,7.34,14.01,0,0.56,130.89,1.76,0,11.2,71.41,105.67,5.21,60.53,64.96,0,12.25,,0,0,,0,0,21.66,162.36,0,7.83,119.14,17.87,0,135.85,694.46,,,,,,,,
11/8/2026 0:00,4.4,3.31,14.71,5.95,0.5,4.06,0,2.74,0,0,6.75,7.48,0,0.53,7.26,0.78,0,5.96,26.06,7.61,3.31,18.15,8.21,0.52,5.3,0,3.78,6.49,0.12,7.34,14.01,0,0.56,130.89,1.76,0,11.2,71.41,104.94,0.4,60.37,63.64,0,10.92,,0,0,,0,0,21.59,138.63,0,7.59,174.29,17.86,0,143.01,625.52,,,,,,,,
11/9/2026 0:00,4.36,3.31,14.99,5.94,0.5,4.16,0,2.74,0,0,6.75,8.62,0,0.53,4.09,0.78,0,6.11,27.12,7.61,3.31,18.15,8.21,0.52,5.3,0,3.78,6.49,0.12,7.34,14.01,0,0.56,130.89,1.76,0,11.2,71.41,104.66,5.5,122.93,123.73,0,12.63,,0,0,,0,0,22.12,195.87,0,8.62,98.08,18,0,146.65,650.94,,,,,,,,
11/10/2026 0:00,4.36,3.31,15.02,5.94,0.5,4.17,0,2.74,0,0,6.75,9.17,0,0.53,6.63,0.78,0,7.13,22.5,7.61,3.31,18.15,8.21,0.52,5.3,0,3.78,6.49,0.12,7.34,14.01,0,0.56,130.89,1.76,0,11.2,71.41,104.66,9.75,149.56,137.18,0,12.66,,0,0,,0,0,22.05,220.06,0,9.09,159.21,18.06,0,171.19,540.11,,,,,,,,
11/11/2026 0:00,4.36,3.31,15.05,5.94,0.5,4.18,0,2.74,0,0,6.75,10.23,0,0.53,5.24,0.78,0,7.24,17.93,7.61,3.31,18.15,8.21,0.52,5.3,0,3.78,6.49,0.12,7.34,14.01,0,0.56,130.89,1.76,0,11.2,71.41,104.66,1.12,189.15,138.26,0,12.7,,0,0.17,,0,0,22.13,245.54,0,9.17,125.65,18.11,0,173.69,430.37,,,,,,,,
11/12/2026 0:00,4.36,3.31,15.07,5.93,0.5,4.19,0,2.74,0,0,6.75,12.05,0,0.53,5.04,0.78,0,1.8,4.7,7.61,3.31,18.15,8.21,0.52,5.3,0,3.78,6.49,0.12,7.34,14.01,0,0.56,130.89,1.76,0,11.2,71.41,104.66,6.83,271.46,142.38,2.14,16.82,,0,2.65,,0,0,22.51,289.11,0,10.31,121.03,18.26,0,43.29,112.91,,,,,,,,
11/13/2026 0:00,4.36,3.31,15.02,5.93,0.5,4.17,0,2.74,0,0,6.75,11.09,0,0.53,6.72,0.78,0,2.16,11.59,7.61,3.31,18.15,8.21,0.52,5.3,0,3.78,6.49,0.12,7.34,14.01,0,0.56,130.89,1.76,0,11.2,71.41,104.66,2.12,227.82,142.31,0,12.66,,0,0.02,,0,0,22.21,266.14,0,9.09,161.2,18.15,0,51.78,278.05,,,,,,,,
11/14/2026 0:00,4.4,3.31,14.77,5.93,0.5,4.07,0,2.74,0,0,6.75,9.56,0,0.53,5.58,0.78,0,5.28,17.44,7.61,3.31,18.15,8.21,0.52,5.3,0,3.78,6.49,0.12,7.34,14.01,0,0.56,130.89,1.76,0,11.2,71.41,105.67,1.07,73.02,126.68,0,12.38,,0,0,,0,0,21.73,226.11,0,9.09,134.03,17.92,0,126.77,418.63,,,,,,,,
11/15/2026 0:00,4.4,3.31,14.84,5.92,0.5,4.1,0,2.74,0,0,6.75,9.47,0,0.53,6.12,0.78,0,4.72,14.19,7.61,3.31,18.15,8.21,0.52,5.3,0,3.78,6.49,0.12,7.34,14.01,0,0.56,130.89,1.76,0,11.2,71.41,105.67,3.78,73.63,121.91,0,12.46,,0,0,,0,0,21.78,217.2,0,9.05,146.79,17.89,0,113.22,340.46,,,,,,,,
11/16/2026 0:00,4.36,3.31,15.12,5.92,0.5,4.2,0,2.74,0,0,6.75,9.78,0,0.53,2.62,0.78,0,5.86,21.38,7.61,3.31,18.15,8.21,0.52,5.3,0,3.78,6.49,0.12,7.34,14.01,0,0.56,130.89,1.76,0,11.2,71.41,104.66,5.77,179.69,134.68,0,12.77,,0,0,,0,0,22.23,227.95,0,8.86,62.95,18.1,0,140.54,513.23,,,,,,,,
11/17/2026 0:00,4.36,3.31,15.16,5.92,0.5,4.22,0,2.74,0,0,6.75,9.36,0,0.53,2.16,0.78,0,3.71,33.71,7.61,3.31,18.15,8.21,0.52,5.3,0,3.78,6.49,0.12,7.34,14.01,0,0.56,130.89,1.76,0,11.2,71.41,104.66,2.16,159.43,137.34,0,12.81,,0,0,,0,0,22.04,218.61,0,8.9,51.92,18.03,0,88.94,809.08,,,,,,,,
11/18/2026 0:00,4.36,3.31,15.19,5.92,0.5,4.23,0,2.74,0,0,6.75,11.06,0,0.53,2.04,0.78,0,6.03,16.11,7.61,3.31,18.15,8.21,0.52,5.3,0,3.78,6.49,0.12,7.34,14.01,0,0.56,130.89,1.76,0,11.2,71.41,104.66,2.45,234.59,140.86,0.08,12.85,,0,0.4,,0,0,22.22,265.42,0,9.63,48.86,18.16,0,144.8,386.68,,,,,,,,
11/19/2026 0:00,4.36,3.31,15.21,5.91,0.5,4.24,0,2.74,0,0,6.75,12.49,0,0.53,3.12,0.78,0,3.26,7.14,7.61,3.31,18.15,8.21,0.52,5.3,0,3.78,6.49,0.12,7.34,14.01,0,0.56,130.89,1.76,0,11.2,71.41,104.66,5.77,286.29,141.92,2.47,17.49,,0,3.01,,0,0,22.44,299.88,0,10.31,74.77,18.3,0,78.16,171.29,,,,,,,,
11/20/2026 0:00,4.36,3.31,15.16,5.91,0.5,4.22,0,2.74,0,0,6.75,12.62,0,0.53,2.67,0.78,0,1.07,7.1,7.61,3.31,18.15,8.21,0.52,5.3,0,3.78,6.49,0.12,7.34,14.01,0,0.56,130.89,1.76,0,11.2,71.41,104.66,4.16,297.9,141.85,1.47,13.6,,0,0.87,,0,0,22.4,302.79,0,10.47,64.05,18.25,0,25.6,170.5,,,,,,,,
11/21/2026 0:00,4.4,3.31,14.91,5.91,0.5,4.13,0,2.74,0,0,6.75,11.13,0,0.53,3.46,0.78,0,2.45,10.56,7.61,3.31,18.15,8.21,0.52,5.3,0,3.78,6.49,0.12,7.34,14.01,0,0.56,130.89,1.76,0,11.2,71.41,105.67,0,166.79,140.3,0,12.53,,0,0,,0,0,21.83,267.07,0,9.09,83.09,18.08,0,58.74,253.33,,,,,,,,
11/22/2026 0:00,4.4,3.31,14.98,5.91,0.5,4.15,0,2.74,0,0,6.75,9.77,0,0.53,2.23,0.78,0,7.33,18.07,7.61,3.31,18.15,8.21,0.52,5.3,0,3.78,6.49,0.12,7.34,14.01,0,0.56,130.89,1.76,0,11.2,71.41,105.67,0.93,87.14,119.22,0,12.61,,0,0,,0,0,21.61,226.96,0,8.86,53.5,17.94,0,175.9,433.79,,,,,,,,
11/23/2026 0:00,4.36,3.31,15.26,5.9,0.5,4.25,0,2.74,0,0,6.75,10.64,0,0.53,4.91,0.78,0,6.02,17.15,7.61,3.31,18.15,8.21,0.52,5.3,0,3.78,6.49,0.12,7.34,14.01,0,0.56,130.89,1.76,0,11.2,71.41,104.66,3.61,177.14,139.29,0,12.92,,0,0,,0,0,22.28,255.4,0,9.09,117.94,18.08,0,144.5,411.7,,,,,,,,
11/24/2026 0:00,4.36,3.31,15.29,5.9,0.5,4.26,0,2.74,0,0,6.75,11.62,0,0.53,2.71,0.78,0,4.72,13.26,7.61,3.31,18.15,8.21,0.52,5.3,0,3.78,6.49,0.12,7.34,14.01,0,0.56,130.89,1.76,0,11.2,71.41,104.66,2.85,246.28,141.51,0.78,13.75,,0,0.34,,0,0,22.4,278.95,0,9.86,64.95,18.19,0,113.19,318.36,,,,,,,,
11/25/2026 0:00,4.36,3.31,15.32,5.9,0.5,4.27,0,2.74,0,0,6.75,12.04,0,0.53,3.11,0.78,0,4.33,11.61,7.61,3.31,18.15,8.21,0.52,5.3,0,3.78,6.49,0.12,7.34,14.01,0,0.56,130.89,1.76,0,11.2,71.41,104.66,3.61,263.69,141.61,1.16,13.98,,0,0.5,,0,0,22.43,289.02,0,9.86,74.66,18.21,0,103.83,278.65,,,,,,,,
11/26/2026 0:00,4.36,3.31,15.33,5.9,0.5,4.28,0,2.74,0,0,6.75,12.42,0,0.53,2.74,0.78,0,2.77,7.58,7.61,3.31,18.15,8.21,0.52,5.3,0,3.78,6.49,0.12,7.34,14.01,0,0.56,130.89,1.76,0,11.2,71.41,104.66,5.77,280.23,141.55,1.4,13.1,,0,0.59,,0,0,22.68,297.98,0,10.31,65.65,18.23,0,66.55,181.99,,,,,,,,
11/27/2026 0:00,4.36,3.31,15.28,5.9,0.5,4.26,0,2.74,0,0,6.75,11.19,0,0.53,3.45,0.78,0,5.6,15.34,7.61,3.31,18.15,8.21,0.52,5.3,0,3.78,6.49,0.12,7.34,14.01,0,0.56,130.89,1.76,0,11.2,71.41,104.66,0,224.25,141.51,0,12.94,,0,0,,0,0,22.15,268.59,0,9.09,82.9,18.15,0,134.4,368.19,,,,,,,,
11/28/2026 0:00,4.4,3.31,15.01,5.89,0.5,4.16,0,2.8,0,0,6.75,10.9,0,0.53,1.54,0.78,0,4.17,14.8,7.61,3.31,18.15,8.21,0.52,5.3,0,3.78,6.49,0.12,7.34,14.01,0,0.56,130.89,1.76,0,11.2,71.41,105.67,1.94,167.71,139.07,0,12.65,,0,0,,0,0,21.79,261.47,0,9.09,36.87,18.03,0,100.03,355.29,,,,,,,,
11/29/2026 0:00,4.4,3.31,15.07,5.89,0.5,4.18,0,2.8,0,0,6.75,12.27,0,0.53,1.05,0.78,0,1.41,3.68,7.61,3.31,18.15,8.21,0.52,5.3,0,3.78,6.49,0.12,7.34,14.01,0,0.56,130.89,1.76,0,11.2,71.41,105.67,0.46,203.79,141.19,0,12.71,,0,0.11,,0,0,21.85,294.38,0,9.09,25.09,18.05,0,33.88,88.29,,,,,,,,
11/30/2026 0:00,4.36,3.31,15.34,5.89,0.5,4.28,0,2.8,0,0,6.75,13.46,0,0.53,1.24,0.78,0,1.4,3.07,7.61,3.31,18.15,8.21,0.52,5.3,0,3.78,6.49,0.12,7.34,14.01,0,0.56,130.89,1.76,0,11.2,71.41,104.66,5.77,317.44,141.4,7.35,38.6,,0,20.01,,0,0,22.95,323.15,0,11.54,29.82,18.43,0,33.48,73.57,,,,,,,,
12/1/2026 0:00,4.36,3.31,15.36,5.72,0.5,4.29,0,2.8,0,0,6.75,13.23,0,0.53,1.86,0.76,0,2.13,4.36,7.61,3.31,18.15,8.21,0.52,5.3,0,3.78,6.49,0.12,7.34,14.01,0,0.56,132.1,1.76,0,11.33,71.7,104.66,5.77,325.78,137.21,4.74,22.12,,0,4.89,,0,0,24.17,317.43,0,11.54,44.55,18.02,0,51.05,104.6,,,,,,,,
12/2/2026 0:00,4.36,3.31,15.37,5.71,0.5,4.29,0,2.8,0,0,6.75,12.09,0,0.53,0.91,0.76,0,6.2,12.81,7.61,3.31,18.15,8.21,0.52,5.3,0,3.78,6.49,0.12,7.34,14.01,0,0.56,132.1,1.76,0,11.33,71.7,104.66,0.09,261.75,136.92,0,13.05,,0,0.29,,0,0,26.68,290.2,0,9.09,21.74,17.86,0,148.7,307.32,,,,,,,,
12/3/2026 0:00,4.36,3.31,15.37,5.71,0.5,4.29,0,2.8,0,0,6.75,12.01,0,0.53,0.91,0.76,0,7.74,10.43,7.61,3.31,18.15,8.21,0.52,5.3,0,3.78,6.49,0.12,7.34,14.01,0,0.56,132.1,1.76,0,11.33,71.7,104.66,4.11,264.56,136.76,0.16,13.05,,0,0.64,,0,0,29.17,288.24,0,10.16,21.72,17.88,0,185.75,250.25,,,,,,,,
12/4/2026 0:00,4.36,3.31,15.3,5.7,0.5,4.27,0,2.8,0,0,6.75,11.72,0,0.53,1.19,0.76,0,7.16,12.09,7.61,3.31,18.15,8.21,0.52,5.3,0,3.78,6.49,0.12,7.34,14.01,0,0.56,132.1,1.76,0,11.33,71.7,104.66,0.4,258.97,136.69,0,12.97,,0,0.36,,0,0,29.7,281.19,0,9.09,28.55,17.82,0,171.78,290.07,,,,,,,,
12/5/2026 0:00,4.4,3.31,15.02,5.7,0.5,4.17,0,2.8,0,0,6.75,11.36,0,0.53,1,0.76,0,6.83,8.47,7.61,3.31,18.15,8.21,0.52,5.3,0,3.78,6.49,0.12,7.34,14.01,0,0.56,132.1,1.76,0,11.33,71.7,105.67,0,179.82,135.3,0,12.66,,0,0,,0,0,28.32,272.63,0,9.09,23.91,17.67,0,164.01,203.26,,,,,,,,
12/6/2026 0:00,4.4,3.31,15.07,5.7,0.5,4.18,0,2.8,0,0,6.75,11.39,0,0.53,1.64,0.76,0,3.12,6.72,7.61,3.31,18.15,8.21,0.52,5.3,0,3.78,6.49,0.12,7.34,14.01,0,0.56,132.1,1.76,0,11.33,71.7,105.67,0,178.07,135.46,0,12.71,,0,0,,0,0,28.04,273.37,0,9.09,39.33,17.71,0,74.85,161.26,,,,,,,,
12/7/2026 0:00,4.36,3.31,15.32,5.7,0.5,4.28,0,2.8,0,0,6.75,10.96,0,0.53,3.27,0.76,0,5.66,19.78,7.61,3.31,18.15,8.21,0.52,5.3,0,3.78,6.49,0.12,7.34,14.01,0,0.56,132.1,1.76,0,11.33,71.7,104.66,0.71,209.55,133.64,0,12.99,,0,0.21,,0,0,29.31,263.03,0,9.09,78.48,17.75,0,135.74,474.77,,,,,,,,
12/8/2026 0:00,4.36,3.31,15.33,5.7,0.5,4.28,0,2.8,0,0,6.75,12.38,0,0.53,3.05,0.76,0,1.75,10.63,7.61,3.31,18.15,8.21,0.52,5.3,0,3.78,6.49,0.12,7.34,14.01,0,0.56,132.1,1.76,0,11.33,71.7,104.66,5.77,276.5,135.27,2.69,18.72,,0,4.44,,0,0,31.94,297.11,0,10.47,73.24,17.9,0,41.94,255.1,,,,,,,,
12/9/2026 0:00,4.36,3.31,15.33,5.7,0.5,4.28,0,2.8,0,0,6.75,13.26,0,0.53,2.39,0.76,0,3.25,3.67,7.61,3.31,18.15,8.21,0.52,5.3,0,3.78,6.49,0.12,7.34,14.01,0,0.56,132.1,1.76,0,11.33,71.7,104.66,5.77,322.98,136.77,4.12,19.64,,0,3.65,,0,0,33.44,318.28,0,11.54,57.39,18,0,78.07,87.96,,,,,,,,
12/10/2026 0:00,4.36,3.31,15.31,5.7,0.5,4.27,0,2.8,0,0,6.75,13.63,0,0.53,1.67,0.76,0,2.7,2.37,7.61,3.31,18.15,8.21,0.52,5.3,0,3.78,6.49,0.12,7.34,14.01,0,0.56,132.1,1.76,0,11.33,71.7,104.66,5.77,322.25,136.74,5.13,23.79,,0,5.17,,0,0,34.32,327.17,0,11.54,40.15,18.02,0,64.87,56.81,,,,,,,,
12/11/2026 0:00,4.36,3.31,15.23,5.7,0.5,4.24,0,2.8,0,0,6.75,13.43,0,0.53,1.37,0.76,0,3.06,2.19,7.61,3.31,18.15,8.21,0.52,5.3,0,3.78,6.49,0.12,7.34,14.01,0,0.56,132.1,1.76,0,11.33,71.7,104.66,5.12,324.34,136.71,4.99,23,,0,4.34,,0,0,34.71,322.4,0,11.54,32.95,18.01,0,73.47,52.5,,,,,,,,
12/12/2026 0:00,4.4,3.31,14.94,5.7,0.5,4.14,0,2.8,0,0,6.75,12.32,0,0.53,2.95,0.76,0,2.43,4.81,7.61,3.31,18.15,8.21,0.52,5.3,0,3.78,6.49,0.12,7.34,14.01,0,0.56,132.1,1.76,0,11.33,71.7,105.67,1.73,235.32,136.65,0,12.57,,0,0.21,,0,0,32.69,295.68,0,9.09,70.68,17.77,0,58.21,115.39,,,,,,,,
12/13/2026 0:00,4.4,3.31,14.97,5.69,0.5,4.15,0,2.8,0,0,6.75,11.46,0,0.53,3.96,0.76,0,4.28,9.82,7.61,3.31,18.15,8.21,0.52,5.3,0,3.78,6.49,0.12,7.34,14.01,0,0.56,132.1,1.76,0,11.33,71.7,105.67,0,173.51,132.69,0,12.61,,0,0,,0,0,31.8,275.01,0,9.09,95.01,17.67,0,102.8,235.67,,,,,,,,
12/14/2026 0:00,4.36,3.31,15.22,5.69,0.5,4.24,0,2.8,0,0,6.75,12.33,0,0.53,1.84,0.76,0,4.31,10.51,7.61,3.31,18.15,8.21,0.52,5.3,0,3.78,6.49,0.12,7.34,14.01,0,0.56,132.1,1.76,0,11.33,71.7,104.66,5.77,275.52,134.82,2.75,18.27,,0,3.59,,0,0,33.41,295.83,0,11.23,44.07,17.96,0,103.36,252.33,,,,,,,,
12/15/2026 0:00,4.36,3.31,15.22,5.69,0.5,4.24,0,2.8,0,0,6.75,12.6,0,0.53,2.47,0.76,0,4.9,10.79,7.61,3.31,18.15,8.21,0.52,5.3,0,3.78,6.49,0.12,7.34,14.01,0,0.56,132.1,1.76,0,11.33,71.7,104.66,4.11,282.81,136.54,1.4,13.92,,0,0.69,,0,0,35.1,302.46,0,10.24,59.31,17.9,0,117.68,258.87,,,,,,,,
12/16/2026 0:00,4.36,3.31,15.22,5.69,0.5,4.24,0,2.8,0,0,6.75,13.35,0,0.53,1.98,0.76,0,1.94,4.8,7.61,3.31,18.15,8.21,0.52,5.3,0,3.78,6.49,0.12,7.34,14.01,0,0.56,132.1,1.76,0,11.33,71.7,104.66,5.77,315.44,136.45,6.21,30.27,,0,12.21,,0,0,36.68,320.48,0,11.69,47.62,18.02,0,46.55,115.16,,,,,,,,
12/17/2026 0:00,4.36,3.31,15.2,5.69,0.5,4.23,0,2.8,0,0,6.75,12.59,0,0.53,1.91,0.76,0,6.64,5.11,7.61,3.31,18.15,8.21,0.52,5.3,0,3.78,6.49,0.12,7.34,14.01,0,0.56,132.1,1.76,0,11.33,71.7,104.66,2.84,294.13,136.57,1.47,12.86,,0,0.66,,0,0,37.08,302.24,0,10.47,45.8,17.9,0,159.36,122.72,,,,,,,,
12/18/2026 0:00,4.36,3.31,15.12,5.69,0.5,4.2,0,2.8,0,0,6.75,10.22,0,0.53,1.97,0.76,0,6.87,21.51,7.61,3.31,18.15,8.21,0.52,5.3,0,3.78,6.49,0.12,7.34,14.01,0,0.56,132.1,1.76,0,11.33,71.7,104.66,0.4,205.98,130.75,0,12.77,,0,0.11,,0,0,35.98,243.98,0,9.09,47.29,17.75,0,164.76,516.35,,,,,,,,
12/19/2026 0:00,4.4,3.31,14.83,5.69,0.5,4.1,0,2.8,0,0,6.75,7.59,0,0.53,0.76,0.76,0,8.16,37.12,7.61,3.31,18.15,8.21,0.52,5.3,0,3.78,6.49,0.12,7.34,14.01,0,0.56,132.1,1.76,0,11.33,71.7,105.67,0.4,90.68,63.37,0,12.05,,0,0,,0,0,33.38,142.3,0,7.32,18.2,17.5,0,195.73,890.91,,,,,,,,
12/20/2026 0:00,4.4,3.31,14.87,5.69,0.5,4.11,0,2.8,0,0,6.75,7.22,0,0.53,1.39,0.76,0,6.78,38.2,7.61,3.31,18.15,8.21,0.52,5.3,0,3.78,6.49,0.12,7.34,14.01,0,0.56,132.1,1.76,0,11.33,71.7,103.72,0,90.56,55.73,0,7.49,,0,0,,0,0,32.39,126.85,0,7.63,33.26,14.55,0,162.75,916.78,,,,,,,,
12/21/2026 0:00,4.36,3.31,15.13,5.69,0.5,4.21,0,2.8,0,0,6.75,8.88,0,0.53,1.66,0.76,0,5.57,24.05,7.61,3.31,18.15,8.21,0.52,5.3,0,3.78,6.49,0.12,7.34,14.01,0,0.56,132.1,1.76,0,11.33,71.7,104.66,5.77,154.2,122.53,0,12.78,,0,0,,0,0,33.78,206.95,0,8.78,39.82,17.68,0,133.74,577.16,,,,,,,,
12/22/2026 0:00,4.36,3.31,15.14,5.69,0.5,4.21,0,2.8,0,0,6.75,8.87,0,0.53,2.19,0.76,0,6,27.94,7.61,3.31,18.15,8.21,0.52,5.3,0,3.78,6.49,0.12,7.34,14.01,0,0.56,132.1,1.76,0,11.33,71.7,104.66,0.95,157.04,128.78,0,12.79,,0,0,,0,0,34.22,208.23,0,9.09,52.6,17.62,0,144.07,670.48,,,,,,,,
12/23/2026 0:00,4.36,3.31,15.14,5.68,0.5,4.21,0,2.8,0,0,6.75,9.74,0,0.53,1.43,0.76,0,2.26,18.89,7.61,3.31,18.15,8.21,0.52,5.3,0,3.78,6.49,0.12,7.34,14.01,0,0.56,132.1,1.76,0,11.33,71.7,104.66,5.77,215.45,128.2,0,12.79,,0,0.45,,0,0,34.32,232.69,0,9.44,34.38,17.8,0,54.3,453.44,,,,,,,,
12/24/2026 0:00,4.36,3.31,15.14,5.68,0.5,4.21,0,2.8,0,0,6.75,8.64,0,0.53,3.26,0.76,0,3.05,25.41,7.61,3.31,18.15,8.21,0.52,5.3,0,3.78,6.49,0.12,7.34,14.01,0,0.56,132.1,1.76,0,11.33,71.7,104.66,5.3,98.97,94.19,0,12.79,,0,0,,0,0,33.33,190.85,0,8.46,78.19,17.52,0,73.14,609.82,,,,,,,,
12/25/2026 0:00,4.36,3.31,15.07,5.68,0.5,4.19,0,2.8,0,0,6.75,7.98,0,0.53,4.3,0.76,0,4.71,19.52,7.61,3.31,18.15,8.21,0.52,5.3,0,3.78,6.49,0.12,7.34,14.01,0,0.56,132.1,1.76,0,11.33,71.7,104.66,0.35,91.16,76.4,0,12.72,,0,0,,0,0,32.5,159.21,0,7.91,103.32,17.51,0,113.08,468.6,,,,,,,,
12/26/2026 0:00,4.4,3.31,14.8,5.68,0.5,4.09,0,2.8,0,0,6.75,6.03,0,0.53,1.8,0.76,0,6.89,38.02,7.61,3.31,18.15,8.21,0.52,5.3,0,3.78,6.49,0.12,7.34,14.01,0,0.56,132.1,1.76,0,11.33,71.7,96.02,2.33,89.76,24.89,0,0.52,,0,0,,0,0,29.67,71.33,0,7.2,43.25,11.25,0,165.29,912.5,,,,,,,,
12/27/2026 0:00,4.4,3.31,14.85,5.68,0.5,4.11,0,2.8,0,0,6.75,5.41,0,0.53,5.85,0.76,0,8.06,37.27,7.61,3.31,18.15,8.21,0.52,5.3,0,3.78,6.49,0.12,7.34,14.01,0,0.56,132.1,1.76,0,11.33,71.7,97.9,5.77,90,27.18,0,3.1,,0,0,,0,0,27.73,66.68,0,7.2,140.5,12.23,0,193.38,894.59,,,,,,,,
12/28/2026 0:00,4.36,3.31,15.12,5.68,0.5,4.2,0,2.8,0,0,6.75,5.59,0,0.53,3.63,0.76,0,8.19,43.46,7.61,3.31,18.15,8.21,0.52,5.3,0,3.78,6.49,0.12,7.34,14.01,0,0.56,132.1,1.76,0,11.33,71.7,97.62,7.54,89.99,26.81,0,2.83,,0,0,,0,0,27.62,64.72,0,7.2,87.19,12.51,0,196.58,1043.01,,,,,,,,
12/29/2026 0:00,4.36,3.31,15.15,5.68,0.5,4.21,0,2.8,0,0,6.75,5.57,0,0.53,3.65,0.76,0,6.46,45.74,7.61,3.31,18.15,8.21,0.52,5.3,0,3.78,6.49,0.12,7.34,14.01,0,0.56,132.1,1.76,0,11.33,71.7,97.71,5.77,90.22,27.17,0,3.36,,0,0,,0,0,27.85,64.46,0,7.2,87.63,12.56,0,155.05,1097.82,,,,,,,,
12/30/2026 0:00,4.36,3.31,15.17,5.68,0.5,4.22,0,2.8,0,0,6.75,6.01,0,0.53,5.74,0.76,0,7.28,38.89,7.61,3.31,18.15,8.21,0.52,5.3,0,3.78,6.49,0.12,7.34,14.01,0,0.56,132.1,1.76,0,11.33,71.7,102.61,11.11,90.33,28.61,0,5.88,,0,0,,0,0,27.68,74.72,0,7.2,137.83,16.18,0,174.78,933.44,,,,,,,,
12/31/2026 0:00,4.36,3.31,15.18,5.45,0.5,4.23,0,2.8,0,0,6.75,6.55,0,0.53,3.96,0.76,0,6,36.82,7.61,3.31,18.15,7.85,0.52,5.3,0,3.78,6.49,0.12,7.34,14.01,0,0.56,132.1,1.76,0,11.33,71.7,103.96,9.48,90.34,29.17,0,8.27,,0,0,,0,0,28.01,86.91,0,7.2,95.02,16.51,0,143.98,883.74,,,,,,,,
1/1/2027 0:00,4.3,5.34,15.13,5.75,0.5,4.21,0,3.01,0,0,6.75,7.19,0,0.53,4.88,0.77,0,6.49,25.53,7.61,5.34,18.15,7.85,0.52,5.3,0,3.78,6.49,0.12,7.34,14.01,0,0.56,133.27,1.76,0,11.38,71.99,101.36,6.9,92.74,67.05,0,7.82,,0,0,,0,0,27.35,114.81,0,7.75,117.08,15.6,0,155.86,612.67,,,,,,,,
1/2/2027 0:00,4.31,5.34,14.87,5.76,0.5,4.11,0,3.01,0,0,6.75,7.74,0,0.53,3.79,0.77,0,5.15,26.43,7.61,5.34,18.15,7.85,0.52,5.3,0,3.78,6.49,0.12,7.34,14.01,0,0.56,133.27,1.76,0,11.38,71.99,103.45,1.66,93.05,87.56,0,12.49,,0,0,,0,0,26.14,154.78,0,7.99,90.86,17.61,0,123.72,634.38,,,,,,,,
1/3/2027 0:00,4.31,5.34,14.94,5.76,0.5,4.14,0,3.01,0,0,6.75,8.38,0,0.53,5.08,0.77,0,6.15,14.89,7.61,5.34,18.15,7.85,0.52,5.3,0,3.78,6.49,0.12,7.34,14.01,0,0.56,133.27,1.76,0,11.38,71.99,103.45,9.23,93.88,106.32,0,12.57,,0,0,,0,0,25.62,186.83,0,8.15,121.83,17.61,0,147.5,357.38,,,,,,,,
1/4/2027 0:00,4.3,5.34,15.22,5.76,0.5,4.24,0,3.01,0,0,6.75,7.13,0,0.53,1.49,0.77,0,7.42,43.91,7.61,5.34,18.15,7.85,0.52,5.3,0,3.78,6.49,0.12,7.34,14.01,0,0.56,133.27,1.76,0,11.38,71.99,103.12,4.48,92.79,43.9,0,9.9,,0,0,,0,0,25.59,104.78,0,7.2,35.7,17.59,0,178.13,1053.91,,,,,,,,
1/5/2027 0:00,4.3,5.34,15.26,5.76,0.5,4.25,0,3.01,0,0,6.75,8.73,0,0.53,2.55,0.77,0,3.74,28.94,7.61,5.34,18.15,7.85,0.52,5.3,0,3.78,6.49,0.12,7.34,14.01,0,0.56,133.27,1.76,0,11.38,71.99,103.12,10.11,159.03,106.57,0,11.14,,0,0.16,,0,0,26.04,178.91,0,8.54,61.17,17.74,0,89.7,694.5,,,,,,,,
1/6/2027 0:00,4.3,5.34,15.29,5.76,0.5,4.26,0,3.01,0,0,6.75,9.16,0,0.53,3.34,0.77,0,8.06,23.42,7.61,5.34,18.15,7.85,0.52,5.3,0,3.78,6.49,0.12,7.34,14.01,0,0.56,133.27,1.76,0,11.38,71.99,103.12,7.84,129.07,126.9,0,12.96,,0,0,,0,0,26.26,215.88,0,9.09,80.11,17.7,0,193.52,562.02,,,,,,,,
1/7/2027 0:00,4.3,5.34,15.31,5.75,0.5,4.27,0,3.01,0,0,6.75,9.37,0,0.53,5.22,0.77,0,8.36,20.12,7.61,5.34,18.15,7.85,0.52,5.3,0,3.78,6.49,0.12,7.34,14.01,0,0.56,133.27,1.76,0,11.38,71.99,103.12,7.77,145.86,129.9,0,12.98,,0,0,,0,0,26.37,224.02,0,9.09,125.2,17.76,0,200.59,482.92,,,,,,,,
1/8/2027 0:00,4.3,5.34,15.27,5.75,0.5,4.26,0,3.01,0,0,6.75,9.46,0,0.53,2.6,0.77,0,8.81,21.45,7.61,5.34,18.15,7.85,0.52,5.3,0,3.78,6.49,0.12,7.34,14.01,0,0.56,133.27,1.76,0,11.38,71.99,103.12,7,142.76,126.77,0,12.93,,0,0,,0,0,26.11,220.89,0,8.62,62.46,17.69,0,211.44,514.83,,,,,,,,
1/9/2027 0:00,4.31,5.34,15.01,5.75,0.5,4.16,0,3.01,0,0,6.75,9.3,0,0.53,2.91,0.77,0,5.71,20.19,7.61,5.34,18.15,7.85,0.52,5.3,0,3.78,6.49,0.12,7.34,14.01,0,0.56,133.27,1.76,0,11.38,71.99,103.45,7.43,121.55,118.03,0,12.65,,0,0,,0,0,25.1,214.68,0,9.09,69.91,17.7,0,137.02,484.5,,,,,,,,
1/10/2027 0:00,4.31,5.34,15.08,5.75,0.5,4.19,0,3.01,0,0,6.75,8.77,0,0.53,3.28,0.77,0,5.62,23.19,7.61,5.34,18.15,7.85,0.52,5.3,0,3.78,6.49,0.12,7.34,14.01,0,0.56,133.27,1.76,0,11.38,71.99,103.45,0,93.27,104.51,0,12.73,,0,0,,0,0,24.14,195.35,0,8.7,78.68,17.6,0,134.99,556.57,,,,,,,,
1/11/2027 0:00,4.3,5.34,15.37,5.75,0.5,4.29,0,3.01,0,0,6.75,8.56,0,0.53,2.11,0.77,0,7.04,31.52,7.61,5.34,18.15,7.85,0.52,5.3,0,3.78,6.49,0.12,7.34,14.01,0,0.56,133.27,1.76,0,11.38,71.99,103.12,10.11,130.52,118.04,0,13.04,,0,0,,0,0,25.71,195.35,0,8.54,50.62,17.71,0,168.94,756.38,,,,,,,,
1/12/2027 0:00,4.3,5.34,15.4,5.75,0.5,4.3,0,3.01,0,0,6.75,7.52,0,0.53,2.11,0.77,0,6.9,43.5,7.61,5.34,18.15,7.85,0.52,5.3,0,3.78,6.49,0.12,7.34,14.01,0,0.56,133.27,1.76,0,11.38,71.99,103.12,7.77,99.5,110.01,0,13.08,,0,0,,0,0,26.7,172.99,0,8.5,50.64,17.63,0,165.7,1043.95,,,,,,,,
1/13/2027 0:00,4.3,5.34,15.43,5.75,0.5,4.32,0,3.01,0,0,6.75,7.43,0,0.53,4.04,0.77,0,6.21,42.66,7.61,5.34,18.15,7.85,0.52,5.3,0,3.78,6.49,0.12,7.34,14.01,0,0.56,133.27,1.76,0,11.38,71.99,103.12,13.92,119.32,113.75,0,13.11,,0,0,,0,0,26.12,164.53,0,8.42,96.85,17.63,0,148.94,1023.95,,,,,,,,
1/14/2027 0:00,4.3,5.34,15.45,5.75,0.5,4.32,0,3.01,0,0,6.75,7.71,0,0.53,3.37,0.77,0,8.38,38.67,7.61,5.34,18.15,7.85,0.52,5.3,0,3.78,6.49,0.12,7.34,14.01,0,0.56,133.27,1.76,0,11.38,71.99,103.12,8.55,107.34,121.36,0,13.13,,0,0,,0,0,25.95,179.37,0,8.62,80.77,17.64,0,201.14,928.12,,,,,,,,
1/15/2027 0:00,4.3,5.34,15.4,5.75,0.5,4.3,0,3.01,0,0,6.75,7.85,0,0.53,2.77,0.77,0,6.63,40.57,7.61,5.34,18.15,7.85,0.52,5.3,0,3.78,6.49,0.12,7.34,14.01,0,0.56,133.27,1.76,0,11.38,71.99,103.12,4.14,97.71,112.08,0,13.08,,0,0,,0,0,25.71,178.77,0,8.5,66.52,17.63,0,159.12,973.78,,,,,,,,
1/16/2027 0:00,4.31,5.34,15.14,5.75,0.5,4.21,0,3.01,0,0,6.75,8.45,0,0.53,5.75,0.77,0,4.84,27.66,7.61,5.34,18.15,7.85,0.52,5.3,0,3.78,6.49,0.12,7.34,14.01,0,0.56,133.27,1.76,0,11.38,71.99,103.45,3.36,96.64,111.35,0,12.79,,0,0,,0,0,25.32,191.29,0,8.86,137.9,17.62,0,116.14,663.92,,,,,,,,
1/17/2027 0:00,4.31,5.34,15.2,5.75,0.5,4.23,0,3.01,0,0,6.75,9.23,0,0.53,6.75,0.77,0,7.23,19.83,7.61,5.34,18.15,7.85,0.52,5.3,0,3.78,6.49,0.12,7.34,14.01,0,0.56,133.27,1.76,0,11.38,71.99,103.45,0,130.04,101.5,0,12.86,,0,0,,0,0,24.8,208.89,0,8.23,162.05,17.64,0,173.58,476.02,,,,,,,,
1/18/2027 0:00,4.3,5.34,15.48,5.75,0.5,4.33,0,3.01,0,0,6.75,11.43,0,0.53,3.75,0.77,0,6.83,11.58,7.61,5.34,18.15,7.85,0.52,5.3,0,3.78,6.49,0.12,7.34,14.01,0,0.56,133.27,1.76,0,11.38,71.99,103.12,8.44,256.4,137.14,0.42,13.16,,0,0.48,,0,0,27.02,274.21,0,9.63,90.02,17.94,0,163.82,278.02,,,,,,,,
1/19/2027 0:00,4.3,5.34,15.5,5.75,0.5,4.34,0,3.01,0,0,6.75,11.7,0,0.53,4.04,0.77,0,6.17,18.79,7.61,5.34,18.15,7.85,0.52,5.3,0,3.78,6.49,0.12,7.34,14.01,0,0.56,133.27,1.76,0,11.38,71.99,103.12,0.89,229.02,137.69,0,13.19,,0,0.32,,0,0,29.33,280.91,0,9.63,97,17.88,0,148.11,450.85,,,,,,,,
1/20/2027 0:00,4.3,5.34,15.52,5.75,0.5,4.35,0,3.01,0,0,6.75,13.52,0,0.53,2.79,0.77,0,1.41,3.94,7.61,5.34,18.15,7.85,0.52,5.3,0,3.78,6.49,0.12,7.34,14.01,0,0.56,133.27,1.76,0,11.38,71.99,103.12,10.11,326.55,138,4.94,23.02,,0,4.91,,0,0,32.01,324.43,0,11.69,66.9,18.14,0,33.92,94.6,,,,,,,,
1/21/2027 0:00,4.3,5.34,15.53,5.75,0.5,4.35,0,3.01,0,0,6.75,12.96,0,0.53,1.87,0.77,0,2.01,13.86,7.61,5.34,18.15,7.85,0.52,5.3,0,3.78,6.49,0.12,7.34,14.01,0,0.56,133.27,1.76,0,11.38,71.99,103.12,8.06,304.15,138,1.22,15.94,,0,1.23,,0,0,32.72,311.14,0,10.16,44.95,17.99,0,48.3,332.6,,,,,,,,
1/22/2027 0:00,4.3,5.34,15.47,5.75,0.5,4.33,0,3.01,0,0,6.75,12.99,0,0.53,0.86,0.77,0,2.74,10.19,7.61,5.34,18.15,7.85,0.52,5.3,0,3.78,6.49,0.12,7.34,14.01,0,0.56,133.27,1.76,0,11.38,71.99,103.12,9.15,306.25,137.84,3.74,18.24,,0,1.1,,0,0,32.26,311.65,0,11.38,20.71,18.03,0,65.8,244.44,,,,,,,,
1/23/2027 0:00,4.31,5.34,15.2,5.75,0.5,4.23,0,3.01,0,0,6.75,12.78,0,0.53,1.56,0.77,0,0.55,5.43,7.61,5.34,18.15,7.85,0.52,5.3,0,3.78,6.49,0.12,7.34,14.01,0,0.56,133.27,1.76,0,11.38,71.99,103.45,1.74,250.43,137.97,0,12.85,,0,0.36,,0,0,30.27,306.63,0,9.32,37.47,17.97,0,13.2,130.24,,,,,,,,
1/24/2027 0:00,4.31,5.34,15.25,5.75,0.5,4.25,0,3.01,0,0,6.75,12.77,0,0.53,1.49,0.77,0,0.4,3.81,7.61,5.34,18.15,7.85,0.52,5.3,0,3.78,6.49,0.12,7.34,14.01,0,0.56,133.27,1.76,0,11.38,71.99,103.45,3.59,236.93,137.68,0,12.91,,0,0.35,,0,0,29.21,306.54,0,9.48,35.79,17.97,0,9.57,91.55,,,,,,,,
1/25/2027 0:00,4.3,5.34,15.52,5.75,0.5,4.35,0,3.01,0,0,6.75,13.72,0,0.53,0.89,0.77,0,4.04,1.86,7.61,5.34,18.15,7.85,0.52,5.3,0,3.78,6.49,0.12,7.34,14.01,0,0.56,133.27,1.76,0,11.38,71.99,103.12,10.11,334.41,137.95,5.47,25.72,,0,11.29,,0,0,31.63,329.37,0,11.84,21.25,18.18,0,97.01,44.62,,,,,,,,
1/26/2027 0:00,4.3,5.34,15.53,5.75,0.5,4.35,0,3.01,0,0,6.75,13.78,0,0.53,1.24,0.77,0,5.72,2.58,7.61,5.34,18.15,7.85,0.52,5.3,0,3.78,6.49,0.12,7.34,14.01,0,0.56,133.27,1.76,0,11.38,71.99,103.12,7.77,328.44,137.93,3.87,20.02,,0,1.15,,0,0,33.61,330.63,0,11.35,29.66,18.21,0,137.19,61.83,,,,,,,,
1/27/2027 0:00,4.3,5.34,15.55,5.75,0.5,4.36,0,3.01,0,0,6.75,13.54,0,0.53,1.99,0.77,0,2.55,7.88,7.61,5.34,18.15,7.85,0.52,5.3,0,3.78,6.49,0.12,7.34,14.01,0,0.56,133.27,1.76,0,11.38,71.99,103.12,3.05,304.18,137.93,3.08,18.24,,0,3.44,,0,0,34.68,324.94,0,11.31,47.81,18.08,0,61.28,189.14,,,,,,,,
1/28/2027 0:00,4.3,5.34,15.55,5.75,0.5,4.36,0,3.01,0,0,6.75,13.41,0,0.53,2.79,0.77,0,2.47,3.82,7.61,5.34,18.15,7.85,0.52,5.3,0,3.78,6.49,0.12,7.34,14.01,0,0.56,133.27,1.76,0,11.38,71.99,103.12,14.31,337.33,137.92,4.14,23.41,,0,8.99,,0,0,35.22,321.85,0,11.69,67.01,18.22,0,59.34,91.71,,,,,,,,
1/29/2027 0:00,4.3,5.34,15.48,5.75,0.5,4.33,0,3.01,0,0,6.75,10.97,0,0.53,3.53,0.77,0,6.07,18.73,7.61,5.34,18.15,7.85,0.52,5.3,0,3.78,6.49,0.12,7.34,14.01,0,0.56,133.27,1.76,0,11.38,71.99,103.12,1.29,228.55,137.25,0,13.16,,0,0.24,,0,0,33.89,263.24,0,9.25,84.71,17.83,0,145.72,449.54,,,,,,,,
1/30/2027 0:00,4.31,5.34,15.2,5.75,0.5,4.23,0,3.01,0,0,6.75,8.18,0,0.53,3.57,0.77,0,5.32,35.18,7.61,5.34,18.15,7.85,0.52,5.3,0,3.78,6.49,0.12,7.34,14.01,0,0.56,133.27,1.76,0,11.38,71.99,103.45,0.88,99.68,108.24,0,12.85,,0,0,,0,0,30.51,186.09,0,8.38,85.7,17.62,0,127.73,844.3,,,,,,,,
1/31/2027 0:00,4.31,5.34,15.25,5.75,0.5,4.25,0,3.01,0,0,6.75,7.49,0,0.53,3.03,0.77,0,4.77,35.22,7.61,5.34,18.15,7.85,0.52,5.3,0,3.78,6.49,0.12,7.34,14.01,0,0.56,133.27,1.76,0,11.38,71.99,103.45,0.21,93.4,96.54,0,12.91,,0,0,,0,0,27.72,166.1,0,7.99,72.72,17.6,0,114.45,845.27,,,,,,,,
2/1/2027 0:00,4.41,5.34,15.51,5.97,0.5,4.34,0,3.01,0,0,6.75,7.34,0,0.53,2.11,0.77,0,6.92,48.44,7.61,5.34,18.15,7.85,0.52,5.3,0,3.78,6.49,0.12,7.34,14.01,0,0.56,134.43,1.76,0,11.44,72.28,105.19,10.7,93.37,87.26,0,10.94,,0,0,,0,0,26.7,145.46,0,7.79,50.55,17.61,0,166.02,1162.48,,,,,,,,
2/2/2027 0:00,4.41,5.34,15.52,5.98,0.5,4.35,0,3.01,0,0,6.75,8.6,0,0.53,2.44,0.77,0,6.78,32.07,7.61,5.34,18.15,7.85,0.52,5.3,0,3.78,6.49,0.12,7.34,14.01,0,0.56,134.43,1.76,0,11.44,72.28,105.38,10.11,168.63,117.27,0,10.5,,0,0.12,,0,0,28.13,184.76,0,8.58,58.6,17.77,0,162.78,769.67,,,,,,,,
2/3/2027 0:00,4.41,5.34,15.53,5.98,0.5,4.35,0,3.01,0,0,6.75,8.19,0,0.53,1.75,0.77,0,5.69,47.5,7.61,5.34,18.15,7.85,0.52,5.3,0,3.78,6.49,0.12,7.34,14.01,0,0.56,134.43,1.76,0,11.44,72.28,105.74,1.97,100.49,105.76,0,11.68,,0,0,,0,0,27.61,169.28,0,8.23,42.06,17.64,0,136.52,1140.1,,,,,,,,
2/4/2027 0:00,4.41,5.34,15.52,5.98,0.5,4.35,0,3.01,0,0,6.75,11.5,0,0.53,6.16,0.77,0,3.04,9.46,7.61,5.34,18.15,7.85,0.52,5.3,0,3.78,6.49,0.12,7.34,14.01,0,0.56,134.43,1.76,0,11.44,72.28,105.74,11.68,268.52,140.66,1.63,14.32,,0,0.63,,0,0,29.21,275.85,0,10.16,147.96,17.94,0,73.02,226.96,,,,,,,,
2/5/2027 0:00,4.41,5.34,15.45,5.98,0.5,4.32,0,3.01,0,0,6.75,11.72,0,0.53,3.65,0.77,0,8.46,9.99,7.61,5.34,18.15,7.85,0.52,5.3,0,3.78,6.49,0.12,7.34,14.01,0,0.56,134.43,1.76,0,11.44,72.28,105.74,2.64,221.52,142.14,0,13.13,,0,0.13,,0,0,30.09,281.21,0,9.09,87.62,17.84,0,203.08,239.76,,,,,,,,
2/6/2027 0:00,4.44,5.34,15.17,5.98,0.5,4.22,0,3.01,0,0,6.75,11.89,0,0.53,3.99,0.77,0,1.01,6.08,7.61,5.34,18.15,7.85,0.52,5.3,0,3.78,6.49,0.12,7.34,14.01,0,0.56,134.43,1.76,0,11.44,72.28,106.56,7.72,224.1,142.95,0,12.82,,0,0.21,,0,0,30.24,285.32,0,9.25,95.8,17.8,0,24.26,145.95,,,,,,,,
2/7/2027 0:00,4.44,5.34,15.22,5.98,0.5,4.24,0,3.01,0,0,6.75,10.87,0,0.53,10.84,0.77,0,3.06,5.66,7.61,5.34,18.15,7.85,0.52,5.3,0,3.78,6.49,0.12,7.34,14.01,0,0.56,134.43,1.76,0,11.44,72.28,106.56,6.31,162.43,126.74,0,12.87,,0,0.14,,0,0,28.97,249.33,0,8.7,260.07,17.74,0,73.47,135.96,,,,,,,,
2/8/2027 0:00,4.41,5.34,15.48,5.98,0.5,4.33,0,3.01,0,0,6.75,10.54,0,0.53,12.33,0.77,0,5.2,12.25,7.61,5.34,18.15,7.85,0.52,5.3,0,3.78,6.49,0.12,7.34,14.01,0,0.56,134.43,1.76,0,11.44,72.28,105.74,13.52,227.19,140.58,0,13.16,,0,0.34,,0,0,30.63,252.97,0,9.09,295.86,17.82,0,124.79,293.92,,,,,,,,
2/9/2027 0:00,4.41,5.34,15.49,5.98,0.5,4.34,0,3.01,0,0,6.75,9.7,0,0.53,11.28,0.77,0,8.97,19.05,7.61,5.34,18.15,7.85,0.52,5.3,0,3.78,6.49,0.12,7.34,14.01,0,0.56,134.43,1.76,0,11.44,72.28,105.74,3.96,185.54,137.04,0,13.17,,0,0.14,,0,0,32.1,229.94,0,9.09,270.61,17.78,0,215.28,457.27,,,,,,,,
2/10/2027 0:00,4.41,5.34,15.49,5.98,0.5,4.34,0,3.01,0,0,6.75,9.45,0,0.53,8.62,0.77,0,7.53,23.49,7.61,5.34,18.15,7.85,0.52,5.3,0,3.78,6.49,0.12,7.34,14.01,0,0.56,134.43,1.76,0,11.44,72.28,105.74,12.1,158.15,137.64,0,13.18,,0,0,,0,0,33.03,224.96,0,9.09,206.86,17.78,0,180.83,563.74,,,,,,,,
2/11/2027 0:00,4.41,5.34,15.49,5.98,0.5,4.34,0,3.01,0,0,6.75,9.75,0,0.53,4.15,0.77,0,6.99,30.06,7.61,5.34,18.15,7.85,0.52,5.3,0,3.78,6.49,0.12,7.34,14.01,0,0.56,134.43,1.76,0,11.44,72.28,105.74,1.57,166.09,131.25,0,13.18,,0,0.12,,0,0,33.17,230.05,0,9.09,99.72,17.77,0,167.68,721.37,,,,,,,,
2/12/2027 0:00,4.41,5.34,15.42,5.98,0.5,4.31,0,3.01,0,0,6.75,12.19,0,0.53,4.47,0.77,0,2.67,5.48,7.61,5.34,18.15,7.85,0.52,5.3,0,3.78,6.49,0.12,7.34,14.01,0,0.56,134.43,1.76,0,11.44,72.28,105.74,10.99,278.42,143.48,0.39,13.1,,0,0.64,,0,0,34.96,292.67,0,10.24,107.39,17.92,0,64.16,131.5,,,,,,,,
2/13/2027 0:00,4.44,5.34,15.14,5.98,0.5,4.21,0,3.01,0,0,6.75,11.69,0,0.53,6.4,0.77,0,2.13,4.46,7.61,5.34,18.15,7.85,0.52,5.3,0,3.78,6.49,0.12,7.34,14.01,0,0.56,134.43,1.76,0,11.44,72.28,106.56,7.67,187.96,138.89,0,12.79,,0,0,,0,0,33.94,277.68,0,9.09,153.48,17.74,0,51.23,107.03,,,,,,,,
2/14/2027 0:00,4.44,5.34,15.18,5.98,0.5,4.23,0,3.01,0,0,6.75,11.4,0,0.53,7.28,0.77,0,1.65,3.42,7.61,5.34,18.15,7.85,0.52,5.3,0,3.78,6.49,0.12,7.34,14.01,0,0.56,134.43,1.76,0,11.44,72.28,106.56,0.88,148.51,129.56,0,12.84,,0,0,,0,0,33.52,268.46,0,8.86,174.8,17.74,0,39.62,82.15,,,,,,,,
2/15/2027 0:00,4.41,5.34,15.44,5.98,0.5,4.32,0,3.01,0,0,6.75,11.4,0,0.53,8.76,0.77,0,3.19,6.33,7.61,5.34,18.15,7.85,0.52,5.3,0,3.78,6.49,0.12,7.34,14.01,0,0.56,134.43,1.76,0,11.44,72.28,105.74,16.11,239.93,142.13,0,13.12,,0,0.38,,0,0,35.26,273.66,0,9.32,210.16,17.85,0,76.46,152.03,,,,,,,,
2/16/2027 0:00,4.41,5.34,15.45,5.98,0.5,4.32,0,3.01,0,0,6.75,9.42,0,0.53,8.62,0.77,0,5.9,20.49,7.61,5.34,18.15,7.85,0.52,5.3,0,3.78,6.49,0.12,7.34,14.01,0,0.56,134.43,1.76,0,11.44,72.28,105.74,10.21,159.65,136.06,0,13.13,,0,0,,0,0,36.37,224.74,0,9.09,206.79,17.75,0,141.63,491.78,,,,,,,,
2/17/2027 0:00,4.41,5.34,15.46,5.98,0.5,4.32,0,3.01,0,0,6.75,7.1,0,0.53,2.92,0.77,0,6.11,48.28,7.61,5.34,18.15,7.85,0.52,5.3,0,3.78,6.49,0.12,7.34,14.01,0,0.56,134.43,1.76,0,11.44,72.28,105.74,14.02,93.2,78.75,0,10.78,,0,0,,0,0,35.16,125.09,0,7.52,70.01,17.59,0,146.72,1158.84,,,,,,,,
2/18/2027 0:00,4.41,5.34,15.45,5.98,0.5,4.32,0,3.01,0,0,6.75,7.96,0,0.53,3.56,0.77,0,5.29,39.23,7.61,5.34,18.15,7.85,0.52,5.3,0,3.78,6.49,0.12,7.34,14.01,0,0.56,134.43,1.76,0,11.44,72.28,105.74,11.74,112.36,113.57,0,11.94,,0,0,,0,0,34.2,167.4,0,8.27,85.52,17.67,0,126.96,941.54,,,,,,,,
2/19/2027 0:00,4.41,5.34,15.38,5.98,0.5,4.3,0,3.01,0,0,6.75,8.83,0,0.53,5.83,0.77,0,4.68,21.59,7.61,5.34,18.15,7.85,0.52,5.3,0,3.78,6.49,0.12,7.34,14.01,0,0.56,134.43,1.76,0,11.44,72.28,105.74,11.52,148.27,132.12,0,13.05,,0,0,,0,0,34.66,206.21,0,9.09,139.96,17.76,0,112.33,518.1,,,,,,,,
2/20/2027 0:00,4.44,5.34,15.09,5.98,0.5,4.19,0,3.01,0,0,6.75,5.98,0,0.53,8.9,0.77,0,7.41,44.5,7.61,5.34,18.15,7.85,0.52,5.3,0,3.78,6.49,0.12,7.34,14.01,0,0.56,134.43,1.76,0,11.44,72.28,99.88,8.9,92.41,43,0,1.3,,0,0,,0,0,33.28,72.38,0,7.2,213.62,13.59,0,177.84,1068.11,,,,,,,,
2/21/2027 0:00,4.44,5.34,15.14,5.97,0.5,4.21,0,3.01,0,0,6.75,8.28,0,0.53,8.63,0.77,0,4.71,20.83,7.61,5.34,18.15,7.85,0.52,5.3,0,3.78,6.49,0.12,7.34,14.01,0,0.56,134.43,1.76,0,11.44,72.28,105.11,1.37,137.83,74.36,0,6.53,,0,0,,0,0,31.9,151.97,0,7.83,207.13,16.7,0,112.95,500.02,,,,,,,,
2/22/2027 0:00,4.41,5.34,15.39,5.97,0.5,4.3,0,3.01,0,0,6.75,11.21,0,0.53,9.42,0.77,0,2.45,6.54,7.61,5.34,18.15,7.85,0.52,5.3,0,3.78,6.49,0.12,7.34,14.01,0,0.56,134.43,1.76,0,11.44,72.28,105.74,10.78,248.29,142.04,0,13.07,,0,0.38,,0,0,32.71,268.91,0,9.32,226.02,17.87,0,58.9,157,,,,,,,,
2/23/2027 0:00,4.41,5.34,15.4,5.97,0.5,4.3,0,3.01,0,0,6.75,11.32,0,0.53,4.33,0.77,0,5.78,7.16,7.61,5.34,18.15,7.85,0.52,5.3,0,3.78,6.49,0.12,7.34,14.01,0,0.56,134.43,1.76,0,11.44,72.28,105.74,5.6,248.5,143.09,0,13.08,,0,0.23,,0,0,33.6,271.67,0,9.25,103.88,17.86,0,138.8,171.89,,,,,,,,
2/24/2027 0:00,4.41,5.34,15.4,5.97,0.5,4.31,0,3.01,0,0,6.75,8.9,0,0.53,3.98,0.77,0,8.62,28.54,7.61,5.34,18.15,7.85,0.52,5.3,0,3.78,6.49,0.12,7.34,14.01,0,0.56,134.43,1.76,0,11.44,72.28,105.74,3.42,118.85,129.65,0,13.08,,0,0,,0,0,34.19,206.33,0,8.78,95.44,17.66,0,206.99,685.05,,,,,,,,
2/25/2027 0:00,4.41,5.34,15.4,5.97,0.5,4.3,0,3.01,0,0,6.75,8.27,0,0.53,6.23,0.77,0,8.35,32.96,7.61,5.34,18.15,7.85,0.52,5.3,0,3.78,6.49,0.12,7.34,14.01,0,0.56,134.43,1.76,0,11.44,72.28,105.74,10.3,110.16,108.65,0,13.07,,0,0,,0,0,34,174.92,0,8.19,149.44,17.67,0,200.4,791.04,,,,,,,,
2/26/2027 0:00,4.41,5.34,15.32,5.97,0.5,4.27,0,3.01,0,0,6.75,9.75,0,0.53,7.98,0.77,0,6.37,18.56,7.61,5.34,18.15,7.85,0.52,5.3,0,3.78,6.49,0.12,7.34,14.01,0,0.56,134.43,1.76,0,11.44,72.28,105.74,18.45,138.23,125.29,0,12.99,,0,0,,0,0,34.29,223.89,0,8.78,191.46,17.75,0,152.99,445.4,,,,,,,,
2/27/2027 0:00,4.44,5.34,15.03,5.97,0.5,4.17,0,3.01,0,0,6.75,10.4,0,0.53,10.02,0.77,0,1.03,10.54,7.61,5.34,18.15,7.85,0.52,5.3,0,3.78,6.49,0.12,7.34,14.01,0,0.56,134.43,1.76,0,11.44,72.28,106.56,10.11,137.98,127.26,0,12.67,,0,0,,0,0,34.05,238.49,0,8.66,240.5,17.66,0,24.66,252.86,,,,,,,,
2/28/2027 0:00,4.44,5.34,15.07,5.19,0.5,4.19,0,3.01,0,0,6.75,10.1,0,0.53,14.17,0.77,0,0.71,8.76,7.61,5.34,18.15,6.75,0.52,5.3,0,3.78,6.49,0.12,7.34,14.01,0,0.56,134.43,1.76,0,11.44,72.28,105.83,3.89,129.07,106.69,0,11.27,,0,0,,0,0,33.93,214.13,0,8.54,340.09,17.71,0,16.99,210.29,,,,,,,,
3/1/2027 0:00,4.21,5.34,15.32,5,0.5,4.28,0,3.01,0,0,6.75,10.59,0,0.53,19,0.77,0,0.4,7.59,7.61,5.34,18.15,6.75,0.52,5.3,0,3.78,6.49,0.12,7.34,14.01,0,0.56,135.6,1.76,0,11.49,72.58,100.98,15.45,205.09,109.57,0.16,12.99,,0,0.24,,0,0,35.1,236.19,0,8.7,455.92,17.83,0,9.65,182.05,,,,,,,,
3/2/2027 0:00,4.21,5.34,15.33,5,0.5,4.28,0,3.01,0,0,6.75,11.01,0,0.53,16.68,0.77,0,1.05,6.55,7.61,5.34,18.15,6.75,0.52,5.3,0,3.78,6.49,0.12,7.34,14.01,0,0.56,135.6,1.76,0,11.49,72.58,100.98,10.02,210.53,111.44,0,13,,0,0.24,,0,0,36.38,254.91,0,8.78,400.22,17.83,0,25.11,157.23,,,,,,,,
3/3/2027 0:00,4.21,5.34,15.33,5,0.5,4.28,0,3.01,0,0,6.75,11.07,0,0.53,11.85,0.77,0,3.82,6.37,7.61,5.34,18.15,6.75,0.52,5.3,0,3.78,6.49,0.12,7.34,14.01,0,0.56,135.6,1.76,0,11.49,72.58,100.98,10.19,229.66,118.87,0,13,,0,0.13,,0,0,36.66,262.56,0,9.02,284.32,17.8,0,91.64,152.96,,,,,,,,
3/4/2027 0:00,4.21,5.34,15.32,5,0.5,4.27,0,3.01,0,0,6.75,10.35,0,0.53,7.92,0.77,0,5.03,18.11,7.61,5.34,18.15,6.75,0.52,5.3,0,3.78,6.49,0.12,7.34,14.01,0,0.56,135.6,1.76,0,11.49,72.58,100.98,7.77,182.04,117.43,0,12.99,,0,0.12,,0,0,35.64,245.26,0,8.98,190.13,17.78,0,120.81,434.62,,,,,,,,
3/5/2027 0:00,4.21,5.34,15.24,5,0.5,4.25,0,3.01,0,0,6.75,10.93,0,0.53,6.35,0.77,0,4.18,11.36,7.61,5.34,18.15,6.75,0.52,5.3,0,3.78,6.49,0.12,7.34,14.01,0,0.56,135.6,1.76,0,11.49,72.58,100.98,10.11,209.69,118.43,0,12.9,,0,0.12,,0,0,35.34,262.19,0,9.09,152.38,17.82,0,100.21,272.74,,,,,,,,
3/6/2027 0:00,4.15,5.34,14.95,5,0.5,4.14,0,3.01,0,0,6.75,10.15,0,0.53,7.15,0.77,0,3.68,8.85,7.61,5.34,18.15,6.75,0.52,5.3,0,3.78,6.49,0.12,7.34,14.01,0,0.56,135.6,1.76,0,11.49,72.58,99.63,6.89,117.08,108.02,0,12.58,,0,0,,0,0,34.27,236.56,0,8.78,171.63,17.64,0,88.27,212.43,,,,,,,,
3/7/2027 0:00,4.15,5.34,14.99,5,0.5,4.16,0,3.01,0,0,6.75,8.41,0,0.53,9.14,0.77,0,4.7,27.39,7.61,5.34,18.15,6.75,0.52,5.3,0,3.78,6.49,0.12,7.34,14.01,0,0.56,135.6,1.76,0,11.49,72.58,98.9,0,79.39,65.34,0,9.82,,0,0,,0,0,32.62,161.4,0,7.75,219.47,16.32,0,112.78,657.32,,,,,,,,
3/8/2027 0:00,4.21,5.34,15.24,5,0.5,4.25,0,3.01,0,0,6.75,11.53,0,0.53,4.59,0.77,0,1.28,8.69,7.61,5.34,18.15,6.75,0.52,5.3,0,3.78,6.49,0.12,7.34,14.01,0,0.56,135.6,1.76,0,11.49,72.58,100.98,10.23,244.2,118.79,0,12.9,,0,0.19,,0,0,33.88,276.64,0,9.09,110.1,17.83,0,30.67,208.65,,,,,,,,
3/9/2027 0:00,4.21,5.34,15.25,4.99,0.5,4.25,0,3.01,0,0,6.75,11.25,0,0.53,7.37,0.77,0,0.85,11.57,7.61,5.34,18.15,6.75,0.52,5.3,0,3.78,6.49,0.12,7.34,14.01,0,0.56,135.6,1.76,0,11.49,72.58,100.98,6.65,222.3,118.53,0,12.91,,0,0.13,,0,0,34.88,269.95,0,9.09,176.9,17.8,0,20.46,277.76,,,,,,,,
3/10/2027 0:00,4.21,5.34,15.24,4.99,0.5,4.25,0,3.01,0,0,6.75,9.6,0,0.53,7.7,0.77,0,6.37,22.28,7.61,5.34,18.15,6.75,0.52,5.3,0,3.78,6.49,0.12,7.34,14.01,0,0.56,135.6,1.76,0,11.49,72.58,100.98,3.88,103.02,110.81,0,12.91,,0,0,,0,0,34.89,225.46,0,8.94,184.84,17.69,0,152.8,534.65,,,,,,,,
3/11/2027 0:00,4.21,5.34,15.23,4.99,0.5,4.24,0,3.01,0,0,6.75,9.76,0,0.53,11.95,0.77,0,4.5,16.91,7.61,5.34,18.15,6.75,0.52,5.3,0,3.78,6.49,0.12,7.34,14.01,0,0.56,135.6,1.76,0,11.49,72.58,100.98,12.72,148.96,109.6,0,12.89,,0,0,,0,0,34.97,225.32,0,8.74,286.7,17.73,0,107.96,405.92,,,,,,,,
3/12/2027 0:00,4.21,5.34,15.15,4.7,0.5,4.21,0,3.01,0,0,6.75,9.37,0,0.53,8.33,0.77,0,4.96,17.25,7.61,5.34,18.15,6.75,0.52,5.3,0,3.78,6.49,0.12,7.34,14.01,0,0.56,135.6,1.76,0,11.49,72.58,100.98,10.19,111.19,99.79,0,12.81,,0,0,,0,0,35.03,215.4,0,8.62,200.01,17.69,0,119.06,413.94,,,,,,,,
3/13/2027 0:00,4.15,5.34,14.86,4.7,0.5,4.11,0,3.01,0,0,6.75,6.4,0,0.53,10.3,0.77,0,6,36.91,7.61,5.34,18.15,6.75,0.52,5.3,0,3.78,6.49,0.12,7.34,14.01,0,0.56,135.6,1.76,0,11.49,72.58,94.2,10.11,52.69,21.8,0,6.24,,0,0,,0,0,33.09,101.82,0,7.2,247.11,13.59,0,144.07,885.8,,,,,,,,
3/14/2027 0:00,4.15,5.34,14.9,4.7,0.5,4.12,0,3.01,0,0,6.75,6.7,0,0.53,8.4,0.77,0,4.9,33.43,7.61,5.34,18.15,6.75,0.52,5.3,0,3.78,6.49,0.12,7.34,14.01,0,0.56,135.6,1.76,0,11.49,72.58,93.48,1.27,54.23,39.55,0,4.26,,0,0,,0,0,32.08,106.27,0,7.67,201.5,13.28,0,117.6,802.33,,,,,,,,
3/15/2027 0:00,4.21,5.34,15.15,4.99,0.5,4.21,0,3.01,0,0,6.75,8.73,0,0.53,14.84,0.77,0,6.1,13.55,7.61,5.34,18.15,6.75,0.52,5.3,0,3.78,6.49,0.12,7.34,14.01,0,0.56,135.6,1.76,0,11.49,72.58,100.98,19.26,130.29,98.01,0,12.81,,0,0,,0,0,33.62,184.88,0,8.34,356.12,17.69,0,146.32,325.27,,,,,,,,
3/16/2027 0:00,4.21,5.34,15.16,4.99,0.5,4.22,0,3.01,0,0,6.75,8.15,0,0.53,21.04,0.77,0,6.65,18.54,7.61,5.34,18.15,6.75,0.52,5.3,0,3.78,6.49,0.12,7.34,14.01,0,0.56,135.6,1.76,0,11.49,72.58,99.05,9.3,76.18,95.4,0,9.59,,0,0,,0,0,34.36,170.4,0,8.46,504.87,15.63,0,159.49,445.04,,,,,,,,
3/17/2027 0:00,4.21,5.34,15.16,4.99,0.5,4.22,0,3.01,0,0,6.75,8.78,0,0.53,18.02,0.77,0,4.88,17.37,7.61,5.34,18.15,6.75,0.52,5.3,0,3.78,6.49,0.12,7.34,14.01,0,0.56,135.6,1.76,0,11.49,72.58,99.83,10.11,110.1,97.01,0,11.35,,0,0,,0,0,34,180.99,0,8.3,432.5,16.66,0,117.16,416.94,,,,,,,,
3/18/2027 0:00,4.21,5.34,15.15,4.78,0.5,4.21,0,3.01,0,0,6.75,10.14,0,0.53,18.87,0.77,0,1.35,8.09,7.61,5.34,18.15,6.75,0.52,5.3,0,3.78,6.49,0.12,7.34,14.01,0,0.56,135.6,1.76,0,11.49,72.58,100.98,10.83,140.72,100.11,0,11.66,,0,0,,0,0,34.66,217.99,0,8.66,452.77,17.72,0,32.44,194.11,,,,,,,,
3/19/2027 0:00,4.21,5.34,15.06,4.78,0.5,4.18,0,3.01,0,0,6.75,10.78,0,0.53,12.91,0.77,0,2.77,5.21,7.61,5.34,18.15,6.75,0.52,5.3,0,3.78,6.49,0.12,7.34,14.01,0,0.56,135.6,1.76,0,11.49,72.58,100.98,10.27,155.73,103.61,0,12.71,,0,0,,0,0,34.93,249.01,0,8.74,309.9,17.72,0,66.47,125.16,,,,,,,,
3/20/2027 0:00,4.15,5.34,14.77,4.78,0.5,4.08,0,3.01,0,0,6.75,9.98,0,0.53,8.65,0.77,0,2.97,9.23,7.61,5.34,18.15,6.75,0.52,5.3,0,3.78,6.49,0.12,7.34,14.01,0,0.56,135.6,1.76,0,11.49,72.58,99.63,10.11,78.86,91.55,0,11.7,,0,0,,0,0,34,206.98,0,8.5,207.69,17.63,0,71.16,221.43,,,,,,,,
3/21/2027 0:00,4.15,5.34,14.81,4.78,0.5,4.09,0,3.01,0,0,6.75,8.74,0,0.53,12.54,0.77,0,5.49,8.47,7.61,5.34,18.15,6.75,0.52,5.3,0,3.78,6.49,0.12,7.34,14.01,0,0.56,135.6,1.76,0,11.49,72.58,99.27,6.72,55.27,84.46,0,9.32,,0,0,,0,0,33.2,152.56,0,8.15,300.88,17.6,0,131.86,203.28,,,,,,,,
3/22/2027 0:00,4.21,5.34,15.06,4.99,0.5,4.18,0,3.01,0,0,6.75,7.45,0,0.53,17.84,0.77,0,6.52,23.93,7.61,5.34,18.15,6.75,0.52,5.3,0,3.78,6.49,0.12,7.34,14.01,0,0.56,135.6,1.76,0,11.49,72.58,98.87,12.61,66.97,79.26,0,9.05,,0,0,,0,0,33.72,145.67,0,7.91,428.26,15.31,0,156.43,574.21,,,,,,,,
3/23/2027 0:00,4.21,5.34,15.06,4.99,0.5,4.18,0,3.01,0,0,6.75,7.91,0,0.53,9.3,0.77,0,5.83,27.12,7.61,5.34,18.15,6.75,0.52,5.3,0,3.78,6.49,0.12,7.34,14.01,0,0.56,135.6,1.76,0,11.49,72.58,100.98,10.99,62.49,84.41,0,11.48,,0,0,,0,0,34.18,159.33,0,7.83,223.24,17.62,0,139.9,650.83,,,,,,,,
3/24/2027 0:00,4.21,5.34,15.06,4.99,0.5,4.18,0,3.01,0,0,6.75,7.62,0,0.53,9.81,0.77,0,5.49,29.76,7.61,5.34,18.15,6.75,0.52,5.3,0,3.78,6.49,0.12,7.34,14.01,0,0.56,135.6,1.76,0,11.49,72.58,100.07,11.25,58.48,78.07,0,10.1,,0,0,,0,0,33.71,146.91,0,7.75,235.38,16.23,0,131.85,714.2,,,,,,,,
3/25/2027 0:00,4.21,5.34,15.05,4.99,0.5,4.18,0,3.01,0,0,6.75,7.07,0,0.53,14.19,0.77,0,6.45,30.44,7.61,5.34,18.15,6.75,0.52,5.3,0,3.78,6.49,0.12,7.34,14.01,0,0.56,135.6,1.76,0,11.49,72.58,98.63,9.23,53.1,36.76,0,8.7,,0,0,,0,0,33.58,124.22,0,7.2,340.48,15.26,0,154.83,730.47,,,,,,,,
3/26/2027 0:00,4.21,5.34,14.96,4.99,0.5,4.15,0,3.01,0,0,6.75,7.7,0,0.53,10.64,0.77,0,5.64,16.5,7.61,5.34,18.15,6.75,0.52,5.3,0,3.78,6.49,0.12,7.34,14.01,0,0.56,135.6,1.76,0,11.49,72.58,100.98,10.99,54.19,49.12,0,10.3,,0,0,,0,0,33.32,136.6,0,7.63,255.27,17.59,0,135.46,395.94,,,,,,,,
3/27/2027 0:00,4.15,5.34,14.67,4.99,0.5,4.04,0,3.01,0,0,6.75,6.65,0,0.53,18.13,0.77,0,6.15,21.99,7.61,5.34,18.15,6.75,0.52,5.3,0,3.78,6.49,0.12,7.34,14.01,0,0.56,135.6,1.76,0,11.49,72.58,95.81,10.11,54.58,52.75,0,7.9,,0,0,,0,0,32.33,117.56,0,7.59,435.05,14.94,0,147.53,527.85,,,,,,,,
3/28/2027 0:00,4.15,5.34,14.71,4.99,0.5,4.05,0,3.01,0,0,6.75,7.14,0,0.53,20.7,0.77,0,4.47,12.11,7.61,5.34,18.15,6.75,0.52,5.3,0,3.78,6.49,0.12,7.34,14.01,0,0.56,135.6,1.76,0,11.49,72.58,96.22,10.11,53.93,49.73,0,7.74,,0,0,,0,0,31.97,124.38,0,7.52,496.7,15.27,0,107.18,290.64,,,,,,,,
3/29/2027 0:00,4.21,5.34,14.95,4.99,0.5,4.14,0,3.01,0,0,6.75,8.04,0,0.53,12.04,0.77,0,4.68,10.28,7.61,5.34,18.15,6.75,0.52,5.3,0,3.78,6.49,0.12,7.34,14.01,0,0.56,135.6,1.76,0,11.49,72.58,100.25,9.23,54.67,54.81,0,9.57,,0,0,,0,0,32.23,142.88,0,7.59,288.95,16.6,0,112.43,246.79,,,,,,,,
3/30/2027 0:00,4.21,5.34,14.95,4.99,0.5,4.14,0,3.01,0,0,6.75,7.69,0,0.53,10.4,0.77,0,7.31,27.41,7.61,5.34,18.15,6.75,0.52,5.3,0,3.78,6.49,0.12,7.34,14.01,0,0.56,135.6,1.76,0,11.49,72.58,99.19,6.55,55.67,78.73,0,9.01,,0,0,,0,0,32.89,139.77,0,7.79,249.7,15.61,0,175.43,657.85,,,,,,,,
3/31/2027 0:00,4.21,5.34,14.95,4.99,0.5,4.14,0,3.01,0,0,6.75,8.76,0,0.53,10.73,0.77,0,3.14,18.53,7.61,5.34,18.15,6.75,0.52,5.3,0,3.78,6.49,0.12,7.34,14.01,0,0.56,135.6,1.76,0,11.49,72.58,100.98,14.55,67.67,92.76,0,12.58,,0,0,,0,0,33.47,173.84,0,8.07,257.59,17.62,0,75.45,444.84,,,,,,,,
4/1/2027 0:00,4.1,5.34,15.52,4.93,0.5,4.13,0,2.8,0,0,6.75,7.93,0,0.53,7.77,0.77,0,7.67,27.72,7.61,5.34,18.9,6.75,0.52,5.3,0,3.78,6.49,0.12,7.34,14.01,0,0.56,136.77,1.76,0,11.55,72.87,98.28,9.62,66.27,88.64,0,11.34,,0,0,,0,0,33.28,160.28,0,4.43,186.41,17.62,0,184.05,665.3,,,,,,,,
4/2/2027 0:00,4.1,5.34,15.42,4.93,0.5,4.1,0,2.8,0,0,6.75,8.13,0,0.53,11.32,0.77,0,5.83,21.42,7.61,5.34,18.9,6.75,0.52,5.3,0,3.78,6.49,0.12,7.34,14.01,0,0.56,136.77,1.76,0,11.55,72.87,98.28,10.59,93.33,88.5,0,10.79,,0,0,,0,0,33.15,164.58,0,4.39,271.58,17.62,0,139.89,514.11,,,,,,,,
4/3/2027 0:00,4.14,5.34,15.11,4.93,0.5,4,0,2.8,0,0,6.75,7.87,0,0.53,20.67,0.77,0,1.39,13.13,7.61,5.34,18.9,6.75,0.52,5.3,0,3.78,6.49,0.12,7.34,14.01,0,0.56,136.77,1.76,0,11.55,72.87,96.13,10.11,71.98,82.06,0,8.21,,0,0,,0,0,33.43,143.8,0,4.55,496.09,15.27,0,33.32,315.19,,,,,,,,
4/4/2027 0:00,4.14,5.34,15.15,4.93,0.5,4.01,0,2.8,0,0,6.75,8.29,0,0.53,25.1,0.77,0,0.44,4.13,7.61,5.34,18.9,6.75,0.52,5.3,0,3.78,6.49,0.12,7.34,14.01,0,0.56,136.77,1.76,0,11.55,72.87,96.13,2.11,86.41,81.21,0,8.16,,0,0,,0,0,33.04,158.59,0,4.7,602.43,15.27,0,10.5,99.03,,,,,,,,
4/5/2027 0:00,4.1,5.34,15.41,4.65,0.5,4.1,0,2.8,0,0,6.75,9.19,0,0.53,25.3,0.77,0,0.56,1.68,7.61,5.34,18.9,6.75,0.52,5.3,0,3.78,6.49,0.12,7.34,14.01,0,0.56,136.77,1.76,0,11.55,72.87,96.95,17.22,150.44,90.63,0.16,9.85,,0,0.04,,0,0,34.43,192.1,0,5.09,607.17,16.02,0,13.4,40.43,,,,,,,,
4/6/2027 0:00,4.1,5.34,15.4,4.65,0.5,4.09,0,2.8,0,0,6.75,8.51,0,0.53,25.98,0.77,0,4.05,7.61,7.61,5.34,18.9,6.75,0.52,5.3,0,3.78,6.49,0.12,7.34,14.01,0,0.56,136.77,1.76,0,11.55,72.87,96.35,10.11,131.66,88.29,0,8.86,,0,0,,0,0,35.02,175.89,0,4.78,623.58,15.68,0,97.12,182.71,,,,,,,,
4/7/2027 0:00,4.1,5.34,15.39,4.65,0.5,4.09,0,2.8,0,0,6.75,9.21,0,0.53,17.02,0.77,0,5.64,10.07,7.61,5.34,18.9,6.75,0.52,5.3,0,3.78,6.49,0.12,7.34,14.01,0,0.56,136.77,1.76,0,11.55,72.87,98.28,4.55,117.84,89,0,10.97,,0,0,,0,0,35.28,191.17,0,4.94,408.4,17.66,0,135.33,241.71,,,,,,,,
4/8/2027 0:00,4.1,5.34,15.38,4.65,0.5,4.09,0,2.8,0,0,6.75,10.87,0,0.53,8.72,0.77,0,1.51,4.05,7.61,5.34,18.9,6.75,0.52,5.3,0,3.78,6.49,0.12,7.34,14.01,0,0.56,136.77,1.76,0,11.55,72.87,98.28,8.07,201.51,106.99,0,12.41,,0,0,,0,0,35.94,255.34,0,5.4,209.32,17.73,0,36.21,97.32,,,,,,,,
4/9/2027 0:00,4.1,5.34,15.28,4.66,0.5,4.05,0,2.8,0,0,6.75,9.23,0,0.53,21.04,0.77,0,1.54,3,7.61,5.34,18.9,6.75,0.52,5.3,0,3.78,6.49,0.12,7.34,14.01,0,0.56,136.77,1.76,0,11.55,72.87,98.28,14.95,155.91,88.57,0,10,,0,0,,0,0,36.31,192.33,0,4.94,505.07,17.7,0,37.02,72.01,,,,,,,,
4/10/2027 0:00,4.14,5.34,14.97,4.66,0.5,3.95,0,2.8,0,0,6.75,5.77,0,0.53,24.86,0.77,0,7.51,19.12,7.61,5.34,18.9,6.75,0.52,5.3,0,3.78,6.49,0.12,7.34,14.01,0,0.56,136.77,1.76,0,11.55,72.87,95.83,10.11,49.66,33.1,0,6.52,,0,0,,0,0,34.33,85.11,0,3.68,596.73,14.59,0,180.14,458.86,,,,,,,,
4/11/2027 0:00,4.14,5.34,15,4.66,0.5,3.96,0,2.8,0,0,6.75,5.8,0,0.53,16.72,0.77,0,6.02,24.83,7.61,5.34,18.9,6.75,0.52,5.3,0,3.78,6.49,0.12,7.34,14.01,0,0.56,136.77,1.76,0,11.55,72.87,95.63,8.46,49.68,33.04,0,5.95,,0,0,,0,0,33.43,77.53,0,3.96,401.21,14.61,0,144.55,595.92,,,,,,,,
4/12/2027 0:00,4.1,5.34,15.26,4.66,0.5,4.05,0,2.8,0,0,6.75,7.92,0,0.53,12.32,0.77,0,3.39,20.62,7.61,5.34,18.9,6.75,0.52,5.3,0,3.78,6.49,0.12,7.34,14.01,0,0.56,136.77,1.76,0,11.55,72.87,98.28,11.76,87.16,73.11,0,9.9,,0,0,,0,0,34.77,153.64,0,4.23,295.7,17.62,0,81.48,494.99,,,,,,,,
4/13/2027 0:00,4.1,5.34,15.26,4.66,0.5,4.04,0,2.8,0,0,6.75,8.35,0,0.53,15.28,0.77,0,6.16,18.01,7.61,5.34,18.9,6.75,0.52,5.3,0,3.78,6.49,0.12,7.34,14.01,0,0.56,136.77,1.76,0,11.55,72.87,97.05,9.23,91.54,78.75,0,8.72,,0,0,,0,0,35.83,164.57,0,4.23,366.78,15.62,0,147.76,432.31,,,,,,,,
4/14/2027 0:00,4.1,5.34,15.25,4.66,0.5,4.04,0,2.8,0,0,6.75,9.78,0,0.53,16.43,0.77,0,3.11,4.81,7.61,5.34,18.9,6.75,0.52,5.3,0,3.78,6.49,0.12,7.34,14.01,0,0.56,136.77,1.76,0,11.55,72.87,98.28,10.11,116.57,87.74,0,11.12,,0,0,,0,0,37.03,202.57,0,4.94,394.41,17.62,0,74.64,115.32,,,,,,,,
4/15/2027 0:00,4.1,5.34,15.23,4.55,0.5,4.03,0,2.8,0,0,6.75,9.7,0,0.53,8.53,0.77,0,5.27,11.94,7.61,5.34,18.9,6.75,0.52,5.3,0,3.78,6.49,0.12,7.34,14.01,0,0.56,136.77,1.76,0,11.55,72.87,98.28,1.76,99.7,85.41,0,11.28,,0,0,,0,0,38.07,200.45,0,4.82,204.78,17.62,0,126.56,286.6,,,,,,,,
4/16/2027 0:00,4.1,5.34,15.13,4.55,0.5,4,0,2.8,0,0,6.75,10.05,0,0.53,8.59,0.77,0,1.31,7.69,7.61,5.34,18.9,6.75,0.52,5.3,0,3.78,6.49,0.12,7.34,14.01,0,0.56,136.77,1.76,0,11.55,72.87,98.28,9.4,136.16,99.79,0,12.16,,0,0,,0,0,38.99,231.24,0,5.3,206.14,17.62,0,31.43,184.61,,,,,,,,
4/17/2027 0:00,4.14,5.34,14.82,4.55,0.5,3.89,0,2.8,0,0,6.75,8.32,0,0.53,15.94,0.77,0,1.42,9.51,7.61,5.34,18.9,6.75,0.52,5.3,0,3.78,6.49,0.12,7.34,14.01,0,0.56,136.77,1.76,0,11.55,72.87,98.14,10.11,53.31,62.82,0,8.22,,0,0,,0,0,38.46,146.8,0,4.27,382.51,15.92,0,34.07,228.17,,,,,,,,
4/18/2027 0:00,4.14,5.34,14.85,4.55,0.5,3.91,0,2.8,0,0,6.75,6.93,0,0.53,13.91,0.77,0,3.66,17.88,7.61,5.34,18.9,6.75,0.52,5.3,0,3.78,6.49,0.12,7.34,14.01,0,0.56,136.77,1.76,0,11.55,72.87,97.37,1.76,44.9,20.43,0,7.26,,0,0,,0,0,37.8,105.02,0,3.6,333.9,15.58,0,87.8,429.13,,,,,,,,
4/19/2027 0:00,4.1,5.34,15.11,4.56,0.5,3.99,0,2.8,0,0,6.75,6.81,0,0.53,19.53,0.77,0,3.47,23.16,7.61,5.34,18.9,6.75,0.52,5.3,0,3.78,6.49,0.12,7.34,14.01,0,0.56,136.77,1.76,0,11.55,72.87,95.28,17.57,54.47,56.01,0,7.84,,0,0,,0,0,38.42,118.8,0,4.07,468.67,14.95,0,83.27,555.8,,,,,,,,
4/20/2027 0:00,4.1,5.34,15.1,4.56,0.5,3.99,0,2.8,0,0,6.75,7.63,0,0.53,13.15,0.77,0,4.89,17.65,7.61,5.34,18.9,6.75,0.52,5.3,0,3.78,6.49,0.12,7.34,14.01,0,0.56,136.77,1.76,0,11.55,72.87,98.28,10.11,69.02,77.11,0,9.16,,0,0,,0,0,39.93,143.73,0,4.23,315.67,17.61,0,117.42,423.6,,,,,,,,
4/21/2027 0:00,4.1,5.34,15.09,4.56,0.5,3.99,0,2.8,0,0,6.75,6.38,0,0.53,26.6,0.77,0,4.26,20.76,7.61,5.34,18.9,6.75,0.52,5.3,0,3.78,6.49,0.12,7.34,14.01,0,0.56,136.77,1.76,0,11.55,72.87,95.29,10.11,57.43,68.32,0,8.04,,0,0,,0,0,39.84,119.61,0,4.15,638.3,14.94,0,102.13,498.24,,,,,,,,
4/22/2027 0:00,4.1,5.34,15.07,4.56,0.5,3.98,0,2.8,0,0,6.75,7.04,0,0.53,25.31,0.77,0,3.32,16.13,7.61,5.34,18.9,6.75,0.52,5.3,0,3.78,6.49,0.12,7.34,14.01,0,0.56,136.77,1.76,0,11.55,72.87,96.35,9.93,66.95,68.3,0,8.26,,0,0,,0,0,40.33,138.09,0,4.15,607.35,15.61,0,79.74,387.01,,,,,,,,
4/23/2027 0:00,4.1,5.34,14.98,4.56,0.5,3.95,0,2.74,0,0,6.75,7.89,0,0.53,19.13,0.77,0,2.44,9.91,7.61,5.34,18.9,6.75,0.52,5.3,0,3.78,6.49,0.12,7.34,14.01,0,0.56,136.77,1.76,0,11.55,72.87,97.38,11.17,65.72,78.46,0,8.33,,0,0,,0,0,42.49,150.18,0,4.31,459.21,15.95,0,58.62,237.88,,,,,,,,
4/24/2027 0:00,4.14,5.34,14.66,4.56,0.5,3.84,0,2.74,0,0,6.75,6.07,0,0.53,14.63,0.77,0,3.89,26.71,7.61,5.34,18.9,6.75,0.52,5.3,0,3.78,6.49,0.12,7.34,14.01,0,0.56,136.77,1.76,0,11.55,72.87,96.09,10.11,44.57,25.53,0,7.02,,0,0,,0,0,42.51,86.38,0,3.6,351,14.92,0,93.33,640.94,,,,,,,,
4/25/2027 0:00,4.14,5.34,14.69,4.57,0.5,3.85,0,2.74,0,0,6.75,6.24,0,0.53,15.2,0.77,0,4.67,20.34,7.61,5.34,18.9,6.75,0.52,5.3,0,3.78,6.49,0.12,7.34,14.01,0,0.56,136.77,1.76,0,11.55,72.87,96.04,1.77,44.31,24.85,0,6.63,,0,0,,0,0,41.52,85.75,0,3.6,364.77,14.92,0,112,488.26,,,,,,,,
4/26/2027 0:00,4.1,5.34,14.95,4.57,0.5,3.94,0,2.74,0,0,6.75,7.55,0,0.53,21.59,0.77,0,4.68,12.61,7.61,5.34,18.9,6.75,0.52,5.3,0,3.78,6.49,0.12,7.34,14.01,0,0.56,136.77,1.76,0,11.55,72.87,97.19,17.56,69.45,59.55,0,7.8,,0,0,,0,0,43.12,134.4,0,4.07,518.1,16.3,0,112.23,302.67,,,,,,,,
4/27/2027 0:00,4.1,5.34,14.94,4.57,0.5,3.94,0,2.74,0,0,6.75,8.63,0,0.53,24.99,0.77,0,2.55,4.54,7.61,5.34,18.9,6.75,0.52,5.3,0,3.78,6.49,0.12,7.34,14.01,0,0.56,136.77,1.76,0,11.55,72.87,96.35,10.99,90.47,83.32,0,8.47,,0,0,,0,0,44.19,172.16,0,4.7,599.66,15.62,0,61.12,108.94,,,,,,,,
4/28/2027 0:00,4.1,5.34,14.93,4.57,0.5,3.93,0,2.74,0,0,6.75,9.32,0,0.53,11.5,0.77,0,3.74,10.3,7.61,5.34,18.9,6.75,0.52,5.3,0,3.78,6.49,0.12,7.34,14.01,0,0.56,136.77,1.76,0,11.55,72.87,98.28,9.23,75.67,80.75,0,11.61,,0,0,,0,0,44.51,187.56,0,4.55,275.98,17.61,0,89.65,247.18,,,,,,,,
4/29/2027 0:00,4.1,5.34,14.9,4.57,0.5,3.92,0,2.74,0,0,6.75,8.91,0,0.53,15.43,0.77,0,2.12,11.25,7.61,5.34,18.9,6.75,0.52,5.3,0,3.78,6.49,0.12,7.34,14.01,0,0.56,136.77,1.76,0,11.55,72.87,98.28,9.59,72.91,82.32,0,9,,0,0,,0,0,46.32,176.2,0,4.35,370.22,17.61,0,50.77,269.95,,,,,,,,
4/30/2027 0:00,4.1,5.34,14.81,4.57,0.5,3.89,0,2.74,0,0,6.75,8.13,0,0.53,28.27,0.77,0,0.95,5.01,7.61,5.34,18.9,6.75,0.52,5.3,0,3.78,6.49,0.12,7.34,14.01,0,0.56,136.77,1.76,0,11.55,72.87,94.94,11.5,78.56,81.26,0,7.81,,0,0,,0,0,46.07,158.53,0,4.59,678.48,15.28,0,22.76,120.24,,,,,,,,
5/1/2027 0:00,3.9,5.34,14.49,3.98,0.5,3.78,0,2.74,0,0,6.75,7.83,0,0.53,17.08,0.77,0,1.94,6.53,7.61,5.34,18.9,6.75,0.52,5.3,0,3.78,6.49,0.12,7.34,14.01,0,0.56,137.93,1.76,0,11.6,73.16,91.47,10.11,60.7,20.94,0,7.22,,0,0,,0,0,45.2,123.27,0,2.44,409.93,15.93,0,46.54,156.78,,,,,,,,
5/2/2027 0:00,3.9,5.34,14.52,3.97,0.5,3.79,0,2.74,0,0,6.75,7.4,0,0.53,14.3,0.77,0,3.73,13.55,7.61,5.34,18.9,6.75,0.52,5.3,0,3.78,6.49,0.12,7.34,14.01,0,0.56,137.93,1.76,0,11.6,73.16,91.35,2.54,53.97,16.17,0,6.53,,0,0,,0,0,45.29,113.15,0,2.52,343.29,15.59,0,89.44,325.22,,,,,,,,
5/3/2027 0:00,3.92,5.34,14.77,3.62,0.5,3.88,0,2.74,0,0,6.75,8.65,0,0.53,23.7,0.77,0,0.7,5.1,7.61,5.34,18.9,6.75,0.52,5.3,0,3.78,6.49,0.12,7.34,14.01,0,0.56,137.93,1.76,0,11.6,73.16,92.31,16.8,111.72,62.51,0,8.55,,0,0,,0,0,47.02,161.73,0,3.18,568.92,15.61,0,16.7,122.43,,,,,,,,
5/4/2027 0:00,3.92,5.34,14.77,3.62,0.5,3.88,0,2.74,0,0,6.75,8.22,0,0.53,24.43,0.77,0,2.92,9.72,7.61,5.34,18.9,6.75,0.52,5.3,0,3.78,6.49,0.12,7.34,14.01,0,0.56,137.93,1.76,0,11.6,73.16,91.85,10.11,104.17,66.16,0,7.96,,0,0,,0,0,48.15,153,0,3.41,586.28,15.28,0,70.12,233.28,,,,,,,,
5/5/2027 0:00,3.92,5.34,14.75,3.53,0.5,3.87,0,2.74,0,0,6.75,7.71,0,0.53,18.01,0.77,0,4.82,17.82,7.61,5.34,18.9,6.75,0.52,5.3,0,3.78,6.49,0.12,7.34,14.01,0,0.56,137.93,1.76,0,11.6,73.16,93.24,10.99,84.87,44.48,0,8.21,,0,0,,0,0,47.52,141.2,0,2.79,432.33,16.94,0,115.75,427.63,,,,,,,,
5/6/2027 0:00,3.92,5.34,14.73,3.53,0.5,3.86,0,2.74,0,0,6.75,7.67,0,0.53,16.04,0.77,0,4.77,8.4,7.61,5.34,18.9,6.75,0.52,5.3,0,3.78,6.49,0.12,7.34,14.01,0,0.56,137.93,1.76,0,11.6,73.16,92.34,10.11,49,19.78,0,7.38,,0,0,,0,0,48.11,135.73,0,2.4,384.99,16.21,0,114.55,201.58,,,,,,,,
5/7/2027 0:00,3.92,5.34,14.64,3.36,0.5,3.83,0,2.74,0,0,6.75,7.12,0,0.53,17.36,0.77,0,6.18,14.72,7.61,5.34,18.9,6.75,0.52,5.3,0,3.78,6.49,0.12,7.34,14.01,0,0.56,137.93,1.76,0,11.6,73.16,91.69,10.11,48.33,9.5,0,6.54,,0,0,,0,0,46.58,112.16,0,2.4,416.58,15.92,0,148.22,353.27,,,,,,,,
5/8/2027 0:00,3.9,5.34,14.33,3.13,0.5,3.72,0,2.74,0,0,6.75,6.6,0,0.53,18.02,0.77,0,3.19,14.16,7.61,5.34,18.9,6.75,0.52,5.3,0,3.78,6.49,0.12,7.34,14.01,0,0.56,137.93,1.76,0,11.6,73.16,91.18,10.11,46.31,8.29,0,6.71,,0,0,,0,0,45.65,98.06,0,2.4,432.43,15.26,0,76.58,339.89,,,,,,,,
5/9/2027 0:00,3.9,5.34,14.36,3.13,0.5,3.74,0,2.74,0,0,6.75,6.31,0,0.53,20.69,0.77,0,2.24,18.69,7.61,5.34,18.9,6.75,0.52,5.3,0,3.78,6.49,0.12,7.34,14.01,0,0.56,137.93,1.76,0,11.6,73.16,89.33,5.34,42.94,8.28,0,6.33,,0,0,,0,0,45.07,91.81,0,2.4,496.62,14.88,0,53.83,448.66,,,,,,,,
5/10/2027 0:00,3.92,5.34,14.62,3.13,0.5,3.82,0,2.74,0,0,6.75,8.87,0,0.53,12.77,0.77,0,1.9,11.02,7.61,5.34,18.9,6.75,0.52,5.3,0,3.78,6.49,0.12,7.34,14.01,0,0.56,137.93,1.76,0,11.6,73.16,93.96,13.99,128.56,47.03,0.16,10.53,,0,0.03,,0,0,46.95,167.28,0,3.18,306.47,17.65,0,45.5,264.51,,,,,,,,
5/11/2027 0:00,3.92,5.34,14.61,3.13,0.5,3.82,0,2.74,0,0,6.75,10.02,0,0.53,10.8,0.77,0,1.76,4.63,7.61,5.34,18.9,6.75,0.52,5.3,0,3.78,6.49,0.12,7.34,14.01,0,0.56,137.93,1.76,0,11.6,73.16,93.96,5.79,164.39,67.51,0,11.62,,0,0,,0,0,48.36,218.64,0,4.01,259.26,17.62,0,42.29,111.21,,,,,,,,
5/12/2027 0:00,3.92,5.34,14.61,3.13,0.5,3.82,0,2.74,0,0,6.75,8.88,0,0.53,15.71,0.77,0,3.05,11.94,7.61,5.34,18.9,6.75,0.52,5.3,0,3.78,6.49,0.12,7.34,14.01,0,0.56,137.93,1.76,0,11.6,73.16,93.96,9.23,101.97,54.82,0,8.5,,0,0,,0,0,48.61,165.39,0,3.1,376.97,17.61,0,73.11,286.62,,,,,,,,
5/13/2027 0:00,3.92,5.34,14.59,3.13,0.5,3.82,0,2.74,0,0,6.75,8.83,0,0.53,18.13,0.77,0,2.21,10.22,7.61,5.34,18.9,6.75,0.52,5.3,0,3.78,6.49,0.12,7.34,14.01,0,0.56,137.93,1.76,0,11.6,73.16,93.96,10.99,106.97,54.29,0,8.06,,0,0,,0,0,49.14,160.24,0,3.18,435.12,17.61,0,53.03,245.3,,,,,,,,
5/14/2027 0:00,3.92,5.34,14.51,3.13,0.5,3.79,0,2.74,0,0,6.75,9.2,0,0.53,17.75,0.77,0,0.92,4.27,7.61,5.34,18.9,6.75,0.52,5.3,0,3.78,6.49,0.12,7.34,14.01,0,0.56,137.93,1.76,0,11.6,73.16,93.96,10.11,119.71,59.52,0,9.8,,0,0,,0,0,48.56,180.07,0,3.69,425.92,17.6,0,22.09,102.52,,,,,,,,
5/15/2027 0:00,3.9,5.34,14.2,3.13,0.5,3.68,0,2.74,0,0,6.75,7.33,0,0.53,18.06,0.77,0,2.82,7.91,7.61,5.34,18.9,6.75,0.52,5.3,0,3.78,6.49,0.12,7.34,14.01,0,0.56,137.93,1.76,0,11.6,73.16,91.63,10.11,74.59,26.46,0,7.1,,0,0,,0,0,47.52,99.81,0,2.95,433.5,15.92,0,67.58,189.82,,,,,,,,
5/16/2027 0:00,3.9,5.34,14.25,2.93,0.5,3.7,0,2.74,0,0,6.75,5.44,0,0.53,12.96,0.77,0,5.32,23.38,7.61,5.34,18.9,6.75,0.52,5.3,0,3.78,6.49,0.12,7.34,14.01,0,0.56,137.93,1.76,0,11.6,73.16,89.18,10.11,39.03,8.26,0,5.75,,0,0,,0,0,44.96,64.64,0,2.4,310.96,14.58,0,127.8,561.19,,,,,,,,
5/17/2027 0:00,3.92,5.34,14.51,3.21,0.5,3.79,0,2.74,0,0,6.75,5.67,0,0.53,19.76,0.77,0,4.23,17.07,7.61,5.34,18.9,6.75,0.52,5.3,0,3.78,6.49,0.12,7.34,14.01,0,0.56,137.93,1.76,0,11.6,73.16,89.28,6.68,52.94,20.99,0,4.82,,0,0,,0,0,45.94,76.66,0,2.64,474.28,14.27,0,101.44,409.57,,,,,,,,
5/18/2027 0:00,3.92,5.34,14.52,3.21,0.5,3.79,0,2.74,0,0,6.75,7.88,0,0.53,23.11,0.77,0,0.33,6.83,7.61,5.34,18.9,6.75,0.52,5.3,0,3.78,6.49,0.12,7.34,14.01,0,0.56,137.93,1.76,0,11.6,73.16,93.96,13.54,102.83,56.89,0,8.2,,0,0,,0,0,47.07,148.64,0,3.26,554.54,17.61,0,7.91,163.95,,,,,,,,
5/19/2027 0:00,3.92,5.34,14.53,3.21,0.5,3.79,0,2.74,0,0,6.75,7.94,0,0.53,19.95,0.77,0,1.74,11.24,7.61,5.34,18.9,6.75,0.52,5.3,0,3.78,6.49,0.12,7.34,14.01,0,0.56,137.93,1.76,0,11.6,73.16,93.96,9.23,97.32,56.82,0,8.01,,0,0,,0,0,47.76,148.26,0,3.15,478.69,17.61,0,41.69,269.87,,,,,,,,
5/20/2027 0:00,3.92,5.34,14.52,3.21,0.5,3.79,0,2.74,0,0,6.75,7.25,0,0.53,18.63,0.77,0,4.1,16.76,7.61,5.34,18.9,6.75,0.52,5.3,0,3.78,6.49,0.12,7.34,14.01,0,0.56,137.93,1.76,0,11.6,73.16,91.99,10.99,75.66,49.41,0,7.69,,0,0,,0,0,47.84,131.28,0,2.68,447.14,15.89,0,98.3,402.3,,,,,,,,
5/21/2027 0:00,3.92,5.34,14.45,3.21,0.5,3.77,0,2.74,0,0,6.75,7.14,0,0.53,21.11,0.77,0,3.8,12.54,7.61,5.34,18.9,6.75,0.52,5.3,0,3.78,6.49,0.12,7.34,14.01,0,0.56,137.93,1.76,0,11.6,73.16,92.31,10.11,77.81,35.16,0,7.84,,0,0,,0,0,47.59,131.8,0,2.6,506.65,15.6,0,91.2,301.03,,,,,,,,
5/22/2027 0:00,3.9,5.34,14.15,3.21,0.5,3.66,0,2.74,0,0,6.75,6.14,0,0.53,22.08,0.77,0,3.9,10.64,7.61,5.34,18.9,6.75,0.52,5.3,0,3.78,6.49,0.12,7.34,14.01,0,0.56,137.93,1.76,0,11.6,73.16,91.18,10.11,45.62,10.97,0,6.6,,0,0,,0,0,46.3,95.63,0,2.4,529.82,15.26,0,93.51,255.28,,,,,,,,
5/23/2027 0:00,3.9,5.34,14.21,3.2,0.5,3.68,0,2.74,0,0,6.75,5.85,0,0.53,12.54,0.77,0,5.46,22.24,7.61,5.34,18.9,6.75,0.52,5.3,0,3.78,6.49,0.12,7.34,14.01,0,0.56,137.93,1.76,0,11.6,73.16,88.89,0.49,40.45,8.22,0,5.48,,0,0,,0,0,45.52,86.99,0,2.4,301.06,14.42,0,131.01,533.83,,,,,,,,
5/24/2027 0:00,3.92,5.34,14.48,3.2,0.5,3.78,0,2.74,0,0,6.75,7.91,0,0.53,15.87,0.77,0,3.57,7.74,7.61,5.34,18.9,6.75,0.52,5.3,0,3.78,6.49,0.12,7.34,14.01,0,0.56,137.93,1.76,0,11.6,73.16,93.96,17,93.57,36.37,0,10.64,,0,0,,0,0,47.9,152.16,0,3.1,380.9,17.62,0,85.75,185.85,,,,,,,,
5/25/2027 0:00,3.92,5.34,14.5,3.2,0.5,3.78,0,2.74,0,0,6.75,7.37,0,0.53,23.29,0.77,0,4.06,9.28,7.61,5.34,18.9,6.75,0.52,5.3,0,3.78,6.49,0.12,7.34,14.01,0,0.56,137.93,1.76,0,11.6,73.16,92.17,9.23,101.31,59.41,0,7.82,,0,0,,0,0,49.09,138.25,0,3.28,558.93,15.64,0,97.55,222.67,,,,,,,,
5/26/2027 0:00,3.92,5.34,14.52,3.55,0.5,3.79,0,2.74,0,0,6.75,7.01,0,0.53,26.01,0.77,0,3.19,11.58,7.61,5.34,18.9,6.75,0.52,5.3,0,3.78,6.49,0.12,7.34,14.01,0,0.56,137.93,1.76,0,11.6,73.16,90.62,10.11,88.25,55.57,0,7.52,,0,0,,0,0,48.88,128.96,0,2.87,624.22,15.28,0,76.53,277.9,,,,,,,,
5/27/2027 0:00,3.92,5.34,14.52,3.55,0.5,3.79,0,2.74,0,0,6.75,7.6,0,0.53,27.38,0.77,0,0.38,5.84,7.61,5.34,18.9,6.75,0.52,5.3,0,3.78,6.49,0.12,7.34,14.01,0,0.56,137.93,1.76,0,11.6,73.16,90.62,10.11,99.64,45.23,0,7.35,,0,0,,0,0,49.23,140.66,0,3.02,657.03,15.28,0,9.18,140.26,,,,,,,,
5/28/2027 0:00,3.92,5.34,14.45,3.55,0.5,3.77,0,2.74,0,0,6.75,7.32,0,0.53,26.1,0.77,0,1.38,6.19,7.61,5.34,18.9,6.75,0.52,5.3,0,3.78,6.49,0.12,7.34,14.01,0,0.56,137.93,1.76,0,11.6,73.16,91.89,10.99,107.12,62.82,0,7.74,,0,0,,0,0,48.43,136.7,0,3.35,626.38,15.93,0,33.11,148.53,,,,,,,,
5/29/2027 0:00,3.9,5.34,14.16,3.55,0.5,3.67,0,2.74,0,0,6.75,6.01,0,0.53,25.9,0.77,0,3.86,10.67,7.61,5.34,18.9,6.75,0.52,5.3,0,3.78,6.49,0.12,7.34,14.01,0,0.56,137.93,1.76,0,11.6,73.16,89.35,10.11,43.94,9.62,0,6.15,,0,0,,0,0,46.26,72.36,0,2.4,621.68,14.59,0,92.58,256.2,,,,,,,,
5/30/2027 0:00,3.9,5.34,14.22,3.55,0.5,3.69,0,2.74,0,0,6.75,6.05,0,0.53,24.85,0.77,0,2.14,8.67,7.61,5.34,18.9,6.75,0.52,5.3,0,3.78,6.49,0.12,7.34,14.01,0,0.56,137.93,1.76,0,11.6,73.16,89.82,3.89,44.73,14.12,0,6.25,,0,0,,0,0,45.77,93.71,0,2.4,596.51,14.92,0,51.45,208.03,,,,,,,,
5/31/2027 0:00,3.92,5.34,14.5,3.55,0.5,3.79,0,2.74,0,0,6.75,6.36,0,0.53,27.75,0.77,0,3.2,10.27,7.61,5.34,18.9,6.75,0.52,5.3,0,3.78,6.49,0.12,7.34,14.01,0,0.56,137.93,1.76,0,11.6,73.16,90.22,16.33,78.28,40.81,0,7.3,,0,0,,0,0,47.28,115.14,0,2.87,665.95,14.94,0,76.72,246.38,,,,,,,,
6/1/2027 0:00,3.92,5.34,14.52,3.27,0.5,3.79,0,2.74,0,0,6.75,6.59,0,0.53,22.78,0.62,0,5.03,13.65,7.61,5.34,18.9,6.75,0.52,5.3,0,3.78,6.49,0.12,7.34,14.01,0,0.56,139.1,1.76,0,11.66,73.45,92.34,8.35,78.79,41.5,0,7.9,,0,0,,0,0,48.67,120.79,0,2.72,546.64,13.17,0,120.68,327.67,,,,,,,,
6/2/2027 0:00,3.92,5.34,14.54,3.24,0.5,3.8,0,2.74,0,0,6.75,7.06,0,0.53,22.9,0.62,0,3.21,11.37,7.61,5.34,18.9,6.75,0.52,5.3,0,3.78,6.49,0.12,7.34,14.01,0,0.56,139.1,1.76,0,11.66,73.45,93.41,11.87,76.75,34.82,0,7.91,,0,0,,0,0,49.39,129.02,0,2.72,549.68,13.58,0,76.98,272.76,,,,,,,,
6/3/2027 0:00,3.92,5.34,14.54,3.24,0.5,3.8,0,2.74,0,0,6.75,7.09,0,0.53,26.25,0.62,0,0.52,11.21,7.61,5.34,18.9,6.75,0.52,5.3,0,3.78,6.49,0.12,7.34,14.01,0,0.56,139.1,1.76,0,11.66,73.45,92.04,9.73,69.24,26.42,0,7.8,,0,0,,0,0,50.51,127.54,0,2.84,629.98,13.18,0,12.45,269.15,,,,,,,,
6/4/2027 0:00,3.92,5.34,14.47,3.24,0.5,3.77,0,2.74,0,0,6.75,7.37,0,0.53,25.6,0.62,0,0.69,6.9,7.61,5.34,18.9,6.75,0.52,5.3,0,3.78,6.49,0.12,7.34,14.01,0,0.56,139.1,1.76,0,11.66,73.45,92.66,10.49,110.05,56.49,0,7.75,,0,0,,0,0,51.09,135.12,0,3.28,614.4,13.37,0,16.67,165.6,,,,,,,,
6/5/2027 0:00,3.83,5.34,14.18,3.24,0.5,3.67,0,2.74,0,0,6.75,7.03,0,0.53,23.4,0.62,0,0.28,7.2,7.61,5.34,18.9,6.75,0.52,5.3,0,3.78,6.49,0.12,7.34,14.01,0,0.56,139.1,1.76,0,11.66,73.45,89.29,10.11,59.48,15.61,0,6.62,,0,0,,0,0,50.21,123.55,0,2.4,561.59,13.16,0,6.78,172.77,,,,,,,,
6/6/2027 0:00,3.83,5.34,14.24,3.24,0.5,3.69,0,2.74,0,0,6.75,7.32,0,0.53,19.05,0.62,0,1.56,6,7.61,5.34,18.9,6.75,0.52,5.3,0,3.78,6.49,0.12,7.34,14.01,0,0.56,139.1,1.76,0,11.66,73.45,89.42,5.4,52.83,11.52,0,6.55,,0,0,,0,0,49.82,122.75,0,2.44,457.11,12.97,0,37.47,143.98,,,,,,,,
6/7/2027 0:00,3.92,5.34,14.51,3.56,0.5,3.79,0,2.74,0,0,6.75,8.47,0,0.53,20.24,0.62,0,1.77,4.49,7.61,5.34,18.9,6.75,0.52,5.3,0,3.78,6.49,0.12,7.34,14.01,0,0.56,139.1,1.76,0,11.66,73.45,94.13,13.93,99.93,54.19,0,8.8,,0,0,,0,0,51.15,157.32,0,3.13,485.71,14.36,0,42.54,107.87,,,,,,,,
6/8/2027 0:00,3.92,5.34,14.53,3.56,0.5,3.79,0,2.74,0,0,6.75,8.27,0,0.53,20.64,0.62,0,2.79,6.46,7.61,5.34,18.9,6.75,0.52,5.3,0,3.78,6.49,0.12,7.34,14.01,0,0.56,139.1,1.76,0,11.66,73.45,94.13,10.11,94.4,61.03,0,8.01,,0,0,,0,0,52.06,152.74,0,3.23,495.36,14.37,0,66.89,154.97,,,,,,,,
6/9/2027 0:00,3.92,5.34,14.53,3.56,0.5,3.8,0,2.74,0,0,6.75,7.36,0,0.53,24.01,0.62,0,3.43,11.08,7.61,5.34,18.9,6.75,0.52,5.3,0,3.78,6.49,0.12,7.34,14.01,0,0.56,139.1,1.76,0,11.66,73.45,93.41,10.99,74.99,43.29,0,8.01,,0,0,,0,0,52.34,135.87,0,2.87,576.15,14.36,0,82.4,265.93,,,,,,,,
6/10/2027 0:00,3.92,5.34,14.53,3.56,0.5,3.8,0,2.74,0,0,6.75,6.63,0,0.53,23.18,0.62,0,5.42,15.16,7.61,5.34,18.9,6.75,0.52,5.3,0,3.78,6.49,0.12,7.34,14.01,0,0.56,139.1,1.76,0,11.66,73.45,92.34,10.11,60.66,28.93,0,7.73,,0,0,,0,0,52.46,120.31,0,2.52,556.32,13.17,0,130.13,363.9,,,,,,,,
6/11/2027 0:00,3.92,5.34,14.45,3.56,0.5,3.77,0,2.74,0,0,6.75,6.16,0,0.53,24.9,0.62,0,6.45,14.49,7.61,5.34,18.9,6.75,0.52,5.3,0,3.78,6.49,0.12,7.34,14.01,0,0.56,139.1,1.76,0,11.66,73.45,92.34,10.11,59.19,16.41,0,7.11,,0,0,,0,0,51.64,110.6,0,2.52,597.59,13.37,0,154.79,347.72,,,,,,,,
6/12/2027 0:00,3.83,5.34,14.16,3.56,0.5,3.67,0,2.74,0,0,6.75,5.16,0,0.53,25.57,0.62,0,5.04,14,7.61,5.34,18.9,6.75,0.52,5.3,0,3.78,6.49,0.12,7.34,14.01,0,0.56,139.1,1.76,0,11.66,73.45,87.52,10.11,38.4,9.62,0,6.31,,0,0,,0,0,50.68,59.27,0,2.4,613.73,12.57,0,120.92,336.09,,,,,,,,
6/13/2027 0:00,3.83,5.34,14.2,3.56,0.5,3.68,0,2.74,0,0,6.75,4.91,0,0.53,25.93,0.62,0,5.39,15.59,7.61,5.34,18.9,6.75,0.52,5.3,0,3.78,6.49,0.12,7.34,14.01,0,0.56,139.1,1.76,0,11.66,73.45,86.91,1.76,33.71,6.69,0,5.44,,0,0,,0,0,49.4,68.48,0,2.4,622.37,12.37,0,129.25,374.16,,,,,,,,
6/14/2027 0:00,3.92,5.34,14.47,3.56,0.5,3.77,0,2.74,0,0,6.75,6.82,0,0.53,23.13,0.62,0,3.05,12.18,7.61,5.34,18.9,6.75,0.52,5.3,0,3.78,6.49,0.12,7.34,14.01,0,0.56,139.1,1.76,0,11.66,73.45,93.22,17.57,75.77,38.94,0,7.75,,0,0,,0,0,50.93,115.06,0,2.97,555.19,13.57,0,73.3,292.3,,,,,,,,
6/15/2027 0:00,3.92,5.34,14.48,3.56,0.5,3.78,0,2.74,0,0,6.75,8.27,0,0.53,21.36,0.62,0,0.81,5.92,7.61,5.34,18.9,6.75,0.52,5.3,0,3.78,6.49,0.12,7.34,14.01,0,0.56,139.1,1.76,0,11.66,73.45,94.13,10.99,109.82,62.56,0,8.34,,0,0,,0,0,52.41,152.3,0,3.29,512.65,14.37,0,19.45,141.97,,,,,,,,
6/16/2027 0:00,3.92,5.34,14.48,3.56,0.5,3.78,0,2.74,0,0,6.75,8.64,0,0.53,18.43,0.62,0,1.58,6.32,7.61,5.34,18.9,6.75,0.52,5.3,0,3.78,6.49,0.12,7.34,14.01,0,0.56,139.1,1.76,0,11.66,73.45,94.13,7.07,113.25,64.01,0,8.3,,0,0,,0,0,52.47,159.87,0,3.37,442.4,14.36,0,38.02,151.6,,,,,,,,
6/17/2027 0:00,3.92,5.34,14.47,3.46,0.5,3.77,0,2.74,0,0,6.75,8.66,0,0.53,22.41,0.62,0,0.24,2.84,7.61,5.34,18.9,6.75,0.52,5.3,0,3.78,6.49,0.12,7.34,14.01,0,0.56,139.1,1.76,0,11.66,73.45,94.13,11.1,132.23,63.15,0,8.1,,0,0,,0,0,52.62,169.42,0,3.77,537.8,14.37,0,5.76,68.22,,,,,,,,
6/18/2027 0:00,3.92,5.34,14.39,3.46,0.5,3.75,0,2.74,0,0,6.75,8.28,0,0.53,22.88,0.62,0,0.96,2.14,7.61,5.34,18.9,6.75,0.52,5.3,0,3.78,6.49,0.12,7.34,14.01,0,0.56,139.1,1.76,0,11.66,73.45,94.13,12.15,134.7,64.06,0,8.79,,0,0,,0,0,51.63,163.6,0,3.68,549.14,14.37,0,22.95,51.38,,,,,,,,
6/19/2027 0:00,3.83,5.34,13.56,3.4,0.5,3.64,0,2.74,0,0,6.75,7,0,0.53,17.71,0.62,0,5.29,9.59,7.61,5.34,18.9,6.75,0.52,5.3,0,3.78,6.49,0.12,7.34,14.01,0,0.56,139.1,1.76,0,11.66,73.45,89.74,10.11,64,19.74,0,6.66,,0,0,,0,0,50.96,118.28,0,2.6,425.1,13.36,0,126.86,230.08,,,,,,,,
6/20/2027 0:00,3.83,5.34,13.6,3.4,0.5,3.66,0,2.74,0,0,6.75,7.04,0,0.53,19.79,0.62,0,3.49,5.85,7.61,5.34,18.9,6.75,0.52,5.3,0,3.78,6.49,0.12,7.34,14.01,0,0.56,139.1,1.76,0,11.66,73.45,89.42,3.89,54.56,19.94,0,6.56,,0,0,,0,0,49.59,118.83,0,2.4,474.85,12.97,0,83.8,140.46,,,,,,,,
6/21/2027 0:00,3.92,5.34,14.4,3.4,0.5,3.75,0,2.74,0,0,6.75,7.84,0,0.53,19.28,0.62,0,3.15,8.68,7.61,5.34,18.9,6.75,0.52,5.3,0,3.78,6.49,0.12,7.34,14.01,0,0.56,139.1,1.76,0,11.66,73.45,94.13,16.33,103.92,40.38,0,8.45,,0,0,,0,0,50.27,151.17,0,2.97,462.79,14.36,0,75.64,208.33,,,,,,,,
6/22/2027 0:00,3.92,5.34,14.41,3.4,0.5,3.75,0,2.74,0,0,6.75,8.11,0,0.53,18.92,0.62,0,0.86,10.68,7.61,5.34,18.9,6.75,0.52,5.3,0,3.78,6.49,0.12,7.34,14.01,0,0.56,139.1,1.76,0,11.66,73.45,94.13,10.11,117.31,61.26,0,10.06,,0,0,,0,0,49.67,159.06,0,3.5,454.12,14.37,0,20.69,256.42,,,,,,,,
6/23/2027 0:00,3.92,5.34,14.41,3.4,0.5,3.75,0,2.74,0,0,6.75,7.96,0,0.53,11.86,0.62,0,1.77,18.96,7.61,5.34,18.9,6.75,0.52,5.3,0,3.78,6.49,0.12,7.34,14.01,0,0.56,139.1,1.76,0,11.66,73.45,94.13,9.23,99.82,40.43,0,9.86,,0,0,,0,0,50.06,152.3,0,2.97,284.56,14.36,0,42.43,455.05,,,,,,,,
6/24/2027 0:00,3.92,5.34,14.4,3.4,0.5,3.75,0,2.74,0,0,6.75,8.28,0,0.53,23.86,0.62,0,1.02,3.42,7.61,5.34,18.9,6.75,0.52,5.3,0,3.78,6.49,0.12,7.34,14.01,0,0.56,139.1,1.76,0,11.66,73.45,93.77,10.99,132.14,60.9,0,8.38,,0,0,,0,0,50.2,160.87,0,3.5,572.55,14.37,0,24.38,82.08,,,,,,,,
6/25/2027 0:00,3.92,5.34,14.32,3.4,0.5,3.72,0,2.74,0,0,6.75,7.86,0,0.53,24.21,0.62,0,1.18,1.81,7.61,5.34,18.9,6.75,0.52,5.3,0,3.78,6.49,0.12,7.34,14.01,0,0.56,139.1,1.76,0,11.66,73.45,93.59,10.11,133,62.21,0,7.8,,0,0,,0,0,47.96,152.38,0,3.58,580.94,14.36,0,28.22,43.4,,,,,,,,
6/26/2027 0:00,3.83,5.34,14.02,3.4,0.5,3.62,0,2.74,0,0,6.75,5.37,0,0.53,21.37,0.62,0,5.7,19.06,7.61,5.34,18.9,6.75,0.52,5.3,0,3.78,6.49,0.12,7.34,14.01,0,0.56,139.1,1.76,0,11.66,73.45,87.34,10.11,48.44,12.32,0,6.03,,0,0,,0,0,46.66,67.27,0,2.4,512.84,12.57,0,136.83,457.44,,,,,,,,
6/27/2027 0:00,3.83,5.34,14.07,3.4,0.5,3.64,0,2.74,0,0,6.75,5.72,0,0.53,18.37,0.62,0,4.91,18.18,7.61,5.34,18.9,6.75,0.52,5.3,0,3.78,6.49,0.12,7.34,14.01,0,0.56,139.1,1.76,0,11.66,73.45,87.8,5.85,38.6,11.56,0,6.16,,0,0,,0,0,46.18,88.2,0,2.4,440.87,12.77,0,117.94,436.3,,,,,,,,
6/28/2027 0:00,3.92,5.34,14.34,3.56,0.5,3.73,0,2.74,0,0,6.75,8.05,0,0.53,19.06,0.62,0,2.41,7.7,7.61,5.34,18.9,6.75,0.52,5.3,0,3.78,6.49,0.12,7.34,14.01,0,0.56,139.1,1.76,0,11.66,73.45,94.13,14.36,99.05,38.76,0,9.14,,0,0,,0,0,48.6,150.56,0,3.02,457.53,14.37,0,57.75,184.79,,,,,,,,
6/29/2027 0:00,3.92,5.34,14.36,3.56,0.5,3.74,0,2.74,0,0,6.75,9.28,0,0.53,17.58,0.62,0,2.47,2.6,7.61,5.34,18.9,6.75,0.52,5.3,0,3.78,6.49,0.12,7.34,14.01,0,0.56,139.1,1.76,0,11.66,73.45,94.13,9.23,136.96,66.67,0,10.28,,0,0,,0,0,49.08,184.52,0,3.53,421.82,14.36,0,59.31,62.42,,,,,,,,
6/30/2027 0:00,3.92,5.34,14.37,3.56,0.5,3.74,0,2.74,0,0,6.75,9.44,0,0.53,12.65,0.62,0,2.04,4.31,7.61,5.34,18.9,6.75,0.52,5.3,0,3.78,6.49,0.12,7.34,14.01,0,0.56,139.1,1.76,0,11.66,73.45,94.13,10.99,158.33,70.74,0,10.92,,0,0,,0,0,50.59,202.31,0,3.85,303.61,14.37,0,48.94,103.44,,,,,,,,
7/1/2027 0:00,3.85,5.34,14.37,3.51,0.5,3.74,0,2.95,0,0,6.75,7.69,0,0.53,16.39,0.89,0,5.28,12.86,7.61,5.34,18.9,6.75,0.52,5.3,0,3.78,6.49,0.12,7.34,14.01,0,0.56,140.27,1.76,0,11.71,73.74,92.5,10.11,83.91,54.14,0,8.55,,0,0,,0,0,51.87,147.27,0,4.07,393.44,20.51,0,126.76,308.67,,,,,,,,
7/2/2027 0:00,3.85,5.34,14.3,3.52,0.5,3.71,0,2.95,0,0,6.75,6.53,0,0.53,20.95,0.89,0,4.47,15.73,7.61,5.34,18.9,6.75,0.52,5.3,0,3.78,6.49,0.12,7.34,14.01,0,0.56,140.27,1.76,0,11.71,73.74,91.6,10.11,69.59,32.86,0,7.37,,0,0,,0,0,51.41,119.11,0,3.8,502.69,18.47,0,107.31,377.62,,,,,,,,
7/3/2027 0:00,3.84,5.34,14.01,3.52,0.5,3.61,0,2.95,0,0,6.75,5.66,0,0.53,19.56,0.89,0,5.1,17.07,7.61,5.34,18.9,6.75,0.52,5.3,0,3.78,6.49,0.12,7.34,14.01,0,0.56,140.27,1.76,0,11.71,73.74,87.96,10.11,48.02,10.65,0,6.34,,0,0,,0,0,48.76,88,0,3.6,469.47,16.83,0,122.48,409.67,,,,,,,,
7/4/2027 0:00,3.84,5.34,14.06,3.52,0.5,3.63,0,2.95,0,0,6.75,5.45,0,0.53,23.76,0.89,0,4.24,13.66,7.61,5.34,18.9,6.75,0.52,5.3,0,3.78,6.49,0.12,7.34,14.01,0,0.56,140.27,1.76,0,11.71,73.74,87.76,10.11,51.98,15.67,0,5.47,,0,0,,0,0,46.1,81.24,0,3.72,570.17,16.77,0,101.72,327.78,,,,,,,,
7/5/2027 0:00,3.85,5.34,14.34,3.7,0.5,3.73,0,2.92,0,0,6.75,6.3,0,0.53,19.26,0.89,0,4.2,20.63,7.61,5.34,18.9,6.75,0.52,5.3,0,3.78,6.49,0.12,7.34,14.01,0,0.56,140.27,1.76,0,11.71,73.74,90.57,9.23,64.82,27.26,0,7.1,,0,0,,0,0,47.4,112.36,0,3.84,462.17,18.06,0,100.72,495.11,,,,,,,,
7/6/2027 0:00,3.85,5.34,14.36,3.7,0.5,3.74,0,2.92,0,0,6.75,7.58,0,0.53,25.63,0.89,0,2.49,5.95,7.61,5.34,18.9,6.75,0.52,5.3,0,3.78,6.49,0.12,7.34,14.01,0,0.56,140.27,1.76,0,11.71,73.74,91.27,10.99,110.08,56.89,0,7.78,,0,0,,0,0,47.46,145.4,0,4.35,615.02,18.1,0,59.76,142.84,,,,,,,,
7/7/2027 0:00,3.85,5.34,14.38,3.7,0.5,3.74,0,2.92,0,0,6.75,7.85,0,0.53,30.09,0.89,0,0.62,2.31,7.61,5.34,18.9,6.75,0.52,5.3,0,3.78,6.49,0.12,7.34,14.01,0,0.56,140.27,1.76,0,11.71,73.74,90.55,10.11,136.72,67.4,0,7.69,,0,0,,0,0,47.61,154.5,0,4.74,722.16,18.1,0,14.79,55.56,,,,,,,,
7/8/2027 0:00,3.85,5.34,13.63,3.79,0.5,3.75,0,2.92,0,0,6.75,7.69,0,0.53,27.78,0.89,0,3.21,5.28,7.61,5.34,18.9,6.75,0.52,5.3,0,3.78,6.49,0.12,7.34,14.01,0,0.56,140.27,1.76,0,11.71,73.74,90.73,10.11,119.47,60.42,0,7.8,,0,0,,0,0,47.3,152.02,0,4.59,666.68,18.48,0,77,126.74,,,,,,,,
7/9/2027 0:00,3.85,5.34,13.35,3.79,0.5,3.72,0,2.92,0,0,6.75,7.87,0,0.53,26.56,0.89,0,2.42,4.22,7.61,5.34,18.9,6.75,0.52,5.3,0,3.78,6.49,0.12,7.34,14.01,0,0.56,140.27,1.76,0,11.71,73.74,91.78,10.11,125.61,69.78,0,8.31,,0,0,,0,0,46.95,155.31,0,4.78,637.5,18.89,0,58,101.34,,,,,,,,
7/10/2027 0:00,3.84,5.34,13.3,3.79,0.5,3.63,0,2.92,0,0,6.75,7.54,0,0.53,21.53,0.89,0,0.83,5.57,7.61,5.34,18.9,6.75,0.52,5.3,0,3.78,6.49,0.12,7.34,14.01,0,0.56,140.27,1.76,0,11.71,73.74,90.06,10.11,102.3,47.82,0,7.09,,0,0,,0,0,46,130.14,0,4.19,516.63,18.07,0,19.99,133.76,,,,,,,,
7/11/2027 0:00,3.84,5.34,13.26,3.79,0.5,3.65,0,2.92,0,0,6.75,6.68,0,0.53,27.15,0.89,0,3.16,5.03,7.61,5.34,18.9,6.75,0.52,5.3,0,3.78,6.49,0.12,7.34,14.01,0,0.56,140.27,1.76,0,11.71,73.74,88.26,9.23,81.39,50.61,0,6.21,,0,0,,0,0,45.04,117.09,0,4.11,651.58,17.28,0,75.95,120.76,,,,,,,,
7/12/2027 0:00,3.85,5.34,13.85,3.79,0.5,3.75,0,2.92,0,0,6.75,7.08,0,0.53,20.77,0.89,0,2.87,13.02,7.61,5.34,18.9,6.75,0.52,5.3,0,3.78,6.49,0.12,7.34,14.01,0,0.56,140.27,1.76,0,11.71,73.74,91.22,10.99,105.53,49.06,0,7.91,,0,0,,0,0,46.74,135.84,0,4.07,498.39,18.89,0,68.81,312.41,,,,,,,,
7/13/2027 0:00,3.85,5.34,14.42,3.79,0.5,3.76,0,2.92,0,0,6.75,7.64,0,0.53,21.9,0.89,0,3.55,8.4,7.61,5.34,18.9,6.75,0.52,5.3,0,3.78,6.49,0.12,7.34,14.01,0,0.56,140.27,1.76,0,11.71,73.74,91.6,9.52,120.63,63.71,0,8.26,,0,0,,0,0,48.41,148.66,0,4.67,525.55,18.64,0,85.14,201.57,,,,,,,,
7/14/2027 0:00,3.85,5.34,14.44,3.79,0.5,3.76,0,2.92,0,0,6.75,7.99,0,0.53,24.4,0.89,0,1.01,3.16,7.61,5.34,18.9,6.75,0.52,5.3,0,3.78,6.49,0.12,7.34,14.01,0,0.56,140.27,1.76,0,11.71,73.74,92.5,10.7,143.37,70.09,0.08,8.82,,0,0,,0,0,48.39,158.22,0,4.67,585.69,20.55,0,24.18,75.85,,,,,,,,
7/15/2027 0:00,3.85,5.34,13.68,3.79,0.5,3.77,0,2.92,0,0,6.75,6.99,0,0.53,22.38,0.89,0,4.04,12.67,7.61,5.34,18.9,6.75,0.52,5.3,0,3.78,6.49,0.12,7.34,14.01,0,0.56,140.27,1.76,0,11.71,73.74,92.31,10.11,91.85,50.36,0,7.84,,0,0,,0,0,48.62,135.58,0,4.07,537.21,20.51,0,96.85,304.16,,,,,,,,
7/16/2027 0:00,3.85,5.34,14.39,3.79,0.5,3.75,0,2.93,0,0,6.75,6.53,0,0.53,22.53,0.89,0,4.22,12.5,7.61,5.34,18.9,6.75,0.52,5.3,0,3.78,6.49,0.12,7.34,14.01,0,0.56,140.27,1.76,0,11.71,73.74,91.6,10.11,95.08,51.13,0,7.69,,0,0,,0,0,48.37,122.15,0,3.99,540.67,18.48,0,101.31,300.03,,,,,,,,
7/17/2027 0:00,3.84,5.34,14.11,3.79,0.5,3.65,0,2.95,0,0,6.75,5.98,0,0.53,22.95,0.89,0,4.15,11.26,7.61,5.34,18.9,6.75,0.52,5.3,0,3.78,6.49,0.12,7.34,14.01,0,0.56,140.27,1.76,0,11.71,73.74,88.72,10.11,68.32,27.04,0,6.74,,0,0,,0,0,46.68,103.95,0,3.6,550.86,17.64,0,99.69,270.27,,,,,,,,
7/18/2027 0:00,3.84,5.34,14.17,3.79,0.5,3.67,0,2.95,0,0,6.75,6.64,0,0.53,24.64,0.89,0,2.02,3.8,7.61,5.34,18.9,6.75,0.52,5.3,0,3.78,6.49,0.12,7.34,14.01,0,0.56,140.27,1.76,0,11.71,73.74,88.44,10.11,76.54,26.02,0,6.48,,0,0,,0,0,45.25,117.56,0,3.99,591.35,17.26,0,48.51,91.28,,,,,,,,
7/19/2027 0:00,3.85,5.34,14.46,3.97,0.5,3.77,0,2.95,0,0,6.75,8.05,0,0.53,20.24,0.89,0,0.6,3.9,7.61,5.34,18.9,6.75,0.52,5.3,0,3.78,6.49,0.12,7.34,14.01,0,0.56,140.27,1.76,0,11.71,73.74,92.5,10.11,133.81,73.71,0,9.21,,0,0,,0,0,47.18,158.74,0,4.78,485.77,20.54,0,14.46,93.53,,,,,,,,
7/20/2027 0:00,3.85,5.34,14.49,4.15,0.5,3.78,0,2.95,0,0,6.75,8.07,0,0.53,22.2,0.89,0,2.93,4.98,7.61,5.34,18.9,6.75,0.52,5.3,0,3.78,6.49,0.12,7.34,14.01,0,0.56,140.27,1.76,0,11.71,73.74,92.5,10.11,137.11,75.56,0,8.75,,0,0,,0,0,47.53,161.93,0,4.78,532.68,20.51,0,70.27,119.51,,,,,,,,
7/21/2027 0:00,3.85,5.34,14.52,4.15,0.5,3.79,0,2.95,0,0,6.75,8.8,0,0.53,16.15,0.89,0,1.08,2.73,7.61,5.34,18.9,6.75,0.52,5.3,0,3.78,6.49,0.12,7.34,14.01,0,0.56,140.27,1.76,0,11.71,73.74,92.5,10.11,151.67,79.68,0,11.51,,0,0,,0,0,48.25,193.22,0,4.9,387.6,20.52,0,26.02,65.61,,,,,,,,
7/22/2027 0:00,3.85,5.34,14.53,4.15,0.5,3.8,0,2.95,0,0,6.75,7.78,0,0.53,21.07,0.89,0,2.12,6.87,7.61,5.34,18.9,6.75,0.52,5.3,0,3.78,6.49,0.12,7.34,14.01,0,0.56,140.27,1.76,0,11.71,73.74,92.5,10.11,109.09,66.6,0,8.64,,0,0,,0,0,47.89,153.47,0,4.59,505.73,20.51,0,50.94,164.79,,,,,,,,
7/23/2027 0:00,3.85,5.34,14.47,4.15,0.5,3.77,0,2.96,0,0,6.75,6.96,0,0.53,16.55,0.89,0,4.87,14.08,7.61,5.34,18.9,6.75,0.52,5.3,0,3.78,6.49,0.12,7.34,14.01,0,0.56,140.27,1.76,0,11.71,73.74,92.5,10.11,72.3,50.12,0,7.9,,0,0,,0,0,48.01,130.96,0,3.8,397.22,20.5,0,116.98,337.96,,,,,,,,
7/24/2027 0:00,3.84,5.34,14.2,4.14,0.5,3.68,0,3.01,0,0,6.75,6.83,0,0.53,14.96,0.89,0,2.51,11.95,7.61,5.34,18.9,6.75,0.52,5.3,0,3.78,6.49,0.12,7.34,14.01,0,0.56,140.27,1.76,0,11.71,73.74,90.32,10.11,52.71,15.31,0,7.09,,0,0,,0,0,47.3,107.57,0,3.6,359.05,18.88,0,60.36,286.8,,,,,,,,
7/25/2027 0:00,3.84,5.34,14.26,4.14,0.5,3.7,0,3.01,0,0,6.75,7.03,0,0.53,14.75,0.89,0,3.78,6.76,7.61,5.34,18.9,6.75,0.52,5.3,0,3.78,6.49,0.12,7.34,14.01,0,0.56,140.27,1.76,0,11.71,73.74,89.87,4.63,49.69,15.67,0,6.77,,0,0,,0,0,46.87,117.91,0,3.76,353.96,18.46,0,90.83,162.18,,,,,,,,
7/26/2027 0:00,3.85,5.34,14.55,4.14,0.5,3.8,0,3.01,0,0,6.75,7.56,0,0.53,18.51,0.89,0,3.27,8.2,7.61,5.34,18.9,6.75,0.52,5.3,0,3.78,6.49,0.12,7.34,14.01,0,0.56,140.27,1.76,0,11.71,73.74,92.5,15.59,89.87,51.03,0,8.59,,0,0,,0,0,47.93,139.67,0,3.92,444.3,20.51,0,78.37,196.76,,,,,,,,
7/27/2027 0:00,3.85,5.34,14.59,4.14,0.5,3.81,0,3.01,0,0,6.75,8.8,0,0.53,10.35,0.89,0,1.57,10.62,7.61,5.34,18.9,6.75,0.52,5.3,0,3.78,6.49,0.12,7.34,14.01,0,0.56,140.27,1.76,0,11.71,73.74,92.5,4.37,126.85,71.87,0,11.59,,0,0,,0,0,48.91,183,0,4.23,248.37,20.51,0,37.59,254.98,,,,,,,,
7/28/2027 0:00,3.85,5.34,14.61,4.14,0.5,3.82,0,3.01,0,0,6.75,9.01,0,0.53,14.51,0.89,0,0.22,8.08,7.61,5.34,18.9,6.75,0.52,5.3,0,3.78,6.49,0.12,7.34,14.01,0,0.56,140.27,1.76,0,11.71,73.74,92.5,10.11,125.33,68.28,0,10.6,,0,0,,0,0,49.89,175.72,0,4.67,348.17,20.51,0,5.39,193.88,,,,,,,,
7/29/2027 0:00,3.85,5.34,14.63,4.14,0.5,3.83,0,3.01,0,0,6.75,8.57,0,0.53,16.35,0.89,0,2.08,7.02,7.61,5.34,18.9,6.75,0.52,5.3,0,3.78,6.49,0.12,7.34,14.01,0,0.56,140.27,1.76,0,11.71,73.74,92.5,10.11,115.54,69.22,0,9.11,,0,0,,0,0,49.45,164.53,0,4.63,392.3,20.51,0,49.87,168.56,,,,,,,,
7/30/2027 0:00,3.85,5.34,14.57,4.14,0.5,3.81,0,3.01,0,0,6.75,7.53,0,0.53,18.3,0.89,0,3.6,11.12,7.61,5.34,18.9,6.75,0.52,5.3,0,3.78,6.49,0.12,7.34,14.01,0,0.56,140.27,1.76,0,11.71,73.74,92.5,10.11,83.79,55.13,0,8.63,,0,0,,0,0,48.25,140.06,0,4.07,439.19,20.5,0,86.43,266.77,,,,,,,,
7/31/2027 0:00,3.84,5.34,14.3,4.14,0.5,3.72,0,3.01,0,0,6.75,6.51,0,0.53,13.11,0.89,0,2.53,17.06,7.61,5.34,18.9,6.75,0.52,5.3,0,3.78,6.49,0.12,7.34,14.01,0,0.56,140.27,1.76,0,11.71,73.74,90.44,10.11,43.18,12.85,0,7.16,,0,0,,0,0,46.75,103.62,0,3.6,314.75,18.81,0,60.61,409.4,,,,,,,,
8/1/2027 0:00,3.73,5.34,14.37,4.07,0.5,3.74,0,3.01,0,0,6.75,5.42,0,0.53,15.58,0.81,0,3.7,22.65,7.61,5.34,18.9,6.75,0.52,5.3,0,3.78,6.49,0.12,7.34,14.01,0,0.56,141.43,1.76,0,11.77,74.03,85.19,0.88,32,6.66,0,5.49,,0,0,,0,0,44.73,77.2,0,3.6,373.86,15.65,0,88.88,543.57,,,,,,,,
8/2/2027 0:00,3.73,5.34,14.66,4.06,0.5,3.84,0,3.01,0,0,6.75,5.95,0,0.53,12.88,0.81,0,4.56,21.33,7.61,5.34,18.9,6.75,0.52,5.3,0,3.78,6.49,0.12,7.34,14.01,0,0.56,141.43,1.76,0,11.77,74.03,88.85,19.33,56.45,29.74,0,8.18,,0,0,,0,0,43.63,99.22,0,3.6,309.04,17.18,0,109.37,511.81,,,,,,,,
8/3/2027 0:00,3.73,5.34,14.7,4.06,0.5,3.85,0,3.01,0,0,6.75,5.37,0,0.53,18.77,0.81,0,3.86,30.64,7.61,5.34,18.9,6.75,0.52,5.3,0,3.78,6.49,0.12,7.34,14.01,0,0.56,141.43,1.76,0,11.77,74.03,86.04,1.85,46.32,13.63,0,6.87,,0,0,,0,0,42.86,89.41,0,3.76,450.55,15.68,0,92.6,735.38,,,,,,,,
8/4/2027 0:00,3.73,5.34,14.72,4.06,0.5,3.86,0,3.01,0,0,6.75,7.82,0,0.53,17.36,0.81,0,3.96,6.94,7.61,5.34,18.9,6.75,0.52,5.3,0,3.78,6.49,0.12,7.34,14.01,0,0.56,141.43,1.76,0,11.77,74.03,89.57,17.49,117.35,70.09,0,9.46,,0,0,,0,0,43.63,151.92,0,4.31,416.68,18.67,0,95.05,166.6,,,,,,,,
8/5/2027 0:00,3.73,5.34,14.74,4.06,0.5,3.87,0,3.01,0,0,6.75,8.64,0,0.53,17.77,0.81,0,1.24,3.65,7.61,5.34,18.9,6.75,0.52,5.3,0,3.78,6.49,0.12,7.34,14.01,0,0.56,141.43,1.76,0,11.77,74.03,89.57,10.11,145.78,77.88,0,11.34,,0,0,,0,0,43.51,179.72,0,4.78,426.5,18.71,0,29.74,87.7,,,,,,,,
8/6/2027 0:00,3.73,5.34,14.69,4.06,0.5,3.85,0,3.01,0,0,6.75,7.62,0,0.53,13.14,0.81,0,1.98,11.29,7.61,5.34,18.9,6.75,0.52,5.3,0,3.78,6.49,0.12,7.34,14.01,0,0.56,141.43,1.76,0,11.77,74.03,89.57,10.99,104.9,54.17,0,9.46,,0,0,,0,0,44.39,146.37,0,4.35,315.26,18.65,0,47.41,270.97,,,,,,,,
8/7/2027 0:00,3.73,5.34,14.41,4.06,0.5,3.75,0,3.01,0,0,6.75,4.46,0,0.53,14.94,0.81,0,3.65,31,7.61,5.34,18.9,6.75,0.52,5.3,0,3.78,6.49,0.12,7.34,14.01,0,0.56,141.43,1.76,0,11.77,74.03,84.6,10.11,30.65,6.22,0,3.84,,0,0,,0,0,42.07,50.59,0,3.6,358.67,14.94,0,87.58,744.06,,,,,,,,
8/8/2027 0:00,3.73,5.34,14.48,4.06,0.5,3.78,0,3.01,0,0,6.75,3.99,0,0.53,20.12,0.81,0,5.31,26.95,7.61,5.34,18.9,6.75,0.52,5.3,0,3.78,6.49,0.12,7.34,14.01,0,0.56,141.43,1.76,0,11.77,74.03,84.31,0.88,31.04,6.44,0,3.25,,0,0,,0,0,40.18,56.65,0,3.6,482.89,14.57,0,127.34,646.8,,,,,,,,
8/9/2027 0:00,3.73,5.34,14.77,4.05,0.5,3.88,0,3.01,0,0,6.75,6.88,0,0.53,17.93,0.81,0,5.51,12.03,7.61,5.34,18.9,6.75,0.52,5.3,0,3.78,6.49,0.12,7.34,14.01,0,0.56,141.43,1.76,0,11.77,74.03,88.57,18.45,69.95,34.77,0,8.25,,0,0,,0,0,40.26,115.85,0,4.07,430.3,17.18,0,132.17,288.74,,,,,,,,
8/10/2027 0:00,3.73,5.34,14.8,4.05,0.5,3.89,0,3.01,0,0,6.75,7.72,0,0.53,27.35,0.81,0,2.61,2.98,7.61,5.34,18.9,6.75,0.52,5.3,0,3.78,6.49,0.12,7.34,14.01,0,0.56,141.43,1.76,0,11.77,74.03,87.48,10.11,122.28,72.82,0,8.19,,0,0,,0,0,41.17,151.07,0,4.59,656.3,16.11,0,62.52,71.41,,,,,,,,
8/11/2027 0:00,3.73,5.34,14.82,4.05,0.5,3.9,0,3.01,0,0,6.75,7.96,0,0.53,28.27,0.81,0,2.12,2.55,7.61,5.34,18.9,6.75,0.52,5.3,0,3.78,6.49,0.12,7.34,14.01,0,0.56,141.43,1.76,0,11.77,74.03,87.37,10.11,135.21,73.67,0,8.19,,0,0,,0,0,41.39,156.83,0,4.67,678.45,16.14,0,50.87,61.21,,,,,,,,
8/12/2027 0:00,3.73,5.34,14.84,4.05,0.5,3.9,0,3.01,0,0,6.75,8.42,0,0.53,16.89,0.81,0,3.49,7.23,7.61,5.34,18.9,6.75,0.52,5.3,0,3.78,6.49,0.12,7.34,14.01,0,0.56,141.43,1.76,0,11.77,74.03,89.03,10.14,114.75,73.87,0,9.52,,0,0,,0,0,41.65,162.63,0,4.63,405.31,17.56,0,83.71,173.61,,,,,,,,
8/13/2027 0:00,3.73,5.34,14.77,4.05,0.5,3.88,0,3.01,0,0,6.75,7.9,0,0.53,21.27,0.81,0,4.15,4.63,7.61,5.34,18.9,6.75,0.52,5.3,0,3.78,6.49,0.12,7.34,14.01,0,0.56,141.43,1.76,0,11.77,74.03,88.67,10.95,100.18,61.82,0,8.42,,0,0,,0,0,40.99,150.05,0,4.15,510.42,16.81,0,99.52,111.21,,,,,,,,
8/14/2027 0:00,3.73,5.34,13.94,4.05,0.5,3.78,0,3.01,0,0,6.75,7.27,0,0.53,23.76,0.81,0,2.07,2.66,7.61,5.34,18.9,6.75,0.52,5.3,0,3.78,6.49,0.12,7.34,14.01,0,0.56,141.43,1.76,0,11.77,74.03,87.35,10.11,94.18,57.86,0,7.39,,0,0,,0,0,39.9,132.96,0,4.07,570.33,16.06,0,49.72,63.92,,,,,,,,
8/15/2027 0:00,3.73,5.34,13.89,4.05,0.5,3.8,0,3.01,0,0,6.75,7.01,0,0.53,20.75,0.81,0,4.32,5.34,7.61,5.34,18.9,6.75,0.52,5.3,0,3.78,6.49,0.12,7.34,14.01,0,0.56,141.43,1.76,0,11.77,74.03,85.79,1.76,58.34,25.25,0,6.95,,0,0,,0,0,38.25,121.82,0,3.84,498.06,15.69,0,103.62,128.11,,,,,,,,
8/16/2027 0:00,3.73,5.34,14.83,4.05,0.5,3.9,0,3.01,0,0,6.75,8.23,0,0.53,21.94,0.81,0,1.54,3.09,7.61,5.34,18.9,6.75,0.52,5.3,0,3.78,6.49,0.12,7.34,14.01,0,0.56,141.43,1.76,0,11.77,74.03,89.21,17.57,130.98,72.35,0,8.84,,0,0,,0,0,38.98,160.06,0,4.51,526.51,18.73,0,36.94,74.21,,,,,,,,
8/17/2027 0:00,3.73,5.34,14.84,4.05,0.5,3.9,0,3.01,0,0,6.75,8.31,0,0.53,17.87,0.81,0,2.94,6.79,7.61,5.34,18.9,6.75,0.52,5.3,0,3.78,6.49,0.12,7.34,14.01,0,0.56,141.43,1.76,0,11.77,74.03,89.57,10.11,122.03,74.12,0,9.76,,0,0,,0,0,39.36,168.01,0,4.78,428.86,18.67,0,70.56,162.89,,,,,,,,
8/18/2027 0:00,3.73,5.34,14.29,4.04,0.5,3.91,0,3.01,0,0,6.75,7.66,0,0.53,25.97,0.81,0,4.65,4.07,7.61,5.34,18.9,6.75,0.52,5.3,0,3.78,6.49,0.12,7.34,14.01,0,0.56,141.43,1.76,0,11.77,74.03,87.94,10.48,134.52,75.58,0,8.87,,0,0,,0,0,39.1,154.33,0,4.74,623.25,16.51,0,111.6,97.74,,,,,,,,
8/19/2027 0:00,3.73,5.34,14.06,4.04,0.5,3.91,0,3.01,0,0,6.75,7.69,0,0.53,22.52,0.81,0,5.75,6.43,7.61,5.34,18.9,6.75,0.52,5.3,0,3.78,6.49,0.12,7.34,14.01,0,0.56,141.43,1.76,0,11.77,74.03,88.67,10.44,122.23,72.54,0,8.78,,0,0,,0,0,38.04,153.28,0,4.47,540.52,17.24,0,138.07,154.41,,,,,,,,
8/20/2027 0:00,3.73,5.34,13.98,4.04,0.5,3.88,0,3.01,0,0,6.75,8.04,0,0.53,25.48,0.81,0,1.24,2.39,7.61,5.34,18.9,6.75,0.52,5.3,0,3.78,6.49,0.12,7.34,14.01,0,0.56,141.43,1.76,0,11.77,74.03,88.22,10.29,149.33,75.83,0,8.66,,0,0,,0,0,38.81,162.51,0,4.74,611.56,16.82,0,29.76,57.38,,,,,,,,
8/21/2027 0:00,3.73,5.34,13.81,4.04,0.5,3.77,0,3.01,0,0,6.75,7.51,0,0.53,25.32,0.81,0,0.89,1.71,7.61,5.34,18.9,6.75,0.52,5.3,0,3.78,6.49,0.12,7.34,14.01,0,0.56,141.43,1.76,0,11.77,74.03,87.34,10.11,116.95,70.99,0,7.49,,0,0,,0,0,37.13,136.28,0,4.35,607.59,16.06,0,21.24,41.1,,,,,,,,
8/22/2027 0:00,3.73,5.34,13.96,4.04,0.5,3.79,0,3.01,0,0,6.75,7.19,0,0.53,23.74,0.81,0,1.23,2.47,7.61,5.34,18.9,6.75,0.52,5.3,0,3.78,6.49,0.12,7.34,14.01,0,0.56,141.43,1.76,0,11.77,74.03,87.17,0.99,94.51,58.28,0,7.04,,0,0,,0,0,35.7,134.86,0,4.39,569.86,16.07,0,29.47,59.34,,,,,,,,
8/23/2027 0:00,3.73,5.34,14.21,4.04,0.5,3.88,0,3.01,0,0,6.75,8.34,0,0.53,25.61,0.81,0,1.22,1.86,7.61,5.34,18.9,6.75,0.52,5.3,0,3.78,6.49,0.12,7.34,14.01,0,0.56,141.43,1.76,0,11.77,74.03,88.26,18.34,148.32,75.79,0.31,8.68,,0,0.05,,0,0,36.77,166.62,0,4.7,614.54,16.89,0,29.3,44.7,,,,,,,,
8/24/2027 0:00,3.73,5.34,14.21,4.04,0.5,3.88,0,3.01,0,0,6.75,8.89,0,0.53,22.11,0.81,0,1.37,3.12,7.61,5.34,18.9,6.75,0.52,5.3,0,3.78,6.49,0.12,7.34,14.01,0,0.56,141.43,1.76,0,11.77,74.03,89.57,10.11,168.85,78.13,0.16,10.43,,0,0.05,,0,0,38.31,182.9,0,4.86,530.69,18.75,0,32.78,74.8,,,,,,,,
8/25/2027 0:00,3.73,5.34,14.77,4.04,0.5,3.88,0,3.01,0,0,6.75,9.16,0,0.53,13.83,0.81,0,1.11,8.16,7.61,5.34,18.9,6.75,0.52,5.3,0,3.78,6.49,0.12,7.34,14.01,0,0.56,141.43,1.76,0,11.77,74.03,89.57,10.11,162.48,78.17,0.16,11.76,,0,0.05,,0,0,39.51,198.02,0,4.7,332.02,18.74,0,26.55,195.83,,,,,,,,
8/26/2027 0:00,3.73,5.34,14.75,4.04,0.5,3.87,0,3.01,0,0,6.75,8.78,0,0.53,18.34,0.81,0,1.79,8.96,7.61,5.34,18.9,6.75,0.52,5.3,0,3.78,6.49,0.12,7.34,14.01,0,0.56,141.43,1.76,0,11.77,74.03,89.21,10.23,151.94,77.42,0.31,9.88,,0,0.05,,0,0,40.7,178.25,0,4.86,440.19,18.73,0,43.04,215.07,,,,,,,,
8/27/2027 0:00,3.73,5.34,14.65,4.03,0.5,3.84,0,3.01,0,0,6.75,9.45,0,0.53,10.9,0.81,0,1.78,5.35,7.61,5.34,18.9,6.75,0.52,5.3,0,3.78,6.49,0.12,7.34,14.01,0,0.56,141.43,1.76,0,11.77,74.03,89.57,7.64,156.33,79.72,0,11.34,,0,0,,0,0,42.24,203.57,0,4.86,261.51,18.67,0,42.83,128.33,,,,,,,,
8/28/2027 0:00,3.73,5.34,14.34,4.03,0.5,3.73,0,3.01,0,0,6.75,8.83,0,0.53,11.32,0.81,0,2.34,5.97,7.61,5.34,18.9,6.75,0.52,5.3,0,3.78,6.49,0.12,7.34,14.01,0,0.56,141.43,1.76,0,11.77,74.03,89.01,10.11,103.56,52,0,9.69,,0,0,,0,0,41.27,162.15,0,4.07,271.75,18.65,0,56.08,143.33,,,,,,,,
8/29/2027 0:00,3.73,5.34,14.36,4.03,0.5,3.74,0,3.01,0,0,6.75,9.28,0,0.53,10.06,0.81,0,0.59,2.44,7.61,5.34,18.9,6.75,0.52,5.3,0,3.78,6.49,0.12,7.34,14.01,0,0.56,141.43,1.76,0,11.77,74.03,89.01,2.7,103.17,57.93,0,10.16,,0,0,,0,0,40.34,175.67,0,3.96,241.32,18.65,0,14.05,58.65,,,,,,,,
8/30/2027 0:00,3.73,5.34,14.61,4.03,0.5,3.82,0,3.01,0,0,6.75,9.34,0,0.53,15.72,0.81,0,2.08,5.18,7.61,5.34,18.9,6.75,0.52,5.3,0,3.78,6.49,0.12,7.34,14.01,0,0.56,141.43,1.76,0,11.77,74.03,89.57,16.63,127.21,67.86,0,10.54,,0,0,,0,0,42.06,184.04,0,4.47,377.19,18.73,0,49.82,124.23,,,,,,,,
8/31/2027 0:00,3.73,5.34,14.6,4.09,0.5,3.82,0,3.01,0,0,6.75,8.64,0,0.53,17.75,0.81,0,2.81,13.73,7.61,5.34,18.9,6.75,0.52,5.3,0,3.78,6.49,0.12,7.34,14.01,0,0.56,141.43,1.76,0,11.77,74.03,88.85,10.11,126.68,73.76,0,8.8,,0,0,,0,0,42.36,171.23,0,4.43,425.93,17.18,0,67.42,329.6,,,,,,,,
9/1/2027 0:00,3.78,5.34,14.58,4.22,0.5,3.81,0,3.01,0,0,6.75,9.53,0,0.53,11.61,0.78,0,2.14,9.56,7.61,5.34,18.9,6.75,0.52,5.3,0,3.78,6.49,0.12,7.34,14.01,0,0.56,142.6,1.76,0,11.82,74.33,90.71,10.99,156.34,77.17,0.31,11.43,,0,0.07,,0,0,42.14,203.65,0,4.54,278.72,18.08,0,51.37,229.48,,,,,,,,
9/2/2027 0:00,3.78,5.34,14.56,4.23,0.5,3.8,0,3.01,0,0,6.75,9.94,0,0.53,16.6,0.78,0,1.12,2.16,7.61,5.34,18.9,6.75,0.52,5.3,0,3.78,6.49,0.12,7.34,14.01,0,0.56,142.6,1.76,0,11.82,74.33,90.71,10.11,166.99,82.45,0.08,11.04,,0,0.03,,0,0,41.16,205.86,0,4.86,398.36,18.08,0,26.92,51.73,,,,,,,,
9/3/2027 0:00,3.78,5.34,14.46,4.23,0.5,3.77,0,3.01,0,0,6.75,9.3,0,0.53,15.16,0.78,0,2.83,5.07,7.61,5.34,18.9,6.75,0.52,5.3,0,3.78,6.49,0.12,7.34,14.01,0,0.56,142.6,1.76,0,11.82,74.33,90.71,10.99,136,80.6,0,10.41,,0,0,,0,0,40.91,185.28,0,4.74,363.81,18,0,68.03,121.73,,,,,,,,
9/4/2027 0:00,3.85,5.34,14.14,4.23,0.5,3.66,0,2.95,0,0,6.75,7.89,0,0.53,19.97,0.78,0,1.17,7.44,7.61,5.34,18.9,6.75,0.52,5.3,0,3.78,6.49,0.12,7.34,14.01,0,0.56,142.6,1.76,0,11.82,74.33,90.33,10.11,87,45.47,0,7.84,,0,0,,0,0,38.79,138.48,0,3.84,479.27,16.19,0,28.01,178.56,,,,,,,,
9/5/2027 0:00,3.85,5.34,14.16,4.23,0.5,3.67,0,2.95,0,0,6.75,7.4,0,0.53,19.47,0.78,0,0.95,10.81,7.61,5.34,18.9,6.75,0.52,5.3,0,3.78,6.49,0.12,7.34,14.01,0,0.56,142.6,1.76,0,11.82,74.33,89.91,0.88,66.63,19.44,0,7.07,,0,0,,0,0,36.86,115.92,0,3.68,467.31,15.54,0,22.73,259.41,,,,,,,,
9/6/2027 0:00,3.78,5.34,14.41,4.22,0.5,3.75,0,2.95,0,0,6.75,8.31,0,0.53,19.71,0.78,0,2.47,7.02,7.61,5.34,18.9,6.75,0.52,5.3,0,3.78,6.49,0.12,7.34,14.01,0,0.56,142.6,1.76,0,11.82,74.33,90.71,18.45,127.22,74.76,0,9.26,,0,0,,0,0,37.29,162.98,0,4.39,472.92,18.08,0,59.2,168.5,,,,,,,,
9/7/2027 0:00,3.78,5.34,14.4,4.22,0.5,3.75,0,2.95,0,0,6.75,7.79,0,0.53,20.21,0.78,0,5.09,14.39,7.61,5.34,18.9,6.75,0.52,5.3,0,3.78,6.49,0.12,7.34,14.01,0,0.56,142.6,1.76,0,11.82,74.33,89.43,9.76,104.2,75.37,0,8.65,,0,0,,0,0,37.1,148.95,0,4.19,485.06,16.6,0,122.09,345.32,,,,,,,,
9/8/2027 0:00,3.78,5.34,14.39,4.22,0.5,3.75,0,2.95,0,0,6.75,8.69,0,0.53,19.65,0.78,0,2.75,9.17,7.61,5.34,18.9,6.75,0.52,5.3,0,3.78,6.49,0.12,7.34,14.01,0,0.56,142.6,1.76,0,11.82,74.33,90.71,10.46,137.22,75.17,0.31,10.13,,0,0.07,,0,0,36.39,172.02,0,4.54,471.67,18.08,0,66.03,220,,,,,,,,
9/9/2027 0:00,3.78,5.34,14.37,4.32,0.5,3.74,0,2.95,0,0,6.75,9.76,0,0.53,19.08,0.78,0,0.48,2.94,7.61,5.34,18.9,6.75,0.52,5.3,0,3.78,6.49,0.12,7.34,14.01,0,0.56,142.6,1.76,0,11.82,74.33,90.71,10.11,177.49,85.92,0.75,10.71,,0,0.22,,0,0,36.59,201.67,0,4.94,457.84,18.1,0,11.62,70.62,,,,,,,,
9/10/2027 0:00,3.78,5.34,14.28,4.32,0.5,3.71,0,2.95,0,0,6.75,9.82,0,0.53,18.11,0.78,0,0.51,0.95,7.61,5.34,18.9,6.75,0.52,5.3,0,3.78,6.49,0.12,7.34,14.01,0,0.56,142.6,1.76,0,11.82,74.33,90.71,10.99,161.53,83.98,0,10.34,,0,0,,0,0,36.06,200.3,0,4.79,434.63,18.01,0,12.23,22.89,,,,,,,,
9/11/2027 0:00,3.85,5.34,13.97,4.31,0.5,3.6,0,2.95,0,0,6.75,8.67,0,0.53,18.24,0.78,0,3.59,2.65,7.61,5.34,18.9,6.75,0.52,5.3,0,3.78,6.49,0.12,7.34,14.01,0,0.56,142.6,1.76,0,11.82,74.33,91.58,10.11,103.49,68.96,0,7.95,,0,0,,0,0,34.26,160.32,0,4.31,437.82,16.94,0,86.22,63.68,,,,,,,,
9/12/2027 0:00,3.85,5.34,14.01,4.31,0.5,3.61,0,2.95,0,0,6.75,8.54,0,0.53,14.71,0.78,0,3.41,3.55,7.61,5.34,18.9,6.75,0.52,5.3,0,3.78,6.49,0.12,7.34,14.01,0,0.56,142.6,1.76,0,11.82,74.33,91.76,4.76,95.9,58.07,0,7.82,,0,0,,0,0,32.7,154.93,0,4.39,353.03,17.98,0,81.86,85.29,,,,,,,,
9/13/2027 0:00,3.78,5.34,14.27,4.31,0.5,3.71,0,2.95,0,0,6.75,9.04,0,0.53,8.24,0.78,0,6.63,13.06,7.61,5.34,18.9,6.75,0.52,5.3,0,3.78,6.49,0.12,7.34,14.01,0,0.56,142.6,1.76,0,11.82,74.33,90.71,7.33,116.94,68.47,0,11.24,,0,0,,0,0,33.97,181.17,0,4.31,197.67,18,0,159.05,313.35,,,,,,,,
9/14/2027 0:00,3.78,5.34,14.28,4.31,0.5,3.71,0,2.95,0,0,6.75,9.82,0,0.53,15.16,0.78,0,1.87,2.84,7.61,5.34,18.9,6.75,0.52,5.3,0,3.78,6.49,0.12,7.34,14.01,0,0.56,142.6,1.76,0,11.82,74.33,90.71,13.96,179.78,86.93,0.75,11.11,,0,0.24,,0,0,35.88,212.03,0,4.9,363.94,18.09,0,45,68.21,,,,,,,,
9/15/2027 0:00,3.78,5.34,14.29,4.31,0.5,3.71,0,2.95,0,0,6.75,9.11,0,0.53,18.17,0.78,0,2.47,9.12,7.61,5.34,18.9,6.75,0.52,5.3,0,3.78,6.49,0.12,7.34,14.01,0,0.56,142.6,1.76,0,11.82,74.33,90.71,10.1,151.18,81.6,0,10.44,,0,0,,0,0,35.8,187.15,0,4.67,435.96,18.07,0,59.25,218.79,,,,,,,,
9/16/2027 0:00,3.78,5.34,14.29,4.31,0.5,3.71,0,2.95,0,0,6.75,9.31,0,0.53,17.39,0.78,0,1.17,7.62,7.61,5.34,18.9,6.75,0.52,5.3,0,3.78,6.49,0.12,7.34,14.01,0,0.56,142.6,1.76,0,11.82,74.33,90.71,10.99,154.21,80.65,0.75,10.65,,0,0.22,,0,0,35.84,190.8,0,4.62,417.25,18.08,0,28.03,182.91,,,,,,,,
9/17/2027 0:00,3.78,5.34,14.22,4.3,0.5,3.69,0,2.95,0,0,6.75,8.81,0,0.53,15.2,0.78,0,3.05,7.62,7.61,5.34,18.9,6.75,0.52,5.3,0,3.78,6.49,0.12,7.34,14.01,0,0.56,142.6,1.76,0,11.82,74.33,90.71,11.4,136.88,79.84,0,10.43,,0,0,,0,0,36.13,178.28,0,4.59,364.86,18.01,0,73.3,182.91,,,,,,,,
9/18/2027 0:00,3.85,5.34,13.93,4.3,0.5,3.59,0,2.95,0,0,6.75,6.3,0,0.53,8.28,0.78,0,6.34,27.05,7.61,5.34,18.9,6.75,0.52,5.3,0,3.78,6.49,0.12,7.34,14.01,0,0.56,142.6,1.76,0,11.82,74.33,88.97,10.11,40.81,9.27,0,6.75,,0,0,,0,0,35.03,79.24,0,3.6,198.73,15.54,0,152.28,649.11,,,,,,,,
9/19/2027 0:00,3.85,5.34,13.99,4.3,0.5,3.61,0,2.95,0,0,6.75,5.23,0,0.53,12.94,0.78,0,4.64,30.68,7.61,5.34,18.9,6.75,0.52,5.3,0,3.78,6.49,0.12,7.34,14.01,0,0.56,142.6,1.76,0,11.82,74.33,87.82,0.88,37.57,8.19,0,3.3,,0,0,,0,0,33.25,62.76,0,3.6,310.5,14.83,0,111.29,736.36,,,,,,,,
9/20/2027 0:00,3.78,5.34,14.28,4.3,0.5,3.71,0,2.95,0,0,6.75,6.53,0,0.53,15.48,0.78,0,5.46,23.95,7.61,5.34,18.9,6.75,0.52,5.3,0,3.78,6.49,0.12,7.34,14.01,0,0.56,142.6,1.76,0,11.82,74.33,89.06,19.33,89.3,39.6,0,7.76,,0,0,,0,0,33.93,105.28,0,3.96,371.64,16.3,0,131.03,574.87,,,,,,,,
9/21/2027 0:00,3.78,5.34,14.31,4.3,0.5,3.72,0,2.95,0,0,6.75,7.7,0,0.53,12.88,0.78,0,3.2,22.68,7.61,5.34,18.9,6.75,0.52,5.3,0,3.78,6.49,0.12,7.34,14.01,0,0.56,142.6,1.76,0,11.82,74.33,90.71,9.91,113.06,49.28,0.08,10.5,,0,0,,0,0,35.09,148.12,0,3.99,309.09,18.06,0,76.79,544.43,,,,,,,,
9/22/2027 0:00,3.78,5.34,14.34,4.3,0.5,3.73,0,2.95,0,0,6.75,8.67,0,0.53,6.84,0.78,0,3.84,18.9,7.61,5.34,18.9,6.75,0.52,5.3,0,3.78,6.49,0.12,7.34,14.01,0,0.56,142.6,1.76,0,11.82,74.33,90.71,10.82,130.67,72.16,0.08,11.29,,0,0,,0,0,35.87,178.72,0,4.23,164.26,18.05,0,92.06,453.65,,,,,,,,
9/23/2027 0:00,3.78,5.34,14.36,4.12,0.5,3.74,0,2.95,0,0,6.75,8.5,0,0.53,11.2,0.78,0,3.07,18.85,7.61,5.34,18.9,6.75,0.52,5.3,0,3.78,6.49,0.12,7.34,14.01,0,0.56,142.6,1.76,0,11.82,74.33,90.71,10.19,127.2,73.66,0,10.84,,0,0,,0,0,35.93,175.17,0,4.15,268.81,18.02,0,73.71,452.52,,,,,,,,
9/24/2027 0:00,3.78,5.34,14.31,3.87,0.5,3.72,0,2.96,0,0,6.75,8.28,0,0.53,15.42,0.78,0,7.28,8.05,7.61,5.34,18.9,6.75,0.52,5.3,0,3.78,6.49,0.12,7.34,14.01,0,0.56,142.6,1.76,0,11.82,74.33,90.71,10.99,91.86,66.01,0,8.79,,0,0,,0,0,35.62,155.17,0,4.07,370.14,18,0,174.65,193.29,,,,,,,,
9/25/2027 0:00,3.85,5.34,14.04,3.87,0.5,3.63,0,3.01,0,0,6.75,7.17,0,0.53,16.84,0.78,0,6.04,15.47,7.61,5.34,18.9,6.75,0.52,5.3,0,3.78,6.49,0.12,7.34,14.01,0,0.56,142.6,1.76,0,11.82,74.33,90.62,10.11,74.53,31.87,0,6.63,,0,0,,0,0,33.44,114.26,0,3.92,404.12,16.25,0,145,371.17,,,,,,,,
9/26/2027 0:00,3.85,5.34,14.13,3.87,0.5,3.66,0,3.01,0,0,6.75,8.59,0,0.53,16.15,0.78,0,2.08,2.5,7.61,5.34,18.9,6.75,0.52,5.3,0,3.78,6.49,0.12,7.34,14.01,0,0.56,142.6,1.76,0,11.82,74.33,90.98,1.76,94.66,53.85,0,7.61,,0,0,,0,0,32.11,155.97,0,3.88,387.6,16.25,0,49.92,60.08,,,,,,,,
9/27/2027 0:00,3.78,5.34,14.43,4.29,0.5,3.76,0,3.01,0,0,6.75,9.31,0,0.53,15.02,0.78,0,2.93,5.32,7.61,5.34,18.9,6.75,0.52,5.3,0,3.78,6.49,0.12,7.34,14.01,0,0.56,142.6,1.76,0,11.82,74.33,90.71,18.45,152.17,77.93,0.31,10.67,,0,0.03,,0,0,34.52,185.1,0,4.35,360.37,18.1,0,70.42,127.61,,,,,,,,
9/28/2027 0:00,3.78,5.34,14.48,4.28,0.5,3.78,0,3.01,0,0,6.75,8.38,0,0.53,14.51,0.78,0,8.16,11.42,7.61,5.34,18.9,6.75,0.52,5.3,0,3.78,6.49,0.12,7.34,14.01,0,0.56,142.6,1.76,0,11.82,74.33,90.71,9.51,119.26,66.77,0.54,10.27,,0,0.07,,0,0,35.51,162.01,0,4.07,348.3,18.07,0,195.95,274.05,,,,,,,,
9/29/2027 0:00,3.78,5.34,14.53,4.28,0.5,3.79,0,3.01,0,0,6.75,8,0,0.53,10.11,0.78,0,7.5,20.47,7.61,5.34,18.9,6.75,0.52,5.3,0,3.78,6.49,0.12,7.34,14.01,0,0.56,142.6,1.76,0,11.82,74.33,90.71,3.98,80.99,65.36,0,10.73,,0,0,,0,0,36.03,154.77,0,3.92,242.63,17.99,0,180.04,491.33,,,,,,,,
9/30/2027 0:00,3.78,5.34,14.57,4.28,0.5,3.81,0,3.01,0,0,6.75,8.25,0,0.53,12.35,0.78,0,6.11,13.53,7.61,5.34,18.9,6.75,0.52,5.3,0,3.78,6.49,0.12,7.34,14.01,0,0.56,142.6,1.76,0,11.82,74.33,90.71,16.24,141.79,72.88,0.08,10.93,,0,0.03,,0,0,36.21,163.18,0,4.35,296.49,18.06,0,146.71,324.63,,,,,,,,
10/1/2027 0:00,4.02,5.34,14.53,4.62,0.5,3.8,0,3.01,0,0,6.75,6.91,0,0.53,4.63,0.81,0,7.91,33.9,7.61,5.34,18.9,6.75,0.52,5.3,0,3.78,6.49,0.12,7.34,14.01,0,0.56,143.77,1.76,0,11.88,74.62,96.45,8.32,59.81,22.31,0,9.29,,0,0,,0,0,36.39,108.33,0,7.2,111.12,18.61,0,189.95,813.6,,,,,,,,
10/2/2027 0:00,4.03,5.34,14.28,4.65,0.5,3.71,0,3.01,0,0,6.75,6.48,0,0.53,7.14,0.81,0,9.15,27.08,7.61,5.34,18.9,6.75,0.52,5.3,0,3.78,6.49,0.12,7.34,14.01,0,0.56,143.77,1.76,0,11.88,74.62,96.63,10.11,41.44,10.48,0,5.71,,0,0,,0,0,35.12,88.28,0,7.2,171.45,18.61,0,219.7,649.84,,,,,,,,
10/3/2027 0:00,4.03,5.34,14.37,4.65,0.5,3.74,0,3.01,0,0,6.75,7.34,0,0.53,10.36,0.81,0,4.25,18.61,7.61,5.34,18.9,6.75,0.52,5.3,0,3.78,6.49,0.12,7.34,14.01,0,0.56,143.77,1.76,0,11.88,74.62,95.91,3.08,55.41,26.84,0,5.65,,0,0,,0,0,34.04,117.32,0,7.32,248.76,18.52,0,102.1,446.55,,,,,,,,
10/4/2027 0:00,4.02,5.34,14.69,4.65,0.5,3.85,0,3.01,0,0,6.75,8.25,0,0.53,13.53,0.81,0,6.4,11.52,7.61,5.34,18.9,6.75,0.52,5.3,0,3.78,6.49,0.12,7.34,14.01,0,0.56,143.77,1.76,0,11.88,74.62,96.45,17.47,121.15,74.53,0,10.66,,0,0,,0,0,35.44,149.42,0,7.79,324.83,18.68,0,153.62,276.53,,,,,,,,
10/5/2027 0:00,4.02,5.34,14.74,4.65,0.5,3.87,0,3.01,0,0,6.75,6.66,0,0.53,12.91,0.81,0,8.18,30.53,7.61,5.34,18.9,6.75,0.52,5.3,0,3.78,6.49,0.12,7.34,14.01,0,0.56,143.77,1.76,0,11.88,74.62,94.78,13.69,53.92,34.18,0,8.64,,0,0,,0,0,35.15,98.61,0,7.2,309.96,16.4,0,196.31,732.78,,,,,,,,
10/6/2027 0:00,4.02,5.34,14.8,4.64,0.5,3.89,0,3.01,0,0,6.75,7.01,0,0.53,13.84,0.81,0,6.75,26.69,7.61,5.34,18.9,6.75,0.52,5.3,0,3.78,6.49,0.12,7.34,14.01,0,0.56,143.77,1.76,0,11.88,74.62,95.12,16.13,99,52.54,0,8.45,,0,0,,0,0,34.49,109.68,0,7.44,332.15,16.78,0,162.02,640.63,,,,,,,,
10/7/2027 0:00,4.02,5.34,14.84,4.64,0.5,3.9,0,3.01,0,0,6.75,8.05,0,0.53,13.7,0.81,0,7.23,16.78,7.61,5.34,18.9,6.75,0.52,5.3,0,3.78,6.49,0.12,7.34,14.01,0,0.56,143.77,1.76,0,11.88,74.62,95.91,11.86,111.57,66.95,0,10.5,,0,0,,0,0,34.74,146.01,0,7.67,328.86,17.53,0,173.5,402.72,,,,,,,,
10/8/2027 0:00,4.02,5.34,14.81,4.64,0.5,3.89,0,3.01,0,0,6.75,8.13,0,0.53,8.93,0.81,0,7.02,21.48,7.61,5.34,18.9,6.75,0.52,5.3,0,3.78,6.49,0.12,7.34,14.01,0,0.56,143.77,1.76,0,11.88,74.62,96.45,7.94,83.89,62.96,0,11.01,,0,0,,0,0,35.08,142.91,0,7.48,214.32,18.62,0,168.39,515.6,,,,,,,,
10/9/2027 0:00,4.03,5.34,14.56,4.64,0.5,3.8,0,3.01,0,0,6.75,8.05,0,0.53,14.49,0.81,0,3.92,12.37,7.61,5.34,18.9,6.75,0.52,5.3,0,3.78,6.49,0.12,7.34,14.01,0,0.56,143.77,1.76,0,11.88,74.62,95.68,12.28,66.32,41.48,0,8.99,,0,0,,0,0,34.18,134.52,0,7.24,347.73,18.59,0,94.18,296.88,,,,,,,,
10/10/2027 0:00,4.03,5.34,14.65,4.64,0.5,3.84,0,3.01,0,0,6.75,7.44,0,0.53,12.22,0.81,0,6.96,19.96,7.61,5.34,18.9,6.75,0.52,5.3,0,3.78,6.49,0.12,7.34,14.01,0,0.56,143.77,1.76,0,11.88,74.62,94.98,0,44.11,8.3,0,5.58,,0,0,,0,0,32.78,108.04,0,7.2,293.29,16.76,0,166.95,479.15,,,,,,,,
10/11/2027 0:00,4.02,5.34,14.96,4.64,0.5,3.94,0,3.01,0,0,6.75,10.01,0,0.53,10.61,0.81,0,4.22,8.15,7.61,5.34,18.9,6.75,0.52,5.3,0,3.78,6.49,0.12,7.34,14.01,0,0.56,143.77,1.76,0,11.88,74.62,96.45,14.79,199.01,82.56,1.01,13.75,,0,0.43,,0,0,33.8,200.17,0,8.15,254.7,18.74,0,101.22,195.49,,,,,,,,
10/12/2027 0:00,4.02,5.34,15.02,4.64,0.5,3.96,0,3.01,0,0,6.75,11.13,0,0.53,11.17,0.81,0,2.56,3.69,7.61,5.34,18.9,6.75,0.52,5.3,0,3.78,6.49,0.12,7.34,14.01,0,0.56,143.77,1.76,0,11.88,74.62,96.45,13.45,236.94,100.41,1.24,12.79,,0,0.17,,0,0,35.84,247.11,0,8.46,268.09,18.71,0,61.56,88.52,,,,,,,,
10/13/2027 0:00,4.02,5.34,15.06,4.64,0.5,3.98,0,3.01,0,0,6.75,11.3,0,0.53,6.36,0.81,0,2.65,8.85,7.61,5.34,18.9,6.75,0.52,5.3,0,3.78,6.49,0.12,7.34,14.01,0,0.56,143.77,1.76,0,11.88,74.62,96.45,7.63,239.21,102.37,0.7,12.83,,0,0.07,,0,0,36.94,251.33,0,8.74,152.73,18.7,0,63.6,212.44,,,,,,,,
10/14/2027 0:00,4.02,5.34,15.1,4.64,0.5,3.99,0,3.01,0,0,6.75,11.3,0,0.53,5.87,0.81,0,1.94,7.94,7.61,5.34,18.9,6.75,0.52,5.3,0,3.78,6.49,0.12,7.34,14.01,0,0.56,143.77,1.76,0,11.88,74.62,96.45,7.77,255.5,103.22,0.16,12.13,,0,0.09,,0,0,37.38,253.16,0,8.66,140.78,18.69,0,46.5,190.64,,,,,,,,
10/15/2027 0:00,4.02,5.34,15.06,4.64,0.5,3.98,0,3.01,0,0,6.75,9.85,0,0.53,6.01,0.81,0,4.61,15.95,7.61,5.34,18.9,6.75,0.52,5.3,0,3.78,6.49,0.12,7.34,14.01,0,0.56,143.77,1.76,0,11.88,74.62,96.45,2.01,156.31,86.57,0,12.09,,0,0,,0,0,36.81,200.86,0,7.79,144.26,18.63,0,110.64,382.84,,,,,,,,
10/16/2027 0:00,4.03,5.34,14.8,4.63,0.5,3.89,0,3.01,0,0,6.75,8.07,0,0.53,9.88,0.81,0,6.15,18.3,7.61,5.34,18.9,6.75,0.52,5.3,0,3.78,6.49,0.12,7.34,14.01,0,0.56,143.77,1.76,0,11.88,74.62,96.09,10.11,77.03,32.02,0,6.82,,0,0,,0,0,34.6,125.43,0,7.71,237.17,18.61,0,147.52,439.16,,,,,,,,
10/17/2027 0:00,4.03,5.34,14.89,4.63,0.5,3.92,0,3.01,0,0,6.75,8.04,0,0.53,10.98,0.81,0,5.41,16.81,7.61,5.34,18.9,6.75,0.52,5.3,0,3.78,6.49,0.12,7.34,14.01,0,0.56,143.77,1.76,0,11.88,74.62,95.16,1.56,54.98,20.08,0,7.71,,0,0,,0,0,33.46,128.19,0,7.2,263.45,17.14,0,129.83,403.38,,,,,,,,
10/18/2027 0:00,4.02,5.34,15.19,4.63,0.5,4.02,0,3.01,0,0,6.75,10.26,0,0.53,7.08,0.81,0,5.77,8.22,7.61,5.34,18.9,6.75,0.52,5.3,0,3.78,6.49,0.12,7.34,14.01,0,0.56,143.77,1.76,0,11.88,74.62,96.45,12.24,199.21,84.05,0,12.22,,0,0.01,,0,0,34.11,216.86,0,7.95,169.91,18.67,0,138.56,197.29,,,,,,,,
10/19/2027 0:00,4.02,5.34,15.24,4.63,0.5,4.04,0,3.01,0,0,6.75,10.4,0,0.53,8.14,0.81,0,2.61,9.38,7.61,5.34,18.9,6.75,0.52,5.3,0,3.78,6.49,0.12,7.34,14.01,0,0.56,143.77,1.76,0,11.88,74.62,96.45,10.37,205.21,89.83,0,12.27,,0,0,,0,0,35.22,226.7,0,7.91,195.32,18.66,0,62.76,225.1,,,,,,,,
10/20/2027 0:00,4.02,5.34,15.27,4.63,0.5,4.05,0,3.01,0,0,6.75,8.69,0,0.53,8.73,0.81,0,7.55,26.64,7.61,5.34,18.9,6.75,0.52,5.3,0,3.78,6.49,0.12,7.34,14.01,0,0.56,143.77,1.76,0,11.88,74.62,96.45,0,97.68,64.24,0,12.31,,0,0,,0,0,33.73,162.79,0,7.4,209.63,18.62,0,181.11,639.32,,,,,,,,
10/21/2027 0:00,4.02,5.34,15.3,4.63,0.5,4.06,0,3.01,0,0,6.75,10.49,0,0.53,4.13,0.81,0,1.68,14.8,7.61,5.34,18.9,6.75,0.52,5.3,0,3.78,6.49,0.12,7.34,14.01,0,0.56,143.77,1.76,0,11.88,74.62,96.45,9.1,197.06,92.99,0,12.34,,0,0,,0,0,34.21,231.78,0,8.46,99.22,18.66,0,40.36,355.09,,,,,,,,
10/22/2027 0:00,4.02,5.34,15.25,4.63,0.5,4.04,0,3.01,0,0,6.75,10.11,0,0.53,8.22,0.81,0,3.26,12.88,7.61,5.34,18.9,6.75,0.52,5.3,0,3.78,6.49,0.12,7.34,14.01,0,0.56,143.77,1.76,0,11.88,74.62,96.45,3.52,175.24,90.57,0,12.28,,0,0,,0,0,34.21,203.68,0,8.03,197.16,18.64,0,78.14,309.04,,,,,,,,
10/23/2027 0:00,4.03,5.34,14.98,4.63,0.5,3.95,0,3.01,0,0,6.75,8.41,0,0.53,7.93,0.81,0,3.95,16.05,7.61,5.34,18.9,6.75,0.52,5.3,0,3.78,6.49,0.12,7.34,14.01,0,0.56,143.77,1.76,0,11.88,74.62,96.63,5.4,83.2,44.72,0,11.14,,0,0,,0,0,31.83,146.54,0,7.56,190.24,18.62,0,94.78,385.08,,,,,,,,
10/24/2027 0:00,4.03,5.34,15.06,4.63,0.5,3.98,0,3.01,0,0,6.75,6.23,0,0.53,4.49,0.81,0,7.47,37.53,7.61,5.34,18.9,6.75,0.52,5.3,0,3.78,6.49,0.12,7.34,14.01,0,0.56,143.77,1.76,0,11.88,74.62,90.48,0.88,41.3,8.25,0,3.53,,0,0,,0,0,29.32,90.11,0,7.2,107.74,13.54,0,179.31,900.69,,,,,,,,
10/25/2027 0:00,4.02,5.34,15.35,4.62,0.5,4.08,0,3.01,0,0,6.75,8.5,0,0.53,7.98,0.81,0,6.48,21.38,7.61,5.34,18.9,6.75,0.52,5.3,0,3.78,6.49,0.12,7.34,14.01,0,0.56,143.77,1.76,0,11.88,74.62,96.45,9.13,149.52,68.41,0,10.76,,0,0.03,,0,0,30.68,157.1,0,7.83,191.57,18.67,0,155.51,513.01,,,,,,,,
10/26/2027 0:00,4.02,5.34,15.39,4.62,0.5,4.09,0,3.01,0,0,6.75,10.01,0,0.53,7.95,0.81,0,4.36,11.72,7.61,5.34,18.9,6.75,0.52,5.3,0,3.78,6.49,0.12,7.34,14.01,0,0.56,143.77,1.76,0,11.88,74.62,96.45,6.22,218.02,96.19,0,12.42,,0,0,,0,0,32.9,215.9,0,8.27,190.8,18.64,0,104.75,281.36,,,,,,,,
10/27/2027 0:00,4.02,5.34,15.41,4.62,0.5,4.1,0,3.01,0,0,6.75,9.37,0,0.53,10.7,0.81,0,6.15,15.59,7.61,5.34,18.9,6.75,0.52,5.3,0,3.78,6.49,0.12,7.34,14.01,0,0.56,143.77,1.76,0,11.88,74.62,96.45,5.44,177.98,86.95,0,12.45,,0,0,,0,0,32.46,188.5,0,7.83,256.89,18.64,0,147.64,374.16,,,,,,,,
10/28/2027 0:00,4.02,5.34,15.43,4.62,0.5,4.11,0,3.01,0,0,6.75,9.34,0,0.53,8.38,0.81,0,4.58,21.76,7.61,5.34,18.9,6.75,0.52,5.3,0,3.78,6.49,0.12,7.34,14.01,0,0.56,143.77,1.76,0,11.88,74.62,96.45,3.88,158.98,86.37,0,12.47,,0,0,,0,0,31.6,186.42,0,7.83,201.14,18.63,0,109.93,522.36,,,,,,,,
10/29/2027 0:00,4.02,5.34,15.38,4.62,0.5,4.09,0,3.01,0,0,6.75,10.61,0,0.53,7.23,0.81,0,2.16,9.14,7.61,5.34,18.9,6.75,0.52,5.3,0,3.78,6.49,0.12,7.34,14.01,0,0.56,143.77,1.76,0,11.88,74.62,96.45,10.19,233.8,97.99,0,12.41,,0,0.03,,0,0,32.11,234.49,0,8.38,173.57,18.65,0,51.88,219.31,,,,,,,,
10/30/2027 0:00,4.03,5.34,15.1,4.62,0.5,3.99,0,3.01,0,0,6.75,9.91,0,0.53,9.94,0.81,0,1.95,8.46,7.61,5.34,18.9,6.75,0.52,5.3,0,3.78,6.49,0.12,7.34,14.01,0,0.56,143.77,1.76,0,11.88,74.62,96.63,9.64,139.22,73.64,0,11.62,,0,0,,0,0,31.07,185.92,0,7.75,238.5,18.63,0,46.91,203.13,,,,,,,,
10/31/2027 0:00,4.03,5.34,15.17,4.62,0.5,4.01,0,3.01,0,0,6.75,9.5,0,0.53,7.17,0.81,0,3.03,8.43,7.61,5.34,18.9,6.75,0.52,5.3,0,3.78,6.49,0.12,7.34,14.01,0,0.56,143.77,1.76,0,11.88,74.62,96.63,4.09,116.21,71.67,0,12.2,,0,0,,0,0,30.33,178.72,0,7.79,172.08,18.62,0,72.73,202.44,,,,,,,,
11/1/2027 0:00,4.36,5.34,15.46,4.82,0.5,4.11,0,3.01,0,0,6.75,8.68,0,0.53,6.23,0.78,0,7.24,24.19,7.61,5.34,18.9,6.75,0.52,5.3,0,3.78,6.49,0.12,7.34,14.01,0,0.56,144.93,1.76,0,11.93,74.91,104.66,8.39,113.28,54.23,0,12.48,,0,0,,0,0,31.74,141.67,0,7.44,149.48,17.86,0,173.68,580.6,,,,,,,,
11/2/2027 0:00,4.36,5.34,15.49,4.83,0.5,4.12,0,3.01,0,0,6.75,8.24,0,0.53,7.78,0.78,0,6.89,28.71,7.61,5.34,18.9,6.75,0.52,5.3,0,3.78,6.49,0.12,7.34,14.01,0,0.56,144.93,1.76,0,11.93,74.91,104.66,8.17,129.99,58.37,0,11.24,,0,0,,0,0,33.09,139.53,0,7.67,186.76,17.87,0,165.37,688.95,,,,,,,,
11/3/2027 0:00,4.36,5.34,15.51,4.83,0.5,4.13,0,3.01,0,0,6.75,9.02,0,0.53,6.25,0.78,0,6.97,25.1,7.61,5.34,18.9,6.75,0.52,5.3,0,3.78,6.49,0.12,7.34,14.01,0,0.56,144.93,1.76,0,11.93,74.91,104.66,3.68,133.88,80.14,0,12.56,,0,0,,0,0,33.33,172.66,0,7.83,149.97,17.88,0,167.35,602.39,,,,,,,,
11/4/2027 0:00,4.36,5.34,15.53,4.83,0.5,4.14,0,3.01,0,0,6.75,10.57,0,0.53,3.36,0.78,0,6.24,13.52,7.61,5.34,18.9,6.75,0.52,5.3,0,3.78,6.49,0.12,7.34,14.01,0,0.56,144.93,1.76,0,11.93,74.91,104.66,10.11,217.15,95.87,0,12.58,,0,0,,0,0,33.68,226.98,0,8.5,80.62,17.89,0,149.83,324.4,,,,,,,,
11/5/2027 0:00,4.36,5.34,15.47,4.83,0.5,4.12,0,3.01,0,0,6.75,10.08,0,0.53,6.17,0.78,0,5.1,13.63,7.61,5.34,18.9,6.75,0.52,5.3,0,3.78,6.49,0.12,7.34,14.01,0,0.56,144.93,1.76,0,11.93,74.91,104.66,0,183.58,96.69,0,12.52,,0,0,,0,0,33.33,202.69,0,8.19,148.02,17.87,0,122.42,327.05,,,,,,,,
11/6/2027 0:00,4.4,5.34,15.2,4.83,0.5,4.02,0,3.01,0,0,6.75,7.83,0,0.53,7.64,0.78,0,5.86,26.11,7.61,5.34,18.9,6.75,0.52,5.3,0,3.78,6.49,0.12,7.34,14.01,0,0.56,144.93,1.76,0,11.93,74.91,105.67,5.46,65.28,28.05,0,11.07,,0,0,,0,0,31.39,106.93,0,7.2,183.43,17.85,0,140.71,626.68,,,,,,,,
11/7/2027 0:00,4.4,5.34,15.27,4.83,0.5,4.05,0,3.01,0,0,6.75,7.19,0,0.53,5.54,0.78,0,6.02,30.36,7.61,5.34,18.9,6.75,0.52,5.3,0,3.78,6.49,0.12,7.34,14.01,0,0.56,144.93,1.76,0,11.93,74.91,103.43,2.43,62.13,24.35,0,4.94,,0,0,,0,0,29.74,99.98,0,7.2,132.98,16.48,0,144.49,728.56,,,,,,,,
11/8/2027 0:00,4.36,5.34,15.56,4.83,0.5,4.15,0,3.01,0,0,6.75,8.21,0,0.53,8.11,0.78,0,6.34,27.34,7.61,5.34,18.9,6.75,0.52,5.3,0,3.78,6.49,0.12,7.34,14.01,0,0.56,144.93,1.76,0,11.93,74.91,104.66,3.13,125.6,72.5,0,12.39,,0,0,,0,0,30.98,145.2,0,7.44,194.54,17.86,0,152.11,656.24,,,,,,,,
11/9/2027 0:00,4.36,5.34,15.59,4.83,0.5,4.16,0,3.01,0,0,6.75,8.73,0,0.53,4.56,0.78,0,6.5,28.45,7.61,5.34,18.9,6.75,0.52,5.3,0,3.78,6.49,0.12,7.34,14.01,0,0.56,144.93,1.76,0,11.93,74.91,104.66,5.77,165.25,91.05,0,12.64,,0,0,,0,0,32.01,170.22,0,7.91,109.47,17.88,0,155.98,682.91,,,,,,,,
11/10/2027 0:00,4.36,5.34,15.62,4.83,0.5,4.17,0,3.01,0,0,6.75,9.03,0,0.53,7.4,0.78,0,7.59,23.61,7.61,5.34,18.9,6.75,0.52,5.3,0,3.78,6.49,0.12,7.34,14.01,0,0.56,144.93,1.76,0,11.93,74.91,104.66,4.77,152.06,91.38,0,12.67,,0,0,,0,0,32.89,183.75,0,7.93,177.7,17.88,0,182.09,566.63,,,,,,,,
11/11/2027 0:00,4.36,5.34,15.64,4.83,0.5,4.18,0,3.01,0,0,6.75,10.06,0,0.53,5.84,0.78,0,7.7,18.81,7.61,5.34,18.9,6.75,0.52,5.3,0,3.78,6.49,0.12,7.34,14.01,0,0.56,144.93,1.76,0,11.93,74.91,104.66,0.78,198.26,94.3,0,12.69,,0,0,,0,0,33.33,212.82,0,8.19,140.25,17.88,0,184.74,451.5,,,,,,,,
11/12/2027 0:00,4.36,5.34,15.59,4.83,0.5,4.16,0,3.01,0,0,6.75,11.7,0,0.53,5.63,0.78,0,1.92,4.94,7.61,5.34,18.9,6.75,0.52,5.3,0,3.78,6.49,0.12,7.34,14.01,0,0.56,144.93,1.76,0,11.93,74.91,104.66,10.89,278.45,109.05,1.16,14.18,,0,0.11,,0,0,33.93,267.83,0,8.78,135.09,17.95,0,46.04,118.45,,,,,,,,
11/13/2027 0:00,4.4,5.34,15.32,4.82,0.5,4.07,0,3.01,0,0,6.75,10.13,0,0.53,7.5,0.78,0,2.29,12.15,7.61,5.34,18.9,6.75,0.52,5.3,0,3.78,6.49,0.12,7.34,14.01,0,0.56,144.93,1.76,0,11.93,74.91,105.67,0.78,158.7,96.22,0,12.35,,0,0,,0,0,33.19,204.98,0,8.27,179.92,17.86,0,55.07,291.71,,,,,,,,
11/14/2027 0:00,4.4,5.34,15.39,4.82,0.5,4.09,0,3.01,0,0,6.75,9.11,0,0.53,6.23,0.78,0,5.62,18.3,7.61,5.34,18.9,6.75,0.52,5.3,0,3.78,6.49,0.12,7.34,14.01,0,0.56,144.93,1.76,0,11.93,74.91,105.67,0,77.85,48.17,0,12.43,,0,0,,0,0,32.35,160.22,0,7.2,149.6,17.85,0,134.84,439.19,,,,,,,,
11/15/2027 0:00,4.36,5.34,15.69,4.82,0.5,4.19,0,3.01,0,0,6.75,10.24,0,0.53,6.83,0.78,0,5.02,14.88,7.61,5.34,18.9,6.75,0.52,5.3,0,3.78,6.49,0.12,7.34,14.01,0,0.56,144.93,1.76,0,11.93,74.91,104.66,5.54,225.48,98.71,0,12.74,,0,0,,0,0,34.82,225.69,0,8.42,163.85,17.88,0,120.43,357.18,,,,,,,,
11/16/2027 0:00,4.36,5.34,15.73,4.82,0.5,4.21,0,3.01,0,0,6.75,9.89,0,0.53,2.93,0.78,0,6.23,22.43,7.61,5.34,18.9,6.75,0.52,5.3,0,3.78,6.49,0.12,7.34,14.01,0,0.56,144.93,1.76,0,11.93,74.91,104.66,4.87,235.77,101.25,0,12.78,,0,0,,0,0,37.25,218.44,0,8.34,70.26,17.88,0,149.48,538.43,,,,,,,,
11/17/2027 0:00,4.36,5.34,15.76,4.82,0.5,4.22,0,3.01,0,0,6.75,9.18,0,0.53,2.41,0.78,0,3.94,35.37,7.61,5.34,18.9,6.75,0.52,5.3,0,3.78,6.49,0.12,7.34,14.01,0,0.56,144.93,1.76,0,11.93,74.91,104.66,1.76,154.83,88.66,0,12.82,,0,0,,0,0,36.89,190.22,0,7.95,57.95,17.86,0,94.6,848.81,,,,,,,,
11/18/2027 0:00,4.36,5.34,15.78,4.82,0.5,4.23,0,3.01,0,0,6.75,10.88,0,0.53,2.27,0.78,0,6.42,16.9,7.61,5.34,18.9,6.75,0.52,5.3,0,3.78,6.49,0.12,7.34,14.01,0,0.56,144.93,1.76,0,11.93,74.91,104.66,1.75,265.92,105.34,0.08,12.84,,0,0.01,,0,0,38.03,246.54,0,8.7,54.54,17.89,0,154.01,405.68,,,,,,,,
11/19/2027 0:00,4.36,5.34,15.73,4.82,0.5,4.21,0,3.01,0,0,6.75,12.12,0,0.53,3.48,0.78,0,3.46,7.49,7.61,5.34,18.9,6.75,0.52,5.3,0,3.78,6.49,0.12,7.34,14.01,0,0.56,144.93,1.76,0,11.93,74.91,104.66,9.15,293.71,108.39,1.16,14.5,,0,0.12,,0,0,38.77,283.08,0,9.09,83.45,17.89,0,83.13,179.7,,,,,,,,
11/20/2027 0:00,4.4,5.34,15.46,4.82,0.5,4.12,0,3.01,0,0,6.75,11.76,0,0.53,2.98,0.78,0,1.13,7.45,7.61,5.34,18.9,6.75,0.52,5.3,0,3.78,6.49,0.12,7.34,14.01,0,0.56,144.93,1.76,0,11.93,74.91,105.67,0,232.87,106.15,0,12.51,,0,0,,0,0,38.19,263.84,0,8.98,71.49,17.87,0,27.23,178.88,,,,,,,,
11/21/2027 0:00,4.4,5.34,15.54,4.82,0.5,4.14,0,3.01,0,0,6.75,10.79,0,0.53,3.86,0.78,0,2.6,11.07,7.61,5.34,18.9,6.75,0.52,5.3,0,3.78,6.49,0.12,7.34,14.01,0,0.56,144.93,1.76,0,11.93,74.91,105.67,0,159.89,100.3,0,12.58,,0,0,,0,0,37.44,218.46,0,8.66,92.75,17.87,0,62.48,265.77,,,,,,,,
11/22/2027 0:00,4.36,5.34,15.84,4.82,0.5,4.24,0,3.01,0,0,6.75,10.53,0,0.53,2.49,0.78,0,7.8,18.96,7.61,5.34,18.9,6.75,0.52,5.3,0,3.78,6.49,0.12,7.34,14.01,0,0.56,144.93,1.76,0,11.93,74.91,104.66,1.76,227.4,98.1,0,12.9,,0,0,,0,0,39.18,231.55,0,8.42,59.71,17.88,0,187.1,455.09,,,,,,,,
11/23/2027 0:00,4.36,5.34,15.87,4.81,0.5,4.26,0,3.01,0,0,6.75,10.67,0,0.53,5.49,0.78,0,6.4,18,7.61,5.34,18.9,6.75,0.52,5.3,0,3.78,6.49,0.12,7.34,14.01,0,0.56,144.93,1.76,0,11.93,74.91,104.66,5.11,244.6,102.7,0,12.93,,0,0,,0,0,40.69,236.95,0,8.5,131.64,17.89,0,153.7,431.92,,,,,,,,
11/24/2027 0:00,4.36,5.34,15.9,4.81,0.5,4.27,0,3.01,0,0,6.75,11.47,0,0.53,3.02,0.78,0,5.02,13.92,7.61,5.34,18.9,6.75,0.52,5.3,0,3.78,6.49,0.12,7.34,14.01,0,0.56,144.93,1.76,0,11.93,74.91,104.66,4.94,275.35,107.63,1.01,14.09,,0,0.12,,0,0,41.88,261.32,0,8.58,72.5,17.95,0,120.4,333.99,,,,,,,,
11/25/2027 0:00,4.36,5.34,15.92,4.81,0.5,4.27,0,3.01,0,0,6.75,11.86,0,0.53,3.47,0.78,0,4.6,12.18,7.61,5.34,18.9,6.75,0.52,5.3,0,3.78,6.49,0.12,7.34,14.01,0,0.56,144.93,1.76,0,11.93,74.91,104.66,9.83,292.15,109.61,1.16,14.77,,0,0.12,,0,0,42.24,270.76,0,8.86,83.33,17.97,0,110.44,292.33,,,,,,,,
11/26/2027 0:00,4.36,5.34,15.86,4.81,0.5,4.25,0,3.01,0,0,6.75,11.98,0,0.53,3.05,0.78,0,2.95,7.96,7.61,5.34,18.9,6.75,0.52,5.3,0,3.78,6.49,0.12,7.34,14.01,0,0.56,144.93,1.76,0,11.93,74.91,104.66,1.03,299.35,108.83,0.42,12.92,,0,0.06,,0,0,42.66,276.8,0,9.09,73.27,17.92,0,70.78,190.93,,,,,,,,
11/27/2027 0:00,4.4,5.34,15.59,4.81,0.5,4.16,0,3.01,0,0,6.75,10.18,0,0.53,3.86,0.78,0,5.96,16.09,7.61,5.34,18.9,6.75,0.52,5.3,0,3.78,6.49,0.12,7.34,14.01,0,0.56,144.93,1.76,0,11.93,74.91,105.67,0,146.9,96.93,0,12.63,,0,0,,0,0,40.35,203.59,0,8.07,92.53,17.86,0,142.96,386.27,,,,,,,,
11/28/2027 0:00,4.4,5.34,15.65,4.81,0.5,4.18,0,3.01,0,0,6.75,10.59,0,0.53,1.71,0.78,0,4.43,15.53,7.61,5.34,18.9,6.75,0.52,5.3,0,3.78,6.49,0.12,7.34,14.01,0,0.56,144.93,1.76,0,11.93,74.91,105.67,0,153.1,82.85,0,12.7,,0,0,,0,0,38.42,220.21,0,8.03,41.15,17.86,0,106.39,372.74,,,,,,,,
11/29/2027 0:00,4.36,5.34,15.94,4.81,0.5,4.28,0,3.01,0,0,6.75,13.22,0,0.53,1.17,0.78,0,1.5,3.86,7.61,5.34,18.9,6.75,0.52,5.3,0,3.78,6.49,0.12,7.34,14.01,0,0.56,144.93,1.76,0,11.93,74.91,104.66,10.11,326.54,111.57,6.95,35.72,,0,9.91,,0,0,42.23,307.3,0,10.91,28,18.35,0,36.04,92.62,,,,,,,,
11/30/2027 0:00,4.36,5.34,15.96,4.81,0.5,4.29,0,3.01,0,0,6.75,13.72,0,0.53,1.39,0.78,0,1.48,3.22,7.61,5.34,18.9,6.75,0.52,5.3,0,3.78,6.49,0.12,7.34,14.01,0,0.56,144.93,1.76,0,11.93,74.91,104.66,10.11,349.1,113.77,6.76,39.77,,0,9.36,,0,0,44.81,329.17,0,11.08,33.29,18.35,0,35.61,77.18,,,,,,,,
12/1/2027 0:00,4.36,5.34,15.98,4.69,0.5,4.29,0,3.01,0,0,6.75,13.21,0,0.53,2.05,0.76,0,2.25,4.56,7.61,5.34,18.9,6.75,0.52,5.3,0,3.78,6.49,0.12,7.34,14.01,0,0.56,146.1,1.76,0,11.99,75.2,104.66,8.57,339.04,110.88,3.81,22.94,,0,3.74,,0,0,44.18,314.8,0,9.09,49.08,17.83,0,54.04,109.41,,,,,,,,
12/2/2027 0:00,4.36,5.34,15.98,4.69,0.5,4.29,0,3.01,0,0,6.75,11.97,0,0.53,1,0.76,0,6.56,13.39,7.61,5.34,18.9,6.75,0.52,5.3,0,3.78,6.49,0.12,7.34,14.01,0,0.56,146.1,1.76,0,11.99,75.2,104.66,0,281.96,104.48,0,13.05,,0,0,,0,0,42.72,279.34,0,8.98,23.95,17.55,0,157.37,321.46,,,,,,,,
12/3/2027 0:00,4.36,5.34,15.91,4.69,0.5,4.27,0,3.01,0,0,6.75,11.6,0,0.53,1,0.76,0,8.19,10.91,7.61,5.34,18.9,6.75,0.52,5.3,0,3.78,6.49,0.12,7.34,14.01,0,0.56,146.1,1.76,0,11.99,75.2,104.66,7.77,273.35,103.36,0.08,12.97,,0,0.01,,0,0,40.86,266.39,0,8.66,23.93,17.55,0,196.59,261.76,,,,,,,,
12/4/2027 0:00,4.4,5.34,15.62,4.68,0.5,4.17,0,3.01,0,0,6.75,10.75,0,0.53,1.31,0.76,0,7.58,12.64,7.61,5.34,18.9,6.75,0.52,5.3,0,3.78,6.49,0.12,7.34,14.01,0,0.56,146.1,1.76,0,11.99,75.2,105.67,0,182.63,97.28,0,12.67,,0,0,,0,0,37.96,218.49,0,8.11,31.45,17.5,0,181.81,303.41,,,,,,,,
12/5/2027 0:00,4.4,5.34,15.67,4.68,0.5,4.19,0,3.01,0,0,6.75,11.08,0,0.53,1.1,0.76,0,7.23,8.86,7.61,5.34,18.9,6.75,0.52,5.3,0,3.78,6.49,0.12,7.34,14.01,0,0.56,146.1,1.76,0,11.99,75.2,105.67,0,182.77,87.81,0,12.72,,0,0,,0,0,36.95,222.89,0,8.19,26.34,17.51,0,173.6,212.6,,,,,,,,
12/6/2027 0:00,4.36,5.34,15.94,4.68,0.5,4.28,0,3.01,0,0,6.75,12.3,0,0.53,1.81,0.76,0,3.3,7.03,7.61,5.34,18.9,6.75,0.52,5.3,0,3.78,6.49,0.12,7.34,14.01,0,0.56,146.1,1.76,0,11.99,75.2,104.66,10.11,314.74,108.04,3.91,21.91,,0,3.26,,0,0,39.95,284.61,0,8.94,43.32,17.8,0,79.22,168.67,,,,,,,,
12/7/2027 0:00,4.36,5.34,15.95,4.68,0.5,4.28,0,3.01,0,0,6.75,11.09,0,0.53,3.6,0.76,0,5.99,20.69,7.61,5.34,18.9,6.75,0.52,5.3,0,3.78,6.49,0.12,7.34,14.01,0,0.56,146.1,1.76,0,11.99,75.2,104.66,3.15,254.56,102.79,0.39,13.01,,0,0,,0,0,40.29,246.5,0,8.62,86.46,17.55,0,143.68,496.6,,,,,,,,
12/8/2027 0:00,4.36,5.34,15.95,4.68,0.5,4.28,0,3.01,0,0,6.75,12.33,0,0.53,3.36,0.76,0,1.85,11.12,7.61,5.34,18.9,6.75,0.52,5.3,0,3.78,6.49,0.12,7.34,14.01,0,0.56,146.1,1.76,0,11.99,75.2,104.66,10.11,295.52,104.51,2.84,25.42,,0,3.69,,0,0,40.89,286.42,0,9.75,80.69,17.71,0,44.39,266.83,,,,,,,,
12/9/2027 0:00,4.36,5.34,15.94,4.68,0.5,4.28,0,3.01,0,0,6.75,13.22,0,0.53,2.63,0.76,0,3.44,3.83,7.61,5.34,18.9,6.75,0.52,5.3,0,3.78,6.49,0.12,7.34,14.01,0,0.56,146.1,1.76,0,11.99,75.2,104.66,7.77,342.38,110.85,4.22,22.61,,0,4.42,,0,0,41.17,316.66,0,9.48,63.22,17.81,0,82.64,92.01,,,,,,,,
12/10/2027 0:00,4.36,5.34,15.85,4.68,0.5,4.25,0,3.01,0,0,6.75,13.38,0,0.53,1.84,0.76,0,2.86,2.48,7.61,5.34,18.9,6.75,0.52,5.3,0,3.78,6.49,0.12,7.34,14.01,0,0.56,146.1,1.76,0,11.99,75.2,104.66,7.77,335.82,110.29,4.24,22.52,,0,4.4,,0,0,40.85,320.92,0,9.4,44.23,17.79,0,68.66,59.42,,,,,,,,
12/11/2027 0:00,4.4,5.34,15.54,4.68,0.5,4.14,0,3.01,0,0,6.75,12.65,0,0.53,1.51,0.76,0,3.24,2.29,7.61,5.34,18.9,6.75,0.52,5.3,0,3.78,6.49,0.12,7.34,14.01,0,0.56,146.1,1.76,0,11.99,75.2,105.67,0.57,266.28,103.23,0,12.59,,0,0,,0,0,38.86,294.89,0,9.09,36.3,17.55,0,77.77,54.91,,,,,,,,
12/12/2027 0:00,4.4,5.34,15.58,4.68,0.5,4.16,0,3.01,0,0,6.75,11.98,0,0.53,3.24,0.76,0,2.57,5.03,7.61,5.34,18.9,6.75,0.52,5.3,0,3.78,6.49,0.12,7.34,14.01,0,0.56,146.1,1.76,0,11.99,75.2,105.67,0.86,221.98,99.86,0,12.63,,0,0,,0,0,37.86,265.66,0,9.02,77.87,17.52,0,61.62,120.7,,,,,,,,
12/13/2027 0:00,4.36,5.34,15.84,4.68,0.5,4.25,0,3.01,0,0,6.75,12.15,0,0.53,4.36,0.76,0,4.53,10.27,7.61,5.34,18.9,6.75,0.52,5.3,0,3.78,6.49,0.12,7.34,14.01,0,0.56,146.1,1.76,0,11.99,75.2,104.66,8.59,309.38,109.31,1.55,15.37,,0,0.16,,0,0,39.93,282.87,0,8.98,104.67,17.66,0,108.82,246.51,,,,,,,,
12/14/2027 0:00,4.36,5.34,15.84,4.68,0.5,4.25,0,3.01,0,0,6.75,12.47,0,0.53,2.02,0.76,0,4.56,11,7.61,5.34,18.9,6.75,0.52,5.3,0,3.78,6.49,0.12,7.34,14.01,0,0.56,146.1,1.76,0,11.99,75.2,104.66,10.11,324.73,110.5,4.02,26.28,,0,4.23,,0,0,41.23,293.04,0,10.01,48.55,17.81,0,109.41,263.93,,,,,,,,
12/15/2027 0:00,4.36,5.34,15.84,4.68,0.5,4.25,0,3.01,0,0,6.75,12.55,0,0.53,2.72,0.76,0,5.19,11.28,7.61,5.34,18.9,6.75,0.52,5.3,0,3.78,6.49,0.12,7.34,14.01,0,0.56,146.1,1.76,0,11.99,75.2,104.66,4.22,316.87,109.71,1.83,16.02,,0,0.19,,0,0,40.69,300.97,0,9.09,65.34,17.65,0,124.56,270.77,,,,,,,,
12/16/2027 0:00,4.36,5.34,15.82,4.68,0.5,4.24,0,3.01,0,0,6.75,13.35,0,0.53,2.19,0.76,0,2.05,5.02,7.61,5.34,18.9,6.75,0.52,5.3,0,3.78,6.49,0.12,7.34,14.01,0,0.56,146.1,1.76,0,11.99,75.2,104.66,10.11,334.28,110.92,6.4,33.09,,0,9.01,,0,0,40.9,318.84,0,10.16,52.46,17.86,0,49.27,120.46,,,,,,,,
12/17/2027 0:00,4.36,5.34,15.74,4.68,0.5,4.21,0,3.01,0,0,6.75,12.39,0,0.53,2.1,0.76,0,7.03,5.35,7.61,5.34,18.9,6.75,0.52,5.3,0,3.78,6.49,0.12,7.34,14.01,0,0.56,146.1,1.76,0,11.99,75.2,104.66,2.24,321.43,109.57,1.55,15.47,,0,0.2,,0,0,40.41,295.96,0,9.09,50.46,17.63,0,168.67,128.36,,,,,,,,
12/18/2027 0:00,4.4,5.34,15.43,4.67,0.5,4.1,0,3.01,0,0,6.75,9.43,0,0.53,2.17,0.76,0,7.27,22.5,7.61,5.34,18.9,6.75,0.52,5.3,0,3.78,6.49,0.12,7.34,14.01,0,0.56,146.1,1.76,0,11.99,75.2,105.67,0,165.32,87.48,0,12.47,,0,0,,0,0,37.47,186.98,0,8.15,52.1,17.5,0,174.39,540.09,,,,,,,,
12/19/2027 0:00,4.4,5.34,15.47,4.67,0.5,4.12,0,3.01,0,0,6.75,7.24,0,0.53,0.84,0.76,0,8.63,38.87,7.61,5.34,18.9,6.75,0.52,5.3,0,3.78,6.49,0.12,7.34,14.01,0,0.56,146.1,1.76,0,11.99,75.2,105.67,3.07,90.41,26.74,0,7.58,,0,0,,0,0,36.11,81.02,0,7.2,20.05,17.5,0,207.17,932.79,,,,,,,,
12/20/2027 0:00,4.36,5.34,15.73,4.67,0.5,4.21,0,3.01,0,0,6.75,7.84,0,0.53,1.53,0.76,0,7.18,40,7.61,5.34,18.9,6.75,0.52,5.3,0,3.78,6.49,0.12,7.34,14.01,0,0.56,146.1,1.76,0,11.99,75.2,104.66,0.88,157.25,73.68,0,10.43,,0,0,,0,0,37.54,138.53,0,7.4,36.64,17.51,0,172.27,960.07,,,,,,,,
12/21/2027 0:00,4.36,5.34,15.74,4.67,0.5,4.21,0,3.01,0,0,6.75,9.31,0,0.53,1.83,0.76,0,5.9,25.15,7.61,5.34,18.9,6.75,0.52,5.3,0,3.78,6.49,0.12,7.34,14.01,0,0.56,146.1,1.76,0,11.99,75.2,104.66,5.31,219.55,95.95,0,12.8,,0,0,,0,0,38.93,201.43,0,8.27,43.87,17.52,0,141.55,603.7,,,,,,,,
12/22/2027 0:00,4.36,5.34,15.75,4.67,0.5,4.21,0,3.01,0,0,6.75,9.13,0,0.53,2.41,0.76,0,6.35,29.22,7.61,5.34,18.9,6.75,0.52,5.3,0,3.78,6.49,0.12,7.34,14.01,0,0.56,146.1,1.76,0,11.99,75.2,104.66,0,202.2,92.81,0,12.8,,0,0,,0,0,37.82,178.89,0,7.83,57.94,17.52,0,152.5,701.31,,,,,,,,
12/23/2027 0:00,4.36,5.34,15.74,4.67,0.5,4.21,0,3.01,0,0,6.75,9.62,0,0.53,1.58,0.76,0,2.39,19.76,7.61,5.34,18.9,6.75,0.52,5.3,0,3.78,6.49,0.12,7.34,14.01,0,0.56,146.1,1.76,0,11.99,75.2,104.66,9.79,249.82,96.22,0,12.8,,0,0,,0,0,38.36,214.99,0,8.46,37.87,17.55,0,57.47,474.29,,,,,,,,
12/24/2027 0:00,4.36,5.34,15.67,4.67,0.5,4.19,0,3.01,0,0,6.75,8.27,0,0.53,3.59,0.76,0,3.23,26.58,7.61,5.34,18.9,6.75,0.52,5.3,0,3.78,6.49,0.12,7.34,14.01,0,0.56,146.1,1.76,0,11.99,75.2,104.66,4.77,124.28,53.55,0,11.07,,0,0,,0,0,37.47,140.95,0,7.32,86.13,17.5,0,77.42,637.86,,,,,,,,
12/25/2027 0:00,4.4,5.34,15.37,4.67,0.5,4.08,0,3.01,0,0,6.75,7.44,0,0.53,4.74,0.76,0,4.99,20.42,7.61,5.34,18.9,6.75,0.52,5.3,0,3.78,6.49,0.12,7.34,14.01,0,0.56,146.1,1.76,0,11.99,75.2,105.67,0.88,96.12,41.93,0,12.13,,0,0,,0,0,35.32,126.3,0,7.2,113.82,17.5,0,119.69,490.15,,,,,,,,
12/26/2027 0:00,4.4,5.34,15.43,4.67,0.5,4.1,0,3.01,0,0,6.75,5.51,0,0.53,1.99,0.76,0,7.29,39.82,7.61,5.34,18.9,6.75,0.52,5.3,0,3.78,6.49,0.12,7.34,14.01,0,0.56,146.1,1.76,0,11.99,75.2,96.99,8.69,89.8,24.86,0,0,,0,0,,0,0,34.25,63.76,0,7.2,47.65,11.82,0,174.93,955.63,,,,,,,,
12/27/2027 0:00,4.36,5.34,15.71,4.66,0.5,4.2,0,3.01,0,0,6.75,5.31,0,0.53,6.45,0.76,0,8.53,38.99,7.61,5.34,18.9,6.75,0.52,5.3,0,3.78,6.49,0.12,7.34,14.01,0,0.56,146.1,1.76,0,11.99,75.2,97.59,10.11,90.69,26.82,0,3.45,,0,0,,0,0,35.62,61.43,0,7.2,154.78,13.21,0,204.64,935.86,,,,,,,,
12/28/2027 0:00,4.36,5.34,15.73,4.66,0.5,4.21,0,3.01,0,0,6.75,4.88,0,0.53,4,0.76,0,8.67,45.55,7.61,5.34,18.9,6.75,0.52,5.3,0,3.78,6.49,0.12,7.34,14.01,0,0.56,146.1,1.76,0,11.99,75.2,94.61,4.62,90,24.86,0,0,,0,0,,0,0,35.69,56.48,0,7.2,96.06,10.96,0,207.99,1093.17,,,,,,,,
12/29/2027 0:00,4.36,5.34,15.75,4.66,0.5,4.22,0,3.01,0,0,6.75,4.73,0,0.53,4.02,0.76,0,6.84,47.97,7.61,5.34,18.9,6.75,0.52,5.3,0,3.78,6.49,0.12,7.34,14.01,0,0.56,146.1,1.76,0,11.99,75.2,96.49,9.45,90.01,24.86,0,0.65,,0,0,,0,0,35.06,54.72,0,7.2,96.54,12.23,0,164.12,1151.28,,,,,,,,
12/30/2027 0:00,4.36,5.34,15.76,4.66,0.5,4.22,0,3.01,0,0,6.75,5.17,0,0.53,6.33,0.76,0,7.71,40.74,7.61,5.34,18.9,6.75,0.52,5.3,0,3.78,6.49,0.12,7.34,14.01,0,0.56,146.1,1.76,0,11.99,75.2,100.9,18.17,90.02,24.99,0,1.97,,0,0,,0,0,35,59.82,0,7.2,151.85,14.84,0,184.98,977.73,,,,,,,,
12/31/2027 0:00,4.36,5.34,15.71,4.66,0.5,4.2,0,3.02,0,0,6.75,5.71,0,0.53,4.36,0.76,0,6.35,38.62,7.61,5.34,18.9,6.75,0.52,5.3,0,3.78,6.49,0.12,7.34,13.51,0,0.56,146.1,1.76,0,11.99,75.2,101.96,16.57,89.98,24.98,0,2.55,,0,0,,0,0,35.35,67.66,0,7.2,104.68,15.85,0,152.4,926.88,,,,,,,,
1/1/2028 0:00,4.3,7.38,16.01,4.88,0.5,4.1,0,3.03,0,0,6.75,6.32,0,0.53,5.38,0.77,0,6.93,26.81,7.61,7.38,19.65,6.75,0.52,5.3,0,3.78,6.49,0.12,7.34,13.51,0,0.56,147.27,1.76,0,12.14,75.49,100.32,12.3,92.38,42.48,0,4.64,,0,0,,0,0,34.26,78.87,0,7.2,129.16,16.1,0,166.24,643.38,,,,,,,,
1/2/2028 0:00,4.31,7.38,16.09,4.89,0.5,4.13,0,3.03,0,0,6.75,7.07,0,0.53,4.18,0.77,0,5.5,27.76,7.61,7.38,19.65,6.75,0.52,5.3,0,3.78,6.49,0.12,7.34,13.51,0,0.56,147.27,1.76,0,12.14,75.49,103.45,0,92.55,43.26,0,8.13,,0,0,,0,0,34.22,95.84,0,7.2,100.24,17.59,0,131.95,666.18,,,,,,,,
1/3/2028 0:00,4.31,7.38,16.4,4.89,0.5,4.23,0,3.03,0,0,6.75,8.49,0,0.53,5.6,0.77,0,6.55,15.64,7.61,7.38,19.65,6.75,0.52,5.3,0,3.78,6.49,0.12,7.34,13.51,0,0.56,147.27,1.76,0,12.14,75.49,103.45,15.1,224.03,89.52,0,12.85,,0,0,,0,0,36.14,164.46,0,8.15,134.41,17.62,0,157.31,375.3,,,,,,,,
1/4/2028 0:00,4.3,7.38,16.43,4.88,0.5,4.24,0,3.03,0,0,6.75,6.6,0,0.53,1.64,0.77,0,7.92,46.11,7.61,7.38,19.65,6.75,0.52,5.3,0,3.78,6.49,0.12,7.34,13.51,0,0.56,147.27,1.76,0,12.14,75.49,103.12,1.55,92.47,42.97,0,9.35,,0,0,,0,0,36.68,79.92,0,7.2,39.39,17.59,0,189.99,1106.74,,,,,,,,
1/5/2028 0:00,4.3,7.38,16.47,4.88,0.5,4.25,0,3.03,0,0,6.75,8.04,0,0.53,2.81,0.77,0,3.99,30.39,7.61,7.38,19.65,6.75,0.52,5.3,0,3.78,6.49,0.12,7.34,13.51,0,0.56,147.27,1.76,0,12.14,75.49,103.12,15.09,190.64,72.33,0,11.11,,0,0,,0,0,36.3,148.5,0,7.83,67.49,17.61,0,95.67,729.31,,,,,,,,
1/6/2028 0:00,4.3,7.38,16.49,4.88,0.5,4.26,0,3.03,0,0,6.75,8.36,0,0.53,3.68,0.77,0,8.6,24.59,7.61,7.38,19.65,6.75,0.52,5.3,0,3.78,6.49,0.12,7.34,13.51,0,0.56,147.27,1.76,0,12.14,75.49,103.12,1.55,188.27,83.57,0,12.95,,0,0,,0,0,36.44,164.27,0,7.56,88.38,17.6,0,206.4,590.19,,,,,,,,
1/7/2028 0:00,4.3,7.38,16.44,4.88,0.5,4.25,0,3.03,0,0,6.75,8.35,0,0.53,5.76,0.77,0,8.91,21.13,7.61,7.38,19.65,6.75,0.52,5.3,0,3.78,6.49,0.12,7.34,13.51,0,0.56,147.27,1.76,0,12.14,75.49,103.12,6.8,180.49,89.87,0,12.9,,0,0,,0,0,36.2,158.81,0,7.48,138.13,17.61,0,213.94,507.13,,,,,,,,
1/8/2028 0:00,4.3,7.38,16.16,4.88,0.5,4.15,0,3.03,0,0,6.75,8.05,0,0.53,2.87,0.77,0,9.4,22.53,7.61,7.38,19.65,6.75,0.52,5.3,0,3.78,6.49,0.12,7.34,13.51,0,0.56,147.27,1.76,0,12.14,75.49,103.12,3.35,139.9,67.37,0,12.08,,0,0,,0,0,35.38,139.7,0,7.36,68.91,17.59,0,225.52,540.64,,,,,,,,
1/9/2028 0:00,4.31,7.38,16.24,4.88,0.5,4.18,0,3.03,0,0,6.75,8.37,0,0.53,3.21,0.77,0,6.09,21.2,7.61,7.38,19.65,6.75,0.52,5.3,0,3.78,6.49,0.12,7.34,13.51,0,0.56,147.27,1.76,0,12.14,75.49,103.45,1.55,144.13,67.86,0,12.45,,0,0,,0,0,34.58,149.37,0,7.52,77.13,17.6,0,146.15,508.79,,,,,,,,
1/10/2028 0:00,4.31,7.38,16.55,4.88,0.5,4.28,0,3.03,0,0,6.75,9.26,0,0.53,3.62,0.77,0,6,24.35,7.61,7.38,19.65,6.75,0.52,5.3,0,3.78,6.49,0.12,7.34,13.51,0,0.56,147.27,1.76,0,12.14,75.49,103.45,9.82,216.04,94.49,0,13.01,,0,0,,0,0,35.87,190.57,0,8.03,86.8,17.61,0,143.98,584.46,,,,,,,,
1/11/2028 0:00,4.3,7.38,16.59,4.88,0.5,4.3,0,3.03,0,0,6.75,8.46,0,0.53,2.33,0.77,0,7.51,33.1,7.61,7.38,19.65,6.75,0.52,5.3,0,3.78,6.49,0.12,7.34,13.51,0,0.56,147.27,1.76,0,12.14,75.49,103.12,6.89,162.49,78.55,0,12.96,,0,0,,0,0,36.7,148.84,0,7.48,55.85,17.6,0,180.18,794.29,,,,,,,,
1/12/2028 0:00,4.3,7.38,16.63,4.88,0.5,4.31,0,3.03,0,0,6.75,7.09,0,0.53,2.33,0.77,0,7.36,45.68,7.61,7.38,19.65,6.75,0.52,5.3,0,3.78,6.49,0.12,7.34,13.51,0,0.56,147.27,1.76,0,12.14,75.49,103.12,1.55,107.22,44.65,0,10.98,,0,0,,0,0,36.21,107.62,0,7.2,55.87,17.59,0,176.73,1096.28,,,,,,,,
1/13/2028 0:00,4.3,7.38,16.65,4.88,0.5,4.31,0,3.03,0,0,6.75,6.87,0,0.53,4.45,0.77,0,6.62,44.8,7.61,7.38,19.65,6.75,0.52,5.3,0,3.78,6.49,0.12,7.34,13.51,0,0.56,147.27,1.76,0,12.14,75.49,103.12,5.08,109.19,44.34,0,10.76,,0,0,,0,0,35.57,101.93,0,7.2,106.85,17.59,0,158.85,1075.28,,,,,,,,
1/14/2028 0:00,4.3,7.38,16.6,4.88,0.5,4.3,0,3.03,0,0,6.75,6.93,0,0.53,3.71,0.77,0,8.94,40.61,7.61,7.38,19.65,6.75,0.52,5.3,0,3.78,6.49,0.12,7.34,13.51,0,0.56,147.27,1.76,0,12.14,75.49,103.12,5.58,104.09,54,0,11.71,,0,0,,0,0,35.03,106.39,0,7.2,89.1,17.59,0,214.53,974.65,,,,,,,,
1/15/2028 0:00,4.3,7.38,16.31,4.88,0.5,4.2,0,3.03,0,0,6.75,6.54,0,0.53,3.06,0.77,0,7.07,42.61,7.61,7.38,19.65,6.75,0.52,5.3,0,3.78,6.49,0.12,7.34,13.51,0,0.56,147.27,1.76,0,12.14,75.49,103.12,0,92.51,42.45,0,7.84,,0,0,,0,0,33.74,80.43,0,7.2,73.39,17.59,0,169.71,1022.59,,,,,,,,
1/16/2028 0:00,4.31,7.38,16.38,4.88,0.5,4.23,0,3.03,0,0,6.75,7.76,0,0.53,6.34,0.77,0,5.16,29.05,7.61,7.38,19.65,6.75,0.52,5.3,0,3.78,6.49,0.12,7.34,13.51,0,0.56,147.27,1.76,0,12.14,75.49,103.45,3.17,107.24,52.78,0,11.51,,0,0,,0,0,32.79,116.11,0,7.2,152.14,17.59,0,123.86,697.2,,,,,,,,
1/17/2028 0:00,4.31,7.38,16.69,4.88,0.5,4.33,0,3.03,0,0,6.75,9.76,0,0.53,7.45,0.77,0,7.71,20.83,7.61,7.38,19.65,6.75,0.52,5.3,0,3.78,6.49,0.12,7.34,13.51,0,0.56,147.27,1.76,0,12.14,75.49,103.45,5.34,240.93,94.96,0.78,14.37,,0,0.08,,0,0,34.44,193.01,0,8.15,178.78,17.68,0,185.13,499.89,,,,,,,,
1/18/2028 0:00,4.3,7.38,16.72,4.87,0.5,4.34,0,3.03,0,0,6.75,11.36,0,0.53,4.14,0.77,0,7.28,12.16,7.61,7.38,19.65,6.75,0.52,5.3,0,3.78,6.49,0.12,7.34,13.51,0,0.56,147.27,1.76,0,12.14,75.49,103.12,9.66,332.97,113.66,1.16,14.22,,0,0.12,,0,0,36.84,260.05,0,8.98,99.32,17.72,0,174.72,291.96,,,,,,,,
1/19/2028 0:00,4.3,7.38,16.74,4.87,0.5,4.35,0,3.03,0,0,6.75,11.35,0,0.53,4.46,0.77,0,6.58,19.73,7.61,7.38,19.65,6.75,0.52,5.3,0,3.78,6.49,0.12,7.34,13.51,0,0.56,147.27,1.76,0,12.14,75.49,103.12,0.3,304.38,108.22,1.4,14.32,,0,0.12,,0,0,37.69,253.58,0,8.42,107.02,17.67,0,157.96,473.45,,,,,,,,
1/20/2028 0:00,4.3,7.38,16.76,4.87,0.5,4.35,0,3.03,0,0,6.75,13.21,0,0.53,3.08,0.77,0,1.51,4.14,7.61,7.38,19.65,6.75,0.52,5.3,0,3.78,6.49,0.12,7.34,13.51,0,0.56,147.27,1.76,0,12.14,75.49,103.12,15.1,374.25,115.52,4.77,24.38,,0,4.94,,0,0,39.94,316.92,0,9.63,73.81,17.99,0,36.18,99.34,,,,,,,,
1/21/2028 0:00,4.3,7.38,16.69,4.87,0.5,4.33,0,3.03,0,0,6.75,12.41,0,0.53,2.07,0.77,0,2.15,14.55,7.61,7.38,19.65,6.75,0.52,5.3,0,3.78,6.49,0.12,7.34,13.51,0,0.56,147.27,1.76,0,12.14,75.49,103.12,6.76,351.35,114.4,1.99,17.01,,0,0.96,,0,0,39.95,296.53,0,9.09,49.59,17.73,0,51.51,349.27,,,,,,,,
1/22/2028 0:00,4.3,7.38,16.39,4.87,0.5,4.23,0,3.03,0,0,6.75,11.81,0,0.53,0.95,0.77,0,2.92,10.7,7.61,7.38,19.65,6.75,0.52,5.3,0,3.78,6.49,0.12,7.34,13.51,0,0.56,147.27,1.76,0,12.14,75.49,103.12,0,283.63,107.24,0,12.85,,0,0,,0,0,37.81,268.53,0,8.9,22.85,17.61,0,70.18,256.7,,,,,,,,
1/23/2028 0:00,4.31,7.38,16.45,4.87,0.5,4.25,0,3.03,0,0,6.75,12.3,0,0.53,1.72,0.77,0,0.59,5.7,7.61,7.38,19.65,6.75,0.52,5.3,0,3.78,6.49,0.12,7.34,13.51,0,0.56,147.27,1.76,0,12.14,75.49,103.45,0.17,274.56,107.21,0,12.91,,0,0,,0,0,37.12,294.53,0,9.09,41.34,17.65,0,14.08,136.77,,,,,,,,
1/24/2028 0:00,4.31,7.38,16.75,4.87,0.5,4.35,0,3.03,0,0,6.75,13.56,0,0.53,1.65,0.77,0,0.43,4.01,7.61,7.38,19.65,6.75,0.52,5.3,0,3.78,6.49,0.12,7.34,13.51,0,0.56,147.27,1.76,0,12.14,75.49,103.45,15.1,363.61,114.4,8.24,43.55,,0,17.49,,0,0,40.69,323.97,0,11.54,39.48,18.13,0,10.21,96.13,,,,,,,,
1/25/2028 0:00,4.3,7.38,16.77,4.87,0.5,4.35,0,3.03,0,0,6.75,13.77,0,0.53,0.98,0.77,0,4.31,1.95,7.61,7.38,19.65,6.75,0.52,5.3,0,3.78,6.49,0.12,7.34,13.51,0,0.56,147.27,1.76,0,12.14,75.49,103.12,7.45,382.1,115.6,5.88,29.25,,0,7.44,,0,0,42.35,330.36,0,10.62,23.45,18.11,0,103.47,46.86,,,,,,,,
1/26/2028 0:00,4.3,7.38,16.78,4.86,0.5,4.36,0,3.03,0,0,6.75,13.51,0,0.53,1.36,0.77,0,6.1,2.71,7.61,7.38,19.65,6.75,0.52,5.3,0,3.78,6.49,0.12,7.34,13.51,0,0.56,147.27,1.76,0,12.14,75.49,103.12,12.33,377,115.37,5.08,25.71,,0,6.37,,0,0,41.31,324.13,0,10.01,32.72,18.05,0,146.32,64.93,,,,,,,,
1/27/2028 0:00,4.3,7.38,16.78,4.86,0.5,4.36,0,3.03,0,0,6.75,13.2,0,0.53,2.2,0.77,0,2.72,8.28,7.61,7.38,19.65,6.75,0.52,5.3,0,3.78,6.49,0.12,7.34,13.51,0,0.56,147.27,1.76,0,12.14,75.49,103.12,5.89,365.47,114.78,4.34,24.08,,0,3.64,,0,0,41.29,316.7,0,9.7,52.75,17.86,0,65.36,198.62,,,,,,,,
1/28/2028 0:00,4.3,7.38,16.71,4.86,0.5,4.33,0,3.03,0,0,6.75,12.84,0,0.53,3.08,0.77,0,2.64,4.01,7.61,7.38,19.65,6.75,0.52,5.3,0,3.78,6.49,0.12,7.34,13.51,0,0.56,147.27,1.76,0,12.14,75.49,103.12,18.92,378.15,114.98,5.21,35.64,,0,7.9,,0,0,41.68,308.09,0,10.31,73.92,17.98,0,63.29,96.31,,,,,,,,
1/29/2028 0:00,4.3,7.38,16.4,4.86,0.5,4.23,0,3.03,0,0,6.75,9.79,0,0.53,3.89,0.77,0,6.48,19.67,7.61,7.38,19.65,6.75,0.52,5.3,0,3.78,6.49,0.12,7.34,13.51,0,0.56,147.27,1.76,0,12.14,75.49,103.12,0,206.71,91.38,0,12.86,,0,0,,0,0,37.95,202.15,0,8.11,93.46,17.59,0,155.42,472.08,,,,,,,,
1/30/2028 0:00,4.31,7.38,16.45,4.86,0.5,4.25,0,3.03,0,0,6.75,7.6,0,0.53,3.94,0.77,0,5.68,36.94,7.61,7.38,19.65,6.75,0.52,5.3,0,3.78,6.49,0.12,7.34,13.51,0,0.56,147.27,1.76,0,12.14,75.49,103.45,0,112.43,51.24,0,7.88,,0,0,,0,0,35.91,123.93,0,7.2,94.55,17.59,0,136.23,886.62,,,,,,,,
1/31/2028 0:00,4.31,7.38,16.74,4.86,0.5,4.34,0,3.03,0,0,6.75,8.07,0,0.53,3.34,0.77,0,5.09,36.98,7.61,7.38,19.65,6.75,0.52,5.3,0,3.78,6.49,0.12,7.34,13.51,0,0.56,147.27,1.76,0,12.14,75.49,103.45,12.33,169.53,73.13,0,13.2,,0,0,,0,0,37.21,157,0,7.2,80.23,17.59,0,122.06,887.64,,,,,,,,
2/1/2028 0:00,4.41,7.38,16.75,5.06,0.5,4.35,0,3.03,0,0,6.75,7.08,0,0.53,2.35,0.77,0,7.41,50.78,7.61,7.38,19.65,6.75,0.52,5.3,0,3.78,6.49,0.12,7.34,13.51,0,0.56,148.43,1.76,0,12.3,75.78,105.74,1.63,93.15,44.2,0,10.99,,0,0,,0,0,36.63,87.9,0,7.2,56.34,17.59,0,177.86,1218.76,,,,,,,,
2/2/2028 0:00,4.41,7.38,16.76,5.06,0.5,4.35,0,3.03,0,0,6.75,8.14,0,0.53,2.72,0.77,0,7.28,33.53,7.61,7.38,19.65,6.75,0.52,5.3,0,3.78,6.49,0.12,7.34,13.51,0,0.56,148.43,1.76,0,12.3,75.78,105.74,15.1,197.22,80.16,0,10.66,,0,0,,0,0,37.17,141.95,0,7.71,65.31,17.61,0,174.69,804.61,,,,,,,,
2/3/2028 0:00,4.41,7.38,16.76,5.06,0.5,4.35,0,3.03,0,0,6.75,7.66,0,0.53,1.95,0.77,0,6.09,49.79,7.61,7.38,19.65,6.75,0.52,5.3,0,3.78,6.49,0.12,7.34,13.51,0,0.56,148.43,1.76,0,12.3,75.78,105.74,0,100.06,43.61,0,10.93,,0,0,,0,0,37.29,115.87,0,7.2,46.88,17.59,0,146.25,1194.98,,,,,,,,
2/4/2028 0:00,4.41,7.38,16.68,5.06,0.5,4.32,0,3.03,0,0,6.75,10.89,0,0.53,6.87,0.77,0,3.26,9.88,7.61,7.38,19.65,6.75,0.52,5.3,0,3.78,6.49,0.12,7.34,13.51,0,0.56,148.43,1.76,0,12.3,75.78,105.74,17.28,313.47,109.26,1.63,14.92,,0,0.17,,0,0,38.6,241.24,0,8.62,164.9,17.69,0,78.2,237.04,,,,,,,,
2/5/2028 0:00,4.41,7.38,16.37,5.06,0.5,4.22,0,3.03,0,0,6.75,10.6,0,0.53,4.07,0.77,0,9.08,10.43,7.61,7.38,19.65,6.75,0.52,5.3,0,3.78,6.49,0.12,7.34,13.51,0,0.56,148.43,1.76,0,12.3,75.78,105.74,0,191.23,89.81,0,12.83,,0,0,,0,0,37.37,199.18,0,7.59,97.66,17.59,0,217.95,250.4,,,,,,,,
2/6/2028 0:00,4.44,7.38,16.42,5.06,0.5,4.24,0,3.03,0,0,6.75,11.35,0,0.53,4.45,0.77,0,1.08,6.35,7.61,7.38,19.65,6.75,0.52,5.3,0,3.78,6.49,0.12,7.34,13.51,0,0.56,148.43,1.76,0,12.3,75.78,106.56,1.91,259.16,108.42,0,12.88,,0,0,,0,0,37.2,248.86,0,8.07,106.77,17.61,0,25.98,152.43,,,,,,,,
2/7/2028 0:00,4.44,7.38,16.71,5.06,0.5,4.33,0,3.03,0,0,6.75,11.43,0,0.53,12.08,0.77,0,3.28,5.92,7.61,7.38,19.65,6.75,0.52,5.3,0,3.78,6.49,0.12,7.34,13.51,0,0.56,148.43,1.76,0,12.3,75.78,106.56,22.42,332.29,115.91,2.88,17.78,,0,2.78,,0,0,40.26,255.31,0,8.5,289.84,17.81,0,78.68,141.99,,,,,,,,
2/8/2028 0:00,4.41,7.38,16.72,5.06,0.5,4.34,0,3.03,0,0,6.75,10.35,0,0.53,13.74,0.77,0,5.58,12.79,7.61,7.38,19.65,6.75,0.52,5.3,0,3.78,6.49,0.12,7.34,13.51,0,0.56,148.43,1.76,0,12.3,75.78,105.74,10.67,283.84,106.87,0.54,14.02,,0,0.07,,0,0,42.61,224.15,0,8.42,329.73,17.66,0,133.84,306.97,,,,,,,,
2/9/2028 0:00,4.41,7.38,16.73,5.06,0.5,4.34,0,3.03,0,0,6.75,9.2,0,0.53,12.57,0.77,0,9.64,19.9,7.61,7.38,19.65,6.75,0.52,5.3,0,3.78,6.49,0.12,7.34,13.51,0,0.56,148.43,1.76,0,12.3,75.78,105.74,8.6,225.35,95.56,0,13.14,,0,0,,0,0,41.12,181.31,0,7.87,301.59,17.62,0,231.32,477.57,,,,,,,,
2/10/2028 0:00,4.41,7.38,16.72,5.06,0.5,4.34,0,3.03,0,0,6.75,8.92,0,0.53,9.61,0.77,0,8.09,24.53,7.61,7.38,19.65,6.75,0.52,5.3,0,3.78,6.49,0.12,7.34,13.51,0,0.56,148.43,1.76,0,12.3,75.78,105.74,9.51,199.08,90,0,13.18,,0,0,,0,0,40.18,168.32,0,7.28,230.54,17.6,0,194.11,588.76,,,,,,,,
2/11/2028 0:00,4.41,7.38,16.64,4.74,0.5,4.31,0,3.03,0,0,6.75,9.02,0,0.53,4.63,0.77,0,7.49,31.39,7.61,7.38,19.65,6.75,0.52,5.3,0,3.78,6.49,0.12,7.34,13.51,0,0.56,148.43,1.76,0,12.3,75.78,105.74,5.82,182.74,65.16,0,13.01,,0,0,,0,0,38.86,157.03,0,7.79,111.13,17.61,0,179.69,753.39,,,,,,,,
2/12/2028 0:00,4.41,7.38,16.33,4.74,0.5,4.21,0,3.03,0,0,6.75,11.04,0,0.53,4.99,0.77,0,2.86,5.72,7.61,7.38,19.65,6.75,0.52,5.3,0,3.78,6.49,0.12,7.34,13.51,0,0.56,148.43,1.76,0,12.3,75.78,105.74,3.69,254.28,102.67,0,12.79,,0,0,,0,0,38.97,219.64,0,8.7,119.68,17.61,0,68.71,137.34,,,,,,,,
2/13/2028 0:00,4.44,7.38,16.39,4.74,0.5,4.23,0,3.03,0,0,6.75,11.2,0,0.53,7.13,0.77,0,2.29,4.66,7.61,7.38,19.65,6.75,0.52,5.3,0,3.78,6.49,0.12,7.34,13.51,0,0.56,148.43,1.76,0,12.3,75.78,106.56,1.55,218.98,86.26,0,12.84,,0,0,,0,0,38.68,227.95,0,7.79,171.05,17.6,0,54.86,111.78,,,,,,,,
2/14/2028 0:00,4.44,7.38,16.67,5.05,0.5,4.32,0,3.03,0,0,6.75,12.07,0,0.53,8.12,0.77,0,1.77,3.58,7.61,7.38,19.65,6.75,0.52,5.3,0,3.78,6.49,0.12,7.34,13.51,0,0.56,148.43,1.76,0,12.3,75.78,106.56,16.34,332.3,116.3,1.96,17.11,,0,0.18,,0,0,41.84,272.43,0,8.86,194.81,17.75,0,42.43,85.8,,,,,,,,
2/15/2028 0:00,4.41,7.38,16.68,5.05,0.5,4.33,0,3.03,0,0,6.75,11.37,0,0.53,9.76,0.77,0,3.41,6.62,7.61,7.38,19.65,6.75,0.52,5.3,0,3.78,6.49,0.12,7.34,13.51,0,0.56,148.43,1.76,0,12.3,75.78,105.74,12.27,305.53,112.02,0.78,15.23,,0,0.12,,0,0,44.57,248.4,0,8.46,234.23,17.69,0,81.88,158.78,,,,,,,,
2/16/2028 0:00,4.41,7.38,16.69,5.05,0.5,4.33,0,3.03,0,0,6.75,9,0,0.53,9.6,0.77,0,6.33,21.4,7.61,7.38,19.65,6.75,0.52,5.3,0,3.78,6.49,0.12,7.34,13.51,0,0.56,148.43,1.76,0,12.3,75.78,105.74,7.1,195.1,93.06,0,12.98,,0,0,,0,0,43.47,169.11,0,7.52,230.47,17.61,0,151.93,513.61,,,,,,,,
2/17/2028 0:00,4.41,7.38,16.68,5.05,0.5,4.33,0,3.03,0,0,6.75,6.53,0,0.53,3.25,0.77,0,6.56,50.56,7.61,7.38,19.65,6.75,0.52,5.3,0,3.78,6.49,0.12,7.34,13.51,0,0.56,148.43,1.76,0,12.3,75.78,105.74,3.39,92.86,43.42,0,7.68,,0,0,,0,0,40.9,79.46,0,7.2,78.02,17.59,0,157.33,1213.47,,,,,,,,
2/18/2028 0:00,4.41,7.38,16.6,5.05,0.5,4.3,0,3.03,0,0,6.75,7.17,0,0.53,3.97,0.77,0,5.67,40.99,7.61,7.38,19.65,6.75,0.52,5.3,0,3.78,6.49,0.12,7.34,13.51,0,0.56,148.43,1.76,0,12.3,75.78,105.74,8.94,111.89,48.82,0,9.28,,0,0,,0,0,38.84,94.59,0,7.2,95.32,17.59,0,136.13,983.69,,,,,,,,
2/19/2028 0:00,4.41,7.38,16.29,5.05,0.5,4.2,0,3.03,0,0,6.75,7.53,0,0.53,6.5,0.77,0,5.02,22.55,7.61,7.38,19.65,6.75,0.52,5.3,0,3.78,6.49,0.12,7.34,13.51,0,0.56,148.43,1.76,0,12.3,75.78,105.74,18.52,119.61,51.77,0,11.19,,0,0,,0,0,38.05,109.5,0,7.2,155.99,17.59,0,120.57,541.1,,,,,,,,
2/20/2028 0:00,4.44,7.38,16.34,5.05,0.5,4.21,0,3.03,0,0,6.75,5.14,0,0.53,9.92,0.77,0,7.95,46.56,7.61,7.38,19.65,6.75,0.52,5.3,0,3.78,6.49,0.12,7.34,13.51,0,0.56,148.43,1.76,0,12.3,75.78,96.54,0.49,92.41,40.46,0,0,,0,0,,0,0,36.18,62.11,0,7.2,238.08,12.55,0,190.8,1117.44,,,,,,,,
2/21/2028 0:00,4.44,7.38,16.62,5.05,0.5,4.31,0,3.03,0,0,6.75,8.77,0,0.53,9.62,0.77,0,5.04,21.76,7.61,7.38,19.65,6.75,0.52,5.3,0,3.78,6.49,0.12,7.34,13.51,0,0.56,148.43,1.76,0,12.3,75.78,106.56,12.01,207.64,71.87,1.16,11.86,,0,0.12,,0,0,37.85,149.14,0,7.83,230.85,17.65,0,120.97,522.22,,,,,,,,
2/22/2028 0:00,4.41,7.38,16.63,5.04,0.5,4.31,0,3.03,0,0,6.75,11.11,0,0.53,10.5,0.77,0,2.63,6.83,7.61,7.38,19.65,6.75,0.52,5.3,0,3.78,6.49,0.12,7.34,13.51,0,0.56,148.43,1.76,0,12.3,75.78,105.74,5.03,306.83,109.38,0,13.09,,0,0.01,,0,0,40.33,245.25,0,8.78,251.9,17.64,0,63.08,163.97,,,,,,,,
2/23/2028 0:00,4.41,7.38,16.63,5.04,0.5,4.31,0,3.03,0,0,6.75,10.99,0,0.53,4.82,0.77,0,6.2,7.48,7.61,7.38,19.65,6.75,0.52,5.3,0,3.78,6.49,0.12,7.34,13.51,0,0.56,148.43,1.76,0,12.3,75.78,105.74,7.32,294.54,112.34,0.16,13.09,,0,0,,0,0,40.52,240.11,0,9.05,115.78,17.62,0,148.9,179.52,,,,,,,,
2/24/2028 0:00,4.41,7.38,16.63,5.04,0.5,4.31,0,3.03,0,0,6.75,8.4,0,0.53,4.43,0.77,0,9.26,29.81,7.61,7.38,19.65,6.75,0.52,5.3,0,3.78,6.49,0.12,7.34,13.51,0,0.56,148.43,1.76,0,12.3,75.78,105.74,0.89,146.11,62.48,0,12.78,,0,0,,0,0,38.92,147.82,0,7.28,106.36,17.59,0,222.18,715.46,,,,,,,,
2/25/2028 0:00,4.41,7.38,16.54,5.04,0.5,4.28,0,3.03,0,0,6.75,7.5,0,0.53,6.94,0.77,0,8.97,34.42,7.61,7.38,19.65,6.75,0.52,5.3,0,3.78,6.49,0.12,7.34,13.51,0,0.56,148.43,1.76,0,12.3,75.78,105.74,15.2,118.39,56,0,9.49,,0,0,,0,0,37.95,115.81,0,7.2,166.55,17.59,0,215.36,826.16,,,,,,,,
2/26/2028 0:00,4.41,7.38,16.23,5.04,0.5,4.18,0,3.03,0,0,6.75,8.55,0,0.53,8.89,0.77,0,6.84,19.38,7.61,7.38,19.65,6.75,0.52,5.3,0,3.78,6.49,0.12,7.34,13.51,0,0.56,148.43,1.76,0,12.3,75.78,105.74,9.06,128.77,61.49,0,10.01,,0,0,,0,0,36.86,147.39,0,7.2,213.38,17.59,0,164.16,465.17,,,,,,,,
2/27/2028 0:00,4.44,7.38,16.27,5.04,0.5,4.19,0,3.03,0,0,6.75,9.74,0,0.53,11.17,0.77,0,1.1,11,7.61,7.38,19.65,6.75,0.52,5.3,0,3.78,6.49,0.12,7.34,13.51,0,0.56,148.43,1.76,0,12.3,75.78,106.56,4.14,161.68,75.28,0,11.46,,0,0,,0,0,36.81,172.3,0,7.63,268.04,17.6,0,26.41,264.09,,,,,,,,
2/28/2028 0:00,4.44,7.38,16.55,5.03,0.5,4.28,0,3.03,0,0,6.75,10.64,0,0.53,15.79,0.77,0,0.76,9.15,7.61,7.38,19.65,6.75,0.52,5.3,0,3.78,6.49,0.12,7.34,13.51,0,0.56,148.43,1.76,0,12.3,75.78,106.56,25.39,257.33,103.27,0.93,13.01,,0,0.12,,0,0,38.96,207.74,0,8.19,379.03,17.62,0,18.19,219.63,,,,,,,,
2/29/2028 0:00,4.21,7.38,16.56,5.03,0.5,4.28,0,3.03,0,0,6.75,10.82,0,0.53,15.79,0.77,0,0.69,9.1,7.61,7.38,19.65,6.75,0.52,5.3,0,3.78,6.49,0.12,7.34,13.51,0,0.56,148.43,1.76,0,12.3,75.78,100.98,16.16,276.19,106.38,1.01,13.01,,0,0.1,,0,0,41.74,233.32,0,8.62,379.03,17.62,0,16.53,218.4,,,,,,,,
3/1/2028 0:00,4.21,7.38,16.56,4.88,0.5,4.28,0,3.03,0,0,6.75,10.37,0,0.53,21.15,0.77,0,0.44,7.93,7.61,7.38,19.65,6.75,0.52,5.3,0,3.78,6.49,0.12,7.34,13.51,0,0.56,149.6,1.76,0,12.46,76.08,100.98,16.05,260.16,94.15,0.08,11.86,,0,0.08,,0,0,43.42,206.6,0,8.46,507.52,17.62,0,10.46,190.33,,,,,,,,
3/2/2028 0:00,4.21,7.38,16.55,4.87,0.5,4.28,0,3.03,0,0,6.75,10.56,0,0.53,18.56,0.77,0,1.13,6.85,7.61,7.38,19.65,6.75,0.52,5.3,0,3.78,6.49,0.12,7.34,13.51,0,0.56,149.6,1.76,0,12.46,76.08,100.98,10.61,265.14,94.74,0.54,12.96,,0,0.12,,0,0,43.43,212.07,0,8.15,445.52,17.62,0,27.2,164.38,,,,,,,,
3/3/2028 0:00,4.21,7.38,16.46,4.87,0.5,4.25,0,3.03,0,0,6.75,10.38,0,0.53,13.19,0.77,0,4.14,6.66,7.61,7.38,19.65,6.75,0.52,5.3,0,3.78,6.49,0.12,7.34,13.51,0,0.56,149.6,1.76,0,12.46,76.08,100.98,13.36,263.53,92.95,0,12.92,,0,0,,0,0,43.07,204.77,0,8.15,316.49,17.61,0,99.29,159.91,,,,,,,,
3/4/2028 0:00,4.21,7.38,16.14,4.87,0.5,4.15,0,3.03,0,0,6.75,8.9,0,0.53,8.82,0.77,0,5.45,18.93,7.61,7.38,19.65,6.75,0.52,5.3,0,3.78,6.49,0.12,7.34,13.51,0,0.56,149.6,1.76,0,12.46,76.08,100.98,15.1,145.12,41.68,0,10.23,,0,0,,0,0,40.66,148.02,0,7.2,211.65,17.59,0,130.9,454.39,,,,,,,,
3/5/2028 0:00,4.15,7.38,16.18,4.87,0.5,4.16,0,3.03,0,0,6.75,9.59,0,0.53,7.07,0.77,0,4.52,11.88,7.61,7.38,19.65,6.75,0.52,5.3,0,3.78,6.49,0.12,7.34,13.51,0,0.56,149.6,1.76,0,12.46,76.08,99.63,0.47,169.69,49.42,0,12.58,,0,0,,0,0,38.28,161.92,0,7.4,169.63,17.6,0,108.58,285.14,,,,,,,,
3/6/2028 0:00,4.15,7.38,16.46,4.87,0.5,4.25,0,3.03,0,0,6.75,10.44,0,0.53,7.96,0.77,0,3.98,9.25,7.61,7.38,19.65,6.75,0.52,5.3,0,3.78,6.49,0.12,7.34,13.51,0,0.56,149.6,1.76,0,12.46,76.08,99.63,12.6,262.96,95.32,0,12.92,,0,0,,0,0,39.44,205.52,0,7.79,191.06,17.61,0,95.64,222.09,,,,,,,,
3/7/2028 0:00,4.21,7.38,16.46,4.87,0.5,4.25,0,3.03,0,0,6.75,9.07,0,0.53,10.18,0.77,0,5.09,28.63,7.61,7.38,19.65,6.75,0.52,5.3,0,3.78,6.49,0.12,7.34,13.51,0,0.56,149.6,1.76,0,12.46,76.08,100.98,0.19,169.08,51.62,0,12.39,,0,0,,0,0,38.64,160.52,0,7.48,244.31,17.6,0,122.2,687.22,,,,,,,,
3/8/2028 0:00,4.21,7.38,16.46,4.87,0.5,4.25,0,3.03,0,0,6.75,11.42,0,0.53,5.11,0.77,0,1.38,9.09,7.61,7.38,19.65,6.75,0.52,5.3,0,3.78,6.49,0.12,7.34,13.51,0,0.56,149.6,1.76,0,12.46,76.08,100.98,13.78,291.56,99.96,0.23,12.92,,0,0,,0,0,39.28,234.34,0,8.11,122.56,17.61,0,33.24,218.14,,,,,,,,
3/9/2028 0:00,4.21,7.38,16.45,4.87,0.5,4.25,0,3.03,0,0,6.75,10.9,0,0.53,8.2,0.77,0,0.92,12.1,7.61,7.38,19.65,6.75,0.52,5.3,0,3.78,6.49,0.12,7.34,13.51,0,0.56,149.6,1.76,0,12.46,76.08,100.98,8.01,280.92,94.72,0.16,12.91,,0,0,,0,0,39.77,218.52,0,7.87,196.92,17.61,0,22.17,290.4,,,,,,,,
3/10/2028 0:00,4.21,7.38,16.36,4.87,0.5,4.22,0,3.03,0,0,6.75,8.86,0,0.53,8.57,0.77,0,6.9,23.29,7.61,7.38,19.65,6.75,0.52,5.3,0,3.78,6.49,0.12,7.34,13.51,0,0.56,149.6,1.76,0,12.46,76.08,100.98,3.1,159.06,39.81,0,12.45,,0,0,,0,0,37.83,158.39,0,7.2,205.76,17.59,0,165.57,558.97,,,,,,,,
3/11/2028 0:00,4.21,7.38,16.04,4.87,0.5,4.12,0,3.03,0,0,6.75,8.23,0,0.53,13.3,0.77,0,4.87,17.68,7.61,7.38,19.65,6.75,0.52,5.3,0,3.78,6.49,0.12,7.34,13.51,0,0.56,149.6,1.76,0,12.46,76.08,100.98,15.1,112.32,40.1,0,9.09,,0,0,,0,0,36.25,133.02,0,7.2,319.14,17.59,0,116.98,424.39,,,,,,,,
3/12/2028 0:00,4.15,7.38,16.09,4.86,0.5,4.13,0,3.03,0,0,6.75,7.87,0,0.53,9.28,0.77,0,5.38,18.03,7.61,7.38,19.65,6.75,0.52,5.3,0,3.78,6.49,0.12,7.34,13.51,0,0.56,149.6,1.76,0,12.46,76.08,99.26,10.37,67.12,21.84,0,8.19,,0,0,,0,0,35.35,104.25,0,7.2,222.65,17.59,0,129.01,432.77,,,,,,,,
3/13/2028 0:00,4.15,7.38,16.36,4.86,0.5,4.22,0,3.03,0,0,6.75,6.51,0,0.53,11.46,0.77,0,6.5,38.59,7.61,7.38,19.65,6.75,0.52,5.3,0,3.78,6.49,0.12,7.34,13.51,0,0.56,149.6,1.76,0,12.46,76.08,97.41,18.7,78.43,21.09,0,7.48,,0,0,,0,0,35.16,86.93,0,7.2,275.08,15.46,0,156.11,926.1,,,,,,,,
3/14/2028 0:00,4.21,7.38,16.37,4.86,0.5,4.22,0,3.03,0,0,6.75,7.31,0,0.53,9.35,0.77,0,5.31,34.95,7.61,7.38,19.65,6.75,0.52,5.3,0,3.78,6.49,0.12,7.34,13.51,0,0.56,149.6,1.76,0,12.46,76.08,100.98,11,99.08,31.49,0,8.75,,0,0,,0,0,35.33,111.31,0,7.2,224.31,17.59,0,127.43,838.83,,,,,,,,
3/15/2028 0:00,4.21,7.38,16.37,4.86,0.5,4.22,0,3.03,0,0,6.75,8.44,0,0.53,16.52,0.77,0,6.61,14.17,7.61,7.38,19.65,6.75,0.52,5.3,0,3.78,6.49,0.12,7.34,13.51,0,0.56,149.6,1.76,0,12.46,76.08,100.98,19.43,166.39,51.14,0,10.41,,0,0,,0,0,35.67,146.49,0,7.4,396.42,17.6,0,158.54,340.07,,,,,,,,
3/16/2028 0:00,4.21,7.38,16.36,4.86,0.5,4.22,0,3.03,0,0,6.75,7.48,0,0.53,23.42,0.77,0,7.2,19.39,7.61,7.38,19.65,6.75,0.52,5.3,0,3.78,6.49,0.12,7.34,13.51,0,0.56,149.6,1.76,0,12.46,76.08,98.54,14.87,120.1,30.26,0,8.78,,0,0,,0,0,35.26,126.87,0,7.2,562.01,15.55,0,172.81,465.29,,,,,,,,
3/17/2028 0:00,4.21,7.38,16.27,4.86,0.5,4.19,0,3.03,0,0,6.75,7.88,0,0.53,20.06,0.77,0,5.29,18.16,7.61,7.38,19.65,6.75,0.52,5.3,0,3.78,6.49,0.12,7.34,13.51,0,0.56,149.6,1.76,0,12.46,76.08,99.53,16.65,127.35,44.96,0,9.54,,0,0,,0,0,34.74,129.1,0,7.2,481.45,15.92,0,126.95,435.91,,,,,,,,
3/18/2028 0:00,4.21,7.38,15.95,4.86,0.5,4.08,0,3.03,0,0,6.75,8.53,0,0.53,21,0.77,0,1.46,8.46,7.61,7.38,19.65,6.75,0.52,5.3,0,3.78,6.49,0.12,7.34,13.51,0,0.56,149.6,1.76,0,12.46,76.08,99.39,15.1,123.04,38.87,0,8.79,,0,0,,0,0,34.82,142.17,0,7.2,504.01,15.94,0,35.15,202.94,,,,,,,,
3/19/2028 0:00,4.15,7.38,15.99,4.86,0.5,4.1,0,3.03,0,0,6.75,9.24,0,0.53,14.37,0.77,0,3,5.45,7.61,7.38,19.65,6.75,0.52,5.3,0,3.78,6.49,0.12,7.34,13.51,0,0.56,149.6,1.76,0,12.46,76.08,98.9,6.8,132.97,44.15,0,8.9,,0,0,,0,0,34.71,151.37,0,7.36,344.97,17.6,0,72.02,130.85,,,,,,,,
3/20/2028 0:00,4.15,7.38,16.26,4.86,0.5,4.19,0,3.03,0,0,6.75,10.19,0,0.53,9.63,0.77,0,3.21,9.65,7.61,7.38,19.65,6.75,0.52,5.3,0,3.78,6.49,0.12,7.34,13.51,0,0.56,149.6,1.76,0,12.46,76.08,99.63,10.64,189.57,67.82,0,12.7,,0,0,,0,0,35.74,185.04,0,7.44,231.2,17.6,0,77.11,231.5,,,,,,,,
3/21/2028 0:00,4.21,7.38,16.27,4.85,0.5,4.19,0,3.03,0,0,6.75,9.36,0,0.53,13.96,0.77,0,5.95,8.86,7.61,7.38,19.65,6.75,0.52,5.3,0,3.78,6.49,0.12,7.34,13.51,0,0.56,149.6,1.76,0,12.46,76.08,100.98,13.45,164.58,58.1,0,11.64,,0,0,,0,0,36.08,160.64,0,7.2,334.94,17.6,0,142.87,212.53,,,,,,,,
3/22/2028 0:00,4.21,7.38,16.26,4.85,0.5,4.19,0,3.03,0,0,6.75,7.1,0,0.53,19.86,0.77,0,7.06,25.01,7.61,7.38,19.65,6.75,0.52,5.3,0,3.78,6.49,0.12,7.34,13.51,0,0.56,149.6,1.76,0,12.46,76.08,98.17,13.55,81.65,22.57,0,8.98,,0,0,,0,0,34.95,98.81,0,7.2,476.72,15.26,0,169.5,600.33,,,,,,,,
3/23/2028 0:00,4.21,7.38,16.25,4.85,0.5,4.18,0,3.03,0,0,6.75,7.34,0,0.53,10.35,0.77,0,6.32,28.35,7.61,7.38,19.65,6.75,0.52,5.3,0,3.78,6.49,0.12,7.34,13.51,0,0.56,149.6,1.76,0,12.46,76.08,100.62,16.65,83.51,31.14,0,8.78,,0,0,,0,0,35.13,97.6,0,7.2,248.51,17.59,0,151.59,680.43,,,,,,,,
3/24/2028 0:00,4.21,7.38,16.16,4.85,0.5,4.15,0,3.03,0,0,6.75,6.76,0,0.53,10.92,0.77,0,5.95,31.11,7.61,7.38,19.65,6.75,0.52,5.3,0,3.78,6.49,0.12,7.34,13.51,0,0.56,149.6,1.76,0,12.46,76.08,99.49,16.65,73.09,23.39,0,8.35,,0,0,,0,0,34.67,91.7,0,7.2,262.01,15.88,0,142.86,746.69,,,,,,,,
3/25/2028 0:00,4.21,7.38,15.84,4.85,0.5,4.05,0,3.03,0,0,6.75,5.71,0,0.53,15.79,0.77,0,6.99,31.82,7.61,7.38,19.65,6.75,0.52,5.3,0,3.78,6.49,0.12,7.34,13.51,0,0.56,149.6,1.76,0,12.46,76.08,96.21,9.03,52.32,17.16,0,3.64,,0,0,,0,0,33.23,70.99,0,7.2,379.01,14.26,0,167.77,763.7,,,,,,,,
3/26/2028 0:00,4.15,7.38,15.88,4.85,0.5,4.06,0,3.03,0,0,6.75,7.12,0,0.53,11.84,0.77,0,5.99,17.59,7.61,7.38,19.65,6.75,0.52,5.3,0,3.78,6.49,0.12,7.34,13.51,0,0.56,149.6,1.76,0,12.46,76.08,99.08,12.35,61.86,19.01,0,5.72,,0,0,,0,0,32.89,91.69,0,7.2,284.16,17.59,0,143.8,422.08,,,,,,,,
3/27/2028 0:00,4.15,7.38,16.15,4.85,0.5,4.15,0,3.03,0,0,6.75,7.14,0,0.53,20.18,0.77,0,6.77,22.71,7.61,7.38,19.65,6.75,0.52,5.3,0,3.78,6.49,0.12,7.34,13.51,0,0.56,149.6,1.76,0,12.46,76.08,97.65,12.69,100.51,21.15,0,8.45,,0,0,,0,0,33.86,113,0,7.2,484.29,15.59,0,162.53,545.14,,,,,,,,
3/28/2028 0:00,4.21,7.38,16.15,4.84,0.5,4.15,0,3.03,0,0,6.75,8.35,0,0.53,23.04,0.77,0,4.89,12.82,7.61,7.38,19.65,6.75,0.52,5.3,0,3.78,6.49,0.12,7.34,13.51,0,0.56,149.6,1.76,0,12.46,76.08,99.39,24.77,142.17,43.34,0,9.05,,0,0,,0,0,34.89,136.93,0,7.32,552.92,16.09,0,117.47,307.77,,,,,,,,
3/29/2028 0:00,4.21,7.38,16.14,4.84,0.5,4.15,0,3.03,0,0,6.75,9.27,0,0.53,13.4,0.77,0,5.08,10.75,7.61,7.38,19.65,6.75,0.52,5.3,0,3.78,6.49,0.12,7.34,13.51,0,0.56,149.6,1.76,0,12.46,76.08,100.98,15.43,164.65,66.99,0,11.67,,0,0,,0,0,35.49,158.65,0,7.36,321.66,17.61,0,121.82,258.01,,,,,,,,
3/30/2028 0:00,4.21,7.38,16.12,4.84,0.5,4.14,0,3.03,0,0,6.75,7.8,0,0.53,11.58,0.77,0,7.92,28.66,7.61,7.38,19.65,6.75,0.52,5.3,0,3.78,6.49,0.12,7.34,13.51,0,0.56,149.6,1.76,0,12.46,76.08,99.29,2.74,77.44,24.85,0,8.51,,0,0,,0,0,34.9,115.37,0,7.2,277.96,15.59,0,190.09,687.77,,,,,,,,
3/31/2028 0:00,4.1,7.38,16.03,4.84,0.5,4.11,0,3.03,0,0,6.75,8.36,0,0.53,11.95,0.77,0,3.41,19.38,7.61,7.38,19.65,6.75,0.52,5.3,0,3.78,6.49,0.12,7.34,13.51,0,0.56,149.6,1.76,0,12.46,76.08,98.28,24.96,137.15,53.16,0,11.31,,0,0,,0,0,35.1,129.98,0,7.2,286.75,17.6,0,81.75,465.07,,,,,,,,
4/1/2028 0:00,4.1,7.38,15.7,4.71,0.5,4,0,3.03,0,0,6.75,6.75,0,0.53,8.62,0.77,0,8.36,28.76,7.61,7.38,19.65,6.75,0.52,5.3,0,3.78,6.49,0.12,7.34,12.85,0,0.56,150.77,1.76,0,12.61,76.37,97.19,15.1,54.14,18.75,0,5.91,,0,0,,0,0,34,79.3,0,3.6,206.98,17.59,0,200.68,690.27,,,,,,,,
4/2/2028 0:00,4.14,7.38,15.74,4.7,0.5,4.02,0,3.03,0,0,6.75,6.9,0,0.53,12.56,0.77,0,6.32,22.23,7.61,7.38,19.65,6.75,0.52,5.3,0,3.78,6.49,0.12,7.34,12.85,0,0.56,150.77,1.76,0,12.61,76.37,97.4,1.55,57.95,16.24,0,4.29,,0,0,,0,0,32.96,98.68,0,3.6,301.54,15.59,0,151.63,533.41,,,,,,,,
4/3/2028 0:00,4.14,7.38,16.01,4.7,0.5,4.1,0,3.03,0,0,6.75,8.26,0,0.53,22.95,0.77,0,1.5,13.63,7.61,7.38,19.65,6.75,0.52,5.3,0,3.78,6.49,0.12,7.34,12.85,0,0.56,150.77,1.76,0,12.61,76.37,97.46,25.55,163.58,35.13,0,8.83,,0,0,,0,0,35.36,136.13,0,3.68,550.82,15.6,0,36,327.02,,,,,,,,
4/4/2028 0:00,4.1,7.38,16.01,4.7,0.5,4.1,0,3.03,0,0,6.75,9.14,0,0.53,27.87,0.77,0,0.47,4.28,7.61,7.38,19.65,6.75,0.52,5.3,0,3.78,6.49,0.12,7.34,12.85,0,0.56,150.77,1.76,0,12.61,76.37,96.81,14.62,207.75,63.26,0.7,8.88,,0,0.07,,0,0,36.8,155.46,0,3.92,668.89,15.97,0,11.35,102.75,,,,,,,,
4/5/2028 0:00,4.1,7.38,16,4.7,0.5,4.1,0,3.03,0,0,6.75,9.23,0,0.53,28.09,0.77,0,0.6,1.75,7.61,7.38,19.65,6.75,0.52,5.3,0,3.78,6.49,0.12,7.34,12.85,0,0.56,150.77,1.76,0,12.61,76.37,96.95,18.67,205.46,77.53,0.16,8.65,,0,0.07,,0,0,37.63,162.57,0,4.23,674.15,15.96,0,14.48,41.95,,,,,,,,
4/6/2028 0:00,4.1,7.38,15.98,4.69,0.5,4.09,0,3.03,0,0,6.75,8.25,0,0.53,28.85,0.77,0,4.37,7.9,7.61,7.38,19.65,6.75,0.52,5.3,0,3.78,6.49,0.12,7.34,12.85,0,0.56,150.77,1.76,0,12.61,76.37,96.49,13.1,170.22,57.42,0,8.41,,0,0,,0,0,37.43,140.68,0,3.6,692.37,15.94,0,104.93,189.57,,,,,,,,
4/7/2028 0:00,4.1,7.38,15.88,4.69,0.5,4.06,0,3.03,0,0,6.75,8.78,0,0.53,18.89,0.77,0,6.11,10.45,7.61,7.38,19.65,6.75,0.52,5.3,0,3.78,6.49,0.12,7.34,12.85,0,0.56,150.77,1.76,0,12.61,76.37,98.28,17.12,157.89,37.86,0,8.58,,0,0,,0,0,37.35,148.16,0,3.68,453.45,17.6,0,146.54,250.79,,,,,,,,
4/8/2028 0:00,4.1,7.38,15.56,4.69,0.5,3.96,0,3.03,0,0,6.75,9.8,0,0.53,9.68,0.77,0,1.63,4.21,7.61,7.38,19.65,6.75,0.52,5.3,0,3.78,6.49,0.12,7.34,12.85,0,0.56,150.77,1.76,0,12.61,76.37,98.28,10.69,179.78,51.21,0,11.37,,0,0,,0,0,37.53,178.81,0,3.6,232.41,17.59,0,39.12,100.97,,,,,,,,
4/9/2028 0:00,4.14,7.38,15.59,4.69,0.5,3.97,0,3.03,0,0,6.75,8.02,0,0.53,23.37,0.77,0,1.67,3.11,7.61,7.38,19.65,6.75,0.52,5.3,0,3.78,6.49,0.12,7.34,12.85,0,0.56,150.77,1.76,0,12.61,76.37,97.4,13.67,134.37,28.95,0,7.53,,0,0,,0,0,36.86,134.31,0,3.6,560.79,15.59,0,40,74.71,,,,,,,,
4/10/2028 0:00,4.14,7.38,15.86,4.69,0.5,4.06,0,3.03,0,0,6.75,6.08,0,0.53,27.61,0.77,0,8.14,19.84,7.61,7.38,19.65,6.75,0.52,5.3,0,3.78,6.49,0.12,7.34,12.85,0,0.56,150.77,1.76,0,12.61,76.37,95.66,6.02,85.01,18.35,0,7.7,,0,0,,0,0,37.17,81.61,0,3.6,662.57,15.26,0,195.3,476.08,,,,,,,,
4/11/2028 0:00,4.1,7.38,15.86,4.69,0.5,4.05,0,3.03,0,0,6.75,6.62,0,0.53,18.56,0.77,0,6.52,25.76,7.61,7.38,19.65,6.75,0.52,5.3,0,3.78,6.49,0.12,7.34,12.85,0,0.56,150.77,1.76,0,12.61,76.37,94.46,25.61,124.11,33.35,0,7.76,,0,0,,0,0,37.48,85.53,0,3.6,445.47,15.22,0,156.49,618.29,,,,,,,,
4/12/2028 0:00,4.1,7.38,15.85,4.68,0.5,4.05,0,3.03,0,0,6.75,7.83,0,0.53,13.68,0.77,0,3.67,21.4,7.61,7.38,19.65,6.75,0.52,5.3,0,3.78,6.49,0.12,7.34,12.85,0,0.56,150.77,1.76,0,12.61,76.37,98.28,15.1,111.81,39.59,0,7.93,,0,0,,0,0,38.17,118.42,0,3.6,328.33,17.6,0,88.03,513.58,,,,,,,,
4/13/2028 0:00,4.1,7.38,15.83,4.68,0.5,4.04,0,3.03,0,0,6.75,7.7,0,0.53,16.97,0.77,0,6.67,18.69,7.61,7.38,19.65,6.75,0.52,5.3,0,3.78,6.49,0.12,7.34,12.85,0,0.56,150.77,1.76,0,12.61,76.37,96.29,15.1,93.22,30.92,0,7.14,,0,0,,0,0,37.97,111.67,0,3.6,407.24,15.59,0,160.05,448.54,,,,,,,,
4/14/2028 0:00,4.1,7.38,15.73,4.68,0.5,4.01,0,3.03,0,0,6.75,8.2,0,0.53,18.25,0.77,0,3.36,4.99,7.61,7.38,19.65,6.75,0.52,5.3,0,3.78,6.49,0.12,7.34,12.85,0,0.56,150.77,1.76,0,12.61,76.37,96.98,15.1,107.58,24.42,0,8.06,,0,0,,0,0,38.05,131.02,0,3.6,437.92,16.59,0,80.65,119.65,,,,,,,,
4/15/2028 0:00,4.1,7.38,15.4,4.68,0.5,3.9,0,3.03,0,0,6.75,8.23,0,0.53,9.47,0.77,0,5.73,12.39,7.61,7.38,19.65,6.75,0.52,5.3,0,3.78,6.49,0.12,7.34,12.85,0,0.56,150.77,1.76,0,12.61,76.37,97.19,15.1,72.6,20.46,0,6.69,,0,0,,0,0,37.48,90.58,0,3.6,227.37,17.59,0,137.41,297.36,,,,,,,,
4/16/2028 0:00,4.14,7.38,15.43,4.68,0.5,3.92,0,3.03,0,0,6.75,8.49,0,0.53,9.54,0.77,0,1.42,7.98,7.61,7.38,19.65,6.75,0.52,5.3,0,3.78,6.49,0.12,7.34,12.85,0,0.56,150.77,1.76,0,12.61,76.37,98.75,15.1,62.46,20.76,0,7.13,,0,0,,0,0,37.52,112.26,0,3.6,228.88,17.59,0,33.96,191.54,,,,,,,,
4/17/2028 0:00,4.14,7.38,15.7,4.68,0.5,4,0,3.03,0,0,6.75,7.48,0,0.53,17.7,0.77,0,1.53,9.86,7.61,7.38,19.65,6.75,0.52,5.3,0,3.78,6.49,0.12,7.34,12.85,0,0.56,150.77,1.76,0,12.61,76.37,97.08,1.55,75.02,18.87,0,7.57,,0,0,,0,0,38.84,102.04,0,3.6,424.71,15.54,0,36.81,236.74,,,,,,,,
4/18/2028 0:00,4.1,7.38,15.7,4.67,0.5,4,0,3.03,0,0,6.75,7.37,0,0.53,15.45,0.77,0,3.95,18.55,7.61,7.38,19.65,6.75,0.52,5.3,0,3.78,6.49,0.12,7.34,12.85,0,0.56,150.77,1.76,0,12.61,76.37,98.26,26.19,94,21.52,0,8.69,,0,0,,0,0,40.22,107.71,0,3.6,370.74,17.59,0,94.87,445.23,,,,,,,,
4/19/2028 0:00,4.1,7.38,15.69,4.67,0.5,4,0,3.03,0,0,6.75,6.65,0,0.53,21.68,0.77,0,3.75,24.03,7.61,7.38,19.65,6.75,0.52,5.3,0,3.78,6.49,0.12,7.34,12.85,0,0.56,150.77,1.76,0,12.61,76.37,94.46,9.92,80.71,20.44,0,7.18,,0,0,,0,0,40.34,98.11,0,3.6,520.37,14.92,0,89.97,576.67,,,,,,,,
4/20/2028 0:00,4.1,7.38,15.66,4.67,0.5,3.99,0,3.03,0,0,6.75,7.3,0,0.53,14.6,0.77,0,5.3,18.31,7.61,7.38,19.65,6.75,0.52,5.3,0,3.78,6.49,0.12,7.34,12.85,0,0.56,150.77,1.76,0,12.61,76.37,97.74,22.36,93.71,20.47,0,8.03,,0,0,,0,0,40.95,110.66,0,3.6,350.49,17.59,0,127.18,439.51,,,,,,,,
4/21/2028 0:00,4.1,7.38,15.57,4.67,0.5,3.96,0,2.97,0,0,6.75,5.63,0,0.53,29.53,0.77,0,4.6,21.54,7.61,7.38,19.65,6.75,0.52,5.3,0,3.78,6.49,0.12,7.34,12.85,0,0.56,150.77,1.76,0,12.61,76.37,94.46,15.47,77.5,19.92,0,7.46,,0,0,,0,0,41.14,85.68,0,3.6,708.72,14.92,0,110.34,516.94,,,,,,,,
4/22/2028 0:00,4.1,7.38,15.24,4.67,0.5,3.85,0,2.97,0,0,6.75,5.59,0,0.53,28.1,0.77,0,3.59,16.73,7.61,7.38,19.65,6.75,0.52,5.3,0,3.78,6.49,0.12,7.34,12.85,0,0.56,150.77,1.76,0,12.61,76.37,94.28,15.1,58.17,17.81,0,4.99,,0,0,,0,0,39.13,71.91,0,3.6,674.35,14.92,0,86.16,401.53,,,,,,,,
4/23/2028 0:00,4.14,7.38,15.27,4.67,0.5,3.86,0,2.97,0,0,6.75,6.61,0,0.53,21.24,0.77,0,2.64,10.28,7.61,7.38,19.65,6.75,0.52,5.3,0,3.78,6.49,0.12,7.34,12.85,0,0.56,150.77,1.76,0,12.61,76.37,95.94,13.55,58.1,15.71,0,5.92,,0,0,,0,0,38.76,81.56,0,3.6,509.87,15.26,0,63.34,246.81,,,,,,,,
4/24/2028 0:00,4.14,7.38,15.53,4.66,0.5,3.95,0,2.97,0,0,6.75,6.44,0,0.53,16.24,0.77,0,4.2,27.71,7.61,7.38,19.65,6.75,0.52,5.3,0,3.78,6.49,0.12,7.34,12.85,0,0.56,150.77,1.76,0,12.61,76.37,97.36,9.33,78.46,18.15,0,7.64,,0,0,,0,0,40.98,83.98,0,3.6,389.73,15.58,0,100.84,665,,,,,,,,
4/25/2028 0:00,4.1,7.38,15.53,4.66,0.5,3.95,0,2.97,0,0,6.75,7.09,0,0.53,16.88,0.77,0,5.06,21.11,7.61,7.38,19.65,6.75,0.52,5.3,0,3.78,6.49,0.12,7.34,12.85,0,0.56,150.77,1.76,0,12.61,76.37,97.56,20.87,104.09,19.95,0,8.31,,0,0,,0,0,42.1,97.66,0,3.6,405.01,17.59,0,121.48,506.59,,,,,,,,
4/26/2028 0:00,4.1,7.38,15.52,4.66,0.5,3.94,0,2.97,0,0,6.75,7.49,0,0.53,23.97,0.77,0,5.07,13.08,7.61,7.38,19.65,6.75,0.52,5.3,0,3.78,6.49,0.12,7.34,12.85,0,0.56,150.77,1.76,0,12.61,76.37,96.17,15.1,105.16,30.88,0,7.36,,0,0,,0,0,43.24,117.06,0,3.6,575.26,15.6,0,121.75,314.03,,,,,,,,
4/27/2028 0:00,4.1,7.38,15.49,4.66,0.5,3.93,0,2.97,0,0,6.75,8.34,0,0.53,27.74,0.77,0,2.75,4.71,7.61,7.38,19.65,6.75,0.52,5.3,0,3.78,6.49,0.12,7.34,12.85,0,0.56,150.77,1.76,0,12.61,76.37,96.35,15.59,161.42,39.51,0,7.85,,0,0,,0,0,43.21,141.64,0,3.6,665.81,15.61,0,66.04,113.03,,,,,,,,
4/28/2028 0:00,4.1,7.38,15.39,4.66,0.5,3.9,0,2.97,0,0,6.75,8.85,0,0.53,12.77,0.77,0,4.05,10.69,7.61,7.38,19.65,6.75,0.52,5.3,0,3.78,6.49,0.12,7.34,12.85,0,0.56,150.77,1.76,0,12.61,76.37,98.28,12.99,139.02,36.45,0,10.6,,0,0,,0,0,43.84,150.97,0,3.6,306.43,17.59,0,97.1,256.46,,,,,,,,
4/29/2028 0:00,4.1,7.38,15.06,4.38,0.5,3.79,0,2.97,0,0,6.75,7.66,0,0.53,17.13,0.77,0,2.29,11.67,7.61,7.38,19.65,6.75,0.52,5.3,0,3.78,6.49,0.12,7.34,12.85,0,0.56,150.77,1.76,0,12.61,76.37,96.21,15.1,90.59,21.95,0,6.67,,0,0,,0,0,42.63,95.21,0,3.6,411.06,15.92,0,54.86,280.08,,,,,,,,
4/30/2028 0:00,3.9,7.38,15.09,4.37,0.5,3.8,0,2.97,0,0,6.75,6.63,0,0.53,31.39,0.77,0,1.02,5.2,7.61,7.38,19.65,6.75,0.52,5.3,0,3.78,6.49,0.12,7.34,12.85,0,0.56,150.77,1.76,0,12.61,76.37,89.55,15.1,78.9,19.87,0,5.8,,0,0,,0,0,41.12,86.64,0,3.6,753.33,14.6,0,24.6,124.76,,,,,,,,
5/1/2028 0:00,3.9,7.38,15.36,3.52,0.5,3.89,0,2.97,0,0,6.75,7.61,0,0.53,18.86,0.77,0,2.14,6.84,7.61,7.38,19.65,6.75,0.52,5.3,0,3.78,6.49,0.12,7.34,12.85,0,0.56,151.93,1.76,0,12.77,76.66,91.17,14.38,79.9,8.33,0,6.57,,0,0,,0,0,41.63,91.33,0,2.4,452.58,15.59,0,51.28,164.05,,,,,,,,
5/2/2028 0:00,3.92,7.38,15.35,3.5,0.5,3.89,0,2.97,0,0,6.75,8.31,0,0.53,15.79,0.77,0,4.11,14.18,7.61,7.38,19.65,6.75,0.52,5.3,0,3.78,6.49,0.12,7.34,12.85,0,0.56,151.93,1.76,0,12.77,76.66,93.96,15.53,142.68,8.37,0,8.68,,0,0,,0,0,43.02,117.2,0,2.4,379.01,17.6,0,98.56,340.29,,,,,,,,
5/3/2028 0:00,3.92,7.38,15.33,3.5,0.5,3.88,0,2.97,0,0,6.75,8.54,0,0.53,26.17,0.77,0,0.77,5.34,7.61,7.38,19.65,6.75,0.52,5.3,0,3.78,6.49,0.12,7.34,12.85,0,0.56,151.93,1.76,0,12.77,76.66,92.69,13.84,165.82,14.02,0,7.97,,0,0,,0,0,43.97,145.1,0,2.44,628.12,16.27,0,18.41,128.1,,,,,,,,
5/4/2028 0:00,3.92,7.38,15.31,3.5,0.5,3.87,0,2.97,0,0,6.75,7.67,0,0.53,26.97,0.77,0,3.22,10.17,7.61,7.38,19.65,6.75,0.52,5.3,0,3.78,6.49,0.12,7.34,12.85,0,0.56,151.93,1.76,0,12.77,76.66,91.63,15.87,134.05,10.24,0,7.58,,0,0,,0,0,43.73,127.75,0,2.4,647.29,15.27,0,77.23,244.09,,,,,,,,
5/5/2028 0:00,3.92,7.38,15.21,3.41,0.5,3.84,0,2.97,0,0,6.75,6.86,0,0.53,19.89,0.77,0,5.31,18.64,7.61,7.38,19.65,6.75,0.52,5.3,0,3.78,6.49,0.12,7.34,12.85,0,0.56,151.93,1.76,0,12.77,76.66,93.05,15.88,101.12,8.34,0,7.23,,0,0,,0,0,42.32,105.27,0,2.4,477.32,17.59,0,127.53,447.45,,,,,,,,
5/6/2028 0:00,3.92,7.38,14.88,3.41,0.5,3.73,0,2.97,0,0,6.75,7.02,0,0.53,17.71,0.77,0,5.26,8.79,7.61,7.38,19.65,6.75,0.52,5.3,0,3.78,6.49,0.12,7.34,12.85,0,0.56,151.93,1.76,0,12.77,76.66,91.9,15.1,71.31,8.33,0,6.57,,0,0,,0,0,42.61,87.23,0,2.4,425.05,15.92,0,126.17,210.92,,,,,,,,
5/7/2028 0:00,3.9,7.38,14.92,3.41,0.5,3.74,0,2.97,0,0,6.75,6.1,0,0.53,19.16,0.77,0,6.8,15.41,7.61,7.38,19.65,6.75,0.52,5.3,0,3.78,6.49,0.12,7.34,12.85,0,0.56,151.93,1.76,0,12.77,76.66,89.55,2.58,50.93,8.22,0,4.26,,0,0,,0,0,40.63,71.48,0,2.4,459.93,14.92,0,163.13,369.78,,,,,,,,
5/8/2028 0:00,3.9,7.38,15.18,3.41,0.5,3.83,0,2.97,0,0,6.75,7.05,0,0.53,19.89,0.77,0,3.52,14.82,7.61,7.38,19.65,6.75,0.52,5.3,0,3.78,6.49,0.12,7.34,12.85,0,0.56,151.93,1.76,0,12.77,76.66,93.56,27.62,131.86,8.35,0,8.76,,0,0,,0,0,42.88,101.28,0,2.4,477.43,17.59,0,84.38,355.69,,,,,,,,
5/9/2028 0:00,3.92,7.38,15.18,3.41,0.5,3.83,0,2.97,0,0,6.75,7.07,0,0.53,22.85,0.77,0,2.47,19.56,7.61,7.38,19.65,6.75,0.52,5.3,0,3.78,6.49,0.12,7.34,12.85,0,0.56,151.93,1.76,0,12.77,76.66,92.23,8.58,138.32,8.34,0,7.73,,0,0,,0,0,44.07,111.46,0,2.4,548.3,15.67,0,59.32,469.54,,,,,,,,
5/10/2028 0:00,3.92,7.38,15.17,3.41,0.5,3.83,0,2.97,0,0,6.75,8.9,0,0.53,14.1,0.77,0,2.09,11.53,7.61,7.38,19.65,6.75,0.52,5.3,0,3.78,6.49,0.12,7.34,12.85,0,0.56,151.93,1.76,0,12.77,76.66,93.96,13,158.91,23.7,0.78,10.87,,0,0.09,,0,0,44.53,146.41,0,2.64,338.36,17.6,0,50.14,276.79,,,,,,,,
5/11/2028 0:00,3.92,7.38,15.16,3.41,0.5,3.82,0,2.97,0,0,6.75,9.72,0,0.53,11.93,0.77,0,1.94,4.85,7.61,7.38,19.65,6.75,0.52,5.3,0,3.78,6.49,0.12,7.34,12.85,0,0.56,151.93,1.76,0,12.77,76.66,93.96,7.22,229.9,26.89,0,11.46,,0,0,,0,0,44.99,190.76,0,2.4,286.24,17.6,0,46.61,116.37,,,,,,,,
5/12/2028 0:00,3.92,7.38,15.06,3.41,0.5,3.79,0,2.97,0,0,6.75,8.12,0,0.53,17.34,0.77,0,3.36,12.5,7.61,7.38,19.65,6.75,0.52,5.3,0,3.78,6.49,0.12,7.34,12.85,0,0.56,151.93,1.76,0,12.77,76.66,93.24,15.25,99.86,10.15,0,7.26,,0,0,,0,0,44.83,121,0,2.4,416.19,17.59,0,80.57,299.9,,,,,,,,
5/13/2028 0:00,3.92,7.38,14.74,3.23,0.5,3.69,0,2.97,0,0,6.75,7.3,0,0.53,20.02,0.77,0,2.43,10.69,7.61,7.38,19.65,6.75,0.52,5.3,0,3.78,6.49,0.12,7.34,12.85,0,0.56,151.93,1.76,0,12.77,76.66,90.47,15.1,62.94,8.29,0,5.69,,0,0,,0,0,44.11,74.51,0,2.4,480.4,15.26,0,58.43,256.66,,,,,,,,
5/14/2028 0:00,3.9,7.38,14.78,3.05,0.5,3.7,0,2.97,0,0,6.75,7.79,0,0.53,19.59,0.77,0,1.01,4.47,7.61,7.38,19.65,6.75,0.52,5.3,0,3.78,6.49,0.12,7.34,12.85,0,0.56,151.93,1.76,0,12.77,76.66,91.17,8.82,90.94,8.28,0,6.57,,0,0,,0,0,42.41,122.42,0,2.4,470.23,15.92,0,24.34,107.27,,,,,,,,
5/15/2028 0:00,3.9,7.38,15.06,3.3,0.5,3.79,0,2.97,0,0,6.75,7.96,0,0.53,19.94,0.77,0,3.1,8.28,7.61,7.38,19.65,6.75,0.52,5.3,0,3.78,6.49,0.12,7.34,12.85,0,0.56,151.93,1.76,0,12.77,76.66,93.56,16.08,171.71,8.34,0,8.77,,0,0,,0,0,44.24,128.8,0,2.4,478.61,17.59,0,74.42,198.62,,,,,,,,
5/16/2028 0:00,3.92,7.38,15.07,3.29,0.5,3.8,0,2.97,0,0,6.75,6.83,0,0.53,14.3,0.77,0,5.86,24.49,7.61,7.38,19.65,6.75,0.52,5.3,0,3.78,6.49,0.12,7.34,12.85,0,0.56,151.93,1.76,0,12.77,76.66,93.96,12.47,88.35,8.33,0,7.98,,0,0,,0,0,45.23,89.84,0,2.4,343.31,17.59,0,140.75,587.82,,,,,,,,
5/17/2028 0:00,3.92,7.38,15.07,3.29,0.5,3.8,0,2.97,0,0,6.75,7.1,0,0.53,21.82,0.77,0,4.66,17.86,7.61,7.38,19.65,6.75,0.52,5.3,0,3.78,6.49,0.12,7.34,12.85,0,0.56,151.93,1.76,0,12.77,76.66,92.33,18.7,104.49,8.33,0,7.18,,0,0,,0,0,45.72,105.3,0,2.4,523.63,15.85,0,111.78,428.69,,,,,,,,
5/18/2028 0:00,3.92,7.38,15.07,3.29,0.5,3.79,0,2.97,0,0,6.75,8.13,0,0.53,25.51,0.77,0,0.36,7.15,7.61,7.38,19.65,6.75,0.52,5.3,0,3.78,6.49,0.12,7.34,12.85,0,0.56,151.93,1.76,0,12.77,76.66,93.95,15.53,177.6,8.33,0,7.87,,0,0,,0,0,47.15,143.7,0,2.4,612.25,17.6,0,8.72,171.55,,,,,,,,
5/19/2028 0:00,3.92,7.38,14.99,3.29,0.5,3.77,0,2.97,0,0,6.75,7.62,0,0.53,22.02,0.77,0,1.91,11.77,7.61,7.38,19.65,6.75,0.52,5.3,0,3.78,6.49,0.12,7.34,12.85,0,0.56,151.93,1.76,0,12.77,76.66,93.42,16.22,110.89,8.33,0,7.11,,0,0,,0,0,47.31,113.49,0,2.4,528.5,17.59,0,45.92,282.58,,,,,,,,
5/20/2028 0:00,3.92,7.38,14.68,3.29,0.5,3.67,0,2.97,0,0,6.75,6.16,0,0.53,20.57,0.77,0,4.51,17.56,7.61,7.38,19.65,6.75,0.52,5.3,0,3.78,6.49,0.12,7.34,12.85,0,0.56,151.93,1.76,0,12.77,76.66,89.67,15.1,47.04,8.21,0,4.01,,0,0,,0,0,46.24,62.23,0,2.4,493.66,14.59,0,108.29,421.4,,,,,,,,
5/21/2028 0:00,3.9,7.38,14.73,3.29,0.5,3.68,0,2.97,0,0,6.75,6.06,0,0.53,23.31,0.77,0,4.19,13.12,7.61,7.38,19.65,6.75,0.52,5.3,0,3.78,6.49,0.12,7.34,12.85,0,0.56,151.93,1.76,0,12.77,76.66,89.27,2.23,47.91,8.29,0,4.29,,0,0,,0,0,45.25,65.4,0,2.4,559.37,14.59,0,100.5,314.97,,,,,,,,
5/22/2028 0:00,3.9,7.38,15.02,3.29,0.5,3.78,0,2.97,0,0,6.75,7.04,0,0.53,24.37,0.77,0,4.29,11.13,7.61,7.38,19.65,6.75,0.52,5.3,0,3.78,6.49,0.12,7.34,12.85,0,0.56,151.93,1.76,0,12.77,76.66,92.11,27.97,149.42,8.33,0,8.24,,0,0,,0,0,47.1,102.33,0,2.4,584.95,16.27,0,103.04,267.11,,,,,,,,
5/23/2028 0:00,3.92,7.38,15.04,3.29,0.5,3.78,0,2.97,0,0,6.75,7.25,0,0.53,13.85,0.77,0,6.01,23.3,7.61,7.38,19.65,6.75,0.52,5.3,0,3.78,6.49,0.12,7.34,12.85,0,0.56,151.93,1.76,0,12.77,76.66,93.94,2.42,102.97,8.32,0,7.51,,0,0,,0,0,47.41,106.45,0,2.4,332.39,17.59,0,144.33,559.09,,,,,,,,
5/24/2028 0:00,3.92,7.38,15.05,3.29,0.5,3.79,0,2.97,0,0,6.75,7.77,0,0.53,17.52,0.77,0,3.93,8.1,7.61,7.38,19.65,6.75,0.52,5.3,0,3.78,6.49,0.12,7.34,12.85,0,0.56,151.93,1.76,0,12.77,76.66,93.96,24.11,140.33,8.35,0,9.09,,0,0,,0,0,48.18,122.73,0,2.4,420.53,17.59,0,94.43,194.46,,,,,,,,
5/25/2028 0:00,3.92,7.38,15.05,3.29,0.5,3.79,0,2.97,0,0,6.75,5.9,0,0.53,25.71,0.77,0,4.48,9.71,7.61,7.38,19.65,6.75,0.52,5.3,0,3.78,6.49,0.12,7.34,12.85,0,0.56,151.93,1.76,0,12.77,76.66,89.67,10.12,89.47,8.3,0,5.83,,0,0,,0,0,47.86,79.63,0,2.4,617.09,14.59,0,107.49,232.99,,,,,,,,
5/26/2028 0:00,3.92,7.38,14.98,3.28,0.5,3.77,0,2.97,0,0,6.75,5.57,0,0.53,28.72,0.77,0,3.51,12.12,7.61,7.38,19.65,6.75,0.52,5.3,0,3.78,6.49,0.12,7.34,12.85,0,0.56,151.93,1.76,0,12.77,76.66,89.67,20.08,67.2,8.3,0,5.9,,0,0,,0,0,46.53,68.62,0,2.4,689.17,14.59,0,84.33,290.78,,,,,,,,
5/27/2028 0:00,3.92,7.38,14.68,3.28,0.5,3.67,0,2.97,0,0,6.75,5.97,0,0.53,30.22,0.77,0,0.42,6.11,7.61,7.38,19.65,6.75,0.52,5.3,0,3.78,6.49,0.12,7.34,12.85,0,0.56,151.93,1.76,0,12.77,76.66,89.95,15.1,76.27,8.23,0,5.39,,0,0,,0,0,45.88,63.3,0,2.4,725.39,14.92,0,10.12,146.75,,,,,,,,
5/28/2028 0:00,3.9,7.38,14.74,3.28,0.5,3.69,0,2.97,0,0,6.75,5.61,0,0.53,28.81,0.77,0,1.52,6.48,7.61,7.38,19.65,6.75,0.52,5.3,0,3.78,6.49,0.12,7.34,12.85,0,0.56,151.93,1.76,0,12.77,76.66,89.07,3.84,72.82,8.29,0,5.33,,0,0,,0,0,45.19,77.05,0,2.4,691.55,14.59,0,36.48,155.41,,,,,,,,
5/29/2028 0:00,3.9,7.38,15.03,3.46,0.5,3.78,0,2.97,0,0,6.75,5.91,0,0.53,28.6,0.77,0,4.25,11.17,7.61,7.38,19.65,6.75,0.52,5.3,0,3.78,6.49,0.12,7.34,12.85,0,0.56,151.93,1.76,0,12.77,76.66,90.01,16.48,108.95,8.34,0,7.18,,0,0,,0,0,46.98,87.23,0,2.4,686.36,15.21,0,102.02,268.18,,,,,,,,
5/30/2028 0:00,3.92,7.38,15.05,3.64,0.5,3.79,0,2.97,0,0,6.75,6.55,0,0.53,27.44,0.77,0,2.36,9.07,7.61,7.38,19.65,6.75,0.52,5.3,0,3.78,6.49,0.12,7.34,12.85,0,0.56,151.93,1.76,0,12.77,76.66,92.05,24.98,160.46,8.38,0,7.86,,0,0,,0,0,47.68,108.06,0,2.4,658.57,15.59,0,56.69,217.72,,,,,,,,
5/31/2028 0:00,3.92,7.38,15.07,3.63,0.5,3.8,0,2.97,0,0,6.75,6.1,0,0.53,30.64,0.62,0,3.52,10.74,7.61,7.38,19.65,6.75,0.52,5.3,0,3.78,6.49,0.12,7.34,12.85,0,0.56,151.93,1.76,0,12.77,76.66,90.6,15.1,140.67,8.36,0,6.99,,0,0,,0,0,48.52,102.06,0,2.4,735.25,12.77,0,84.52,257.84,,,,,,,,
6/1/2028 0:00,3.92,7.38,15.08,3.46,0.5,3.8,0,2.97,0,0,6.75,5.99,0,0.53,25.07,0.62,0,5.58,14.31,7.61,7.38,19.65,6.75,0.52,5.3,0,3.78,6.49,0.12,7.34,12.85,0,0.56,153.1,1.76,0,12.93,76.95,91.9,15.1,117.71,7.32,0,7.16,,0,0,,0,0,47.57,96.66,0,2.4,601.6,13,0,133.89,343.52,,,,,,,,
6/2/2028 0:00,3.92,7.38,15,3.44,0.5,3.77,0,2.97,0,0,6.75,6.13,0,0.53,25.21,0.62,0,3.56,11.93,7.61,7.38,19.65,6.75,0.52,5.3,0,3.78,6.49,0.12,7.34,12.85,0,0.56,153.1,1.76,0,12.93,76.95,92.45,15.1,120.14,7.14,0,6.75,,0,0,,0,0,47.97,94.09,0,2.4,604.95,13.16,0,85.44,286.31,,,,,,,,
6/3/2028 0:00,3.92,7.38,14.7,3.44,0.5,3.67,0,2.97,0,0,6.75,5.45,0,0.53,28.89,0.62,0,0.58,11.77,7.61,7.38,19.65,6.75,0.52,5.3,0,3.78,6.49,0.12,7.34,12.85,0,0.56,153.1,1.76,0,12.93,76.95,89.84,14.46,71.05,6.69,0,5.37,,0,0,,0,0,46.96,71.67,0,2.4,693.32,12.74,0,13.82,282.55,,,,,,,,
6/4/2028 0:00,3.83,7.38,14.76,3.44,0.5,3.69,0,2.97,0,0,6.75,5.49,0,0.53,28.17,0.62,0,0.77,7.25,7.61,7.38,19.65,6.75,0.52,5.3,0,3.78,6.49,0.12,7.34,12.85,0,0.56,153.1,1.76,0,12.93,76.95,87.57,14.5,67.5,6.43,0,5.2,,0,0,,0,0,45.99,71.83,0,2.4,676.17,12.74,0,18.51,173.91,,,,,,,,
6/5/2028 0:00,3.83,7.38,15.05,3.44,0.5,3.79,0,2.97,0,0,6.75,6.09,0,0.53,25.75,0.62,0,0.31,7.56,7.61,7.38,19.65,6.75,0.52,5.3,0,3.78,6.49,0.12,7.34,12.85,0,0.56,153.1,1.76,0,12.93,76.95,88.28,10.89,90.66,6.53,0,6.45,,0,0,,0,0,46.93,84.43,0,2.4,618.05,12.97,0,7.53,181.44,,,,,,,,
6/6/2028 0:00,3.92,7.38,15.06,3.44,0.5,3.79,0,2.97,0,0,6.75,8.03,0,0.53,20.96,0.62,0,1.73,6.3,7.61,7.38,19.65,6.75,0.52,5.3,0,3.78,6.49,0.12,7.34,12.85,0,0.56,153.1,1.76,0,12.93,76.95,94.13,20.33,169.29,7.16,0,8.7,,0,0,,0,0,48.87,125.85,0,2.4,503.06,14.36,0,41.6,151.21,,,,,,,,
6/7/2028 0:00,3.92,7.38,15.08,3.72,0.5,3.8,0,2.97,0,0,6.75,8.33,0,0.53,22.27,0.62,0,1.97,4.72,7.61,7.38,19.65,6.75,0.52,5.3,0,3.78,6.49,0.12,7.34,12.85,0,0.56,153.1,1.76,0,12.93,76.95,94.13,15.31,162.92,7.54,0,8.12,,0,0,,0,0,50.4,147.53,0,2.4,534.55,14.35,0,47.23,113.28,,,,,,,,
6/8/2028 0:00,3.92,7.38,15.07,3.72,0.5,3.8,0,2.97,0,0,6.75,7.73,0,0.53,22.72,0.62,0,3.09,6.78,7.61,7.38,19.65,6.75,0.52,5.3,0,3.78,6.49,0.12,7.34,12.85,0,0.56,153.1,1.76,0,12.93,76.95,94.13,15.1,157.68,7.45,0,7.53,,0,0,,0,0,50.86,132.2,0,2.4,545.17,14.35,0,74.27,162.75,,,,,,,,
6/9/2028 0:00,3.92,7.38,14.99,3.72,0.5,3.77,0,2.97,0,0,6.75,6.44,0,0.53,26.42,0.62,0,3.81,11.62,7.61,7.38,19.65,6.75,0.52,5.3,0,3.78,6.49,0.12,7.34,12.85,0,0.56,153.1,1.76,0,12.93,76.95,92.2,15.1,110.51,7.35,0,6.63,,0,0,,0,0,51.26,95.88,0,2.4,634.08,13.16,0,91.48,278.98,,,,,,,,
6/10/2028 0:00,3.92,7.38,14.68,3.56,0.5,3.67,0,2.97,0,0,6.75,4.99,0,0.53,25.51,0.62,0,6.02,15.91,7.61,7.38,19.65,6.75,0.52,5.3,0,3.78,6.49,0.12,7.34,12.85,0,0.56,153.1,1.76,0,12.93,76.95,89.84,15.1,43.69,6.11,0,2.74,,0,0,,0,0,49.28,51.89,0,2.4,612.26,12.57,0,144.44,381.94,,,,,,,,
6/11/2028 0:00,3.83,7.38,14.73,3.56,0.5,3.69,0,2.97,0,0,6.75,4.53,0,0.53,27.4,0.62,0,7.16,15.21,7.61,7.38,19.65,6.75,0.52,5.3,0,3.78,6.49,0.12,7.34,12.85,0,0.56,153.1,1.76,0,12.93,76.95,87.03,2.22,41.4,6.16,0,2.47,,0,0,,0,0,46.89,58.12,0,2.4,657.67,12.37,0,171.75,364.99,,,,,,,,
6/12/2028 0:00,3.83,7.38,15.02,3.78,0.5,3.78,0,2.97,0,0,6.75,5.52,0,0.53,28.14,0.62,0,5.59,14.7,7.61,7.38,19.65,6.75,0.52,5.3,0,3.78,6.49,0.12,7.34,12.85,0,0.56,153.1,1.76,0,12.93,76.95,88.47,26.42,95.63,7.03,0,7.83,,0,0,,0,0,47.08,78.38,0,2.4,675.43,12.97,0,134.21,352.77,,,,,,,,
6/13/2028 0:00,3.92,7.38,15.03,3.78,0.5,3.78,0,2.97,0,0,6.75,5.78,0,0.53,28.54,0.62,0,5.98,16.37,7.61,7.38,19.65,6.75,0.52,5.3,0,3.78,6.49,0.12,7.34,12.85,0,0.56,153.1,1.76,0,12.93,76.95,91.59,13.43,111.11,6.83,0,7.29,,0,0,,0,0,47.47,90.12,0,2.4,684.95,12.97,0,143.44,392.93,,,,,,,,
6/14/2028 0:00,3.92,7.38,15.03,3.78,0.5,3.78,0,2.97,0,0,6.75,7.16,0,0.53,25.46,0.62,0,3.39,12.79,7.61,7.38,19.65,6.75,0.52,5.3,0,3.78,6.49,0.12,7.34,12.85,0,0.56,153.1,1.76,0,12.93,76.95,92.49,18.32,130.25,7.28,0,7.6,,0,0,,0,0,47.74,116.14,0,2.4,611.01,13.36,0,81.38,306.97,,,,,,,,
6/15/2028 0:00,3.92,7.38,15.02,3.78,0.5,3.78,0,2.97,0,0,6.75,8.44,0,0.53,23.51,0.62,0,0.9,6.21,7.61,7.38,19.65,6.75,0.52,5.3,0,3.78,6.49,0.12,7.34,12.85,0,0.56,153.1,1.76,0,12.93,76.95,93.04,15.1,149.57,14.94,0,7.73,,0,0,,0,0,48.54,138.53,0,2.4,564.19,14.33,0,21.6,149.09,,,,,,,,
6/16/2028 0:00,3.92,7.38,14.93,3.78,0.5,3.75,0,2.97,0,0,6.75,8.54,0,0.53,20.29,0.62,0,1.76,6.63,7.61,7.38,19.65,6.75,0.52,5.3,0,3.78,6.49,0.12,7.34,12.85,0,0.56,153.1,1.76,0,12.93,76.95,93.77,15.1,145.93,9.07,0,7.44,,0,0,,0,0,48.9,139.53,0,2.4,486.88,14.35,0,42.21,159.2,,,,,,,,
6/17/2028 0:00,3.92,7.38,14.62,3.72,0.5,3.65,0,2.97,0,0,6.75,7.88,0,0.53,24.66,0.62,0,0.27,2.99,7.61,7.38,19.65,6.75,0.52,5.3,0,3.78,6.49,0.12,7.34,12.85,0,0.56,153.1,1.76,0,12.93,76.95,91.72,15.1,121.04,7.26,0,6.58,,0,0,,0,0,47.12,123.41,0,2.4,591.87,12.97,0,6.39,71.64,,,,,,,,
6/18/2028 0:00,3.83,7.38,14.66,3.72,0.5,3.66,0,2.97,0,0,6.75,7.49,0,0.53,25.18,0.62,0,1.06,2.25,7.61,7.38,19.65,6.75,0.52,5.3,0,3.78,6.49,0.12,7.34,12.85,0,0.56,153.1,1.76,0,12.93,76.95,89.4,14.45,93.71,7.06,0,5.45,,0,0,,0,0,44.8,104.57,0,2.4,604.35,13.16,0,25.48,53.93,,,,,,,,
6/19/2028 0:00,3.83,7.38,14.37,3.79,0.5,3.75,0,2.97,0,0,6.75,7.84,0,0.53,19.49,0.62,0,5.86,10.06,7.61,7.38,19.65,6.75,0.52,5.3,0,3.78,6.49,0.12,7.34,12.85,0,0.56,153.1,1.76,0,12.93,76.95,91.81,15.75,131.58,15.29,0.08,8.61,,0,0.03,,0,0,47.92,110.67,0,2.57,467.84,14.36,0,140.7,241.51,,,,,,,,
6/20/2028 0:00,3.92,7.38,14.38,3.79,0.5,3.76,0,2.97,0,0,6.75,8.4,0,0.53,21.77,0.62,0,3.88,6.15,7.61,7.38,19.65,6.75,0.52,5.3,0,3.78,6.49,0.12,7.34,12.85,0,0.56,153.1,1.76,0,12.93,76.95,94.13,15.1,176.67,10.6,0,8.72,,0,0,,0,0,49.02,145.37,0,2.4,522.59,14.35,0,93.01,147.51,,,,,,,,
6/21/2028 0:00,3.92,7.38,14.95,3.79,0.5,3.76,0,2.97,0,0,6.75,8.33,0,0.53,21.22,0.62,0,3.5,9.12,7.61,7.38,19.65,6.75,0.52,5.3,0,3.78,6.49,0.12,7.34,12.85,0,0.56,153.1,1.76,0,12.93,76.95,94.13,15.1,147.72,18.16,0.16,7.79,,0,0.03,,0,0,49.59,140.68,0,2.52,509.32,14.36,0,83.94,218.78,,,,,,,,
6/22/2028 0:00,3.92,7.38,14.94,3.78,0.5,3.75,0,2.97,0,0,6.75,8.29,0,0.53,20.82,0.62,0,0.96,11.21,7.61,7.38,19.65,6.75,0.52,5.3,0,3.78,6.49,0.12,7.34,12.85,0,0.56,153.1,1.76,0,12.93,76.95,94.13,14.41,152.18,19.3,0,8.55,,0,0,,0,0,49.68,146.64,0,2.4,499.78,14.35,0,22.97,269.16,,,,,,,,
6/23/2028 0:00,3.92,7.38,14.86,3.78,0.5,3.73,0,2.97,0,0,6.75,7.9,0,0.53,13.05,0.62,0,1.96,19.9,7.61,7.38,19.65,6.75,0.52,5.3,0,3.78,6.49,0.12,7.34,12.85,0,0.56,153.1,1.76,0,12.93,76.95,94.13,15.1,127.05,7.21,0,7.55,,0,0,,0,0,49.16,126.94,0,2.4,313.17,14.36,0,47.11,477.63,,,,,,,,
6/24/2028 0:00,3.92,7.38,14.55,3.78,0.5,3.62,0,2.97,0,0,6.75,7.5,0,0.53,26.25,0.62,0,1.13,3.59,7.61,7.38,19.65,6.75,0.52,5.3,0,3.78,6.49,0.12,7.34,12.85,0,0.56,153.1,1.76,0,12.93,76.95,90.59,15.1,116.9,7.34,0,6.02,,0,0,,0,0,47.54,88.82,0,2.4,630.11,12.97,0,27.07,86.2,,,,,,,,
6/25/2028 0:00,3.83,7.38,14.04,3.78,0.5,3.64,0,2.97,0,0,6.75,7.07,0,0.53,26.64,0.62,0,1.31,1.9,7.61,7.38,19.65,6.75,0.52,5.3,0,3.78,6.49,0.12,7.34,12.85,0,0.56,153.1,1.76,0,12.93,76.95,87.8,15.1,96.97,7.17,0,5.74,,0,0,,0,0,45.99,97.14,0,2.4,639.35,12.77,0,31.33,45.57,,,,,,,,
6/26/2028 0:00,3.83,7.38,14.88,3.94,0.5,3.73,0,2.97,0,0,6.75,6.21,0,0.53,23.52,0.62,0,6.32,19.98,7.61,7.38,19.65,6.75,0.52,5.3,0,3.78,6.49,0.12,7.34,12.85,0,0.56,153.1,1.76,0,12.93,76.95,88.28,7.99,100.52,6.77,0,7.09,,0,0,,0,0,47.73,89.86,0,2.4,564.4,12.97,0,151.78,479.52,,,,,,,,
6/27/2028 0:00,3.92,7.38,14.89,3.94,0.5,3.74,0,2.97,0,0,6.75,6.94,0,0.53,20.22,0.62,0,5.46,19.07,7.61,7.38,19.65,6.75,0.52,5.3,0,3.78,6.49,0.12,7.34,12.85,0,0.56,153.1,1.76,0,12.93,76.95,93.41,22.21,142.17,7.22,0,8.02,,0,0,,0,0,48.04,111.23,0,2.4,485.2,14.35,0,130.92,457.78,,,,,,,,
6/28/2028 0:00,3.92,7.38,14.9,3.94,0.5,3.74,0,2.97,0,0,6.75,8.45,0,0.53,20.98,0.62,0,2.67,8.09,7.61,7.38,19.65,6.75,0.52,5.3,0,3.78,6.49,0.12,7.34,12.85,0,0.56,153.1,1.76,0,12.93,76.95,94.13,15.1,151.36,14.87,0,7.84,,0,0,,0,0,49.08,140.73,0,2.4,503.53,14.36,0,64.12,194.06,,,,,,,,
6/29/2028 0:00,3.92,7.38,14.9,3.93,0.5,3.74,0,2.97,0,0,6.75,9.38,0,0.53,19.34,0.62,0,2.74,2.73,7.61,7.38,19.65,6.75,0.52,5.3,0,3.78,6.49,0.12,7.34,12.85,0,0.56,153.1,1.76,0,12.93,76.95,94.13,13.98,178.46,23.74,0,8.5,,0,0,,0,0,48.92,170.46,0,2.4,464.23,14.36,0,65.85,65.55,,,,,,,,
6/30/2028 0:00,3.85,7.38,14.82,3.93,0.5,3.71,0,2.97,0,0,6.75,9.29,0,0.53,13.92,0.89,0,2.26,4.53,7.61,7.38,19.65,6.75,0.52,5.3,0,3.78,6.49,0.12,7.34,12.85,0,0.56,153.1,1.76,0,12.93,76.95,92.5,15.54,196.84,18.6,0,10.06,,0,0,,0,0,49.79,170.78,0,2.4,334.14,20.51,0,54.33,108.63,,,,,,,,
7/1/2028 0:00,3.85,7.38,14.52,4.03,0.5,3.61,0,2.97,0,0,6.75,6.82,0,0.53,18.01,0.89,0,5.88,13.39,7.61,7.38,19.65,6.75,0.52,5.3,0,3.78,6.49,0.12,7.34,12.85,0,0.56,154.27,1.76,0,13.08,77.24,90.29,15.1,71.93,6.68,0,5.45,,0,0,,0,0,47.19,81.28,0,3.6,432.18,18.05,0,141.06,321.29,,,,,,,,
7/2/2028 0:00,3.84,7.38,14.57,4.04,0.5,3.63,0,2.97,0,0,6.75,5.65,0,0.53,23.01,0.89,0,4.98,16.38,7.61,7.38,19.65,6.75,0.52,5.3,0,3.78,6.49,0.12,7.34,12.85,0,0.56,154.27,1.76,0,13.08,77.24,87.29,11.34,48.51,6.38,0,3.9,,0,0,,0,0,45.09,63.87,0,3.6,552.18,16.8,0,119.41,393.06,,,,,,,,
7/3/2028 0:00,3.84,7.38,14.87,4.04,0.5,3.73,0,2.93,0,0,6.75,6.43,0,0.53,21.49,0.89,0,5.68,17.77,7.61,7.38,19.65,6.75,0.52,5.3,0,3.78,6.49,0.12,7.34,12.85,0,0.56,154.27,1.76,0,13.08,77.24,88.91,18.69,95.51,7.13,0,7.08,,0,0,,0,0,47.13,94.36,0,3.6,515.69,17.65,0,136.3,426.42,,,,,,,,
7/4/2028 0:00,3.85,7.38,14.89,4.03,0.5,3.74,0,2.92,0,0,6.75,6.65,0,0.53,26.1,0.89,0,4.72,14.22,7.61,7.38,19.65,6.75,0.52,5.3,0,3.78,6.49,0.12,7.34,12.85,0,0.56,154.27,1.76,0,13.08,77.24,90.56,15.27,156.01,22.5,0,7.57,,0,0.07,,0,0,47.43,109.92,0,3.92,626.31,18.1,0,113.2,341.18,,,,,,,,
7/5/2028 0:00,3.85,7.38,14.9,4.03,0.5,3.74,0,2.92,0,0,6.75,6.65,0,0.53,21.15,0.89,0,4.67,21.47,7.61,7.38,19.65,6.75,0.52,5.3,0,3.78,6.49,0.12,7.34,12.85,0,0.56,154.27,1.76,0,13.08,77.24,90.34,14.84,108.48,11.17,0,6.6,,0,0,,0,0,47.73,107.81,0,3.6,507.67,17.64,0,112.08,515.35,,,,,,,,
7/6/2028 0:00,3.85,7.38,14.91,3.87,0.5,3.74,0,2.92,0,0,6.75,7.64,0,0.53,28.15,0.89,0,2.77,6.19,7.61,7.38,19.65,6.75,0.52,5.3,0,3.78,6.49,0.12,7.34,12.85,0,0.56,154.27,1.76,0,13.08,77.24,91.27,15.36,148.04,22.68,0,7.43,,0,0,,0,0,47.01,129.01,0,3.6,675.57,18.07,0,66.5,148.68,,,,,,,,
7/7/2028 0:00,3.85,7.38,14.84,3.87,0.5,3.72,0,2.92,0,0,6.75,7.59,0,0.53,33.05,0.89,0,0.69,2.41,7.61,7.38,19.65,6.75,0.52,5.3,0,3.78,6.49,0.12,7.34,12.85,0,0.56,154.27,1.76,0,13.08,77.24,89.16,15.1,169.74,13.45,0,7.06,,0,0,,0,0,46.14,136.4,0,3.6,793.26,17.65,0,16.46,57.83,,,,,,,,
7/8/2028 0:00,3.85,7.38,13.77,3.87,0.5,3.62,0,2.92,0,0,6.75,6.64,0,0.53,30.51,0.89,0,3.57,5.5,7.61,7.38,19.65,6.75,0.52,5.3,0,3.78,6.49,0.12,7.34,12.85,0,0.56,154.27,1.76,0,13.08,77.24,88.68,15.1,105.1,7.26,0,5.92,,0,0,,0,0,44.5,83.38,0,3.6,732.32,17.24,0,85.68,131.92,,,,,,,,
7/9/2028 0:00,3.84,7.38,13.61,3.87,0.5,3.64,0,2.92,0,0,6.75,6.9,0,0.53,29.18,0.89,0,2.69,4.4,7.61,7.38,19.65,6.75,0.52,5.3,0,3.78,6.49,0.12,7.34,12.85,0,0.56,154.27,1.76,0,13.08,77.24,88.49,9.32,95.86,7.43,0,6.1,,0,0,,0,0,41.85,115.2,0,3.6,700.27,17.24,0,64.54,105.49,,,,,,,,
7/10/2028 0:00,3.84,7.38,14.11,4.03,0.5,3.74,0,2.92,0,0,6.75,8.39,0,0.53,23.65,0.89,0,0.93,5.8,7.61,7.38,19.65,6.75,0.52,5.3,0,3.78,6.49,0.12,7.34,12.85,0,0.56,154.27,1.76,0,13.08,77.24,91.71,20.88,190.34,25.58,1.16,8.23,,0,0.07,,0,0,43.74,153.67,0,3.99,567.5,20.52,0,22.25,139.23,,,,,,,,
7/11/2028 0:00,3.85,7.38,14.02,4.03,0.5,3.75,0,2.92,0,0,6.75,7.96,0,0.53,29.82,0.89,0,3.52,5.24,7.61,7.38,19.65,6.75,0.52,5.3,0,3.78,6.49,0.12,7.34,12.85,0,0.56,154.27,1.76,0,13.08,77.24,90.29,15.1,188.99,36.08,0.7,7.88,,0,0.09,,0,0,44.06,145.9,0,3.8,715.73,17.69,0,84.52,125.7,,,,,,,,
7/12/2028 0:00,3.85,7.38,14.39,4.03,0.5,3.76,0,2.92,0,0,6.75,7.79,0,0.53,22.81,0.89,0,3.19,13.55,7.61,7.38,19.65,6.75,0.52,5.3,0,3.78,6.49,0.12,7.34,12.85,0,0.56,154.27,1.76,0,13.08,77.24,91.02,15.1,158.49,20.1,0,7.93,,0,0,,0,0,44.83,139.32,0,3.6,547.46,18.47,0,76.57,325.19,,,,,,,,
7/13/2028 0:00,3.85,7.38,14.97,4.03,0.5,3.76,0,2.92,0,0,6.75,8.03,0,0.53,24.05,0.89,0,3.95,8.74,7.61,7.38,19.65,6.75,0.52,5.3,0,3.78,6.49,0.12,7.34,12.85,0,0.56,154.27,1.76,0,13.08,77.24,91.6,14.62,177.01,25.18,0,7.94,,0,0,,0,0,44.62,145.96,0,3.6,577.29,19.28,0,94.75,209.81,,,,,,,,
7/14/2028 0:00,3.85,7.38,14.91,4.03,0.5,3.74,0,2.93,0,0,6.75,8.11,0,0.53,26.81,0.89,0,1.12,3.29,7.61,7.38,19.65,6.75,0.52,5.3,0,3.78,6.49,0.12,7.34,12.85,0,0.56,154.27,1.76,0,13.08,77.24,92.5,15.58,182.35,15.61,0.54,7.9,,0,0,,0,0,43.7,147.04,0,3.64,643.35,20.51,0,26.9,78.95,,,,,,,,
7/15/2028 0:00,3.85,7.38,13.83,4.03,0.5,3.64,0,2.97,0,0,6.75,6.33,0,0.53,24.59,0.89,0,4.49,13.19,7.61,7.38,19.65,6.75,0.52,5.3,0,3.78,6.49,0.12,7.34,12.85,0,0.56,154.27,1.76,0,13.08,77.24,88.68,15.1,63.27,6.6,0,4.83,,0,0,,0,0,41.71,79.65,0,3.6,590.1,17.24,0,107.78,316.6,,,,,,,,
7/16/2028 0:00,3.84,7.38,14.12,4.03,0.5,3.67,0,2.97,0,0,6.75,5.94,0,0.53,24.75,0.89,0,4.7,13.01,7.61,7.38,19.65,6.75,0.52,5.3,0,3.78,6.49,0.12,7.34,12.85,0,0.56,154.27,1.76,0,13.08,77.24,87.48,11.59,70.25,6.47,0,4.1,,0,0,,0,0,40.12,77.37,0,3.6,593.9,16.42,0,112.74,312.3,,,,,,,,
7/17/2028 0:00,3.84,7.38,14.98,4.03,0.5,3.77,0,2.97,0,0,6.75,7.11,0,0.53,25.21,0.89,0,4.62,11.72,7.61,7.38,19.65,6.75,0.52,5.3,0,3.78,6.49,0.12,7.34,12.85,0,0.56,154.27,1.76,0,13.08,77.24,90.04,17.06,156.46,7.15,0,7.58,,0,0,,0,0,42.34,117.41,0,3.6,605.09,18,0,110.94,281.32,,,,,,,,
7/18/2028 0:00,3.85,7.38,15.01,4.03,0.5,3.78,0,2.97,0,0,6.75,8.3,0,0.53,27.07,0.89,0,2.25,3.96,7.61,7.38,19.65,6.75,0.52,5.3,0,3.78,6.49,0.12,7.34,12.85,0,0.56,154.27,1.76,0,13.08,77.24,91.78,15.95,196.22,27.39,1.16,7.97,,0,0.09,,0,0,43.3,146.11,0,3.99,649.57,19.31,0,53.99,95.01,,,,,,,,
7/19/2028 0:00,3.85,7.38,15.04,4.02,0.5,3.78,0,2.97,0,0,6.75,8.92,0,0.53,22.23,0.89,0,0.67,4.06,7.61,7.38,19.65,6.75,0.52,5.3,0,3.78,6.49,0.12,7.34,12.85,0,0.56,154.27,1.76,0,13.08,77.24,92.5,15.8,200.95,59.77,0.54,8.46,,0,0.02,,0,0,43.76,166.88,0,3.72,533.59,20.52,0,16.09,97.35,,,,,,,,
7/20/2028 0:00,3.85,7.38,15.05,4.02,0.5,3.79,0,2.97,0,0,6.75,8.57,0,0.53,24.38,0.89,0,3.26,5.18,7.61,7.38,19.65,6.75,0.52,5.3,0,3.78,6.49,0.12,7.34,12.85,0,0.56,154.27,1.76,0,13.08,77.24,92.5,15.1,184.33,33.6,0.23,8,,0,0,,0,0,43.4,157.17,0,3.8,585.13,20.51,0,78.19,124.4,,,,,,,,
7/21/2028 0:00,3.85,7.38,14.99,4.02,0.5,3.77,0,2.97,0,0,6.75,9.06,0,0.53,17.74,0.89,0,1.21,2.85,7.61,7.38,19.65,6.75,0.52,5.3,0,3.78,6.49,0.12,7.34,12.85,0,0.56,154.27,1.76,0,13.08,77.24,92.5,11.65,196.27,33.19,0,10.64,,0,0,,0,0,43.3,171.55,0,3.6,425.77,20.5,0,28.95,68.29,,,,,,,,
7/22/2028 0:00,3.85,7.38,14.7,4.02,0.5,3.67,0,3.03,0,0,6.75,7.27,0,0.53,23.15,0.89,0,2.36,7.15,7.61,7.38,19.65,6.75,0.52,5.3,0,3.78,6.49,0.12,7.34,12.85,0,0.56,154.27,1.76,0,13.08,77.24,90.1,15.1,99.63,7.75,0,5.95,,0,0,,0,0,41.8,86.96,0,3.6,555.52,18.05,0,56.69,171.52,,,,,,,,
7/23/2028 0:00,3.84,7.38,14.77,4.02,0.5,3.7,0,3.03,0,0,6.75,6.46,0,0.53,18.18,0.89,0,5.42,14.66,7.61,7.38,19.65,6.75,0.52,5.3,0,3.78,6.49,0.12,7.34,12.85,0,0.56,154.27,1.76,0,13.08,77.24,87.87,5.89,60.99,6.48,0,4.39,,0,0,,0,0,40.21,90.43,0,3.6,436.33,17.24,0,130.18,351.78,,,,,,,,
7/24/2028 0:00,3.84,7.38,15.07,4.02,0.5,3.8,0,3.03,0,0,6.75,8.01,0,0.53,16.43,0.89,0,2.8,12.44,7.61,7.38,19.65,6.75,0.52,5.3,0,3.78,6.49,0.12,7.34,12.85,0,0.56,154.27,1.76,0,13.08,77.24,92.26,21.89,150.98,7.24,0,8.71,,0,0,,0,0,42.98,121.8,0,3.6,394.4,20.5,0,67.16,298.52,,,,,,,,
7/25/2028 0:00,3.85,7.38,15.11,4.02,0.5,3.81,0,3.03,0,0,6.75,8.65,0,0.53,16.2,0.89,0,4.21,7.03,7.61,7.38,19.65,6.75,0.52,5.3,0,3.78,6.49,0.12,7.34,12.85,0,0.56,154.27,1.76,0,13.08,77.24,92.5,15.65,193.46,13.11,0,10.79,,0,0,,0,0,44.33,144.58,0,3.6,388.81,20.5,0,101.08,168.81,,,,,,,,
7/26/2028 0:00,3.85,7.38,15.13,4.02,0.5,3.82,0,3.03,0,0,6.75,8.38,0,0.53,20.34,0.89,0,3.63,8.53,7.61,7.38,19.65,6.75,0.52,5.3,0,3.78,6.49,0.12,7.34,12.85,0,0.56,154.27,1.76,0,13.08,77.24,92.5,10.12,160.45,19.92,0,8.04,,0,0,,0,0,44.4,138.21,0,3.6,488.04,20.51,0,87.21,204.8,,,,,,,,
7/27/2028 0:00,3.85,7.38,15.15,4.02,0.5,3.82,0,3.03,0,0,6.75,9.06,0,0.53,11.37,0.89,0,1.74,11.06,7.61,7.38,19.65,6.75,0.52,5.3,0,3.78,6.49,0.12,7.34,12.85,0,0.56,154.27,1.76,0,13.08,77.24,92.5,9.25,193.11,18.85,0,11.43,,0,0,,0,0,44.34,162.35,0,3.6,272.83,20.51,0,41.83,265.4,,,,,,,,
7/28/2028 0:00,3.85,7.38,15.09,4.02,0.5,3.8,0,3.03,0,0,6.75,8.84,0,0.53,15.94,0.89,0,0.25,8.41,7.61,7.38,19.65,6.75,0.52,5.3,0,3.78,6.49,0.12,7.34,12.85,0,0.56,154.27,1.76,0,13.08,77.24,92.5,15.1,166.21,17.67,0,9.05,,0,0,,0,0,44.15,156.76,0,3.6,382.44,20.51,0,6,201.81,,,,,,,,
7/29/2028 0:00,3.85,7.38,14.8,4.01,0.5,3.71,0,3.03,0,0,6.75,7.65,0,0.53,17.95,0.89,0,2.31,7.31,7.61,7.38,19.65,6.75,0.52,5.3,0,3.78,6.49,0.12,7.34,12.85,0,0.56,154.27,1.76,0,13.08,77.24,90.29,15.1,107.05,8.77,0,6.42,,0,0,,0,0,42.21,116.51,0,3.6,430.92,18.05,0,55.5,175.45,,,,,,,,
7/30/2028 0:00,3.84,7.38,14.88,4.01,0.5,3.73,0,3.03,0,0,6.75,6.62,0,0.53,20.1,0.89,0,4.01,11.57,7.61,7.38,19.65,6.75,0.52,5.3,0,3.78,6.49,0.12,7.34,12.85,0,0.56,154.27,1.76,0,13.08,77.24,88.24,6.91,63.66,6.4,0,4.95,,0,0,,0,0,40.87,84.6,0,3.6,482.44,17.24,0,96.18,277.68,,,,,,,,
7/31/2028 0:00,3.73,7.38,15.18,4.01,0.5,3.83,0,3.03,0,0,6.75,7.53,0,0.53,14.41,0.81,0,2.81,17.76,7.61,7.38,19.65,6.75,0.52,5.3,0,3.78,6.49,0.12,7.34,12.85,0,0.56,154.27,1.76,0,13.08,77.24,89.56,23.04,136.31,7.23,0,8.79,,0,0,,0,0,42.68,103.86,0,3.6,345.73,18.64,0,67.45,426.14,,,,,,,,
8/1/2028 0:00,3.73,7.38,15.22,3.97,0.5,3.84,0,3.03,0,0,6.75,6.89,0,0.53,17.02,0.81,0,4.17,23.67,7.61,7.38,19.65,6.75,0.52,5.3,0,3.78,6.49,0.12,7.34,12.85,0,0.56,155.43,1.76,0,13.24,77.53,87.64,5.07,125.25,6.92,0,7.97,,0,0,,0,0,43.95,101.58,0,3.6,408.49,16.42,0,100.03,568.01,,,,,,,,
8/2/2028 0:00,3.73,7.38,15.25,3.97,0.5,3.85,0,3.03,0,0,6.75,6.77,0,0.53,14.07,0.81,0,5.13,22.28,7.61,7.38,19.65,6.75,0.52,5.3,0,3.78,6.49,0.12,7.34,12.85,0,0.56,155.43,1.76,0,13.24,77.53,88.41,25.36,99.67,7.22,0,7.49,,0,0,,0,0,43.03,87.41,0,3.6,337.66,17.16,0,123.1,534.82,,,,,,,,
8/3/2028 0:00,3.73,7.38,15.27,3.97,0.5,3.86,0,3.03,0,0,6.75,5.79,0,0.53,20.51,0.81,0,4.34,32.02,7.61,7.38,19.65,6.75,0.52,5.3,0,3.78,6.49,0.12,7.34,12.85,0,0.56,155.43,1.76,0,13.24,77.53,85.28,10.06,58.28,6.59,0,6.13,,0,0,,0,0,41.77,73.22,0,3.6,492.29,15.31,0,104.24,768.45,,,,,,,,
8/4/2028 0:00,3.73,7.38,15.21,3.97,0.5,3.84,0,3.03,0,0,6.75,8.04,0,0.53,18.97,0.81,0,4.46,7.25,7.61,7.38,19.65,6.75,0.52,5.3,0,3.78,6.49,0.12,7.34,12.85,0,0.56,155.43,1.76,0,13.24,77.53,89.57,20.14,132.84,7.31,0,8.11,,0,0,,0,0,41.82,129.61,0,3.6,455.27,18.64,0,107,174.09,,,,,,,,
8/5/2028 0:00,3.73,7.38,14.92,3.97,0.5,3.75,0,3.03,0,0,6.75,8.25,0,0.53,19.42,0.81,0,1.4,3.82,7.61,7.38,19.65,6.75,0.52,5.3,0,3.78,6.49,0.12,7.34,12.85,0,0.56,155.43,1.76,0,13.24,77.53,88.33,15.1,118.5,7.39,0,7.25,,0,0,,0,0,40.36,115.35,0,3.6,466,18.14,0,33.48,91.64,,,,,,,,
8/6/2028 0:00,3.73,7.38,15,3.97,0.5,3.77,0,3.03,0,0,6.75,7.26,0,0.53,14.35,0.81,0,2.22,11.8,7.61,7.38,19.65,6.75,0.52,5.3,0,3.78,6.49,0.12,7.34,12.85,0,0.56,155.43,1.76,0,13.24,77.53,87.43,13.54,51.86,6.85,0,5.34,,0,0,,0,0,39.46,83.26,0,3.6,344.46,17.51,0,53.38,283.15,,,,,,,,
8/7/2028 0:00,3.73,7.38,15.3,3.97,0.5,3.87,0,3.03,0,0,6.75,5.54,0,0.53,16.33,0.81,0,4.11,32.4,7.61,7.38,19.65,6.75,0.52,5.3,0,3.78,6.49,0.12,7.34,12.85,0,0.56,155.43,1.76,0,13.24,77.53,85.74,15.11,45.07,6.33,0,6.11,,0,0,,0,0,40.08,59.86,0,3.6,391.89,15.68,0,98.56,777.51,,,,,,,,
8/8/2028 0:00,3.73,7.38,15.33,3.97,0.5,3.88,0,3.03,0,0,6.75,5.52,0,0.53,21.98,0.81,0,5.97,28.16,7.61,7.38,19.65,6.75,0.52,5.3,0,3.78,6.49,0.12,7.34,12.85,0,0.56,155.43,1.76,0,13.24,77.53,85.56,10.03,72.4,6.76,0,6.95,,0,0,,0,0,40.47,70.76,0,3.6,527.62,15.31,0,143.34,675.89,,,,,,,,
8/9/2028 0:00,3.73,7.38,15.36,3.97,0.5,3.89,0,3.03,0,0,6.75,7.34,0,0.53,19.59,0.81,0,6.2,12.57,7.61,7.38,19.65,6.75,0.52,5.3,0,3.78,6.49,0.12,7.34,12.85,0,0.56,155.43,1.76,0,13.24,77.53,88.53,20.17,135.28,7.22,0,7.92,,0,0,,0,0,40.2,115.21,0,3.6,470.16,17.8,0,148.76,301.73,,,,,,,,
8/10/2028 0:00,3.73,7.38,15.38,3.97,0.5,3.9,0,3.03,0,0,6.75,7.85,0,0.53,29.88,0.81,0,2.93,3.11,7.61,7.38,19.65,6.75,0.52,5.3,0,3.78,6.49,0.12,7.34,12.85,0,0.56,155.43,1.76,0,13.24,77.53,86.23,16.6,168.51,22.07,0.08,8,,0,0,,0,0,40.55,134.8,0,3.6,717.09,16.09,0,70.39,74.62,,,,,,,,
8/11/2028 0:00,3.73,7.38,15.31,3.96,0.5,3.87,0,3.03,0,0,6.75,7.79,0,0.53,30.89,0.81,0,2.39,2.66,7.61,7.38,19.65,6.75,0.52,5.3,0,3.78,6.49,0.12,7.34,12.85,0,0.56,155.43,1.76,0,13.24,77.53,86.23,15.14,164.72,19.46,0,7.78,,0,0,,0,0,40.15,139.17,0,3.6,741.3,16.06,0,57.27,63.96,,,,,,,,
8/12/2028 0:00,3.73,7.38,15.02,3.96,0.5,3.78,0,3.03,0,0,6.75,7.63,0,0.53,18.45,0.81,0,3.93,7.56,7.61,7.38,19.65,6.75,0.52,5.3,0,3.78,6.49,0.12,7.34,12.85,0,0.56,155.43,1.76,0,13.24,77.53,87.41,15.1,92.4,8.48,0,6.1,,0,0,,0,0,38.71,104.34,0,3.6,442.86,16.42,0,94.25,181.41,,,,,,,,
8/13/2028 0:00,3.73,7.38,15.08,3.96,0.5,3.8,0,3.03,0,0,6.75,7.1,0,0.53,23.24,0.81,0,4.67,4.84,7.61,7.38,19.65,6.75,0.52,5.3,0,3.78,6.49,0.12,7.34,12.85,0,0.56,155.43,1.76,0,13.24,77.53,85.74,6.25,72.4,6.84,0,5.41,,0,0,,0,0,36.86,98.28,0,3.6,557.7,15.68,0,112.01,116.21,,,,,,,,
8/14/2028 0:00,3.73,7.38,14.78,3.96,0.5,3.9,0,3.03,0,0,6.75,8.08,0,0.53,25.96,0.81,0,2.33,2.78,7.61,7.38,19.65,6.75,0.52,5.3,0,3.78,6.49,0.12,7.34,12.85,0,0.56,155.43,1.76,0,13.24,77.53,87.63,22.87,174.26,20.12,0.7,8.38,,0,0.07,,0,0,38.19,138.72,0,3.8,623.15,16.46,0,55.98,66.79,,,,,,,,
8/15/2028 0:00,3.73,7.38,14.68,4.02,0.5,3.9,0,3.03,0,0,6.75,8.31,0,0.53,22.67,0.81,0,4.86,5.58,7.61,7.38,19.65,6.75,0.52,5.3,0,3.78,6.49,0.12,7.34,12.85,0,0.56,155.43,1.76,0,13.24,77.53,87.92,14.63,164.85,20.19,0,8.13,,0,0,,0,0,38.72,142.2,0,3.6,544.19,16.8,0,116.66,133.87,,,,,,,,
8/16/2028 0:00,3.73,7.38,15.41,4.02,0.5,3.91,0,3.03,0,0,6.75,8.73,0,0.53,23.97,0.81,0,1.73,3.23,7.61,7.38,19.65,6.75,0.52,5.3,0,3.78,6.49,0.12,7.34,12.85,0,0.56,155.43,1.76,0,13.24,77.53,89.57,15.1,194.46,25.51,0,8.69,,0,0,,0,0,39.35,161.09,0,3.6,575.28,18.68,0,41.59,77.55,,,,,,,,
8/17/2028 0:00,3.73,7.38,15.41,4.02,0.5,3.91,0,3.03,0,0,6.75,8.47,0,0.53,19.52,0.81,0,3.31,7.09,7.61,7.38,19.65,6.75,0.52,5.3,0,3.78,6.49,0.12,7.34,12.85,0,0.56,155.43,1.76,0,13.24,77.53,89.57,16.43,180.5,26.24,0,8.96,,0,0,,0,0,38.96,152.17,0,3.6,468.59,18.65,0,79.43,170.22,,,,,,,,
8/18/2028 0:00,3.73,7.38,14.74,4.02,0.5,3.88,0,3.03,0,0,6.75,7.43,0,0.53,28.37,0.81,0,5.24,4.26,7.61,7.38,19.65,6.75,0.52,5.3,0,3.78,6.49,0.12,7.34,12.85,0,0.56,155.43,1.76,0,13.24,77.53,87.64,15.32,166.77,9.85,0,8.19,,0,0,,0,0,38.67,131.97,0,3.6,680.98,16.43,0,125.64,102.14,,,,,,,,
8/19/2028 0:00,3.73,7.38,14.21,4.02,0.5,3.78,0,3.03,0,0,6.75,6.75,0,0.53,24.61,0.81,0,6.48,6.72,7.61,7.38,19.65,6.75,0.52,5.3,0,3.78,6.49,0.12,7.34,12.85,0,0.56,155.43,1.76,0,13.24,77.53,85.75,15.1,89.67,7.11,0,6.24,,0,0,,0,0,35.75,82.69,0,3.6,590.58,15.68,0,155.43,161.36,,,,,,,,
8/20/2028 0:00,3.73,7.38,14.26,4.02,0.5,3.79,0,3.03,0,0,6.75,7.2,0,0.53,27.84,0.81,0,1.4,2.5,7.61,7.38,19.65,6.75,0.52,5.3,0,3.78,6.49,0.12,7.34,12.85,0,0.56,155.43,1.76,0,13.24,77.53,86.02,4.56,109.18,7.28,0,6.7,,0,0,,0,0,35.62,126.01,0,3.6,668.2,16.05,0,33.51,59.96,,,,,,,,
8/21/2028 0:00,3.73,7.38,14.63,4.02,0.5,3.89,0,3.03,0,0,6.75,8.35,0,0.53,27.66,0.81,0,1,1.79,7.61,7.38,19.65,6.75,0.52,5.3,0,3.78,6.49,0.12,7.34,12.85,0,0.56,155.43,1.76,0,13.24,77.53,87.95,24.09,198.5,28.55,0.93,9.72,,0,0.07,,0,0,36.74,152.65,0,3.92,663.87,16.83,0,23.92,42.95,,,,,,,,
8/22/2028 0:00,3.73,7.38,14.75,4.02,0.5,3.89,0,3.03,0,0,6.75,8.69,0,0.53,25.94,0.81,0,1.38,2.58,7.61,7.38,19.65,6.75,0.52,5.3,0,3.78,6.49,0.12,7.34,12.85,0,0.56,155.43,1.76,0,13.24,77.53,88.85,15.1,217.96,48.72,0.93,9.99,,0,0.1,,0,0,38.42,160.18,0,3.92,622.64,17.54,0,33.18,62.01,,,,,,,,
8/23/2028 0:00,3.73,7.38,14.75,4.02,0.5,3.88,0,3.03,0,0,6.75,8.64,0,0.53,27.98,0.81,0,1.37,1.95,7.61,7.38,19.65,6.75,0.52,5.3,0,3.78,6.49,0.12,7.34,12.85,0,0.56,155.43,1.76,0,13.24,77.53,88.04,15.1,197.9,56.13,0.93,8.97,,0,0.1,,0,0,39.09,163.34,0,4.02,671.46,16.83,0,32.98,46.71,,,,,,,,
8/24/2028 0:00,3.73,7.38,14.73,4.02,0.5,3.88,0,3.03,0,0,6.75,8.9,0,0.53,24.16,0.81,0,1.54,3.26,7.61,7.38,19.65,6.75,0.52,5.3,0,3.78,6.49,0.12,7.34,12.85,0,0.56,155.43,1.76,0,13.24,77.53,89.57,16.65,205.71,48.33,1.16,9.34,,0,0.07,,0,0,40.55,168.97,0,3.92,579.85,18.7,0,36.91,78.16,,,,,,,,
8/25/2028 0:00,3.73,7.38,15.23,4.02,0.5,3.85,0,3.03,0,0,6.75,8.93,0,0.53,15.12,0.81,0,1.25,8.53,7.61,7.38,19.65,6.75,0.52,5.3,0,3.78,6.49,0.12,7.34,12.85,0,0.56,155.43,1.76,0,13.24,77.53,89.57,14,183.87,35.3,0,10.89,,0,0.02,,0,0,41.63,163.69,0,3.68,362.78,18.65,0,29.89,204.63,,,,,,,,
8/26/2028 0:00,3.73,7.38,14.9,4.01,0.5,3.74,0,2.97,0,0,6.75,7.79,0,0.53,20.04,0.81,0,2.02,9.36,7.61,7.38,19.65,6.75,0.52,5.3,0,3.78,6.49,0.12,7.34,12.85,0,0.56,155.43,1.76,0,13.24,77.53,87.64,15.1,128.35,10.81,0,7.23,,0,0,,0,0,41.2,127.09,0,3.6,480.97,16.42,0,48.45,224.74,,,,,,,,
8/27/2028 0:00,3.73,7.38,14.93,4.01,0.5,3.75,0,2.97,0,0,6.75,8.59,0,0.53,11.91,0.81,0,2.01,5.59,7.61,7.38,19.65,6.75,0.52,5.3,0,3.78,6.49,0.12,7.34,12.85,0,0.56,155.43,1.76,0,13.24,77.53,88.05,2.59,120.31,7.06,0,7.68,,0,0,,0,0,40.45,130.93,0,3.6,285.73,17.53,0,48.22,134.1,,,,,,,,
8/28/2028 0:00,3.73,7.38,15.19,4.01,0.5,3.84,0,2.97,0,0,6.75,9.6,0,0.53,12.37,0.81,0,2.63,6.24,7.61,7.38,19.65,6.75,0.52,5.3,0,3.78,6.49,0.12,7.34,12.85,0,0.56,155.43,1.76,0,13.24,77.53,89.56,18.09,245.39,33.14,0.93,12.76,,0,0.12,,0,0,41.98,158.64,0,3.92,296.92,18.72,0,63.14,149.78,,,,,,,,
8/29/2028 0:00,3.73,7.38,15.18,4.01,0.5,3.83,0,2.97,0,0,6.75,10.32,0,0.53,10.99,0.81,0,0.66,2.55,7.61,7.38,19.65,6.75,0.52,5.3,0,3.78,6.49,0.12,7.34,12.85,0,0.56,155.43,1.76,0,13.24,77.53,89.57,15.17,286.21,58.81,0.8,13.33,,0,0.37,,0,0,43.76,207.36,0,3.84,263.67,18.72,0,15.82,61.29,,,,,,,,
8/30/2028 0:00,3.73,7.38,15.16,4.01,0.5,3.83,0,2.97,0,0,6.75,9.15,0,0.53,17.17,0.81,0,2.34,5.41,7.61,7.38,19.65,6.75,0.52,5.3,0,3.78,6.49,0.12,7.34,12.85,0,0.56,155.43,1.76,0,13.24,77.53,89.57,13.95,196.81,54.03,0.78,9.6,,0,0.09,,0,0,43.81,170.15,0,3.88,412.13,18.69,0,56.09,129.82,,,,,,,,
8/31/2028 0:00,3.78,7.38,15.13,4.01,0.5,3.82,0,2.97,0,0,6.75,8,0,0.53,19.39,0.78,0,3.16,14.35,7.61,7.38,19.65,6.75,0.52,5.3,0,3.78,6.49,0.12,7.34,12.85,0,0.56,155.43,1.76,0,13.24,77.53,89.73,16.65,174.52,21.64,0,8.08,,0,0,,0,0,43.18,142.88,0,3.6,465.39,16.35,0,75.89,344.42,,,,,,,,
9/1/2028 0:00,3.78,7.38,15.03,4.13,0.5,3.78,0,2.97,0,0,6.75,8.74,0,0.53,12.62,0.78,0,2.45,10.16,7.61,7.38,19.65,6.75,0.52,5.3,0,3.78,6.49,0.12,7.34,12.85,0,0.56,156.6,1.76,0,13.4,77.83,90.71,12.68,166.64,44.27,0.13,10.69,,0,0,,0,0,42.65,155.82,0,3.64,302.96,17.98,0,58.84,243.75,,,,,,,,
9/2/2028 0:00,3.78,7.38,14.69,4.15,0.5,3.67,0,2.97,0,0,6.75,8.44,0,0.53,18.04,0.78,0,1.29,2.29,7.61,7.38,19.65,6.75,0.52,5.3,0,3.78,6.49,0.12,7.34,12.85,0,0.56,156.6,1.76,0,13.4,77.83,89.98,15.1,135.25,12.07,0,7.54,,0,0,,0,0,39.77,127.45,0,3.6,433.01,17.98,0,30.87,54.95,,,,,,,,
9/3/2028 0:00,3.85,7.38,14.72,4.15,0.5,3.68,0,2.97,0,0,6.75,7.83,0,0.53,16.48,0.78,0,3.25,5.39,7.61,7.38,19.65,6.75,0.52,5.3,0,3.78,6.49,0.12,7.34,12.85,0,0.56,156.6,1.76,0,13.4,77.83,90.68,7.4,99.09,8.44,0,6.9,,0,0,,0,0,38.12,116.9,0,3.6,395.45,16.23,0,78,129.3,,,,,,,,
9/4/2028 0:00,3.85,7.38,14.98,4.15,0.5,3.77,0,2.97,0,0,6.75,8.14,0,0.53,21.71,0.78,0,1.34,7.89,7.61,7.38,19.65,6.75,0.52,5.3,0,3.78,6.49,0.12,7.34,12.85,0,0.56,156.6,1.76,0,13.4,77.83,91.76,21.25,190.9,31.88,0.47,9.91,,0,0,,0,0,38.28,138.07,0,3.84,520.96,17.02,0,32.12,189.42,,,,,,,,
9/5/2028 0:00,3.78,7.38,14.97,4.15,0.5,3.76,0,2.97,0,0,6.75,8.36,0,0.53,21.16,0.78,0,1.09,11.42,7.61,7.38,19.65,6.75,0.52,5.3,0,3.78,6.49,0.12,7.34,12.85,0,0.56,156.6,1.76,0,13.4,77.83,90.71,15.1,182.05,33.11,0.08,9.84,,0,0,,0,0,37.98,142.81,0,3.64,507.96,18.04,0,26.06,274.08,,,,,,,,
9/6/2028 0:00,3.78,7.38,14.95,4.15,0.5,3.76,0,2.97,0,0,6.75,8.34,0,0.53,21.42,0.78,0,2.83,7.42,7.61,7.38,19.65,6.75,0.52,5.3,0,3.78,6.49,0.12,7.34,12.85,0,0.56,156.6,1.76,0,13.4,77.83,90.71,16.56,184.88,40.51,0,8.72,,0,0,,0,0,37.3,149.56,0,3.6,514.06,18,0,67.87,178.02,,,,,,,,
9/7/2028 0:00,3.78,7.38,14.93,4.14,0.5,3.75,0,2.97,0,0,6.75,7.41,0,0.53,21.97,0.78,0,5.78,15.13,7.61,7.38,19.65,6.75,0.52,5.3,0,3.78,6.49,0.12,7.34,12.85,0,0.56,156.6,1.76,0,13.4,77.83,89.21,10.65,141.25,10.64,0,8,,0,0,,0,0,36.62,124.4,0,3.6,527.26,16.24,0,138.73,363.19,,,,,,,,
9/8/2028 0:00,3.78,7.38,14.83,4.14,0.5,3.72,0,2.97,0,0,6.75,8.03,0,0.53,21.36,0.78,0,3.15,9.7,7.61,7.38,19.65,6.75,0.52,5.3,0,3.78,6.49,0.12,7.34,12.85,0,0.56,156.6,1.76,0,13.4,77.83,90.71,21.09,153.33,23.93,0,8.42,,0,0,,0,0,35.56,131.65,0,3.6,512.69,17.99,0,75.51,232.81,,,,,,,,
9/9/2028 0:00,3.78,7.38,14.5,4.14,0.5,3.61,0,2.97,0,0,6.75,8.42,0,0.53,20.74,0.78,0,0.55,3.13,7.61,7.38,19.65,6.75,0.52,5.3,0,3.78,6.49,0.12,7.34,12.85,0,0.56,156.6,1.76,0,13.4,77.83,89.4,15.1,137.69,19.88,0,7.2,,0,0,,0,0,34.3,134.79,0,3.6,497.67,16.23,0,13.32,75.01,,,,,,,,
9/10/2028 0:00,3.85,7.38,14.54,4.14,0.5,3.62,0,2.97,0,0,6.75,8.57,0,0.53,19.68,0.78,0,0.58,1.01,7.61,7.38,19.65,6.75,0.52,5.3,0,3.78,6.49,0.12,7.34,12.85,0,0.56,156.6,1.76,0,13.4,77.83,90.55,6.79,120.62,14.51,0,7.08,,0,0,,0,0,32.44,139.01,0,3.6,472.43,16.23,0,14.02,24.31,,,,,,,,
9/11/2028 0:00,3.85,7.38,14.81,4.14,0.5,3.71,0,2.97,0,0,6.75,9.18,0,0.53,19.83,0.78,0,4.12,2.82,7.61,7.38,19.65,6.75,0.52,5.3,0,3.78,6.49,0.12,7.34,12.85,0,0.56,156.6,1.76,0,13.4,77.83,92.31,21.86,214.86,47.33,1.03,13.48,,0,0.92,,0,0,34.03,158.35,0,3.92,475.9,18.07,0,98.85,67.64,,,,,,,,
9/12/2028 0:00,3.78,7.38,14.82,4.14,0.5,3.71,0,2.97,0,0,6.75,9.57,0,0.53,15.99,0.78,0,3.9,3.77,7.61,7.38,19.65,6.75,0.52,5.3,0,3.78,6.49,0.12,7.34,12.85,0,0.56,156.6,1.76,0,13.4,77.83,90.71,16.44,260.81,69.6,1.16,14.83,,0,0.5,,0,0,35.9,181.6,0,3.99,383.73,18.03,0,93.63,90.6,,,,,,,,
9/13/2028 0:00,3.78,7.38,14.82,4.14,0.5,3.71,0,2.97,0,0,6.75,9.1,0,0.53,8.95,0.78,0,7.56,13.87,7.61,7.38,19.65,6.75,0.52,5.3,0,3.78,6.49,0.12,7.34,12.85,0,0.56,156.6,1.76,0,13.4,77.83,90.71,1.62,179.4,29.34,0,10.88,,0,0,,0,0,35.53,167.17,0,3.6,214.87,17.99,0,181.38,332.84,,,,,,,,
9/14/2028 0:00,3.78,7.38,14.82,4.14,0.5,3.71,0,2.97,0,0,6.75,9.59,0,0.53,16.48,0.78,0,2.15,3.02,7.61,7.38,19.65,6.75,0.52,5.3,0,3.78,6.49,0.12,7.34,12.85,0,0.56,156.6,1.76,0,13.4,77.83,90.71,26.23,233.11,65.92,1.32,12.64,,0,0.59,,0,0,36.68,183.55,0,3.92,395.6,18.08,0,51.59,72.45,,,,,,,,
9/15/2028 0:00,3.78,7.38,14.74,4.14,0.5,3.69,0,2.97,0,0,6.75,8.48,0,0.53,19.75,0.78,0,2.83,9.68,7.61,7.38,19.65,6.75,0.52,5.3,0,3.78,6.49,0.12,7.34,12.85,0,0.56,156.6,1.76,0,13.4,77.83,90.71,15.41,170.78,36.13,0,8.71,,0,0,,0,0,36.18,143.32,0,3.6,473.88,18,0,67.93,232.39,,,,,,,,
9/16/2028 0:00,3.78,7.38,14.43,3.97,0.5,3.59,0,3.03,0,0,6.75,7.91,0,0.53,18.9,0.78,0,1.34,8.1,7.61,7.38,19.65,6.75,0.52,5.3,0,3.78,6.49,0.12,7.34,12.85,0,0.56,156.6,1.76,0,13.4,77.83,89.27,15.1,99.26,8.43,0,7.3,,0,0,,0,0,34.56,113.76,0,3.6,453.54,16.93,0,32.13,194.28,,,,,,,,
9/17/2028 0:00,3.85,7.38,14.49,3.8,0.5,3.61,0,3.03,0,0,6.75,7.46,0,0.53,16.52,0.78,0,3.5,8.1,7.61,7.38,19.65,6.75,0.52,5.3,0,3.78,6.49,0.12,7.34,12.85,0,0.56,156.6,1.76,0,13.4,77.83,90.68,13.55,81.67,8.39,0,6.68,,0,0,,0,0,33.5,90.97,0,3.6,396.6,16.58,0,84.04,194.29,,,,,,,,
9/18/2028 0:00,3.85,7.38,14.79,3.8,0.5,3.7,0,3.03,0,0,6.75,6.63,0,0.53,9,0.78,0,7.25,28.5,7.61,7.38,19.65,6.75,0.52,5.3,0,3.78,6.49,0.12,7.34,12.85,0,0.56,156.6,1.76,0,13.4,77.83,92.31,15.1,93.02,8.41,0,7.43,,0,0,,0,0,34.51,84.08,0,3.6,216.01,17.98,0,174.01,683.88,,,,,,,,
9/19/2028 0:00,3.78,7.38,14.82,3.8,0.5,3.71,0,3.03,0,0,6.75,6.04,0,0.53,14.06,0.78,0,5.32,32.13,7.61,7.38,19.65,6.75,0.52,5.3,0,3.78,6.49,0.12,7.34,12.85,0,0.56,156.6,1.76,0,13.4,77.83,88.78,9.26,110.33,8.41,0,7.77,,0,0,,0,0,35.35,80.87,0,3.6,337.5,15.88,0,127.59,771.04,,,,,,,,
9/20/2028 0:00,3.78,7.38,14.84,3.8,0.5,3.72,0,3.03,0,0,6.75,6.43,0,0.53,16.83,0.78,0,6.22,25.08,7.61,7.38,19.65,6.75,0.52,5.3,0,3.78,6.49,0.12,7.34,12.85,0,0.56,156.6,1.76,0,13.4,77.83,88.77,20.94,123.01,26.58,0,7.48,,0,0,,0,0,35.2,96.97,0,3.6,403.96,15.9,0,149.3,601.94,,,,,,,,
9/21/2028 0:00,3.78,7.38,14.86,3.8,0.5,3.73,0,3.03,0,0,6.75,7.3,0,0.53,14,0.78,0,3.67,24.01,7.61,7.38,19.65,6.75,0.52,5.3,0,3.78,6.49,0.12,7.34,12.85,0,0.56,156.6,1.76,0,13.4,77.83,90.71,13.55,130.07,32.95,0.39,9.46,,0,0,,0,0,35.53,117.29,0,3.76,335.98,18.02,0,88.04,576.27,,,,,,,,
9/22/2028 0:00,3.78,7.38,14.81,3.8,0.5,3.71,0,3.03,0,0,6.75,8.03,0,0.53,7.44,0.78,0,4.4,20.06,7.61,7.38,19.65,6.75,0.52,5.3,0,3.78,6.49,0.12,7.34,12.85,0,0.56,156.6,1.76,0,13.4,77.83,90.71,14.68,141.45,24.47,0,9.75,,0,0,,0,0,35.4,125.27,0,3.6,178.55,17.98,0,105.55,481.37,,,,,,,,
9/23/2028 0:00,3.78,7.38,14.52,3.8,0.5,3.62,0,3.03,0,0,6.75,7.12,0,0.53,12.17,0.78,0,3.52,19.97,7.61,7.38,19.65,6.75,0.52,5.3,0,3.78,6.49,0.12,7.34,12.85,0,0.56,156.6,1.76,0,13.4,77.83,89.81,15.1,80.82,9.65,0,6.74,,0,0,,0,0,34.42,94.02,0,3.6,292.19,17.33,0,84.51,479.25,,,,,,,,
9/24/2028 0:00,3.85,7.38,14.61,3.8,0.5,3.64,0,3.03,0,0,6.75,6.95,0,0.53,16.76,0.78,0,8.28,8.55,7.61,7.38,19.65,6.75,0.52,5.3,0,3.78,6.49,0.12,7.34,12.85,0,0.56,156.6,1.76,0,13.4,77.83,88.85,13.55,57.16,8.37,0,5.68,,0,0,,0,0,32.68,58.72,0,3.6,402.33,15.54,0,198.66,205.31,,,,,,,,
9/25/2028 0:00,3.85,7.38,14.93,3.88,0.5,3.75,0,3.03,0,0,6.75,7.59,0,0.53,18.3,0.78,0,6.86,16.43,7.61,7.38,19.65,6.75,0.52,5.3,0,3.78,6.49,0.12,7.34,12.85,0,0.56,156.6,1.76,0,13.4,77.83,91.93,18.08,139.65,32.57,1.18,10.73,,0,1.48,,0,0,34.71,95.8,0,3.92,439.27,18.08,0,164.54,394.25,,,,,,,,
9/26/2028 0:00,3.78,7.38,14.97,4.14,0.5,3.76,0,3.03,0,0,6.75,9.62,0,0.53,17.55,0.78,0,2.38,2.66,7.61,7.38,19.65,6.75,0.52,5.3,0,3.78,6.49,0.12,7.34,12.85,0,0.56,156.6,1.76,0,13.4,77.83,90.71,15.96,256.49,66.18,1.21,13.57,,0,0.3,,0,0,36.91,179.56,0,3.99,421.31,18.06,0,57.23,63.81,,,,,,,,
9/27/2028 0:00,3.78,7.38,15.02,4.14,0.5,3.78,0,3.03,0,0,6.75,9.43,0,0.53,16.32,0.78,0,3.35,5.65,7.61,7.38,19.65,6.75,0.52,5.3,0,3.78,6.49,0.12,7.34,12.85,0,0.56,156.6,1.76,0,13.4,77.83,90.71,23.04,223.89,63.48,1.68,12.43,,0,0.17,,0,0,37.13,169.52,0,4.07,391.72,18.05,0,80.47,135.55,,,,,,,,
9/28/2028 0:00,3.78,7.38,15.06,4.14,0.5,3.79,0,3.03,0,0,6.75,8.14,0,0.53,15.77,0.78,0,9.28,12.13,7.61,7.38,19.65,6.75,0.52,5.3,0,3.78,6.49,0.12,7.34,12.85,0,0.56,156.6,1.76,0,13.4,77.83,90.71,13.55,157.08,39.6,0.75,8.89,,0,0.2,,0,0,36.65,132.02,0,3.84,378.6,18.04,0,222.77,291.09,,,,,,,,
9/29/2028 0:00,3.78,7.38,15.02,4.14,0.5,3.78,0,3.03,0,0,6.75,7.46,0,0.53,10.99,0.78,0,8.54,21.75,7.61,7.38,19.65,6.75,0.52,5.3,0,3.78,6.49,0.12,7.34,12.85,0,0.56,156.6,1.76,0,13.4,77.83,90.71,13.2,110.74,11.93,0,7.98,,0,0,,0,0,36.6,112.12,0,3.6,263.73,17.98,0,204.86,521.88,,,,,,,,
9/30/2028 0:00,4.02,7.38,14.75,3.97,0.5,3.69,0,3.03,0,0,6.75,6.91,0,0.53,13.43,0.81,0,6.98,14.37,7.61,7.38,19.65,6.75,0.52,5.3,0,3.78,6.49,0.12,7.34,12.85,0,0.56,156.6,1.76,0,13.4,77.83,95.54,15.1,84.81,13.05,0,7.4,,0,0,,0,0,35.68,94.08,0,3.6,322.28,18.61,0,167.47,344.81,,,,,,,,
10/1/2028 0:00,4.03,7.38,14.85,4.37,0.5,3.72,0,3.03,0,0,6.75,5.59,0,0.53,5,0.81,0,9.04,35.5,7.61,7.38,19.65,6.75,0.52,5.3,0,3.78,6.49,0.12,7.34,12.85,0,0.56,157.77,1.76,0,13.55,78.12,88.51,4.65,41.21,8.15,0,1.69,,0,0,,0,0,34.31,68.76,0,7.2,120,12.7,0,216.86,851.9,,,,,,,,
10/2/2028 0:00,4.03,7.38,15.18,4.41,0.5,3.83,0,3.03,0,0,6.75,6.64,0,0.53,7.72,0.81,0,10.45,28.42,7.61,7.38,19.65,6.75,0.52,5.3,0,3.78,6.49,0.12,7.34,12.85,0,0.56,157.77,1.76,0,13.55,78.12,96.63,13.58,98.28,8.5,0,8.7,,0,0,,0,0,35.16,86.9,0,7.2,185.17,18.61,0,250.79,681.97,,,,,,,,
10/3/2028 0:00,4.02,7.38,15.24,4.41,0.5,3.85,0,3.03,0,0,6.75,7.58,0,0.53,11.19,0.81,0,4.86,19.56,7.61,7.38,19.65,6.75,0.52,5.3,0,3.78,6.49,0.12,7.34,12.85,0,0.56,157.77,1.76,0,13.55,78.12,96.45,12.05,146.67,18.41,0,9.41,,0,0,,0,0,35.41,111.34,0,7.2,268.66,18.62,0,116.61,469.38,,,,,,,,
10/4/2028 0:00,4.02,7.38,15.29,4.6,0.5,3.87,0,3.03,0,0,6.75,7.9,0,0.53,14.62,0.81,0,7.31,12.11,7.61,7.38,19.65,6.75,0.52,5.3,0,3.78,6.49,0.12,7.34,12.85,0,0.56,157.77,1.76,0,13.55,78.12,96.27,19.1,174.57,16.4,0,10.71,,0,0,,0,0,35.41,120.92,0,7.2,350.82,18.62,0,175.43,290.67,,,,,,,,
10/5/2028 0:00,4.02,7.38,15.34,4.6,0.5,3.88,0,3.03,0,0,6.75,6.04,0,0.53,13.95,0.81,0,9.34,32.06,7.61,7.38,19.65,6.75,0.52,5.3,0,3.78,6.49,0.12,7.34,12.85,0,0.56,157.77,1.76,0,13.55,78.12,94.52,13.43,56.91,8.5,0,6.9,,0,0,,0,0,34.63,79.58,0,7.2,334.76,16.39,0,224.14,769.55,,,,,,,,
10/6/2028 0:00,4.02,7.38,15.31,4.6,0.5,3.87,0,3.03,0,0,6.75,6.17,0,0.53,14.95,0.81,0,7.71,28.03,7.61,7.38,19.65,6.75,0.52,5.3,0,3.78,6.49,0.12,7.34,12.85,0,0.56,157.77,1.76,0,13.55,78.12,94.84,27.43,79.95,8.42,0,6.56,,0,0,,0,0,33.72,82.7,0,7.2,358.72,16.76,0,185.01,672.63,,,,,,,,
10/7/2028 0:00,4.02,7.38,15.04,4.6,0.5,3.79,0,3.03,0,0,6.75,6.55,0,0.53,14.8,0.81,0,8.25,17.63,7.61,7.38,19.65,6.75,0.52,5.3,0,3.78,6.49,0.12,7.34,12.85,0,0.56,157.77,1.76,0,13.55,78.12,94.68,15.1,51.88,8.5,0,5.4,,0,0,,0,0,31.91,81.52,0,7.2,355.17,16.76,0,198.08,423.2,,,,,,,,
10/8/2028 0:00,4.03,7.38,15.14,4.6,0.5,3.82,0,3.03,0,0,6.75,6.76,0,0.53,9.64,0.81,0,8.01,22.57,7.61,7.38,19.65,6.75,0.52,5.3,0,3.78,6.49,0.12,7.34,12.85,0,0.56,157.77,1.76,0,13.55,78.12,95.1,0.9,66.34,8.22,0,4.62,,0,0,,0,0,30.12,89.99,0,7.2,231.47,16.76,0,192.29,541.56,,,,,,,,
10/9/2028 0:00,4.03,7.38,15.47,4.6,0.5,3.93,0,3.03,0,0,6.75,8.31,0,0.53,15.65,0.81,0,4.48,12.99,7.61,7.38,19.65,6.75,0.52,5.3,0,3.78,6.49,0.12,7.34,12.85,0,0.56,157.77,1.76,0,13.55,78.12,96.63,25.24,179.35,8.57,0,11.22,,0,0,,0,0,32.21,133.14,0,7.2,375.55,18.63,0,107.55,311.7,,,,,,,,
10/10/2028 0:00,4.02,7.38,15.53,4.6,0.5,3.95,0,3.03,0,0,6.75,8.22,0,0.53,13.2,0.81,0,7.94,20.99,7.61,7.38,19.65,6.75,0.52,5.3,0,3.78,6.49,0.12,7.34,12.85,0,0.56,157.77,1.76,0,13.55,78.12,96.45,4.7,162.81,19.1,0,10.73,,0,0,,0,0,33.56,124.71,0,7.2,316.76,18.62,0,190.64,503.66,,,,,,,,
10/11/2028 0:00,4.02,7.38,15.58,4.6,0.5,3.96,0,3.03,0,0,6.75,10.02,0,0.53,11.46,0.81,0,4.82,8.56,7.61,7.38,19.65,6.75,0.52,5.3,0,3.78,6.49,0.12,7.34,12.85,0,0.56,157.77,1.76,0,13.55,78.12,96.45,21.02,246.44,55.81,1.32,14.63,,0,0.5,,0,0,34.33,170.33,0,7.59,275.08,18.67,0,115.6,205.49,,,,,,,,
10/12/2028 0:00,4.02,7.38,15.62,4.6,0.5,3.98,0,3.03,0,0,6.75,10.9,0,0.53,12.06,0.81,0,2.93,3.88,7.61,7.38,19.65,6.75,0.52,5.3,0,3.78,6.49,0.12,7.34,12.85,0,0.56,157.77,1.76,0,13.55,78.12,96.45,20.2,290.35,75.15,1.63,14.41,,0,0.17,,0,0,34.99,201.45,0,7.75,289.54,18.67,0,70.31,93.05,,,,,,,,
10/13/2028 0:00,4.02,7.38,15.58,4.32,0.5,3.96,0,3.03,0,0,6.75,10.76,0,0.53,6.87,0.81,0,3.03,9.3,7.61,7.38,19.65,6.75,0.52,5.3,0,3.78,6.49,0.12,7.34,12.85,0,0.56,157.77,1.76,0,13.55,78.12,96.45,11.71,270.47,52.2,0.39,12.04,,0,0.03,,0,0,34.9,194.38,0,7.36,164.95,18.64,0,72.63,223.3,,,,,,,,
10/14/2028 0:00,4.02,7.38,15.31,4.32,0.5,3.87,0,3.03,0,0,6.75,9.9,0,0.53,6.34,0.81,0,2.21,8.35,7.61,7.38,19.65,6.75,0.52,5.3,0,3.78,6.49,0.12,7.34,12.85,0,0.56,157.77,1.76,0,13.55,78.12,96.45,2.93,207.94,11.26,0,11.77,,0,0,,0,0,33.15,167.68,0,7.2,152.04,18.62,0,53.11,200.39,,,,,,,,
10/15/2028 0:00,4.03,7.38,15.4,4.32,0.5,3.9,0,3.03,0,0,6.75,8.36,0,0.53,6.49,0.81,0,5.26,16.76,7.61,7.38,19.65,6.75,0.52,5.3,0,3.78,6.49,0.12,7.34,12.85,0,0.56,157.77,1.76,0,13.55,78.12,96.63,1.51,74.41,8.48,0,8.96,,0,0,,0,0,31.03,105.22,0,7.2,155.8,18.61,0,126.36,402.2,,,,,,,,
10/16/2028 0:00,4.03,7.38,15.72,4.59,0.5,4.01,0,3.03,0,0,6.75,8.32,0,0.53,10.67,0.81,0,7.02,19.23,7.61,7.38,19.65,6.75,0.52,5.3,0,3.78,6.49,0.12,7.34,12.85,0,0.56,157.77,1.76,0,13.55,78.12,96.63,20.22,175.26,35.7,0.16,9.49,,0,0.02,,0,0,31.47,122.16,0,7.28,256.15,18.64,0,168.41,461.62,,,,,,,,
10/17/2028 0:00,4.02,7.38,15.77,4.59,0.5,4.03,0,3.03,0,0,6.75,8.88,0,0.53,11.86,0.81,0,6.17,17.63,7.61,7.38,19.65,6.75,0.52,5.3,0,3.78,6.49,0.12,7.34,12.85,0,0.56,157.77,1.76,0,13.55,78.12,96.45,8.15,190.05,28.8,0,11.56,,0,0,,0,0,32.75,144.59,0,7.32,284.53,18.62,0,148.19,423.07,,,,,,,,
10/18/2028 0:00,4.02,7.38,15.81,4.59,0.5,4.04,0,3.03,0,0,6.75,10.26,0,0.53,7.65,0.81,0,6.59,8.64,7.61,7.38,19.65,6.75,0.52,5.3,0,3.78,6.49,0.12,7.34,12.85,0,0.56,157.77,1.76,0,13.55,78.12,96.45,16.35,257.37,69.45,0.16,12.27,,0,0.04,,0,0,32.82,186.17,0,7.52,183.51,18.64,0,158.24,207.38,,,,,,,,
10/19/2028 0:00,4.02,7.38,15.84,4.59,0.5,4.05,0,3.03,0,0,6.75,10.1,0,0.53,8.79,0.81,0,2.99,9.86,7.61,7.38,19.65,6.75,0.52,5.3,0,3.78,6.49,0.12,7.34,12.85,0,0.56,157.77,1.76,0,13.55,78.12,96.45,14.97,257.84,67.8,0.7,12.3,,0,0.07,,0,0,33.46,181.33,0,7.36,210.94,18.64,0,71.68,236.61,,,,,,,,
10/20/2028 0:00,4.02,7.38,15.79,4.59,0.5,4.03,0,3.03,0,0,6.75,7.93,0,0.53,9.43,0.81,0,8.62,28,7.61,7.38,19.65,6.75,0.52,5.3,0,3.78,6.49,0.12,7.34,12.85,0,0.56,157.77,1.76,0,13.55,78.12,96.45,1.68,110.96,11.74,0,11.06,,0,0,,0,0,31.39,116.87,0,7.2,226.4,18.61,0,206.83,672.01,,,,,,,,
10/21/2028 0:00,4.02,7.38,15.51,4.59,0.5,3.94,0,3.03,0,0,6.75,9.04,0,0.53,4.47,0.81,0,1.92,15.55,7.61,7.38,19.65,6.75,0.52,5.3,0,3.78,6.49,0.12,7.34,12.85,0,0.56,157.77,1.76,0,13.55,78.12,96.45,9.98,144.39,8.61,0,11.97,,0,0,,0,0,29.74,152.44,0,7.2,107.16,18.61,0,46.09,373.25,,,,,,,,
10/22/2028 0:00,4.03,7.38,15.59,4.59,0.5,3.97,0,3.03,0,0,6.75,8.67,0,0.53,8.87,0.81,0,3.72,13.53,7.61,7.38,19.65,6.75,0.52,5.3,0,3.78,6.49,0.12,7.34,12.85,0,0.56,157.77,1.76,0,13.55,78.12,96.63,1.55,106.46,8.53,0,9.72,,0,0,,0,0,28.75,131.32,0,7.2,212.94,18.61,0,89.24,324.84,,,,,,,,
10/23/2028 0:00,4.03,7.38,15.9,4.59,0.5,4.07,0,3.03,0,0,6.75,8.73,0,0.53,8.56,0.81,0,4.51,16.87,7.61,7.38,19.65,6.75,0.52,5.3,0,3.78,6.49,0.12,7.34,12.85,0,0.56,157.77,1.76,0,13.55,78.12,96.63,12.63,227.38,32.39,0,12.36,,0,0,,0,0,30.29,151.89,0,7.2,205.47,18.62,0,108.24,404.77,,,,,,,,
10/24/2028 0:00,4.02,7.38,15.94,4.59,0.5,4.08,0,3.03,0,0,6.75,6.98,0,0.53,4.85,0.81,0,8.53,39.45,7.61,7.38,19.65,6.75,0.52,5.3,0,3.78,6.49,0.12,7.34,12.85,0,0.56,157.77,1.76,0,13.55,78.12,96.45,0,95.44,8.57,0,10.78,,0,0,,0,0,30.42,101.01,0,7.2,116.36,18.61,0,204.77,946.75,,,,,,,,
10/25/2028 0:00,4.02,7.38,15.97,4.59,0.5,4.09,0,3.03,0,0,6.75,8.36,0,0.53,8.62,0.81,0,7.4,22.47,7.61,7.38,19.65,6.75,0.52,5.3,0,3.78,6.49,0.12,7.34,12.85,0,0.56,157.77,1.76,0,13.55,78.12,96.45,13.38,212.24,35.19,0.16,11.56,,0,0.02,,0,0,30.84,123.61,0,7.28,206.9,18.64,0,177.6,539.24,,,,,,,,
10/26/2028 0:00,4.02,7.38,15.99,4.59,0.5,4.1,0,3.03,0,0,6.75,9.62,0,0.53,8.59,0.81,0,4.98,12.32,7.61,7.38,19.65,6.75,0.52,5.3,0,3.78,6.49,0.12,7.34,12.85,0,0.56,157.77,1.76,0,13.55,78.12,96.45,6.78,258.95,62.43,0.08,12.45,,0,0,,0,0,32.63,173.12,0,7.24,206.07,18.63,0,119.59,295.74,,,,,,,,
10/27/2028 0:00,4.02,7.38,15.93,4.58,0.5,4.08,0,3.03,0,0,6.75,8.58,0,0.53,11.56,0.81,0,7.03,16.39,7.61,7.38,19.65,6.75,0.52,5.3,0,3.78,6.49,0.12,7.34,12.85,0,0.56,157.77,1.76,0,13.55,78.12,96.45,4.63,192.82,25.32,0,11.88,,0,0,,0,0,31.53,134.44,0,7.2,277.44,18.62,0,168.6,393.29,,,,,,,,
10/28/2028 0:00,4.02,7.38,15.65,4.58,0.5,3.98,0,3.03,0,0,6.75,7.73,0,0.53,9.05,0.81,0,5.23,22.88,7.61,7.38,19.65,6.75,0.52,5.3,0,3.78,6.49,0.12,7.34,12.85,0,0.56,157.77,1.76,0,13.55,78.12,96.45,11.65,69.56,8.54,0,9.76,,0,0,,0,0,29.31,94.46,0,7.2,217.24,18.61,0,125.52,549.07,,,,,,,,
10/29/2028 0:00,4.03,7.38,15.72,4.58,0.5,4.01,0,3.03,0,0,6.75,9.17,0,0.53,7.81,0.81,0,2.48,9.69,7.61,7.38,19.65,6.75,0.52,5.3,0,3.78,6.49,0.12,7.34,12.85,0,0.56,157.77,1.76,0,13.55,78.12,96.63,2.79,150.68,20.76,0,12.18,,0,0,,0,0,29.01,147.05,0,7.2,187.46,18.62,0,59.49,232.52,,,,,,,,
10/30/2028 0:00,4.03,7.38,16.02,4.58,0.5,4.11,0,3.03,0,0,6.75,10.2,0,0.53,10.73,0.81,0,2.25,8.7,7.61,7.38,19.65,6.75,0.52,5.3,0,3.78,6.49,0.12,7.34,12.85,0,0.56,157.77,1.76,0,13.55,78.12,96.63,16.94,270.37,60.83,1.75,16.51,,0,1.4,,0,0,31.91,187.17,0,7.67,257.58,18.68,0,53.95,208.77,,,,,,,,
10/31/2028 0:00,4.36,7.38,16.05,4.58,0.5,4.12,0,3.03,0,0,6.75,10.21,0,0.53,7.74,0.78,0,3.49,8.83,7.61,7.38,19.65,6.75,0.52,5.3,0,3.78,6.49,0.12,7.34,12.85,0,0.56,157.77,1.76,0,13.55,78.12,104.66,14.18,307.76,77.27,1.86,15.38,,0,0.14,,0,0,34.46,199.82,0,7.83,185.85,17.92,0,83.64,211.91,,,,,,,,
11/1/2028 0:00,4.36,7.38,16.08,4.78,0.5,4.13,0,3.03,0,0,6.75,8.43,0,0.53,6.67,0.78,0,8.33,25.29,7.61,7.38,19.65,6.75,0.52,5.3,0,3.78,6.49,0.12,7.34,12.85,0,0.56,158.93,1.76,0,13.71,78.41,104.66,11.54,139.02,27.56,0,11.39,,0,0,,0,0,33.96,121.84,0,7.2,160.04,17.85,0,200.03,606.97,,,,,,,,
11/2/2028 0:00,4.36,7.38,16.1,4.79,0.5,4.13,0,3.03,0,0,6.75,7.67,0,0.53,8.33,0.78,0,7.94,30.01,7.61,7.38,19.65,6.75,0.52,5.3,0,3.78,6.49,0.12,7.34,12.85,0,0.56,158.93,1.76,0,13.71,78.41,103.9,5.51,147.27,40.98,0,10.24,,0,0,,0,0,33.59,110.92,0,7.2,199.95,16.48,0,190.46,720.24,,,,,,,,
11/3/2028 0:00,4.36,7.38,16.04,4.79,0.5,4.11,0,3.03,0,0,6.75,8.23,0,0.53,6.69,0.78,0,8.03,26.24,7.61,7.38,19.65,6.75,0.52,5.3,0,3.78,6.49,0.12,7.34,12.85,0,0.56,158.93,1.76,0,13.71,78.41,104.66,0,144.48,29.13,0,11.65,,0,0,,0,0,33.13,126.16,0,7.2,160.57,17.85,0,192.73,629.74,,,,,,,,
11/4/2028 0:00,4.36,7.38,15.75,4.79,0.5,4.02,0,3.03,0,0,6.75,9.15,0,0.53,3.6,0.78,0,7.19,14.13,7.61,7.38,19.65,6.75,0.52,5.3,0,3.78,6.49,0.12,7.34,12.85,0,0.56,158.93,1.76,0,13.71,78.41,104.66,5.54,146.05,28.61,0,11.23,,0,0,,0,0,31.67,141.54,0,7.2,86.32,17.85,0,172.56,339.14,,,,,,,,
11/5/2028 0:00,4.4,7.38,15.82,4.79,0.5,4.04,0,3.03,0,0,6.75,8.76,0,0.53,6.6,0.78,0,5.87,14.25,7.61,7.38,19.65,6.75,0.52,5.3,0,3.78,6.49,0.12,7.34,12.85,0,0.56,158.93,1.76,0,13.71,78.41,105.67,0,94.2,26.52,0,11.19,,0,0,,0,0,30.19,112.5,0,7.2,158.48,17.85,0,140.99,341.91,,,,,,,,
11/6/2028 0:00,4.4,7.38,16.13,4.79,0.5,4.14,0,3.03,0,0,6.75,8.19,0,0.53,8.18,0.78,0,6.75,27.3,7.61,7.38,19.65,6.75,0.52,5.3,0,3.78,6.49,0.12,7.34,12.85,0,0.56,158.93,1.76,0,13.71,78.41,105.67,0,170.08,29.37,0,11.87,,0,0,,0,0,31,128.12,0,7.2,196.39,17.85,0,162.05,655.14,,,,,,,,
11/7/2028 0:00,4.36,7.38,16.16,4.79,0.5,4.15,0,3.03,0,0,6.75,7.99,0,0.53,5.93,0.78,0,6.93,31.74,7.61,7.38,19.65,6.75,0.52,5.3,0,3.78,6.49,0.12,7.34,12.85,0,0.56,158.93,1.76,0,13.71,78.41,104.66,3.92,177.53,43.37,0,12.06,,0,0,,0,0,32.39,131.33,0,7.2,142.37,17.85,0,166.41,761.65,,,,,,,,
11/8/2028 0:00,4.36,7.38,16.19,4.79,0.5,4.16,0,3.03,0,0,6.75,8.03,0,0.53,8.68,0.78,0,7.3,28.59,7.61,7.38,19.65,6.75,0.52,5.3,0,3.78,6.49,0.12,7.34,12.85,0,0.56,158.93,1.76,0,13.71,78.41,104.66,0,181.24,30.14,0,12.63,,0,0,,0,0,32.49,131.66,0,7.2,208.29,17.85,0,175.19,686.05,,,,,,,,
11/9/2028 0:00,4.36,7.38,16.21,4.79,0.5,4.17,0,3.03,0,0,6.75,8.23,0,0.53,4.88,0.78,0,7.49,29.75,7.61,7.38,19.65,6.75,0.52,5.3,0,3.78,6.49,0.12,7.34,12.85,0,0.56,158.93,1.76,0,13.71,78.41,104.66,8.07,190.44,36.23,0,12.3,,0,0,,0,0,32.23,139.64,0,7.2,117.21,17.85,0,179.64,713.93,,,,,,,,
11/10/2028 0:00,4.36,7.38,16.15,4.79,0.5,4.15,0,3.03,0,0,6.75,8.2,0,0.53,7.93,0.78,0,8.74,24.68,7.61,7.38,19.65,6.75,0.52,5.3,0,3.78,6.49,0.12,7.34,12.85,0,0.56,158.93,1.76,0,13.71,78.41,104.66,4.68,181.19,28.89,0,12.61,,0,0,,0,0,31.43,123.88,0,7.2,190.26,17.85,0,209.71,592.37,,,,,,,,
11/11/2028 0:00,4.36,7.38,15.87,4.79,0.5,4.06,0,3.03,0,0,6.75,8.55,0,0.53,6.26,0.78,0,8.87,19.67,7.61,7.38,19.65,6.75,0.52,5.3,0,3.78,6.49,0.12,7.34,12.85,0,0.56,158.93,1.76,0,13.71,78.41,104.66,1.9,109.87,25.86,0,7.98,,0,0,,0,0,30.88,95.36,0,7.2,150.16,17.85,0,212.76,472.01,,,,,,,,
11/12/2028 0:00,4.4,7.38,15.94,4.78,0.5,4.08,0,3.03,0,0,6.75,10.4,0,0.53,6.03,0.78,0,2.21,5.16,7.61,7.38,19.65,6.75,0.52,5.3,0,3.78,6.49,0.12,7.34,12.85,0,0.56,158.93,1.76,0,13.71,78.41,105.67,2.24,212.99,52.32,0,12.4,,0,0,,0,0,30.12,184.35,0,7.24,144.63,17.86,0,53.03,123.83,,,,,,,,
11/13/2028 0:00,4.4,7.38,16.26,4.78,0.5,4.19,0,3.03,0,0,6.75,10.64,0,0.53,8.03,0.78,0,2.64,12.71,7.61,7.38,19.65,6.75,0.52,5.3,0,3.78,6.49,0.12,7.34,12.85,0,0.56,158.93,1.76,0,13.71,78.41,105.67,5.3,294.44,81.29,0.31,12.72,,0,0,,0,0,32.52,202.55,0,7.4,192.64,17.87,0,63.43,304.95,,,,,,,,
11/14/2028 0:00,4.36,7.38,16.3,4.78,0.5,4.2,0,3.03,0,0,6.75,10.01,0,0.53,6.67,0.78,0,6.47,19.13,7.61,7.38,19.65,6.75,0.52,5.3,0,3.78,6.49,0.12,7.34,12.85,0,0.56,158.93,1.76,0,13.71,78.41,104.66,0,275.01,76.43,0,12.75,,0,0,,0,0,34.46,196.38,0,7.28,160.17,17.86,0,155.3,459.14,,,,,,,,
11/15/2028 0:00,4.36,7.38,16.33,4.78,0.5,4.21,0,3.03,0,0,6.75,10.13,0,0.53,7.31,0.78,0,5.78,15.56,7.61,7.38,19.65,6.75,0.52,5.3,0,3.78,6.49,0.12,7.34,12.85,0,0.56,158.93,1.76,0,13.71,78.41,104.66,2.93,294.28,77.55,0.31,12.87,,0,0.02,,0,0,35.74,200.05,0,7.36,175.42,17.87,0,138.7,373.4,,,,,,,,
11/16/2028 0:00,4.36,7.38,16.35,4.78,0.5,4.22,0,3.03,0,0,6.75,9.44,0,0.53,3.13,0.78,0,7.17,23.45,7.61,7.38,19.65,6.75,0.52,5.3,0,3.78,6.49,0.12,7.34,12.85,0,0.56,158.93,1.76,0,13.71,78.41,104.66,0,263.64,72.73,0,12.81,,0,0,,0,0,35.62,180.72,0,7.2,75.23,17.85,0,172.16,562.89,,,,,,,,
11/17/2028 0:00,4.36,7.38,16.3,4.78,0.5,4.2,0,3.03,0,0,6.75,8.4,0,0.53,2.59,0.78,0,4.54,36.97,7.61,7.38,19.65,6.75,0.52,5.3,0,3.78,6.49,0.12,7.34,12.85,0,0.56,158.93,1.76,0,13.71,78.41,104.66,0,168.78,30.71,0,11.77,,0,0,,0,0,34.84,143.97,0,7.2,62.05,17.85,0,108.95,887.36,,,,,,,,
11/18/2028 0:00,4.36,7.38,16.02,4.78,0.5,4.11,0,3.03,0,0,6.75,9.39,0,0.53,2.43,0.78,0,7.39,17.67,7.61,7.38,19.65,6.75,0.52,5.3,0,3.78,6.49,0.12,7.34,12.85,0,0.56,158.93,1.76,0,13.71,78.41,104.66,0,189.59,33.56,0,12.48,,0,0,,0,0,34.06,166.65,0,7.2,58.4,17.85,0,177.38,424.1,,,,,,,,
11/19/2028 0:00,4.4,7.38,16.1,4.78,0.5,4.13,0,3.03,0,0,6.75,10.8,0,0.53,3.72,0.78,0,3.99,7.83,7.61,7.38,19.65,6.75,0.52,5.3,0,3.78,6.49,0.12,7.34,12.85,0,0.56,158.93,1.76,0,13.71,78.41,105.67,0,235.96,57.16,0,12.56,,0,0,,0,0,33.46,192.69,0,7.2,89.35,17.85,0,95.74,187.86,,,,,,,,
11/20/2028 0:00,4.4,7.38,16.41,4.78,0.5,4.24,0,3.03,0,0,6.75,12.32,0,0.53,3.19,0.78,0,1.31,7.79,7.61,7.38,19.65,6.75,0.52,5.3,0,3.78,6.49,0.12,7.34,12.85,0,0.56,158.93,1.76,0,13.71,78.41,105.67,12.73,349.37,96.48,2.77,18.64,,0,0.47,,0,0,36.23,258.66,0,8.07,76.55,17.96,0,31.36,187,,,,,,,,
11/21/2028 0:00,4.36,7.38,16.45,4.78,0.5,4.25,0,3.03,0,0,6.75,11.74,0,0.53,4.14,0.78,0,3,11.58,7.61,7.38,19.65,6.75,0.52,5.3,0,3.78,6.49,0.12,7.34,12.85,0,0.56,158.93,1.76,0,13.71,78.41,104.66,8.52,337.63,92.51,1.86,16.21,,0,0.19,,0,0,38.83,252.02,0,7.95,99.3,17.9,0,71.96,277.84,,,,,,,,
11/22/2028 0:00,4.36,7.38,16.48,4.78,0.5,4.26,0,3.03,0,0,6.75,10.33,0,0.53,2.66,0.78,0,8.98,19.82,7.61,7.38,19.65,6.75,0.52,5.3,0,3.78,6.49,0.12,7.34,12.85,0,0.56,158.93,1.76,0,13.71,78.41,104.66,0,282.39,77.28,0,12.94,,0,0,,0,0,38.32,203.58,0,7.4,63.93,17.86,0,215.48,475.76,,,,,,,,
11/23/2028 0:00,4.36,7.38,16.5,4.78,0.5,4.27,0,3.03,0,0,6.75,10.2,0,0.53,5.87,0.78,0,7.38,18.81,7.61,7.38,19.65,6.75,0.52,5.3,0,3.78,6.49,0.12,7.34,12.85,0,0.56,158.93,1.76,0,13.71,78.41,104.66,1.8,288.16,81.92,0,12.96,,0,0,,0,0,38.23,198.95,0,7.28,140.95,17.86,0,177.01,451.54,,,,,,,,
11/24/2028 0:00,4.36,7.38,16.45,4.77,0.5,4.25,0,3.03,0,0,6.75,10.77,0,0.53,3.23,0.78,0,5.78,14.55,7.61,7.38,19.65,6.75,0.52,5.3,0,3.78,6.49,0.12,7.34,12.85,0,0.56,158.93,1.76,0,13.71,78.41,104.66,4.05,285.57,80.62,0,12.9,,0,0,,0,0,38.78,202.41,0,7.32,77.62,17.87,0,138.66,349.16,,,,,,,,
11/25/2028 0:00,4.36,7.38,16.16,4.77,0.5,4.15,0,3.03,0,0,6.75,10.42,0,0.53,3.72,0.78,0,5.3,12.73,7.61,7.38,19.65,6.75,0.52,5.3,0,3.78,6.49,0.12,7.34,12.85,0,0.56,158.93,1.76,0,13.71,78.41,104.66,2.47,219.97,43.66,0,12.62,,0,0,,0,0,36.82,191.97,0,7.2,89.22,17.86,0,127.19,305.61,,,,,,,,
11/26/2028 0:00,4.4,7.38,16.23,4.77,0.5,4.18,0,3.03,0,0,6.75,10.72,0,0.53,3.27,0.78,0,3.4,8.32,7.61,7.38,19.65,6.75,0.52,5.3,0,3.78,6.49,0.12,7.34,12.85,0,0.56,158.93,1.76,0,13.71,78.41,105.67,0,226.33,47.51,0,12.69,,0,0,,0,0,36.74,197.61,0,7.2,78.45,17.85,0,81.52,199.6,,,,,,,,
11/27/2028 0:00,4.4,7.38,16.53,4.77,0.5,4.28,0,3.03,0,0,6.75,10.75,0,0.53,4.13,0.78,0,6.86,16.83,7.61,7.38,19.65,6.75,0.52,5.3,0,3.78,6.49,0.12,7.34,12.85,0,0.56,158.93,1.76,0,13.71,78.41,105.67,1.17,269.82,76.39,0,12.99,,0,0,,0,0,39.01,208.08,0,7.24,99.07,17.86,0,164.64,403.82,,,,,,,,
11/28/2028 0:00,4.36,7.38,16.56,4.77,0.5,4.28,0,3.03,0,0,6.75,11.66,0,0.53,1.84,0.78,0,5.11,16.24,7.61,7.38,19.65,6.75,0.52,5.3,0,3.78,6.49,0.12,7.34,12.85,0,0.56,158.93,1.76,0,13.71,78.41,104.66,10.15,305.31,93.53,1.83,17.75,,0,1,,0,0,42.43,241.47,0,7.75,44.06,17.93,0,122.53,389.67,,,,,,,,
11/29/2028 0:00,4.36,7.38,16.58,4.77,0.5,4.29,0,3.03,0,0,6.75,13.35,0,0.53,1.25,0.78,0,1.73,4.03,7.61,7.38,19.65,6.75,0.52,5.3,0,3.78,6.49,0.12,7.34,12.85,0,0.56,158.93,1.76,0,13.71,78.41,104.66,15.01,365.88,103.75,7,35.68,,0,11.03,,0,0,44.1,301.74,0,8.5,29.98,18.2,0,41.5,96.83,,,,,,,,
11/30/2028 0:00,4.36,7.38,16.59,4.77,0.5,4.29,0,3.03,0,0,6.75,13.57,0,0.53,1.48,0.76,0,1.71,3.36,7.61,7.38,19.65,6.75,0.52,5.3,0,3.78,6.49,0.12,7.34,12.85,0,0.56,158.93,1.76,0,13.71,78.41,104.66,12.41,373.8,109.55,7.28,40.02,,0,11.63,,0,0,44.05,312.82,0,8.54,35.64,17.89,0,41.02,80.69,,,,,,,,
12/1/2028 0:00,4.36,7.38,16.52,4.66,0.5,4.27,0,3.03,0,0,6.75,12.7,0,0.53,2.25,0.76,0,2.61,4.81,7.61,7.38,19.65,6.75,0.52,5.3,0,3.78,6.49,0.12,7.34,12.85,0,0.56,160.1,1.76,0,13.87,78.7,104.66,9.3,358.78,102.17,3.02,21.32,,0,1.34,,0,0,43.46,285,0,8.38,53.95,17.59,0,62.62,115.54,,,,,,,,
12/2/2028 0:00,4.36,7.38,16.21,4.65,0.5,4.17,0,3.03,0,0,6.75,10.48,0,0.53,1.1,0.76,0,7.59,14.14,7.61,7.38,19.65,6.75,0.52,5.3,0,3.78,6.49,0.12,7.34,12.85,0,0.56,160.1,1.76,0,13.87,78.7,104.66,0,226.58,35.82,0,12.67,,0,0,,0,0,39.82,188.34,0,7.2,26.33,17.5,0,182.19,339.48,,,,,,,,
12/3/2028 0:00,4.4,7.38,16.27,4.65,0.5,4.19,0,3.03,0,0,6.75,10.19,0,0.53,1.1,0.76,0,9.49,11.52,7.61,7.38,19.65,6.75,0.52,5.3,0,3.78,6.49,0.12,7.34,12.85,0,0.56,160.1,1.76,0,13.87,78.7,105.67,0,189.41,42.28,0,12.72,,0,0,,0,0,37.51,167.89,0,7.2,26.3,17.5,0,227.72,276.43,,,,,,,,
12/4/2028 0:00,4.4,7.38,16.55,4.65,0.5,4.28,0,3.03,0,0,6.75,11.24,0,0.53,1.44,0.76,0,8.78,13.35,7.61,7.38,19.65,6.75,0.52,5.3,0,3.78,6.49,0.12,7.34,12.85,0,0.56,160.1,1.76,0,13.87,78.7,105.67,1.55,295.54,80.35,0.31,13.01,,0,0.03,,0,0,39.6,214.29,0,7.36,34.56,17.51,0,210.61,320.42,,,,,,,,
12/5/2028 0:00,4.36,7.38,16.56,4.65,0.5,4.29,0,3.03,0,0,6.75,12.04,0,0.53,1.21,0.76,0,8.38,9.36,7.61,7.38,19.65,6.75,0.52,5.3,0,3.78,6.49,0.12,7.34,12.85,0,0.56,160.1,1.76,0,13.87,78.7,104.66,6.17,319.48,93.87,1.82,15.9,,0,0.14,,0,0,41.02,258.1,0,8.34,28.95,17.53,0,201.17,224.52,,,,,,,,
12/6/2028 0:00,4.36,7.38,16.57,4.65,0.5,4.29,0,3.03,0,0,6.75,12.25,0,0.53,1.98,0.76,0,3.82,7.42,7.61,7.38,19.65,6.75,0.52,5.3,0,3.78,6.49,0.12,7.34,12.85,0,0.56,160.1,1.76,0,13.87,78.7,104.66,13.48,349.91,100.15,3.86,22.27,,0,3.34,,0,0,41.81,274.03,0,8.27,47.62,17.62,0,91.75,178.13,,,,,,,,
12/7/2028 0:00,4.36,7.38,16.56,4.65,0.5,4.28,0,3.03,0,0,6.75,10.63,0,0.53,3.96,0.76,0,6.94,21.85,7.61,7.38,19.65,6.75,0.52,5.3,0,3.78,6.49,0.12,7.34,12.85,0,0.56,160.1,1.76,0,13.87,78.7,104.66,5.28,281,77.3,0.39,13.29,,0,0.06,,0,0,40.38,208.97,0,7.32,95.03,17.51,0,166.49,524.44,,,,,,,,
12/8/2028 0:00,4.36,7.38,16.47,4.65,0.5,4.26,0,3.03,0,0,6.75,11.7,0,0.53,3.7,0.76,0,2.14,11.74,7.61,7.38,19.65,6.75,0.52,5.3,0,3.78,6.49,0.12,7.34,12.85,0,0.56,160.1,1.76,0,13.87,78.7,104.66,13.95,311.25,93.95,2.24,17.68,,0,2.79,,0,0,41.04,250.13,0,7.87,88.68,17.59,0,51.44,281.79,,,,,,,,
12/9/2028 0:00,4.36,7.38,16.15,4.65,0.5,4.15,0,3.03,0,0,6.75,11.92,0,0.53,2.9,0.76,0,3.99,4.05,7.61,7.38,19.65,6.75,0.52,5.3,0,3.78,6.49,0.12,7.34,12.85,0,0.56,160.1,1.76,0,13.87,78.7,104.66,0.63,289.44,83.93,0,12.61,,0,0,,0,0,39.03,240.25,0,7.32,69.49,17.51,0,95.76,97.16,,,,,,,,
12/10/2028 0:00,4.4,7.38,16.19,4.65,0.5,4.16,0,3.03,0,0,6.75,12.2,0,0.53,2.03,0.76,0,3.32,2.61,7.61,7.38,19.65,6.75,0.52,5.3,0,3.78,6.49,0.12,7.34,12.85,0,0.56,160.1,1.76,0,13.87,78.7,105.67,0.06,281.7,77.55,0,12.65,,0,0,,0,0,38.15,238.65,0,7.2,48.62,17.5,0,79.57,62.76,,,,,,,,
12/11/2028 0:00,4.4,7.38,16.47,4.65,0.5,4.25,0,3.03,0,0,6.75,13.26,0,0.53,1.66,0.76,0,3.76,2.42,7.61,7.38,19.65,6.75,0.52,5.3,0,3.78,6.49,0.12,7.34,12.85,0,0.56,160.1,1.76,0,13.87,78.7,105.67,10.79,351.85,102.75,4.73,29.58,,0,4.49,,0,0,41.46,297.07,0,8.54,39.9,17.76,0,90.12,57.99,,,,,,,,
12/12/2028 0:00,4.36,7.38,16.47,4.65,0.5,4.25,0,3.03,0,0,6.75,13.02,0,0.53,3.57,0.76,0,2.98,5.31,7.61,7.38,19.65,6.75,0.52,5.3,0,3.78,6.49,0.12,7.34,12.85,0,0.56,160.1,1.76,0,13.87,78.7,104.66,13.04,361.18,103.96,3.68,25.04,,0,3.25,,0,0,43.2,291.86,0,8.23,85.58,17.67,0,71.41,127.46,,,,,,,,
12/13/2028 0:00,4.36,7.38,16.46,4.65,0.5,4.25,0,3.03,0,0,6.75,12.15,0,0.53,4.79,0.76,0,5.25,10.85,7.61,7.38,19.65,6.75,0.52,5.3,0,3.78,6.49,0.12,7.34,12.85,0,0.56,160.1,1.76,0,13.87,78.7,104.66,7.6,347.21,98.4,2.04,19.87,,0,0.67,,0,0,42.33,264.91,0,7.95,115.04,17.6,0,126.1,260.33,,,,,,,,
12/14/2028 0:00,4.36,7.38,16.45,4.64,0.5,4.25,0,3.03,0,0,6.75,12.09,0,0.53,2.22,0.76,0,5.28,11.61,7.61,7.38,19.65,6.75,0.52,5.3,0,3.78,6.49,0.12,7.34,12.85,0,0.56,160.1,1.76,0,13.87,78.7,104.66,12.33,333.63,95.92,3.22,18.45,,0,2.99,,0,0,41.55,264.26,0,8.3,53.36,17.68,0,126.79,278.73,,,,,,,,
12/15/2028 0:00,4.36,7.38,16.35,4.64,0.5,4.22,0,3.03,0,0,6.75,11.91,0,0.53,2.99,0.76,0,6.01,11.91,7.61,7.38,19.65,6.75,0.52,5.3,0,3.78,6.49,0.12,7.34,12.85,0,0.56,160.1,1.76,0,13.87,78.7,104.66,3.21,326.18,93.63,0.93,15.7,,0,0.12,,0,0,40.61,254.69,0,7.79,71.81,17.52,0,144.34,285.96,,,,,,,,
12/16/2028 0:00,4.36,7.38,16.03,4.64,0.5,4.11,0,3.03,0,0,6.75,12.07,0,0.53,2.4,0.76,0,2.38,5.3,7.61,7.38,19.65,6.75,0.52,5.3,0,3.78,6.49,0.12,7.34,12.85,0,0.56,160.1,1.76,0,13.87,78.7,104.66,6.73,307.39,83.55,1.22,13.67,,0,0.12,,0,0,38.63,255.64,0,7.71,57.65,17.53,0,57.1,127.21,,,,,,,,
12/17/2028 0:00,4.4,7.38,16.07,4.64,0.5,4.12,0,3.03,0,0,6.75,11.08,0,0.53,2.31,0.76,0,8.14,5.65,7.61,7.38,19.65,6.75,0.52,5.3,0,3.78,6.49,0.12,7.34,12.85,0,0.56,160.1,1.76,0,13.87,78.7,105.67,1.24,239.58,50.64,0,12.53,,0,0,,0,0,37.68,193.31,0,7.2,55.46,17.51,0,195.4,135.56,,,,,,,,
12/18/2028 0:00,4.4,7.38,16.35,4.64,0.5,4.21,0,3.03,0,0,6.75,9.56,0,0.53,2.39,0.76,0,8.42,23.77,7.61,7.38,19.65,6.75,0.52,5.3,0,3.78,6.49,0.12,7.34,12.85,0,0.56,160.1,1.76,0,13.87,78.7,105.67,0,261.9,64.98,0,12.81,,0,0,,0,0,38.84,175.52,0,7.2,57.26,17.5,0,202.02,570.37,,,,,,,,
12/19/2028 0:00,4.36,7.38,16.35,4.64,0.5,4.22,0,3.03,0,0,6.75,7.56,0,0.53,0.92,0.76,0,10,40.91,7.61,7.38,19.65,6.75,0.52,5.3,0,3.78,6.49,0.12,7.34,12.85,0,0.56,160.1,1.76,0,13.87,78.7,104.66,0,151.91,29.97,0,11.41,,0,0,,0,0,38.54,110.93,0,7.2,22.04,17.5,0,240.02,981.88,,,,,,,,
12/20/2028 0:00,4.36,7.38,16.35,4.64,0.5,4.22,0,3.03,0,0,6.75,7.41,0,0.53,1.68,0.76,0,8.32,42.08,7.61,7.38,19.65,6.75,0.52,5.3,0,3.78,6.49,0.12,7.34,12.85,0,0.56,160.1,1.76,0,13.87,78.7,104.66,0,194.8,38.09,0,9.57,,0,0,,0,0,37.15,116.49,0,7.2,40.27,17.5,0,199.63,1009.9,,,,,,,,
12/21/2028 0:00,4.36,7.38,16.35,4.64,0.5,4.21,0,3.03,0,0,6.75,8.74,0,0.53,2.01,0.76,0,6.83,26.56,7.61,7.38,19.65,6.75,0.52,5.3,0,3.78,6.49,0.12,7.34,12.85,0,0.56,160.1,1.76,0,13.87,78.7,104.66,8.97,259.37,67.43,0,12.8,,0,0,,0,0,37.54,159.2,0,7.2,48.21,17.5,0,163.96,637.54,,,,,,,,
12/22/2028 0:00,4.36,7.38,16.26,4.64,0.5,4.19,0,3.03,0,0,6.75,8.33,0,0.53,2.65,0.76,0,7.36,30.86,7.61,7.38,19.65,6.75,0.52,5.3,0,3.78,6.49,0.12,7.34,12.85,0,0.56,160.1,1.76,0,13.87,78.7,104.66,6.05,218.36,44.7,0,12.68,,0,0,,0,0,37.25,136.46,0,7.2,63.68,17.5,0,176.7,740.63,,,,,,,,
12/23/2028 0:00,4.36,7.38,15.95,4.64,0.5,4.09,0,3.03,0,0,6.75,8.78,0,0.53,1.73,0.76,0,2.78,20.87,7.61,7.38,19.65,6.75,0.52,5.3,0,3.78,6.49,0.12,7.34,12.85,0,0.56,160.1,1.76,0,13.87,78.7,104.66,0.07,215.82,53.32,0,12.01,,0,0,,0,0,35.87,150.44,0,7.2,41.62,17.5,0,66.6,500.88,,,,,,,,
12/24/2028 0:00,4.4,7.38,16.01,4.63,0.5,4.1,0,3.03,0,0,6.75,7.4,0,0.53,3.94,0.76,0,3.74,28.07,7.61,7.38,19.65,6.75,0.52,5.3,0,3.78,6.49,0.12,7.34,12.85,0,0.56,160.1,1.76,0,13.87,78.7,105.67,8.21,122.4,28.29,0,6.01,,0,0,,0,0,35.35,83.36,0,7.2,94.67,17.5,0,89.72,673.62,,,,,,,,
12/25/2028 0:00,4.4,7.38,16.3,4.63,0.5,4.2,0,3.03,0,0,6.75,6.96,0,0.53,5.21,0.76,0,5.78,21.57,7.61,7.38,19.65,6.75,0.52,5.3,0,3.78,6.49,0.12,7.34,12.85,0,0.56,160.1,1.76,0,13.87,78.7,105.67,4.25,112.26,28.45,0,9.47,,0,0,,0,0,36.26,70.22,0,7.2,125.1,17.5,0,138.7,517.62,,,,,,,,
12/26/2028 0:00,4.36,7.38,16.32,4.63,0.5,4.21,0,3.03,0,0,6.75,5.17,0,0.53,2.18,0.76,0,8.44,41.88,7.61,7.38,19.65,6.75,0.52,5.3,0,3.78,6.49,0.12,7.34,12.85,0,0.56,160.1,1.76,0,13.87,78.7,94.44,1.36,90,24.86,0,0,,0,0,,0,0,35.86,56.31,0,7.2,52.37,11.57,0,202.6,1005.06,,,,,,,,
12/27/2028 0:00,4.36,7.38,16.34,4.63,0.5,4.21,0,3.03,0,0,6.75,4.91,0,0.53,7.09,0.76,0,9.87,41.16,7.61,7.38,19.65,6.75,0.52,5.3,0,3.78,6.49,0.12,7.34,12.85,0,0.56,160.1,1.76,0,13.87,78.7,96.7,15.1,90.41,26.05,0,2.6,,0,0,,0,0,35,53.48,0,7.2,170.12,12.89,0,236.85,987.86,,,,,,,,
12/28/2028 0:00,4.36,7.38,16.35,4.63,0.5,4.22,0,3.03,0,0,6.75,4.49,0,0.53,4.4,0.76,0,10.03,47.76,7.61,7.38,19.65,6.75,0.52,5.3,0,3.78,6.49,0.12,7.34,12.85,0,0.56,160.1,1.76,0,13.87,78.7,94.08,0.86,90.01,24.86,0,0,,0,0,,0,0,34.47,48.9,0,7.2,105.57,10.67,0,240.61,1146.14,,,,,,,,
12/29/2028 0:00,4.36,7.38,16.28,4.63,0.5,4.19,0,3.03,0,0,6.75,4.25,0,0.53,4.42,0.76,0,7.92,50.21,7.61,7.38,19.65,6.75,0.52,5.3,0,3.78,6.49,0.12,7.34,12.85,0,0.56,160.1,1.76,0,13.87,78.7,93.21,3.22,89.97,24.86,0,0,,0,0,,0,0,33.71,46.27,0,7.2,106.1,11.57,0,190.17,1205.15,,,,,,,,
12/30/2028 0:00,4.36,7.38,15.99,4.63,0.5,4.1,0,3.03,0,0,6.75,4.38,0,0.53,6.95,0.76,0,8.93,42.82,7.61,7.38,19.65,6.75,0.52,5.3,0,3.78,6.49,0.12,7.34,12.85,0,0.56,160.1,1.76,0,13.87,78.7,93.21,0,89.79,24.86,0,0,,0,0,,0,0,32.91,47.73,0,7.2,166.89,9.6,0,214.24,1027.75,,,,,,,,
12/31/2028 0:00,4.24,7.38,16.06,4.63,0.5,4.12,0,3.03,0,0,6.75,4.32,0,0.53,4.79,0.76,0,7.36,40.42,7.61,7.38,19.65,6.75,0.52,5.3,0,3.78,6.49,0.12,7.34,11.92,0,0.56,160.1,1.76,0,13.87,78.7,91.41,0.13,89.83,24.86,0,0,,0,0,,0,0,32.85,50.65,0,7.2,115.05,10.92,0,176.6,970.02,,,,,,,,
1/1/2029 0:00,4.3,9.41,18.21,4.81,0.5,4.83,0,3.03,0,0,6.75,5.58,0,0.53,5.98,0.77,0,8.21,27.95,7.61,9.41,19.65,6.75,0.52,5.3,0,3.78,6.49,0.12,7.34,11.92,0,0.56,161.6,1.76,0,14.4,79.03,99.17,0.89,99.43,42.14,0,5.03,,0,0,,0,0,33.45,66.52,0,7.2,143.43,15.26,0,196.95,670.87,,,,,,,,
1/2/2029 0:00,4.31,9.41,18.25,4.82,0.5,4.84,0,3.03,0,0,6.75,6.24,0,0.53,4.64,0.77,0,6.51,28.94,7.61,9.41,19.65,6.75,0.52,5.3,0,3.78,6.49,0.12,7.34,11.92,0,0.56,161.6,1.76,0,14.4,79.03,103.45,1.08,167.24,44.68,0,14.5,,0,0,,0,0,34.48,99.24,0,7.2,111.32,17.59,0,156.27,694.64,,,,,,,,
1/3/2029 0:00,4.31,9.41,18.29,4.82,0.5,4.85,0,3.03,0,0,6.75,7.49,0,0.53,6.22,0.77,0,7.76,16.31,7.61,9.41,19.65,6.75,0.52,5.3,0,3.78,6.49,0.12,7.34,11.92,0,0.56,161.6,1.76,0,14.4,79.03,103.45,19.6,259.82,65.45,0,14.7,,0,0,,0,0,35.25,131.46,0,7.2,149.25,17.59,0,186.31,391.33,,,,,,,,
1/4/2029 0:00,4.3,9.41,18.32,4.82,0.5,4.86,0,3.03,0,0,6.75,5.82,0,0.53,1.82,0.77,0,9.38,48.08,7.61,9.41,19.65,6.75,0.52,5.3,0,3.78,6.49,0.12,7.34,11.92,0,0.56,161.6,1.76,0,14.4,79.03,103.12,1.6,99.31,41.42,0,6.37,,0,0,,0,0,34.65,73.23,0,7.2,43.74,17.59,0,225.11,1154.02,,,,,,,,
1/5/2029 0:00,4.3,9.41,18.26,4.82,0.5,4.84,0,3.03,0,0,6.75,7.09,0,0.53,3.12,0.77,0,4.72,31.69,7.61,9.41,19.65,6.75,0.52,5.3,0,3.78,6.49,0.12,7.34,11.92,0,0.56,161.6,1.76,0,14.4,79.03,103.12,20.67,211.27,56.83,0,10.56,,0,0,,0,0,34.56,107.8,0,7.2,74.94,17.59,0,113.31,760.47,,,,,,,,
1/6/2029 0:00,4.3,9.41,17.93,4.82,0.5,4.74,0,3.03,0,0,6.75,7.38,0,0.53,4.09,0.77,0,10.19,25.64,7.61,9.41,19.65,6.75,0.52,5.3,0,3.78,6.49,0.12,7.34,11.92,0,0.56,161.6,1.76,0,14.4,79.03,103.12,4.04,135.77,44.11,0,10.35,,0,0,,0,0,34.05,79.68,0,7.2,98.15,17.59,0,244.49,615.4,,,,,,,,
1/7/2029 0:00,4.3,9.41,18.02,4.82,0.5,4.77,0,3.03,0,0,6.75,7.37,0,0.53,6.39,0.77,0,10.56,22.03,7.61,9.41,19.65,6.75,0.52,5.3,0,3.78,6.49,0.12,7.34,11.92,0,0.56,161.6,1.76,0,14.4,79.03,103.12,0,97.96,42.47,0,8.52,,0,0,,0,0,33.45,75.88,0,7.2,153.39,17.59,0,253.46,528.79,,,,,,,,
1/8/2029 0:00,4.3,9.41,18.38,4.81,0.5,4.88,0,3.03,0,0,6.75,7.1,0,0.53,3.19,0.77,0,11.13,23.49,7.61,9.41,19.65,6.75,0.52,5.3,0,3.78,6.49,0.12,7.34,11.92,0,0.56,161.6,1.76,0,14.4,79.03,103.12,5.91,236.24,60.35,0,12.68,,0,0,,0,0,36.17,118.28,0,7.2,76.52,17.59,0,267.24,563.73,,,,,,,,
1/9/2029 0:00,4.31,9.41,18.43,4.81,0.5,4.9,0,3.03,0,0,6.75,7.38,0,0.53,3.57,0.77,0,7.22,22.11,7.61,9.41,19.65,6.75,0.52,5.3,0,3.78,6.49,0.12,7.34,11.92,0,0.56,161.6,1.76,0,14.4,79.03,103.45,9.52,284.08,67.17,0,14.88,,0,0,,0,0,37.93,139.8,0,7.2,85.65,17.59,0,173.17,530.52,,,,,,,,
1/10/2029 0:00,4.31,9.41,18.47,4.81,0.5,4.91,0,3.03,0,0,6.75,8.17,0,0.53,4.02,0.77,0,7.11,25.39,7.61,9.41,19.65,6.75,0.52,5.3,0,3.78,6.49,0.12,7.34,11.92,0,0.56,161.6,1.76,0,14.4,79.03,103.45,2.31,265.2,68.9,0,14.58,,0,0,,0,0,38.18,145.72,0,7.2,96.39,17.59,0,170.58,609.43,,,,,,,,
1/11/2029 0:00,4.3,9.41,18.5,4.81,0.5,4.92,0,3.03,0,0,6.75,7.47,0,0.53,2.58,0.77,0,8.89,34.51,7.61,9.41,19.65,6.75,0.52,5.3,0,3.78,6.49,0.12,7.34,11.92,0,0.56,161.6,1.76,0,14.4,79.03,103.12,2.4,206.05,47.82,0,12.55,,0,0,,0,0,37.34,118.24,0,7.2,62.02,17.59,0,213.39,828.23,,,,,,,,
1/12/2029 0:00,4.3,9.41,18.44,4.81,0.5,4.9,0,3.03,0,0,6.75,6.26,0,0.53,2.59,0.77,0,8.72,47.63,7.61,9.41,19.65,6.75,0.52,5.3,0,3.78,6.49,0.12,7.34,11.92,0,0.56,161.6,1.76,0,14.4,79.03,103.12,5.77,129.77,43.52,0,11.01,,0,0,,0,0,35.94,83.83,0,7.2,62.04,17.59,0,209.37,1143.11,,,,,,,,
1/13/2029 0:00,4.3,9.41,18.11,4.81,0.5,4.79,0,3.03,0,0,6.75,6.06,0,0.53,4.94,0.77,0,7.84,46.72,7.61,9.41,19.65,6.75,0.52,5.3,0,3.78,6.49,0.12,7.34,11.92,0,0.56,161.6,1.76,0,14.4,79.03,97.16,23.63,93.53,40.43,0,2.18,,0,0,,0,0,34.12,69.94,0,7.2,118.65,15.92,0,188.13,1121.21,,,,,,,,
1/14/2029 0:00,4.3,9.41,18.2,4.81,0.5,4.82,0,3.03,0,0,6.75,6.11,0,0.53,4.12,0.77,0,10.59,42.35,7.61,9.41,19.65,6.75,0.52,5.3,0,3.78,6.49,0.12,7.34,11.92,0,0.56,161.6,1.76,0,14.4,79.03,100,0.56,93.59,40.29,0,0.33,,0,0,,0,0,33.13,69.94,0,7.2,98.95,17.59,0,254.19,1016.28,,,,,,,,
1/15/2029 0:00,4.3,9.41,18.55,4.81,0.5,4.94,0,3.03,0,0,6.75,5.77,0,0.53,3.4,0.77,0,8.38,44.43,7.61,9.41,19.65,6.75,0.52,5.3,0,3.78,6.49,0.12,7.34,11.92,0,0.56,161.6,1.76,0,14.4,79.03,102.72,0,173.6,44.51,0,11.49,,0,0,,0,0,33.97,85.91,0,7.2,81.49,17.59,0,201.05,1066.28,,,,,,,,
1/16/2029 0:00,4.31,9.41,18.59,4.81,0.5,4.95,0,3.03,0,0,6.75,6.85,0,0.53,7.04,0.77,0,6.11,30.29,7.61,9.41,19.65,6.75,0.52,5.3,0,3.78,6.49,0.12,7.34,11.92,0,0.56,161.6,1.76,0,14.4,79.03,103.45,0,260.52,55.65,0,15.04,,0,0,,0,0,35.35,115.95,0,7.2,168.95,17.59,0,146.69,726.98,,,,,,,,
1/17/2029 0:00,4.31,9.41,18.62,4.81,0.5,4.96,0,3.03,0,0,6.75,8.61,0,0.53,8.27,0.77,0,9.14,21.72,7.61,9.41,19.65,6.75,0.52,5.3,0,3.78,6.49,0.12,7.34,11.92,0,0.56,161.6,1.76,0,14.4,79.03,103.45,3.31,279.88,67.69,0.31,15.07,,0,0,,0,0,36.07,155.78,0,7.52,198.53,17.6,0,219.27,521.24,,,,,,,,
1/18/2029 0:00,4.3,9.41,18.63,4.81,0.5,4.97,0,3.03,0,0,6.75,10.02,0,0.53,4.6,0.77,0,8.62,12.68,7.61,9.41,19.65,6.75,0.52,5.3,0,3.78,6.49,0.12,7.34,11.92,0,0.56,161.6,1.76,0,14.4,79.03,103.12,12.26,335.55,88.03,0.31,15.09,,0,0,,0,0,37.21,197.01,0,7.48,110.29,17.6,0,206.93,304.43,,,,,,,,
1/19/2029 0:00,4.3,9.41,18.56,4.81,0.5,4.94,0,3.03,0,0,6.75,10.01,0,0.53,4.95,0.77,0,7.8,20.57,7.61,9.41,19.65,6.75,0.52,5.3,0,3.78,6.49,0.12,7.34,11.92,0,0.56,161.6,1.76,0,14.4,79.03,103.12,1.21,287.57,69.24,0,15.01,,0,0,,0,0,37.05,191.42,0,7.24,118.84,17.59,0,187.08,493.67,,,,,,,,
1/20/2029 0:00,4.3,9.41,18.22,4.81,0.5,4.83,0,3.03,0,0,6.75,11.65,0,0.53,3.42,0.77,0,1.79,4.32,7.61,9.41,19.65,6.75,0.52,5.3,0,3.78,6.49,0.12,7.34,11.92,0,0.56,161.6,1.76,0,14.4,79.03,103.12,11.39,342.01,91.49,0.31,14.67,,0,0,,0,0,36.47,228.45,0,7.59,81.97,17.61,0,42.85,103.58,,,,,,,,
1/21/2029 0:00,4.3,9.41,18.29,4.81,0.5,4.85,0,3.03,0,0,6.75,10.95,0,0.53,2.29,0.77,0,2.54,15.17,7.61,9.41,19.65,6.75,0.52,5.3,0,3.78,6.49,0.12,7.34,11.92,0,0.56,161.6,1.76,0,14.4,79.03,103.12,0.08,258.31,46.91,0,14.75,,0,0,,0,0,35.71,204.21,0,7.2,55.07,17.6,0,61.01,364.19,,,,,,,,
1/22/2029 0:00,4.3,9.41,18.63,4.81,0.5,4.96,0,3.03,0,0,6.75,10.42,0,0.53,1.06,0.77,0,3.46,11.15,7.61,9.41,19.65,6.75,0.52,5.3,0,3.78,6.49,0.12,7.34,11.92,0,0.56,161.6,1.76,0,14.4,79.03,103.12,9.6,395.87,97.38,5.55,36.28,,0,5.83,,0,0,38.63,234.48,0,8.54,25.37,17.87,0,83.11,267.66,,,,,,,,
1/23/2029 0:00,4.31,9.41,18.66,4.8,0.5,4.97,0,3.03,0,0,6.75,10.85,0,0.53,1.91,0.77,0,0.69,5.94,7.61,9.41,19.65,6.75,0.52,5.3,0,3.78,6.49,0.12,7.34,11.92,0,0.56,161.6,1.76,0,14.4,79.03,103.45,18.14,432.07,113.73,7.27,46.08,,0,12.36,,0,0,40.68,253.96,0,9.28,45.91,17.97,0,16.68,142.62,,,,,,,,
1/24/2029 0:00,4.31,9.41,18.67,4.8,0.5,4.98,0,3.03,0,0,6.75,11.97,0,0.53,1.83,0.77,0,0.5,4.18,7.61,9.41,19.65,6.75,0.52,5.3,0,3.78,6.49,0.12,7.34,11.92,0,0.56,161.6,1.76,0,14.4,79.03,103.45,21.09,434.84,113.86,8.35,56.62,,0,18.14,,0,0,41.99,281.9,0,10.54,43.84,18.09,0,12.09,100.24,,,,,,,,
1/25/2029 0:00,4.3,9.41,18.68,4.8,0.5,4.98,0,3.03,0,0,6.75,12.15,0,0.53,1.08,0.77,0,5.11,2.04,7.61,9.41,19.65,6.75,0.52,5.3,0,3.78,6.49,0.12,7.34,11.92,0,0.56,161.6,1.76,0,14.4,79.03,103.12,12.62,438.47,113.89,8.89,48.85,,0,15.56,,0,0,41.67,291.47,0,10.01,26.04,18.08,0,122.54,48.86,,,,,,,,
1/26/2029 0:00,4.3,9.41,18.59,4.8,0.5,4.95,0,3.03,0,0,6.75,11.92,0,0.53,1.51,0.77,0,7.22,2.82,7.61,9.41,19.65,6.75,0.52,5.3,0,3.78,6.49,0.12,7.34,11.92,0,0.56,161.6,1.76,0,14.4,79.03,103.12,14.98,416.79,109.16,5.74,35.71,,0,8.38,,0,0,40.2,278.26,0,9.12,36.33,17.96,0,173.29,67.7,,,,,,,,
1/27/2029 0:00,4.3,9.41,18.24,4.8,0.5,4.84,0,3.03,0,0,6.75,11.65,0,0.53,2.44,0.77,0,3.23,8.63,7.61,9.41,19.65,6.75,0.52,5.3,0,3.78,6.49,0.12,7.34,11.92,0,0.56,161.6,1.76,0,14.4,79.03,103.12,1.91,323.7,85.4,0.39,14.7,,0,0,,0,0,37.89,230.09,0,7.36,58.57,17.6,0,77.41,207.11,,,,,,,,
1/28/2029 0:00,4.3,9.41,18.3,4.8,0.5,4.86,0,3.03,0,0,6.75,11.33,0,0.53,3.42,0.77,0,3.12,4.18,7.61,9.41,19.65,6.75,0.52,5.3,0,3.78,6.49,0.12,7.34,11.92,0,0.56,161.6,1.76,0,14.4,79.03,103.12,6.32,340.78,89.38,0,14.76,,0,0,,0,0,37.23,221.12,0,7.32,82.09,17.61,0,74.96,100.42,,,,,,,,
1/29/2029 0:00,4.3,9.41,18.63,4.8,0.5,4.97,0,3.03,0,0,6.75,8.64,0,0.53,4.32,0.77,0,7.67,20.51,7.61,9.41,19.65,6.75,0.52,5.3,0,3.78,6.49,0.12,7.34,11.92,0,0.56,161.6,1.76,0,14.4,79.03,103.12,4.51,309.78,80.94,0,15.09,,0,0,,0,0,38.17,167.19,0,7.2,103.78,17.6,0,184.07,492.24,,,,,,,,
1/30/2029 0:00,4.31,9.41,18.65,4.8,0.5,4.97,0,3.03,0,0,6.75,6.71,0,0.53,4.37,0.77,0,6.72,38.52,7.61,9.41,19.65,6.75,0.52,5.3,0,3.78,6.49,0.12,7.34,11.92,0,0.56,161.6,1.76,0,14.4,79.03,103.45,2.4,211.34,47.99,0,15.08,,0,0,,0,0,37.61,109.89,0,7.2,105,17.59,0,161.34,924.5,,,,,,,,
1/31/2029 0:00,4.31,9.41,18.66,4.8,0.5,4.97,0,3.03,0,0,6.75,7.12,0,0.53,3.71,0.77,0,6.02,38.56,7.61,9.41,19.65,6.75,0.52,5.3,0,3.78,6.49,0.12,7.34,11.92,0,0.56,161.6,1.76,0,14.4,79.03,103.45,0.62,213.33,45.17,0,15.11,,0,0,,0,0,37.11,113.98,0,7.2,89.09,17.59,0,144.56,925.56,,,,,,,,
2/1/2029 0:00,4.41,9.41,18.66,4.99,0.5,4.97,0,3.03,0,0,6.75,6.24,0,0.53,2.6,0.77,0,9.01,53.18,7.61,9.41,19.65,6.75,0.52,5.3,0,3.78,6.49,0.12,7.34,11.92,0,0.56,163.1,1.76,0,14.93,79.37,105.74,9.94,93.88,43.35,0,8.54,,0,0,,0,0,36.15,71.66,0,7.2,62.46,17.59,0,216.17,1276.39,,,,,,,,
2/2/2029 0:00,4.41,9.41,18.57,5,0.5,4.94,0,3.03,0,0,6.75,7.19,0,0.53,3.02,0.77,0,8.84,35.14,7.61,9.41,19.65,6.75,0.52,5.3,0,3.78,6.49,0.12,7.34,11.92,0,0.56,163.1,1.76,0,14.93,79.37,104.65,20.67,197.15,55.8,0,10.58,,0,0,,0,0,36.49,100.64,0,7.2,72.4,17.59,0,212.21,843.39,,,,,,,,
2/3/2029 0:00,4.41,9.41,18.21,5,0.5,4.83,0,3.03,0,0,6.75,6.76,0,0.53,2.17,0.77,0,7.41,52.15,7.61,9.41,19.65,6.75,0.52,5.3,0,3.78,6.49,0.12,7.34,11.92,0,0.56,163.1,1.76,0,14.93,79.37,97.43,20.67,93.6,40.46,0,0.83,,0,0,,0,0,34.86,72.4,0,7.2,51.96,13.23,0,177.75,1251.59,,,,,,,,
2/4/2029 0:00,4.41,9.41,18.27,5,0.5,4.85,0,3.03,0,0,6.75,9.61,0,0.53,7.62,0.77,0,3.96,10.36,7.61,9.41,19.65,6.75,0.52,5.3,0,3.78,6.49,0.12,7.34,11.92,0,0.56,163.1,1.76,0,14.93,79.37,105.74,2.59,223.07,57.72,0,14.7,,0,0,,0,0,34.49,155.34,0,7.2,182.79,17.6,0,95.05,248.54,,,,,,,,
2/5/2029 0:00,4.41,9.41,18.6,5,0.5,4.95,0,3.03,0,0,6.75,9.35,0,0.53,4.51,0.77,0,11.03,10.94,7.61,9.41,19.65,6.75,0.52,5.3,0,3.78,6.49,0.12,7.34,11.92,0,0.56,163.1,1.76,0,14.93,79.37,105.74,0,302.08,79.08,0,15.05,,0,0,,0,0,36.84,177.73,0,7.24,108.25,17.6,0,264.75,262.55,,,,,,,,
2/6/2029 0:00,4.44,9.41,18.61,5,0.5,4.96,0,3.03,0,0,6.75,10.01,0,0.53,4.93,0.77,0,1.32,6.66,7.61,9.41,19.65,6.75,0.52,5.3,0,3.78,6.49,0.12,7.34,11.92,0,0.56,163.1,1.76,0,14.93,79.37,106.56,26.36,408.06,110.37,3.5,26.52,,0,3.48,,0,0,40.43,216.86,0,8.15,118.35,17.78,0,31.58,159.82,,,,,,,,
2/7/2029 0:00,4.44,9.41,18.62,5,0.5,4.96,0,3.03,0,0,6.75,10.08,0,0.53,13.39,0.77,0,3.98,6.2,7.61,9.41,19.65,6.75,0.52,5.3,0,3.78,6.49,0.12,7.34,11.92,0,0.56,163.1,1.76,0,14.93,79.37,106.56,28.26,372.29,102.94,2.73,22.87,,0,2.66,,0,0,42.49,213.76,0,7.95,321.28,17.77,0,95.63,148.88,,,,,,,,
2/8/2029 0:00,4.41,9.41,18.62,5,0.5,4.96,0,3.03,0,0,6.75,9.13,0,0.53,15.23,0.77,0,6.78,13.41,7.61,9.41,19.65,6.75,0.52,5.3,0,3.78,6.49,0.12,7.34,11.92,0,0.56,163.1,1.76,0,14.93,79.37,105.74,8.25,307.78,83.14,0.57,15.02,,0,0.07,,0,0,42.88,162.35,0,7.44,365.5,17.62,0,162.61,321.86,,,,,,,,
2/9/2029 0:00,4.41,9.41,18.53,5,0.5,4.93,0,3.03,0,0,6.75,8.12,0,0.53,13.93,0.77,0,11.7,20.86,7.61,9.41,19.65,6.75,0.52,5.3,0,3.78,6.49,0.12,7.34,11.92,0,0.56,163.1,1.76,0,14.93,79.37,105.74,8.18,209.84,55.16,0,13.99,,0,0,,0,0,40.64,127.33,0,7.2,334.31,17.59,0,280.9,500.73,,,,,,,,
2/10/2029 0:00,4.41,9.41,18.17,5,0.5,4.81,0,3.03,0,0,6.75,7.87,0,0.53,10.65,0.77,0,9.82,25.72,7.61,9.41,19.65,6.75,0.52,5.3,0,3.78,6.49,0.12,7.34,11.92,0,0.56,163.1,1.76,0,14.93,79.37,105.74,4.14,125.99,44.59,0,11.58,,0,0,,0,0,38.07,94.93,0,7.2,255.55,17.59,0,235.78,617.32,,,,,,,,
2/11/2029 0:00,4.41,9.41,18.23,5,0.5,4.83,0,3.03,0,0,6.75,7.96,0,0.53,5.13,0.77,0,9.1,32.91,7.61,9.41,19.65,6.75,0.52,5.3,0,3.78,6.49,0.12,7.34,11.92,0,0.56,163.1,1.76,0,14.93,79.37,105.74,0,137.65,42.34,0,6.1,,0,0,,0,0,36.56,83.82,0,7.2,123.19,17.59,0,218.37,789.94,,,,,,,,
2/12/2029 0:00,4.41,9.41,18.56,5,0.5,4.94,0,3.03,0,0,6.75,9.74,0,0.53,5.53,0.77,0,3.48,6,7.61,9.41,19.65,6.75,0.52,5.3,0,3.78,6.49,0.12,7.34,11.92,0,0.56,163.1,1.76,0,14.93,79.37,105.74,19.8,383.49,97.88,2.5,24.59,,0,0.74,,0,0,39.71,201.03,0,8.03,132.66,17.62,0,83.52,144,,,,,,,,
2/13/2029 0:00,4.44,9.41,18.57,5,0.5,4.95,0,3.03,0,0,6.75,9.88,0,0.53,7.9,0.77,0,2.78,4.88,7.61,9.41,19.65,6.75,0.52,5.3,0,3.78,6.49,0.12,7.34,11.92,0,0.56,163.1,1.76,0,14.93,79.37,106.56,20.88,377.75,100.99,2.35,21.87,,0,0.95,,0,0,42.99,211.49,0,8.03,189.61,17.65,0,66.68,117.21,,,,,,,,
2/14/2029 0:00,4.44,9.41,18.58,5,0.5,4.95,0,3.03,0,0,6.75,10.65,0,0.53,9,0.77,0,2.15,3.75,7.61,9.41,19.65,6.75,0.52,5.3,0,3.78,6.49,0.12,7.34,11.92,0,0.56,163.1,1.76,0,14.93,79.37,106.56,19.2,380.21,103.23,2.29,22.26,,0,1.22,,0,0,44.15,226.84,0,7.99,215.95,17.66,0,51.57,89.96,,,,,,,,
2/15/2029 0:00,4.41,9.41,18.58,5,0.5,4.95,0,3.03,0,0,6.75,10.03,0,0.53,10.82,0.77,0,4.15,6.94,7.61,9.41,19.65,6.75,0.52,5.3,0,3.78,6.49,0.12,7.34,11.92,0,0.56,163.1,1.76,0,14.93,79.37,105.74,14.53,330.46,92.02,0.78,17.88,,0,0.08,,0,0,44.41,194.54,0,7.63,259.64,17.63,0,99.52,166.49,,,,,,,,
2/16/2029 0:00,4.41,9.41,18.48,4.99,0.5,4.92,0,3.03,0,0,6.75,7.94,0,0.53,10.64,0.77,0,7.69,22.44,7.61,9.41,19.65,6.75,0.52,5.3,0,3.78,6.49,0.12,7.34,11.92,0,0.56,163.1,1.76,0,14.93,79.37,105.74,2.76,204.56,49.73,0,14.64,,0,0,,0,0,42.5,121.45,0,7.2,255.47,17.59,0,184.57,538.52,,,,,,,,
2/17/2029 0:00,4.41,9.41,18.13,4.99,0.5,4.8,0,3.03,0,0,6.75,5.76,0,0.53,3.6,0.77,0,7.96,52.97,7.61,9.41,19.65,6.75,0.52,5.3,0,3.78,6.49,0.12,7.34,11.92,0,0.56,163.1,1.76,0,14.93,79.37,94.76,0,93.54,40.46,0,0.14,,0,0,,0,0,39.07,72.1,0,7.2,86.49,10.27,0,191.16,1271.31,,,,,,,,
2/18/2029 0:00,4.41,9.41,18.18,4.99,0.5,4.82,0,3.03,0,0,6.75,6.33,0,0.53,4.4,0.77,0,6.89,42.97,7.61,9.41,19.65,6.75,0.52,5.3,0,3.78,6.49,0.12,7.34,11.92,0,0.56,163.1,1.76,0,14.93,79.37,97.62,0,93.58,41,0,3.83,,0,0,,0,0,36.97,71.65,0,7.2,105.66,11.93,0,165.4,1031.29,,,,,,,,
2/19/2029 0:00,4.41,9.41,18.51,4.99,0.5,4.92,0,3.03,0,0,6.75,6.65,0,0.53,7.2,0.77,0,6.1,23.64,7.61,9.41,19.65,6.75,0.52,5.3,0,3.78,6.49,0.12,7.34,11.92,0,0.56,163.1,1.76,0,14.93,79.37,105.74,20.67,214.28,54.41,0,13.9,,0,0,,0,0,39.05,96.63,0,7.2,172.91,17.59,0,146.46,567.34,,,,,,,,
2/20/2029 0:00,4.44,9.41,18.52,4.99,0.5,4.93,0,3.03,0,0,6.75,4.53,0,0.53,11,0.77,0,9.66,48.8,7.61,9.41,19.65,6.75,0.52,5.3,0,3.78,6.49,0.12,7.34,11.92,0,0.56,163.1,1.76,0,14.93,79.37,102.74,4.57,93.79,42.29,0,4.94,,0,0,,0,0,38.2,54.62,0,7.2,263.9,14.92,0,231.79,1171.09,,,,,,,,
2/21/2029 0:00,4.44,9.41,18.52,4.99,0.5,4.93,0,3.03,0,0,6.75,7.74,0,0.53,10.66,0.77,0,6.13,22.81,7.61,9.41,19.65,6.75,0.52,5.3,0,3.78,6.49,0.12,7.34,11.92,0,0.56,163.1,1.76,0,14.93,79.37,106.56,20,231.19,65.27,1.4,11.96,,0,0.12,,0,0,37.86,108.92,0,7.67,255.89,17.64,0,147.03,547.55,,,,,,,,
2/22/2029 0:00,4.41,9.41,18.51,4.99,0.5,4.93,0,3.03,0,0,6.75,9.81,0,0.53,11.63,0.77,0,3.19,7.16,7.61,9.41,19.65,6.75,0.52,5.3,0,3.78,6.49,0.12,7.34,11.92,0,0.56,163.1,1.76,0,14.93,79.37,105.74,8.53,329.77,96.1,0,14.97,,0,0.03,,0,0,39.41,187.87,0,7.44,279.22,17.62,0,76.67,171.92,,,,,,,,
2/23/2029 0:00,4.41,9.41,18.42,4.99,0.5,4.89,0,3.03,0,0,6.75,9.7,0,0.53,5.35,0.77,0,7.54,7.84,7.61,9.41,19.65,6.75,0.52,5.3,0,3.78,6.49,0.12,7.34,11.92,0,0.56,163.1,1.76,0,14.93,79.37,105.74,6.98,300.33,81.2,0,14.87,,0,0,,0,0,39.4,181.7,0,7.32,128.33,17.6,0,180.9,188.23,,,,,,,,
2/24/2029 0:00,4.41,9.41,18.06,4.99,0.5,4.78,0,3.03,0,0,6.75,7.41,0,0.53,4.91,0.77,0,11.25,31.26,7.61,9.41,19.65,6.75,0.52,5.3,0,3.78,6.49,0.12,7.34,11.92,0,0.56,163.1,1.76,0,14.93,79.37,105.01,9.92,101.77,41.1,0,6.66,,0,0,,0,0,37.22,84.11,0,7.2,117.9,17.59,0,269.88,750.16,,,,,,,,
2/25/2029 0:00,4.41,9.41,18.11,4.99,0.5,4.79,0,3.03,0,0,6.75,6.62,0,0.53,7.69,0.77,0,10.9,36.09,7.61,9.41,19.65,6.75,0.52,5.3,0,3.78,6.49,0.12,7.34,11.92,0,0.56,163.1,1.76,0,14.93,79.37,97.91,0,93.53,41.77,0,4.25,,0,0,,0,0,35.98,71.17,0,7.2,184.62,13.01,0,261.51,866.23,,,,,,,,
2/26/2029 0:00,4.41,9.41,18.43,4.98,0.5,4.9,0,3.03,0,0,6.75,7.54,0,0.53,9.86,0.77,0,8.31,20.32,7.61,9.41,19.65,6.75,0.52,5.3,0,3.78,6.49,0.12,7.34,11.92,0,0.56,163.1,1.76,0,14.93,79.37,105.74,3.46,217.04,54.63,0,13.96,,0,0,,0,0,37.64,101.37,0,7.2,236.53,17.59,0,199.42,487.73,,,,,,,,
2/27/2029 0:00,4.44,9.41,18.44,4.98,0.5,4.9,0,3.03,0,0,6.75,8.6,0,0.53,12.38,0.77,0,1.34,11.54,7.61,9.41,19.65,6.75,0.52,5.3,0,3.78,6.49,0.12,7.34,11.92,0,0.56,163.1,1.76,0,14.93,79.37,106.56,20.24,315.55,82.96,0.39,14.84,,0,0.11,,0,0,40.32,159.53,0,7.59,297.11,17.62,0,32.09,276.9,,,,,,,,
2/28/2029 0:00,4.44,9.41,18.44,4.98,0.5,4.9,0,3.03,0,0,6.75,9.39,0,0.53,17.51,0.77,0,0.92,9.6,7.61,9.41,19.65,6.75,0.52,5.3,0,3.78,6.49,0.12,7.34,11.92,0,0.56,163.1,1.76,0,14.93,79.37,106.56,20.25,295.45,86.83,1.16,13.9,,0,0.12,,0,0,41.22,169.36,0,7.59,420.14,17.62,0,22.11,230.28,,,,,,,,
3/1/2029 0:00,4.21,9.41,18.43,4.81,0.5,4.9,0,3.03,0,0,6.75,9.55,0,0.53,23.21,0.77,0,0.54,8.32,7.61,9.41,19.65,6.75,0.52,5.3,0,3.78,6.49,0.12,7.34,11.92,0,0.56,164.6,1.76,0,15.47,79.7,100.98,15.88,283.41,65.46,0,12.9,,0,0.02,,0,0,42.01,168.42,0,7.2,556.93,17.61,0,12.99,199.62,,,,,,,,
3/2/2029 0:00,4.21,9.41,18.33,4.51,0.5,4.86,0,3.03,0,0,6.75,9.15,0,0.53,20.37,0.77,0,1.41,7.18,7.61,9.41,19.65,6.75,0.52,5.3,0,3.78,6.49,0.12,7.34,11.92,0,0.56,164.6,1.76,0,15.47,79.7,100.98,31.27,267.06,53.59,0,13.72,,0,0,,0,0,41.21,160.33,0,7.2,488.89,17.59,0,33.8,172.4,,,,,,,,
3/3/2029 0:00,4.21,9.41,17.96,4.51,0.5,4.75,0,3.03,0,0,6.75,9.32,0,0.53,14.47,0.77,0,5.14,6.99,7.61,9.41,19.65,6.75,0.52,5.3,0,3.78,6.49,0.12,7.34,11.92,0,0.56,164.6,1.76,0,15.47,79.7,100.98,20.67,221.78,25.51,0,12.62,,0,0,,0,0,38.93,126.61,0,7.2,347.31,17.59,0,123.36,167.72,,,,,,,,
3/4/2029 0:00,4.21,9.41,18.01,4.51,0.5,4.76,0,3.03,0,0,6.75,9.16,0,0.53,9.68,0.77,0,6.78,19.86,7.61,9.41,19.65,6.75,0.52,5.3,0,3.78,6.49,0.12,7.34,11.92,0,0.56,164.6,1.76,0,15.47,79.7,100.98,2.14,111.93,20.06,0,10.02,,0,0,,0,0,36.81,114.38,0,7.2,232.26,17.59,0,162.63,476.56,,,,,,,,
3/5/2029 0:00,4.21,9.41,18.33,4.8,0.5,4.87,0,3.03,0,0,6.75,7.86,0,0.53,7.76,0.77,0,5.62,12.46,7.61,9.41,19.65,6.75,0.52,5.3,0,3.78,6.49,0.12,7.34,11.92,0,0.56,164.6,1.76,0,15.47,79.7,100.98,11.46,308.12,50.96,1.16,15.73,,0,0.12,,0,0,37.87,140.11,0,7.63,186.14,17.6,0,134.9,299.06,,,,,,,,
3/6/2029 0:00,4.15,9.41,18.33,4.8,0.5,4.87,0,3.03,0,0,6.75,8.46,0,0.53,8.74,0.77,0,4.95,9.71,7.61,9.41,19.65,6.75,0.52,5.3,0,3.78,6.49,0.12,7.34,11.92,0,0.56,164.6,1.76,0,15.47,79.7,99.63,14.14,334.59,68.46,0.16,14.9,,0,0.04,,0,0,39.13,150.15,0,7.28,209.66,17.6,0,118.82,232.93,,,,,,,,
3/7/2029 0:00,4.15,9.41,18.33,4.8,0.5,4.87,0,3.03,0,0,6.75,9.21,0,0.53,11.17,0.77,0,6.33,30.03,7.61,9.41,19.65,6.75,0.52,5.3,0,3.78,6.49,0.12,7.34,11.92,0,0.56,164.6,1.76,0,15.47,79.7,99.63,0.02,183.94,34.06,0,13.31,,0,0,,0,0,37.5,139.23,0,7.2,268.09,17.6,0,151.82,720.76,,,,,,,,
3/8/2029 0:00,4.21,9.41,18.32,4.8,0.5,4.86,0,3.03,0,0,6.75,8,0,0.53,5.6,0.77,0,1.72,9.53,7.61,9.41,19.65,6.75,0.52,5.3,0,3.78,6.49,0.12,7.34,11.92,0,0.56,164.6,1.76,0,15.47,79.7,100.98,24.9,351.42,72.52,1.01,14.77,,0,0.1,,0,0,39.1,150.04,0,7.59,134.49,17.61,0,41.29,228.78,,,,,,,,
3/9/2029 0:00,4.21,9.41,18.22,4.8,0.5,4.83,0,3.03,0,0,6.75,10.08,0,0.53,9,0.77,0,1.15,12.69,7.61,9.41,19.65,6.75,0.52,5.3,0,3.78,6.49,0.12,7.34,11.92,0,0.56,164.6,1.76,0,15.47,79.7,100.98,7.63,312.08,65.45,0.39,14.67,,0,0.02,,0,0,39.16,171.8,0,7.28,216.09,17.6,0,27.55,304.57,,,,,,,,
3/10/2029 0:00,4.21,9.41,17.85,4.8,0.5,4.71,0,3.03,0,0,6.75,9.62,0,0.53,9.41,0.77,0,8.57,24.43,7.61,9.41,19.65,6.75,0.52,5.3,0,3.78,6.49,0.12,7.34,11.92,0,0.56,164.6,1.76,0,15.47,79.7,100.98,17.73,71.41,21.18,0,8.61,,0,0,,0,0,36.14,83.7,0,7.2,225.79,17.59,0,205.71,586.25,,,,,,,,
3/11/2029 0:00,4.21,9.41,17.9,4.8,0.5,4.73,0,3.03,0,0,6.75,7.82,0,0.53,14.59,0.77,0,6.06,18.55,7.61,9.41,19.65,6.75,0.52,5.3,0,3.78,6.49,0.12,7.34,11.92,0,0.56,164.6,1.76,0,15.47,79.7,100.2,10.97,108.12,19.72,0,6.6,,0,0,,0,0,34.67,90.82,0,7.2,350.22,17.59,0,145.33,445.1,,,,,,,,
3/12/2029 0:00,4.21,9.41,18.22,4.8,0.5,4.83,0,3.03,0,0,6.75,7.26,0,0.53,10.18,0.77,0,6.68,18.91,7.61,9.41,19.65,6.75,0.52,5.3,0,3.78,6.49,0.12,7.34,11.92,0,0.56,164.6,1.76,0,15.47,79.7,100.98,15.58,178.39,21.9,0,13.42,,0,0,,0,0,36.02,101.92,0,7.2,244.33,17.59,0,160.28,453.89,,,,,,,,
3/13/2029 0:00,4.15,9.41,18.22,4.8,0.5,4.83,0,3.03,0,0,6.75,6.94,0,0.53,12.58,0.77,0,8.08,40.47,7.61,9.41,19.65,6.75,0.52,5.3,0,3.78,6.49,0.12,7.34,11.92,0,0.56,164.6,1.76,0,15.47,79.7,96.29,18.27,76.07,19.41,0,8.06,,0,0,,0,0,34.88,75.43,0,7.2,301.87,15.26,0,193.95,971.29,,,,,,,,
3/14/2029 0:00,4.15,9.41,18.22,4.8,0.5,4.83,0,3.03,0,0,6.75,5.75,0,0.53,10.26,0.77,0,6.6,36.66,7.61,9.41,19.65,6.75,0.52,5.3,0,3.78,6.49,0.12,7.34,11.92,0,0.56,164.6,1.76,0,15.47,79.7,99.63,18.8,114.53,20.41,0,9.25,,0,0,,0,0,34.82,71.4,0,7.2,246.15,17.59,0,158.31,879.76,,,,,,,,
3/15/2029 0:00,4.21,9.41,18.21,4.8,0.5,4.83,0,3.03,0,0,6.75,6.45,0,0.53,18.13,0.77,0,8.21,14.86,7.61,9.41,19.65,6.75,0.52,5.3,0,3.78,6.49,0.12,7.34,11.92,0,0.56,164.6,1.76,0,15.47,79.7,100.98,24.95,194.19,31.79,0,11.41,,0,0,,0,0,34.75,95.77,0,7.2,435.02,17.59,0,196.98,356.67,,,,,,,,
3/16/2029 0:00,4.21,9.41,18.11,4.8,0.5,4.79,0,3.03,0,0,6.75,7.45,0,0.53,25.7,0.77,0,8.95,20.33,7.61,9.41,19.65,6.75,0.52,5.3,0,3.78,6.49,0.12,7.34,11.92,0,0.56,164.6,1.76,0,15.47,79.7,97.64,20.67,123.94,23.73,0,9.85,,0,0,,0,0,34.31,88.35,0,7.2,616.73,15.26,0,214.7,487.99,,,,,,,,
3/17/2029 0:00,4.21,9.41,17.74,4.8,0.5,4.67,0,3.03,0,0,6.75,6.6,0,0.53,22.01,0.77,0,6.57,19.05,7.61,9.41,19.65,6.75,0.52,5.3,0,3.78,6.49,0.12,7.34,11.92,0,0.56,164.6,1.76,0,15.47,79.7,97.64,20.67,104.22,20.07,0,7.01,,0,0,,0,0,33.1,69,0,7.2,528.33,15.26,0,157.72,457.18,,,,,,,,
3/18/2029 0:00,4.21,9.41,17.79,4.8,0.5,4.69,0,3.03,0,0,6.75,6.96,0,0.53,23.05,0.77,0,1.82,8.87,7.61,9.41,19.65,6.75,0.52,5.3,0,3.78,6.49,0.12,7.34,11.92,0,0.56,164.6,1.76,0,15.47,79.7,98.82,11.91,145.94,20.08,0,9.63,,0,0,,0,0,32.94,106.05,0,7.2,553.09,15.57,0,43.68,212.84,,,,,,,,
3/19/2029 0:00,4.21,9.41,18.11,4.79,0.5,4.79,0,3.03,0,0,6.75,7.53,0,0.53,15.77,0.77,0,3.73,5.72,7.61,9.41,19.65,6.75,0.52,5.3,0,3.78,6.49,0.12,7.34,11.92,0,0.56,164.6,1.76,0,15.47,79.7,100.98,24.94,265.78,48.29,0,13.77,,0,0,,0,0,34.47,128.86,0,7.32,378.56,17.6,0,89.48,137.24,,,,,,,,
3/20/2029 0:00,4.15,9.41,18.11,4.79,0.5,4.79,0,3.03,0,0,6.75,8.15,0,0.53,10.57,0.77,0,3.99,10.12,7.61,9.41,19.65,6.75,0.52,5.3,0,3.78,6.49,0.12,7.34,11.92,0,0.56,164.6,1.76,0,15.47,79.7,99.63,9.81,267.26,39.39,0,14.14,,0,0,,0,0,35.45,139.02,0,7.2,253.71,17.59,0,95.8,242.79,,,,,,,,
3/21/2029 0:00,4.15,9.41,18.11,4.79,0.5,4.79,0,3.03,0,0,6.75,8.99,0,0.53,15.31,0.77,0,7.4,9.29,7.61,9.41,19.65,6.75,0.52,5.3,0,3.78,6.49,0.12,7.34,11.92,0,0.56,164.6,1.76,0,15.47,79.7,99.63,18.48,201.72,24.61,0,11.41,,0,0,,0,0,35.47,127.51,0,7.2,367.55,17.59,0,177.51,222.9,,,,,,,,
3/22/2029 0:00,4.21,9.41,18.09,4.79,0.5,4.79,0,3.03,0,0,6.75,8.26,0,0.53,21.8,0.77,0,8.77,26.23,7.61,9.41,19.65,6.75,0.52,5.3,0,3.78,6.49,0.12,7.34,11.92,0,0.56,164.6,1.76,0,15.47,79.7,97.64,20.67,73.9,19.73,0,8.77,,0,0,,0,0,34.28,79.55,0,7.2,523.14,15.26,0,210.59,629.63,,,,,,,,
3/23/2029 0:00,4.21,9.41,17.99,4.79,0.5,4.75,0,3.03,0,0,6.75,6.27,0,0.53,11.36,0.77,0,7.85,29.73,7.61,9.41,19.65,6.75,0.52,5.3,0,3.78,6.49,0.12,7.34,11.92,0,0.56,164.6,1.76,0,15.47,79.7,99.05,20.67,91.62,19.99,0,7.91,,0,0,,0,0,33.65,67.9,0,7.2,272.7,15.59,0,188.33,713.64,,,,,,,,
3/24/2029 0:00,4.21,9.41,17.62,4.79,0.5,4.63,0,3.03,0,0,6.75,6.48,0,0.53,11.98,0.77,0,7.4,32.63,7.61,9.41,19.65,6.75,0.52,5.3,0,3.78,6.49,0.12,7.34,11.92,0,0.56,164.6,1.76,0,15.47,79.7,94.3,20.67,52.73,16.82,0,0.98,,0,0,,0,0,32.7,65.14,0,7.2,287.53,12.93,0,177.49,783.13,,,,,,,,
3/25/2029 0:00,4.21,9.41,17.67,4.79,0.5,4.65,0,3.03,0,0,6.75,5.97,0,0.53,17.33,0.77,0,8.8,33.23,7.61,9.41,19.65,6.75,0.52,5.3,0,3.78,6.49,0.12,7.34,11.92,0,0.56,164.6,1.76,0,15.47,79.7,92.35,0,53.56,16.8,0,1.32,,0,0,,0,0,32.35,66.28,0,7.2,415.91,12.26,0,211.15,797.57,,,,,,,,
3/26/2029 0:00,4.21,9.41,17.98,4.79,0.5,4.75,0,3.03,0,0,6.75,5.04,0,0.53,12.99,0.77,0,7.5,18.67,7.61,9.41,19.65,6.75,0.52,5.3,0,3.78,6.49,0.12,7.34,11.92,0,0.56,164.6,1.76,0,15.47,79.7,100.98,26.96,163.31,20.77,0,12.03,,0,0,,0,0,33.99,67.81,0,7.2,311.83,17.59,0,179.94,447.99,,,,,,,,
3/27/2029 0:00,4.15,9.41,17.98,4.79,0.5,4.75,0,3.03,0,0,6.75,6.28,0,0.53,22.14,0.77,0,8.41,23.82,7.61,9.41,19.65,6.75,0.52,5.3,0,3.78,6.49,0.12,7.34,11.92,0,0.56,164.6,1.76,0,15.47,79.7,96.09,7.99,124.05,20.08,0,9.6,,0,0,,0,0,34.35,82.14,0,7.2,531.44,14.94,0,201.93,571.74,,,,,,,,
3/28/2029 0:00,4.15,9.41,17.97,4.78,0.5,4.75,0,3.03,0,0,6.75,6.3,0,0.53,25.28,0.77,0,6.08,13.45,7.61,9.41,19.65,6.75,0.52,5.3,0,3.78,6.49,0.12,7.34,11.92,0,0.56,164.6,1.76,0,15.47,79.7,97.4,30.95,169.37,20.45,0,10.22,,0,0,,0,0,34.95,89.54,0,7.2,606.75,15.59,0,145.95,322.79,,,,,,,,
3/29/2029 0:00,4.21,9.41,17.95,4.78,0.5,4.74,0,3.03,0,0,6.75,7.37,0,0.53,14.71,0.77,0,6.31,11.28,7.61,9.41,19.65,6.75,0.52,5.3,0,3.78,6.49,0.12,7.34,11.92,0,0.56,164.6,1.76,0,15.47,79.7,100.98,23.07,177.02,20.83,0,12.77,,0,0,,0,0,35.38,101.39,0,7.2,352.97,17.59,0,151.35,270.6,,,,,,,,
3/30/2029 0:00,4.21,9.41,17.85,4.78,0.5,4.71,0,3.03,0,0,6.75,8.18,0,0.53,12.71,0.77,0,9.84,30.06,7.61,9.41,19.65,6.75,0.52,5.3,0,3.78,6.49,0.12,7.34,11.92,0,0.56,164.6,1.76,0,15.47,79.7,96.68,15.33,53.51,16.85,0,3.23,,0,0,,0,0,34.47,70.69,0,7.2,305.03,14.9,0,236.17,721.33,,,,,,,,
3/31/2029 0:00,4.21,9.41,17.48,4.78,0.5,4.59,0,3.03,0,0,6.75,6.88,0,0.53,13.11,0.77,0,4.23,20.32,7.61,9.41,19.65,6.75,0.52,5.3,0,3.78,6.49,0.12,7.34,11.92,0,0.56,164.6,1.76,0,15.47,79.7,100.07,23.07,62.6,18,0,5.2,,0,0,,0,0,33.19,67.57,0,7.2,314.67,17.59,0,101.57,487.77,,,,,,,,
4/1/2029 0:00,4.1,9.41,17.52,4.43,0.5,4.6,0,3.03,0,0,6.75,6.97,0,0.53,9.48,0.77,0,10.61,30.26,7.61,9.41,19.65,6.75,0.52,5.3,0,3.78,6.49,0.12,7.34,11.26,0,0.56,166.1,1.76,0,16,80.03,93.31,13.39,43.39,12.67,0,0.84,,0,0,,0,0,32.57,55.5,0,3.6,227.55,14.26,0,254.72,726.34,,,,,,,,
4/2/2029 0:00,4.1,9.41,17.83,4.4,0.5,4.7,0,3.03,0,0,6.75,5.92,0,0.53,13.81,0.77,0,8.04,23.39,7.61,9.41,19.65,6.75,0.52,5.3,0,3.78,6.49,0.12,7.34,11.26,0,0.56,166.1,1.76,0,16,80.03,94.55,14.64,61.16,14.37,0,3.45,,0,0,,0,0,33.55,59.95,0,3.6,331.51,15.1,0,192.88,561.28,,,,,,,,
4/3/2029 0:00,4.14,9.41,17.82,4.4,0.5,4.7,0,3.03,0,0,6.75,6.05,0,0.53,25.23,0.77,0,1.91,14.34,7.61,9.41,19.65,6.75,0.52,5.3,0,3.78,6.49,0.12,7.34,11.26,0,0.56,166.1,1.76,0,16,80.03,96.13,28.69,177.54,18.34,0,9.75,,0,0,,0,0,35.3,78.59,0,3.6,605.56,15.57,0,45.86,344.11,,,,,,,,
4/4/2029 0:00,4.14,9.41,17.81,4.4,0.5,4.7,0,3.03,0,0,6.75,7.24,0,0.53,30.64,0.77,0,0.6,4.5,7.61,9.41,19.65,6.75,0.52,5.3,0,3.78,6.49,0.12,7.34,11.26,0,0.56,166.1,1.76,0,16,80.03,97.68,16.59,239.96,35.24,0.47,9.85,,0,0.1,,0,0,36.93,110.57,0,3.6,735.37,15.61,0,14.45,108.12,,,,,,,,
4/5/2029 0:00,4.1,9.41,17.79,4.4,0.5,4.69,0,3.03,0,0,6.75,8.01,0,0.53,30.88,0.77,0,0.77,1.84,7.61,9.41,19.65,6.75,0.52,5.3,0,3.78,6.49,0.12,7.34,11.26,0,0.56,166.1,1.76,0,16,80.03,96.49,28.01,236.65,50.15,0.62,9.44,,0,0.07,,0,0,38.28,133.81,0,3.6,741.16,15.95,0,18.44,44.14,,,,,,,,
4/6/2029 0:00,4.1,9.41,17.68,4.4,0.5,4.65,0,3.03,0,0,6.75,8.09,0,0.53,31.72,0.77,0,5.57,8.31,7.61,9.41,19.65,6.75,0.52,5.3,0,3.78,6.49,0.12,7.34,11.26,0,0.56,166.1,1.76,0,16,80.03,96.07,23.86,176.56,22.08,0,9.25,,0,0,,0,0,38.13,110.77,0,3.6,761.18,15.26,0,133.64,199.47,,,,,,,,
4/7/2029 0:00,4.1,9.41,17.31,4.4,0.5,4.53,0,3.03,0,0,6.75,7.23,0,0.53,20.77,0.77,0,7.77,11,7.61,9.41,19.65,6.75,0.52,5.3,0,3.78,6.49,0.12,7.34,11.26,0,0.56,166.1,1.76,0,16,80.03,96.63,17.08,105.46,18.96,0,7.5,,0,0,,0,0,35.68,83.24,0,3.6,498.52,16.21,0,186.48,263.89,,,,,,,,
4/8/2029 0:00,4.1,9.41,17.35,4.4,0.5,4.54,0,3.03,0,0,6.75,7.7,0,0.53,10.65,0.77,0,2.08,4.43,7.61,9.41,19.65,6.75,0.52,5.3,0,3.78,6.49,0.12,7.34,11.26,0,0.56,166.1,1.76,0,16,80.03,98.28,7.33,179.05,19.95,0,11.89,,0,0,,0,0,35.74,105.93,0,3.6,255.51,17.59,0,49.83,106.25,,,,,,,,
4/9/2029 0:00,4.1,9.41,17.66,4.4,0.5,4.64,0,3.03,0,0,6.75,8.58,0,0.53,25.69,0.77,0,2.12,3.28,7.61,9.41,19.65,6.75,0.52,5.3,0,3.78,6.49,0.12,7.34,11.26,0,0.56,166.1,1.76,0,16,80.03,98.28,36.55,221.88,20.45,0,9.94,,0,0,,0,0,37.86,136.37,0,3.6,616.52,17.61,0,50.94,78.62,,,,,,,,
4/10/2029 0:00,4.14,9.41,17.65,4.39,0.5,4.64,0,3.03,0,0,6.75,7.03,0,0.53,30.35,0.77,0,10.35,20.87,7.61,9.41,19.65,6.75,0.52,5.3,0,3.78,6.49,0.12,7.34,11.26,0,0.56,166.1,1.76,0,16,80.03,95.18,5.76,102.59,15.67,0,7.61,,0,0,,0,0,36.16,71.97,0,3.6,728.42,14.59,0,248.45,500.96,,,,,,,,
4/11/2029 0:00,4.14,9.41,17.64,4.39,0.5,4.64,0,3.03,0,0,6.75,5.33,0,0.53,20.41,0.77,0,8.3,27.11,7.61,9.41,19.65,6.75,0.52,5.3,0,3.78,6.49,0.12,7.34,11.26,0,0.56,166.1,1.76,0,16,80.03,95.72,35.58,131.66,20.8,0,7.04,,0,0,,0,0,35.32,58.26,0,3.6,489.75,14.92,0,199.16,650.6,,,,,,,,
4/12/2029 0:00,4.1,9.41,17.62,4.39,0.5,4.63,0,3.03,0,0,6.75,5.81,0,0.53,15.04,0.77,0,4.67,22.52,7.61,9.41,19.65,6.75,0.52,5.3,0,3.78,6.49,0.12,7.34,11.26,0,0.56,166.1,1.76,0,16,80.03,97.56,20.67,135.48,20.63,0,8.74,,0,0,,0,0,36.6,73.94,0,3.6,360.96,17.59,0,112.12,540.41,,,,,,,,
4/13/2029 0:00,4.1,9.41,17.51,4.39,0.5,4.6,0,3.03,0,0,6.75,6.86,0,0.53,18.65,0.77,0,8.49,19.67,7.61,9.41,19.65,6.75,0.52,5.3,0,3.78,6.49,0.12,7.34,11.26,0,0.56,166.1,1.76,0,16,80.03,94.94,20.67,133.44,17.28,0,8.11,,0,0,,0,0,36.62,84.21,0,3.6,447.71,15.26,0,203.65,471.97,,,,,,,,
4/14/2029 0:00,4.1,9.41,17.13,4.39,0.5,4.47,0,3.03,0,0,6.75,6.75,0,0.53,20.06,0.77,0,4.28,5.25,7.61,9.41,19.65,6.75,0.52,5.3,0,3.78,6.49,0.12,7.34,11.26,0,0.56,166.1,1.76,0,16,80.03,96.72,20.67,129.05,19.37,0,8.12,,0,0,,0,0,36.3,72.23,0,3.6,481.45,16.52,0,102.71,125.9,,,,,,,,
4/15/2029 0:00,4.1,9.41,17.17,4.39,0.5,4.49,0,3.03,0,0,6.75,7.19,0,0.53,10.42,0.77,0,7.28,13.04,7.61,9.41,19.65,6.75,0.52,5.3,0,3.78,6.49,0.12,7.34,11.26,0,0.56,166.1,1.76,0,16,80.03,96.13,0,87.91,15.68,0,7.18,,0,0,,0,0,36.15,79.58,0,3.6,249.96,16.26,0,174.69,312.89,,,,,,,,
4/16/2029 0:00,4.1,9.41,17.48,4.39,0.5,4.59,0,3.03,0,0,6.75,7.22,0,0.53,10.48,0.77,0,1.8,8.4,7.61,9.41,19.65,6.75,0.52,5.3,0,3.78,6.49,0.12,7.34,11.26,0,0.56,166.1,1.76,0,16,80.03,98.28,21.82,251.65,32.11,0.16,13.72,,0,0,,0,0,38.65,112.57,0,3.6,251.63,17.6,0,43.25,201.55,,,,,,,,
4/17/2029 0:00,4.14,9.41,17.47,4.39,0.5,4.58,0,3.03,0,0,6.75,7.44,0,0.53,19.45,0.77,0,1.95,10.38,7.61,9.41,19.65,6.75,0.52,5.3,0,3.78,6.49,0.12,7.34,11.26,0,0.56,166.1,1.76,0,16,80.03,99.47,18.67,202.1,21.14,0,10.37,,0,0,,0,0,40.55,100.39,0,3.6,466.92,17.59,0,46.88,249.11,,,,,,,,
4/18/2029 0:00,4.14,9.41,17.46,4.39,0.5,4.58,0,3.03,0,0,6.75,6.55,0,0.53,16.98,0.77,0,5.03,19.52,7.61,9.41,19.65,6.75,0.52,5.3,0,3.78,6.49,0.12,7.34,11.26,0,0.56,166.1,1.76,0,16,80.03,98.75,14.9,142.91,18.34,0,9.5,,0,0,,0,0,40.68,73.2,0,3.6,407.58,17.59,0,120.82,468.5,,,,,,,,
4/19/2029 0:00,4.1,9.41,17.43,4.21,0.5,4.57,0,3.03,0,0,6.75,6.46,0,0.53,23.84,0.77,0,4.77,25.28,7.61,9.41,19.65,6.75,0.52,5.3,0,3.78,6.49,0.12,7.34,11.26,0,0.56,166.1,1.76,0,16,80.03,94.46,20.64,99.68,16.7,0,7.26,,0,0,,0,0,39.7,60.92,0,3.6,572.09,14.92,0,114.58,606.8,,,,,,,,
4/20/2029 0:00,4.1,9.41,17.32,4.21,0.5,4.54,0,3.03,0,0,6.75,5.83,0,0.53,16.06,0.77,0,6.74,19.27,7.61,9.41,19.65,6.75,0.52,5.3,0,3.78,6.49,0.12,7.34,11.26,0,0.56,166.1,1.76,0,16,80.03,97.74,28.87,96.91,16.74,0,7.54,,0,0,,0,0,39.24,55.3,0,3.6,385.33,17.59,0,161.82,462.47,,,,,,,,
4/21/2029 0:00,4.1,9.41,16.95,4.21,0.5,4.41,0,3.03,0,0,6.75,6.4,0,0.53,32.47,0.77,0,5.86,22.66,7.61,9.41,19.65,6.75,0.52,5.3,0,3.78,6.49,0.12,7.34,11.26,0,0.56,166.1,1.76,0,16,80.03,93.79,20.67,53.22,14.36,0,4.14,,0,0,,0,0,37.24,51.09,0,3.6,779.16,14.59,0,140.53,543.95,,,,,,,,
4/22/2029 0:00,4.1,9.41,16.98,4.2,0.5,4.42,0,3.03,0,0,6.75,4.93,0,0.53,30.89,0.77,0,4.57,17.6,7.61,9.41,19.65,6.75,0.52,5.3,0,3.78,6.49,0.12,7.34,11.26,0,0.56,166.1,1.76,0,16,80.03,94,2.4,67.2,15.12,0,4.33,,0,0,,0,0,35.62,48.33,0,3.6,741.38,14.59,0,109.73,422.51,,,,,,,,
4/23/2029 0:00,4.1,9.41,17.29,4.38,0.5,4.52,0,3.03,0,0,6.75,4.9,0,0.53,23.36,0.77,0,3.36,10.82,7.61,9.41,19.65,6.75,0.52,5.3,0,3.78,6.49,0.12,7.34,11.26,0,0.56,166.1,1.76,0,16,80.03,96.39,38.95,152.5,18.86,0,9.19,,0,0,,0,0,38.49,63.02,0,3.6,560.55,15.93,0,80.67,259.71,,,,,,,,
4/24/2029 0:00,4.14,9.41,17.28,4.38,0.5,4.52,0,3.03,0,0,6.75,5.8,0,0.53,17.85,0.77,0,5.35,29.16,7.61,9.41,19.65,6.75,0.52,5.3,0,3.78,6.49,0.12,7.34,11.26,0,0.56,166.1,1.76,0,16,80.03,97.26,4.6,95.53,15.35,0,8.56,,0,0,,0,0,40.09,60.04,0,3.6,428.46,15.59,0,128.43,699.74,,,,,,,,
4/25/2029 0:00,4.14,9.41,17.27,4.38,0.5,4.52,0,3.03,0,0,6.75,5.64,0,0.53,18.55,0.77,0,6.44,22.21,7.61,9.41,19.65,6.75,0.52,5.3,0,3.78,6.49,0.12,7.34,11.26,0,0.56,166.1,1.76,0,16,80.03,98.39,33.96,116,17.8,0,8.95,,0,0,,0,0,39.59,54.93,0,3.6,445.26,17.59,0,154.5,533.05,,,,,,,,
4/26/2029 0:00,4.1,9.41,17.24,4.38,0.5,4.51,0,3.03,0,0,6.75,6.22,0,0.53,26.35,0.77,0,6.45,13.77,7.61,9.41,19.65,6.75,0.52,5.3,0,3.78,6.49,0.12,7.34,11.26,0,0.56,166.1,1.76,0,16,80.03,94.71,21.06,126.93,18.07,0,8.15,,0,0,,0,0,39.58,70.04,0,3.6,632.43,14.92,0,154.82,330.44,,,,,,,,
4/27/2029 0:00,4.1,9.41,17.12,4.23,0.5,4.47,0,3.03,0,0,6.75,6.56,0,0.53,30.5,0.77,0,3.5,4.96,7.61,9.41,19.65,6.75,0.52,5.3,0,3.78,6.49,0.12,7.34,11.26,0,0.56,166.1,1.76,0,16,80.03,95.93,23.07,156.3,18.62,0,8.39,,0,0,,0,0,40.14,83.93,0,3.6,731.99,15.3,0,84.1,118.94,,,,,,,,
4/28/2029 0:00,4.1,9.41,16.75,4.01,0.5,4.35,0,3.03,0,0,6.75,7.31,0,0.53,14.04,0.77,0,5.15,11.24,7.61,9.41,19.65,6.75,0.52,5.3,0,3.78,6.49,0.12,7.34,11.26,0,0.56,166.1,1.76,0,16,80.03,97.19,20.67,71.37,15.12,0,5.48,,0,0,,0,0,39.67,62.75,0,3.6,336.89,17.59,0,123.55,269.86,,,,,,,,
4/29/2029 0:00,4.1,9.41,16.78,4.01,0.5,4.36,0,3.03,0,0,6.75,7.76,0,0.53,18.83,0.77,0,2.91,12.28,7.61,9.41,19.65,6.75,0.52,5.3,0,3.78,6.49,0.12,7.34,11.26,0,0.56,166.1,1.76,0,16,80.03,95.74,4.54,78.62,14.63,0,6.49,,0,0,,0,0,38.62,70.81,0,3.6,451.92,15.59,0,69.87,294.71,,,,,,,,
4/30/2029 0:00,4.1,9.41,17.08,4.01,0.5,4.46,0,3.03,0,0,6.75,6.71,0,0.53,34.51,0.77,0,1.31,5.47,7.61,9.41,19.65,6.75,0.52,5.3,0,3.78,6.49,0.12,7.34,11.26,0,0.56,166.1,1.76,0,16,80.03,94.46,36.81,147.47,18.26,0,8.4,,0,0,,0,0,40.41,79.01,0,3.6,828.2,14.92,0,31.33,131.27,,,,,,,,
5/1/2029 0:00,3.9,9.41,17.07,3.52,0.5,4.45,0,3.03,0,0,6.75,5.81,0,0.53,20.79,0.77,0,2.76,7.17,7.61,9.41,19.65,6.75,0.52,5.3,0,3.78,6.49,0.12,7.34,11.26,0,0.56,167.6,1.76,0,16.53,80.37,91.17,20.67,97.46,8.33,0,6.54,,0,0,,0,0,41.98,45,0,2.4,498.87,15.59,0,66.35,172.04,,,,,,,,
5/2/2029 0:00,3.9,9.41,17.06,3.47,0.5,4.45,0,3.03,0,0,6.75,6.67,0,0.53,17.41,0.77,0,5.31,14.87,7.61,9.41,19.65,6.75,0.52,5.3,0,3.78,6.49,0.12,7.34,11.26,0,0.56,167.6,1.76,0,16.53,80.37,93.56,18.52,166.97,8.36,0,8.64,,0,0,,0,0,42.52,62.44,0,2.4,417.77,17.59,0,127.5,356.87,,,,,,,,
5/3/2029 0:00,3.92,9.41,17.03,3.47,0.5,4.44,0,3.03,0,0,6.75,7.28,0,0.53,28.85,0.77,0,0.99,5.6,7.61,9.41,19.65,6.75,0.52,5.3,0,3.78,6.49,0.12,7.34,11.26,0,0.56,167.6,1.76,0,16.53,80.37,92.33,22.83,187.01,8.35,0,8.37,,0,0,,0,0,43.93,95.64,0,2.4,692.35,15.6,0,23.81,134.34,,,,,,,,
5/4/2029 0:00,3.92,9.41,16.92,3.41,0.5,4.4,0,3.03,0,0,6.75,7.49,0,0.53,29.73,0.77,0,4.16,10.67,7.61,9.41,19.65,6.75,0.52,5.3,0,3.78,6.49,0.12,7.34,11.26,0,0.56,167.6,1.76,0,16.53,80.37,90.67,20.67,122.98,8.33,0,7.59,,0,0,,0,0,43.48,67.57,0,2.4,713.48,15.26,0,99.94,255.98,,,,,,,,
5/5/2029 0:00,3.92,9.41,16.54,3.41,0.5,4.28,0,3.03,0,0,6.75,6.72,0,0.53,21.92,0.77,0,6.87,19.55,7.61,9.41,19.65,6.75,0.52,5.3,0,3.78,6.49,0.12,7.34,11.26,0,0.56,167.6,1.76,0,16.53,80.37,90,20.67,52.84,8.17,0,3.01,,0,0,,0,0,40.44,43.23,0,2.4,526.13,14.92,0,165,469.24,,,,,,,,
5/6/2029 0:00,3.92,9.41,16.58,3.41,0.5,4.29,0,3.03,0,0,6.75,6.01,0,0.53,19.52,0.77,0,6.8,9.22,7.61,9.41,19.65,6.75,0.52,5.3,0,3.78,6.49,0.12,7.34,11.26,0,0.56,167.6,1.76,0,16.53,80.37,91.57,17.7,56.02,8.31,0,3.52,,0,0,,0,0,40.35,42.94,0,2.4,468.52,15.59,0,163.27,221.2,,,,,,,,
5/7/2029 0:00,3.92,9.41,16.88,3.41,0.5,4.39,0,3.03,0,0,6.75,6.15,0,0.53,21.12,0.77,0,8.8,16.16,7.61,9.41,19.65,6.75,0.52,5.3,0,3.78,6.49,0.12,7.34,11.26,0,0.56,167.6,1.76,0,16.53,80.37,92.05,19.01,100.54,8.35,0,7.3,,0,0,,0,0,40.53,59.44,0,2.4,506.96,15.59,0,211.19,387.76,,,,,,,,
5/8/2029 0:00,3.9,9.41,16.88,3.41,0.5,4.39,0,3.03,0,0,6.75,5.35,0,0.53,21.93,0.77,0,4.55,15.54,7.61,9.41,19.65,6.75,0.52,5.3,0,3.78,6.49,0.12,7.34,11.26,0,0.56,167.6,1.76,0,16.53,80.37,92.66,24.16,172.71,8.35,0,8.83,,0,0,,0,0,41.95,58.59,0,2.4,526.25,17.59,0,109.16,373,,,,,,,,
5/9/2029 0:00,3.9,9.41,16.87,3.4,0.5,4.39,0,3.03,0,0,6.75,6.17,0,0.53,25.18,0.77,0,3.2,20.52,7.61,9.41,19.65,6.75,0.52,5.3,0,3.78,6.49,0.12,7.34,11.26,0,0.56,167.6,1.76,0,16.53,80.37,91.6,21.82,135.41,8.33,0,8.47,,0,0,,0,0,43.11,48.72,0,2.4,604.37,15.59,0,76.74,492.4,,,,,,,,
5/10/2029 0:00,3.92,9.41,16.85,3.4,0.5,4.38,0,3.03,0,0,6.75,6.19,0,0.53,15.54,0.77,0,2.7,12.09,7.61,9.41,19.65,6.75,0.52,5.3,0,3.78,6.49,0.12,7.34,11.26,0,0.56,167.6,1.76,0,16.53,80.37,92.49,15.56,82.89,8.21,0,5.33,,0,0,,0,0,43.21,57,0,2.4,372.96,16.19,0,64.87,290.27,,,,,,,,
5/11/2029 0:00,3.92,9.41,16.74,3.4,0.5,4.34,0,3.03,0,0,6.75,7.8,0,0.53,13.15,0.77,0,2.51,5.08,7.61,9.41,19.65,6.75,0.52,5.3,0,3.78,6.49,0.12,7.34,11.26,0,0.56,167.6,1.76,0,16.53,80.37,93.96,21.41,153.83,8.37,0,9.06,,0,0,,0,0,43.02,86.47,0,2.4,315.51,17.59,0,60.29,122.04,,,,,,,,
5/12/2029 0:00,3.92,9.41,16.37,3.4,0.5,4.22,0,3.03,0,0,6.75,8.52,0,0.53,19.11,0.77,0,4.34,13.1,7.61,9.41,19.65,6.75,0.52,5.3,0,3.78,6.49,0.12,7.34,11.26,0,0.56,167.6,1.76,0,16.53,80.37,90.47,20.67,56.51,8.18,0,3.51,,0,0,,0,0,41.98,51.23,0,2.4,458.75,15.26,0,104.23,314.51,,,,,,,,
5/13/2029 0:00,3.92,9.41,16.42,3.4,0.5,4.24,0,3.03,0,0,6.75,7.12,0,0.53,22.06,0.77,0,3.15,11.22,7.61,9.41,19.65,6.75,0.52,5.3,0,3.78,6.49,0.12,7.34,11.26,0,0.56,167.6,1.76,0,16.53,80.37,89.77,3.59,56.81,8.11,0,2.75,,0,0,,0,0,42.25,52.68,0,2.4,529.52,14.59,0,75.59,269.17,,,,,,,,
5/14/2029 0:00,3.92,9.41,16.73,3.4,0.5,4.34,0,3.03,0,0,6.75,6.4,0,0.53,21.6,0.77,0,1.31,4.69,7.61,9.41,19.65,6.75,0.52,5.3,0,3.78,6.49,0.12,7.34,11.26,0,0.56,167.6,1.76,0,16.53,80.37,93.96,34.99,169.15,8.36,0,8.82,,0,0.08,,0,0,44.3,86.37,0,2.4,518.32,17.59,0,31.49,112.5,,,,,,,,
5/15/2029 0:00,3.9,9.41,16.74,3.4,0.5,4.34,0,3.03,0,0,6.75,6.82,0,0.53,21.98,0.77,0,4.01,8.68,7.61,9.41,19.65,6.75,0.52,5.3,0,3.78,6.49,0.12,7.34,11.26,0,0.56,167.6,1.76,0,16.53,80.37,93.56,20.67,196.58,8.34,0,9.01,,0,0,,0,0,44.63,79.99,0,2.4,527.55,17.59,0,96.31,208.3,,,,,,,,
5/16/2029 0:00,3.9,9.41,16.74,3.4,0.5,4.34,0,3.03,0,0,6.75,6.97,0,0.53,15.77,0.77,0,7.59,25.68,7.61,9.41,19.65,6.75,0.52,5.3,0,3.78,6.49,0.12,7.34,11.26,0,0.56,167.6,1.76,0,16.53,80.37,93.2,12.4,94.05,8.33,0,7.27,,0,0,,0,0,43.02,45.43,0,2.4,378.42,17.59,0,182.14,616.31,,,,,,,,
5/17/2029 0:00,3.92,9.41,16.73,3.4,0.5,4.34,0,3.03,0,0,6.75,5.98,0,0.53,24.05,0.77,0,6.03,18.73,7.61,9.41,19.65,6.75,0.52,5.3,0,3.78,6.49,0.12,7.34,11.26,0,0.56,167.6,1.76,0,16.53,80.37,91.75,26.05,121.56,8.33,0,6.71,,0,0,,0,0,42.4,58.12,0,2.4,577.18,15.39,0,144.61,449.54,,,,,,,,
5/18/2029 0:00,3.92,9.41,16.63,3.4,0.5,4.31,0,3.03,0,0,6.75,6.22,0,0.53,28.12,0.77,0,0.47,7.5,7.61,9.41,19.65,6.75,0.52,5.3,0,3.78,6.49,0.12,7.34,11.26,0,0.56,167.6,1.76,0,16.53,80.37,93,23.57,163.08,8.35,0,8.13,,0,0,,0,0,43.5,78.62,0,2.4,674.85,16.17,0,11.28,179.9,,,,,,,,
5/19/2029 0:00,3.92,9.41,16.28,3.2,0.5,4.19,0,3.03,0,0,6.75,7.12,0,0.53,24.27,0.77,0,2.48,12.35,7.61,9.41,19.65,6.75,0.52,5.3,0,3.78,6.49,0.12,7.34,11.26,0,0.56,167.6,1.76,0,16.53,80.37,90.47,20.67,72.46,8.2,0,4.63,,0,0,,0,0,42.07,55.45,0,2.4,582.54,15.26,0,59.42,296.3,,,,,,,,
5/20/2029 0:00,3.92,9.41,16.34,3.2,0.5,4.21,0,3.03,0,0,6.75,6.67,0,0.53,22.67,0.77,0,5.84,18.41,7.61,9.41,19.65,6.75,0.52,5.3,0,3.78,6.49,0.12,7.34,11.26,0,0.56,167.6,1.76,0,16.53,80.37,88.78,20.67,45.26,8.13,0,1.99,,0,0,,0,0,40.7,42.63,0,2.4,544.14,13.93,0,140.11,441.82,,,,,,,,
5/21/2029 0:00,3.92,9.41,16.66,3.2,0.5,4.32,0,3.03,0,0,6.75,5.4,0,0.53,25.69,0.77,0,5.42,13.76,7.61,9.41,19.65,6.75,0.52,5.3,0,3.78,6.49,0.12,7.34,11.26,0,0.56,167.6,1.76,0,16.53,80.37,89.65,4.06,50.43,8.14,0,2.91,,0,0,,0,0,40.67,40.97,0,2.4,616.57,14.59,0,130.01,330.32,,,,,,,,
5/22/2029 0:00,3.9,9.41,16.68,3.2,0.5,4.33,0,3.03,0,0,6.75,5.31,0,0.53,26.87,0.77,0,5.55,11.67,7.61,9.41,19.65,6.75,0.52,5.3,0,3.78,6.49,0.12,7.34,11.26,0,0.56,167.6,1.76,0,16.53,80.37,91.82,37.29,155.27,8.31,0,8.7,,0,0,,0,0,41.43,47.59,0,2.4,644.77,15.92,0,133.3,280.12,,,,,,,,
5/23/2029 0:00,3.9,9.41,16.7,3.2,0.5,4.33,0,3.03,0,0,6.75,6.17,0,0.53,15.27,0.77,0,7.78,24.43,7.61,9.41,19.65,6.75,0.52,5.3,0,3.78,6.49,0.12,7.34,11.26,0,0.56,167.6,1.76,0,16.53,80.37,92.47,5.89,112.17,8.3,0,8.04,,0,0,,0,0,42.2,56.51,0,2.4,366.38,15.92,0,186.74,586.2,,,,,,,,
5/24/2029 0:00,3.92,9.41,16.7,3.2,0.5,4.33,0,3.03,0,0,6.75,6.36,0,0.53,19.31,0.77,0,5.09,8.5,7.61,9.41,19.65,6.75,0.52,5.3,0,3.78,6.49,0.12,7.34,11.26,0,0.56,167.6,1.76,0,16.53,80.37,93.96,32.35,154.41,8.33,0,8.78,,0,0,,0,0,42.65,75.41,0,2.4,463.54,17.59,0,122.21,203.93,,,,,,,,
5/25/2029 0:00,3.92,9.41,16.62,3.2,0.5,4.3,0,3.03,0,0,6.75,6.81,0,0.53,28.34,0.77,0,5.79,10.18,7.61,9.41,19.65,6.75,0.52,5.3,0,3.78,6.49,0.12,7.34,11.26,0,0.56,167.6,1.76,0,16.53,80.37,90.2,20.67,140.33,8.31,0,7.56,,0,0,,0,0,44.19,70.07,0,2.4,680.19,14.92,0,139.06,244.34,,,,,,,,
5/26/2029 0:00,3.92,9.41,16.27,3.2,0.5,4.19,0,3.03,0,0,6.75,5.17,0,0.53,31.65,0.77,0,4.55,12.71,7.61,9.41,19.65,6.75,0.52,5.3,0,3.78,6.49,0.12,7.34,11.26,0,0.56,167.6,1.76,0,16.53,80.37,89.2,20.67,66.83,8.16,0,4.33,,0,0,,0,0,42.23,39.91,0,2.4,759.65,14.58,0,109.09,304.94,,,,,,,,
5/27/2029 0:00,3.92,9.41,16.34,3.05,0.5,4.21,0,3.03,0,0,6.75,4.88,0,0.53,33.32,0.77,0,0.55,6.41,7.61,9.41,19.65,6.75,0.52,5.3,0,3.78,6.49,0.12,7.34,11.26,0,0.56,167.6,1.76,0,16.53,80.37,89.28,14.16,78.15,8.26,0,3.66,,0,0,,0,0,41.67,60.05,0,2.4,799.57,14.26,0,13.09,153.9,,,,,,,,
5/28/2029 0:00,3.92,9.41,16.67,3.05,0.5,4.32,0,3.03,0,0,6.75,5.23,0,0.53,31.76,0.77,0,1.97,6.79,7.61,9.41,19.65,6.75,0.52,5.3,0,3.78,6.49,0.12,7.34,11.26,0,0.56,167.6,1.76,0,16.53,80.37,90.62,26.24,139.55,8.28,0,7.61,,0,0,,0,0,44.39,69.6,0,2.4,762.27,15.26,0,47.2,162.98,,,,,,,,
5/29/2029 0:00,3.9,9.41,16.7,3.05,0.5,4.33,0,3.03,0,0,6.75,4.92,0,0.53,31.52,0.77,0,5.5,11.72,7.61,9.41,19.65,6.75,0.52,5.3,0,3.78,6.49,0.12,7.34,11.26,0,0.56,167.6,1.76,0,16.53,80.37,89.84,12.13,134.15,8.28,0,7.62,,0,0,,0,0,46.39,50.76,0,2.4,756.55,15.2,0,131.98,281.22,,,,,,,,
5/30/2029 0:00,3.9,9.41,16.72,3.05,0.5,4.34,0,3.03,0,0,6.75,5.18,0,0.53,30.25,0.77,0,3.06,9.51,7.61,9.41,19.65,6.75,0.52,5.3,0,3.78,6.49,0.12,7.34,11.26,0,0.56,167.6,1.76,0,16.53,80.37,90.76,30.16,169.31,8.28,0,8.6,,0,0,,0,0,46.72,59.33,0,2.4,725.92,15.26,0,73.35,228.32,,,,,,,,
5/31/2029 0:00,3.92,9.41,16.72,3.05,0.5,4.34,0,3.03,0,0,6.75,5.74,0,0.53,33.77,0.77,0,4.56,11.27,7.61,9.41,19.65,6.75,0.52,5.3,0,3.78,6.49,0.12,7.34,11.26,0,0.56,167.6,1.76,0,16.53,80.37,89.73,20.67,124.51,8.28,0,7.09,,0,0,,0,0,47.12,64.41,0,2.4,810.43,14.92,0,109.36,270.39,,,,,,,,
6/1/2029 0:00,3.92,9.41,16.64,2.98,0.5,4.31,0,3.03,0,0,6.75,5.35,0,0.53,27.69,0.62,0,7.36,15,7.61,9.41,19.65,6.75,0.52,5.3,0,3.78,6.49,0.12,7.34,11.26,0,0.56,169.1,1.76,0,17.07,80.7,90.84,20.67,84.86,6.3,0,6.7,,0,0,,0,0,46.29,44.92,0,2.4,664.56,12.97,0,176.72,360.1,,,,,,,,
6/2/2029 0:00,3.92,9.41,16.3,2.97,0.5,4.2,0,3.03,0,0,6.75,5.25,0,0.53,27.84,0.62,0,4.7,12.49,7.61,9.41,19.65,6.75,0.52,5.3,0,3.78,6.49,0.12,7.34,11.26,0,0.56,169.1,1.76,0,17.07,80.7,89.9,20.67,53.75,6.12,0,3.28,,0,0,,0,0,45.78,40.3,0,2.4,668.27,12.77,0,112.76,299.87,,,,,,,,
6/3/2029 0:00,3.92,9.41,16.36,2.97,0.5,4.22,0,3.03,0,0,6.75,5.37,0,0.53,31.91,0.62,0,0.76,12.33,7.61,9.41,19.65,6.75,0.52,5.3,0,3.78,6.49,0.12,7.34,11.26,0,0.56,169.1,1.76,0,17.07,80.7,89.43,7.88,63,6.1,0,2.84,,0,0,,0,0,45.86,40.78,0,2.4,765.89,12.57,0,18.23,295.91,,,,,,,,
6/4/2029 0:00,3.92,9.41,16.7,3.17,0.5,4.33,0,3.03,0,0,6.75,4.78,0,0.53,31.12,0.62,0,1.02,7.59,7.61,9.41,19.65,6.75,0.52,5.3,0,3.78,6.49,0.12,7.34,11.26,0,0.56,169.1,1.76,0,17.07,80.7,90.84,33.02,125.11,7.01,0,7.28,,0,0,,0,0,48.06,49.33,0,2.4,746.95,13,0,24.42,182.09,,,,,,,,
6/5/2029 0:00,3.83,9.41,16.72,3.17,0.5,4.34,0,3.03,0,0,6.75,4.81,0,0.53,28.45,0.62,0,0.41,7.92,7.61,9.41,19.65,6.75,0.52,5.3,0,3.78,6.49,0.12,7.34,11.26,0,0.56,169.1,1.76,0,17.07,80.7,89.62,21.87,161.66,6.56,0,8.6,,0,0,,0,0,49.45,63.06,0,2.4,682.74,13.34,0,9.93,189.97,,,,,,,,
6/6/2029 0:00,3.83,9.41,16.73,3.17,0.5,4.34,0,3.03,0,0,6.75,5.33,0,0.53,23.15,0.62,0,2.29,6.6,7.61,9.41,19.65,6.75,0.52,5.3,0,3.78,6.49,0.12,7.34,11.26,0,0.56,169.1,1.76,0,17.07,80.7,91.45,20.67,195.52,6.85,0,9.16,,0,0,,0,0,49.46,74.57,0,2.4,555.72,14.35,0,54.89,158.32,,,,,,,,
6/7/2029 0:00,3.92,9.41,16.73,3.17,0.5,4.34,0,3.03,0,0,6.75,7.04,0,0.53,24.6,0.62,0,2.6,4.94,7.61,9.41,19.65,6.75,0.52,5.3,0,3.78,6.49,0.12,7.34,11.26,0,0.56,169.1,1.76,0,17.07,80.7,93.77,20.67,189.14,7.2,0,8.58,,0,0,,0,0,49.92,101.18,0,2.4,590.5,14.35,0,62.32,118.61,,,,,,,,
6/8/2029 0:00,3.92,9.41,16.64,3.17,0.5,4.31,0,3.03,0,0,6.75,7.3,0,0.53,25.09,0.62,0,4.08,7.1,7.61,9.41,19.65,6.75,0.52,5.3,0,3.78,6.49,0.12,7.34,11.26,0,0.56,169.1,1.76,0,17.07,80.7,92.48,20.67,148.36,6.76,0,7.71,,0,0,,0,0,48.92,75.11,0,2.4,602.23,13.36,0,97.99,170.4,,,,,,,,
6/9/2029 0:00,3.92,9.41,16.29,3.17,0.5,4.2,0,3.03,0,0,6.75,6.77,0,0.53,29.19,0.62,0,5.03,12.18,7.61,9.41,19.65,6.75,0.52,5.3,0,3.78,6.49,0.12,7.34,11.26,0,0.56,169.1,1.76,0,17.07,80.7,89.36,20.67,58.19,6.09,0,3.29,,0,0,,0,0,46.97,45.31,0,2.4,700.45,12.76,0,120.7,292.31,,,,,,,,
6/10/2029 0:00,3.92,9.41,16.35,3.17,0.5,4.21,0,3.03,0,0,6.75,5.65,0,0.53,28.18,0.62,0,7.94,16.67,7.61,9.41,19.65,6.75,0.52,5.3,0,3.78,6.49,0.12,7.34,11.26,0,0.56,169.1,1.76,0,17.07,80.7,88.4,7.36,34.72,6.03,0,1.39,,0,0,,0,0,44.79,42.06,0,2.4,676.34,12.17,0,190.6,400.06,,,,,,,,
6/11/2029 0:00,3.92,9.41,16.67,3.3,0.5,4.32,0,3.03,0,0,6.75,4.38,0,0.53,30.27,0.62,0,9.44,15.93,7.61,9.41,19.65,6.75,0.52,5.3,0,3.78,6.49,0.12,7.34,11.26,0,0.56,169.1,1.76,0,17.07,80.7,90.84,33.98,72.15,6.31,0,4.45,,0,0,,0,0,46.11,36.87,0,2.4,726.51,12.97,0,226.68,382.28,,,,,,,,
6/12/2029 0:00,3.83,9.41,16.68,3.3,0.5,4.33,0,3.03,0,0,6.75,3.97,0,0.53,31.09,0.62,0,7.38,15.4,7.61,9.41,19.65,6.75,0.52,5.3,0,3.78,6.49,0.12,7.34,11.26,0,0.56,169.1,1.76,0,17.07,80.7,88.52,18.27,113.4,6.43,0,8.25,,0,0,,0,0,47.02,33.42,0,2.4,746.13,12.97,0,177.11,369.49,,,,,,,,
6/13/2029 0:00,3.83,9.41,16.69,3.3,0.5,4.33,0,3.03,0,0,6.75,4.83,0,0.53,31.53,0.62,0,7.89,17.14,7.61,9.41,19.65,6.75,0.52,5.3,0,3.78,6.49,0.12,7.34,11.26,0,0.56,169.1,1.76,0,17.07,80.7,88.05,18.21,109.49,6.51,0,7.53,,0,0,,0,0,46.88,40.06,0,2.4,756.64,12.77,0,189.3,411.41,,,,,,,,
6/14/2029 0:00,3.92,9.41,16.68,3.3,0.5,4.32,0,3.03,0,0,6.75,5.07,0,0.53,28.12,0.62,0,4.47,13.39,7.61,9.41,19.65,6.75,0.52,5.3,0,3.78,6.49,0.12,7.34,11.26,0,0.56,169.1,1.76,0,17.07,80.7,92.22,25.54,132.19,6.94,0,7.2,,0,0,,0,0,47.23,55.39,0,2.4,674.97,13.16,0,107.38,321.41,,,,,,,,
6/15/2029 0:00,3.92,9.41,16.58,3.3,0.5,4.29,0,3.03,0,0,6.75,6.27,0,0.53,25.97,0.62,0,1.19,6.5,7.61,9.41,19.65,6.75,0.52,5.3,0,3.78,6.49,0.12,7.34,11.26,0,0.56,169.1,1.76,0,17.07,80.7,93.22,20.67,164.23,6.95,0,7.79,,0,0,,0,0,48.25,79.03,0,2.4,623.25,14.35,0,28.49,156.11,,,,,,,,
6/16/2029 0:00,3.92,9.41,16.22,3.3,0.5,4.17,0,3.03,0,0,6.75,7.4,0,0.53,22.41,0.62,0,2.32,6.95,7.61,9.41,19.65,6.75,0.52,5.3,0,3.78,6.49,0.12,7.34,11.26,0,0.56,169.1,1.76,0,17.07,80.7,90.59,17,111.96,6.5,0,6.09,,0,0,,0,0,46.81,59.13,0,2.4,537.84,12.97,0,55.69,166.69,,,,,,,,
6/17/2029 0:00,3.92,9.41,16.27,3.3,0.5,4.19,0,3.03,0,0,6.75,7.49,0,0.53,27.24,0.62,0,0.35,3.13,7.61,9.41,19.65,6.75,0.52,5.3,0,3.78,6.49,0.12,7.34,11.26,0,0.56,169.1,1.76,0,17.07,80.7,90.31,22.17,113.43,6.76,0,5.48,,0,0,,0,0,45.47,62.59,0,2.4,653.82,12.77,0,8.43,75.01,,,,,,,,
6/18/2029 0:00,3.92,9.41,16.59,3.3,0.5,4.3,0,3.03,0,0,6.75,6.9,0,0.53,27.82,0.62,0,1.4,2.35,7.61,9.41,19.65,6.75,0.52,5.3,0,3.78,6.49,0.12,7.34,11.26,0,0.56,169.1,1.76,0,17.07,80.7,94.13,22.85,198.49,7.48,0,8.77,,0,0.06,,0,0,46.92,99.17,0,2.4,667.61,14.36,0,33.62,56.49,,,,,,,,
6/19/2029 0:00,3.83,9.41,15.95,3.3,0.5,4.3,0,3.03,0,0,6.75,6.56,0,0.53,21.53,0.62,0,7.74,10.54,7.61,9.41,19.65,6.75,0.52,5.3,0,3.78,6.49,0.12,7.34,11.26,0,0.56,169.1,1.76,0,17.07,80.7,91.09,20.67,167.91,6.7,0,8.71,,0,0.04,,0,0,47.19,85.93,0,2.4,516.8,14.35,0,185.73,252.95,,,,,,,,
6/20/2029 0:00,3.83,9.41,15.95,3.3,0.5,4.3,0,3.03,0,0,6.75,6.87,0,0.53,24.05,0.62,0,5.11,6.44,7.61,9.41,19.65,6.75,0.52,5.3,0,3.78,6.49,0.12,7.34,11.26,0,0.56,169.1,1.76,0,17.07,80.7,91.45,20.67,192.3,6.79,0,8.77,,0,0,,0,0,47.84,89.12,0,2.4,577.29,14.35,0,122.74,154.44,,,,,,,,
6/21/2029 0:00,3.92,9.41,16.59,3.3,0.5,4.3,0,3.03,0,0,6.75,7.36,0,0.53,23.44,0.62,0,4.62,9.54,7.61,9.41,19.65,6.75,0.52,5.3,0,3.78,6.49,0.12,7.34,11.26,0,0.56,169.1,1.76,0,17.07,80.7,93.41,20.67,156.57,10.38,0.16,7.96,,0,0,,0,0,48.04,97.59,0,2.4,562.63,14.35,0,110.78,229.07,,,,,,,,
6/22/2029 0:00,3.92,9.41,16.49,3.3,0.5,4.26,0,3.03,0,0,6.75,7.3,0,0.53,23,0.62,0,1.26,11.75,7.61,9.41,19.65,6.75,0.52,5.3,0,3.78,6.49,0.12,7.34,11.26,0,0.56,169.1,1.76,0,17.07,80.7,94.13,20.67,158.57,10.21,0,7.19,,0,0,,0,0,48.04,85.66,0,2.4,552.09,14.35,0,30.3,281.91,,,,,,,,
6/23/2029 0:00,3.92,9.41,16.14,3.3,0.5,4.15,0,3.03,0,0,6.75,7.26,0,0.53,14.41,0.62,0,2.59,20.84,7.61,9.41,19.65,6.75,0.52,5.3,0,3.78,6.49,0.12,7.34,11.26,0,0.56,169.1,1.76,0,17.07,80.7,91.76,20.67,76.09,6.21,0,4.2,,0,0,,0,0,47.49,44.39,0,2.4,345.95,13.16,0,62.15,500.27,,,,,,,,
6/24/2029 0:00,3.92,9.41,16.19,3.3,0.5,4.16,0,3.03,0,0,6.75,6.92,0,0.53,29,0.62,0,1.49,3.76,7.61,9.41,19.65,6.75,0.52,5.3,0,3.78,6.49,0.12,7.34,11.26,0,0.56,169.1,1.76,0,17.07,80.7,90.12,16.95,99.28,6.41,0,5.56,,0,0,,0,0,46.55,83.74,0,2.4,696.07,12.77,0,35.72,90.25,,,,,,,,
6/25/2029 0:00,3.92,9.41,15.86,3.44,0.5,4.27,0,3.03,0,0,6.75,6.57,0,0.53,29.43,0.62,0,1.72,1.99,7.61,9.41,19.65,6.75,0.52,5.3,0,3.78,6.49,0.12,7.34,11.26,0,0.56,169.1,1.76,0,17.07,80.7,93.22,24.4,183.31,7.32,0.08,8.16,,0,0.06,,0,0,47.09,91.52,0,2.4,706.27,14.36,0,41.34,47.72,,,,,,,,
6/26/2029 0:00,3.83,9.41,16.53,3.57,0.5,4.27,0,3.03,0,0,6.75,6.19,0,0.53,25.98,0.62,0,8.35,20.95,7.61,9.41,19.65,6.75,0.52,5.3,0,3.78,6.49,0.12,7.34,11.26,0,0.56,169.1,1.76,0,17.07,80.7,87.99,12,127.59,6.46,0,7.72,,0,0,,0,0,45.99,52.81,0,2.4,623.47,12.77,0,200.35,502.69,,,,,,,,
6/27/2029 0:00,3.83,9.41,16.53,3.57,0.5,4.28,0,3.03,0,0,6.75,5.44,0,0.53,22.33,0.62,0,7.2,19.98,7.61,9.41,19.65,6.75,0.52,5.3,0,3.78,6.49,0.12,7.34,11.26,0,0.56,169.1,1.76,0,17.07,80.7,90.72,29.22,146.84,6.64,0,8.56,,0,0,,0,0,46.08,51.59,0,2.4,535.98,14.35,0,172.76,479.61,,,,,,,,
6/28/2029 0:00,3.92,9.41,16.53,3.57,0.5,4.28,0,3.03,0,0,6.75,6.08,0,0.53,23.18,0.62,0,3.53,8.47,7.61,9.41,19.65,6.75,0.52,5.3,0,3.78,6.49,0.12,7.34,11.26,0,0.56,169.1,1.76,0,17.07,80.7,94.13,20.79,166.97,7,0,8.22,,0,0,,0,0,47.57,83.89,0,2.4,556.23,14.36,0,84.6,203.19,,,,,,,,
6/29/2029 0:00,3.92,9.41,16.44,3.57,0.5,4.25,0,3.03,0,0,6.75,7.41,0,0.53,21.37,0.62,0,3.62,2.86,7.61,9.41,19.65,6.75,0.52,5.3,0,3.78,6.49,0.12,7.34,11.26,0,0.56,169.1,1.76,0,17.07,80.7,94.13,20.67,188.84,7.35,0,8.4,,0,0,,0,0,47.57,103.23,0,2.4,512.82,14.35,0,86.89,68.64,,,,,,,,
6/30/2029 0:00,3.92,9.41,16.09,3.57,0.5,4.13,0,3.03,0,0,6.75,8.22,0,0.53,15.38,0.62,0,2.99,4.74,7.61,9.41,19.65,6.75,0.52,5.3,0,3.78,6.49,0.12,7.34,11.26,0,0.56,169.1,1.76,0,17.07,80.7,92.2,20.67,127.36,6.82,0,7.47,,0,0,,0,0,47.19,71.02,0,2.4,369.11,13.56,0,71.69,113.74,,,,,,,,
7/1/2029 0:00,3.85,9.41,16.15,3.86,0.5,4.15,0,3.03,0,0,6.75,8.14,0,0.53,19.92,0.89,0,7.91,14.08,7.61,9.41,19.65,6.75,0.52,5.3,0,3.78,6.49,0.12,7.34,11.26,0,0.56,170.6,1.76,0,17.6,81.03,88.49,9.58,55.87,6.11,0,3.16,,0,0,,0,0,44.72,44.52,0,3.6,478.17,17.24,0,189.86,337.84,,,,,,,,
7/2/2029 0:00,3.85,9.41,16.49,3.89,0.5,4.26,0,3.03,0,0,6.75,5.97,0,0.53,25.46,0.89,0,6.7,17.22,7.61,9.41,19.65,6.75,0.52,5.3,0,3.78,6.49,0.12,7.34,11.26,0,0.56,170.6,1.76,0,17.6,81.03,88.97,31.77,83.88,6.42,0,5.53,,0,0,,0,0,45.05,43.43,0,3.6,610.94,17.64,0,160.72,413.31,,,,,,,,
7/3/2029 0:00,3.84,9.41,16.51,3.89,0.5,4.27,0,3.03,0,0,6.75,4.95,0,0.53,23.77,0.89,0,7.64,18.68,7.61,9.41,19.65,6.75,0.52,5.3,0,3.78,6.49,0.12,7.34,11.26,0,0.56,170.6,1.76,0,17.6,81.03,88.72,20.67,127.75,6.68,0,7.68,,0,0,,0,0,46.08,38.77,0,3.6,570.57,17.64,0,183.46,448.4,,,,,,,,
7/4/2029 0:00,3.84,9.41,16.53,3.89,0.5,4.27,0,3.03,0,0,6.75,5.64,0,0.53,28.87,0.89,0,6.35,14.95,7.61,9.41,19.65,6.75,0.52,5.3,0,3.78,6.49,0.12,7.34,11.26,0,0.56,170.6,1.76,0,17.6,81.03,88.44,20.67,142.1,7.03,0,7.44,,0,0,,0,0,46.22,60.66,0,3.6,692.96,17.69,0,152.36,358.77,,,,,,,,
7/5/2029 0:00,3.85,9.41,16.53,3.73,0.5,4.28,0,3.03,0,0,6.75,5.83,0,0.53,23.4,0.89,0,6.29,22.58,7.61,9.41,19.65,6.75,0.52,5.3,0,3.78,6.49,0.12,7.34,11.26,0,0.56,170.6,1.76,0,17.6,81.03,88.68,20.67,103.83,6.47,0,6.42,,0,0,,0,0,46.08,63.46,0,3.6,561.7,17.24,0,150.86,541.91,,,,,,,,
7/6/2029 0:00,3.85,9.41,16.45,3.73,0.5,4.25,0,3.03,0,0,6.75,5.83,0,0.53,31.14,0.89,0,3.73,6.51,7.61,9.41,19.65,6.75,0.52,5.3,0,3.78,6.49,0.12,7.34,11.26,0,0.56,170.6,1.76,0,17.6,81.03,89.16,20.67,146.93,8.05,0,7.46,,0,0,,0,0,45.12,73.01,0,3.6,747.46,17.64,0,89.51,156.34,,,,,,,,
7/7/2029 0:00,3.85,9.41,16.11,3.73,0.5,4.14,0,3.03,0,0,6.75,6.69,0,0.53,36.57,0.89,0,0.92,2.53,7.61,9.41,19.65,6.75,0.52,5.3,0,3.78,6.49,0.12,7.34,11.26,0,0.56,170.6,1.76,0,17.6,81.03,88.21,20.67,140.11,8.14,0,6.09,,0,0,,0,0,42.55,73.43,0,3.6,877.68,16.83,0,22.15,60.81,,,,,,,,
7/8/2029 0:00,3.85,9.41,15.3,3.65,0.5,4.16,0,3.03,0,0,6.75,6.65,0,0.53,33.76,0.89,0,4.81,5.78,7.61,9.41,19.65,6.75,0.52,5.3,0,3.78,6.49,0.12,7.34,11.26,0,0.56,170.6,1.76,0,17.6,81.03,87.73,4.77,75.78,6.44,0,4.64,,0,0,,0,0,40.75,73.2,0,3.6,810.25,16.7,0,115.33,138.72,,,,,,,,
7/9/2029 0:00,3.85,9.41,15.35,3.8,0.5,4.27,0,3.03,0,0,6.75,5.82,0,0.53,32.28,0.89,0,3.62,4.62,7.61,9.41,19.65,6.75,0.52,5.3,0,3.78,6.49,0.12,7.34,11.26,0,0.56,170.6,1.76,0,17.6,81.03,90.89,36.57,176.48,15.72,1.16,8.6,,0,0.12,,0,0,41.5,85.69,0,3.6,774.79,18.47,0,86.87,110.92,,,,,,,,
7/10/2029 0:00,3.84,9.41,15.64,3.8,0.5,4.28,0,3.03,0,0,6.75,6.05,0,0.53,26.16,0.89,0,1.25,6.1,7.61,9.41,19.65,6.75,0.52,5.3,0,3.78,6.49,0.12,7.34,11.26,0,0.56,170.6,1.76,0,17.6,81.03,91.53,20.67,225.89,21.03,1.16,9.04,,0,0.12,,0,0,42.29,102.62,0,3.6,627.89,18.88,0,29.94,146.4,,,,,,,,
7/11/2029 0:00,3.84,9.41,15.53,3.8,0.5,4.29,0,3.03,0,0,6.75,7.35,0,0.53,33,0.89,0,4.74,5.51,7.61,9.41,19.65,6.75,0.52,5.3,0,3.78,6.49,0.12,7.34,11.26,0,0.56,170.6,1.76,0,17.6,81.03,88.91,20.67,208.81,14.86,0.31,8.51,,0,0.12,,0,0,42.15,110.82,0,3.6,791.9,17.66,0,113.76,132.18,,,,,,,,
7/12/2029 0:00,3.85,9.41,15.94,3.8,0.5,4.3,0,3.03,0,0,6.75,6.97,0,0.53,25.24,0.89,0,4.29,14.25,7.61,9.41,19.65,6.75,0.52,5.3,0,3.78,6.49,0.12,7.34,11.26,0,0.56,170.6,1.76,0,17.6,81.03,90.57,20.67,159.46,7.03,0,7.84,,0,0,,0,0,43.03,91.75,0,3.6,605.72,18.05,0,103.07,341.94,,,,,,,,
7/13/2029 0:00,3.85,9.41,16.52,3.8,0.5,4.27,0,3.03,0,0,6.75,6.82,0,0.53,26.61,0.89,0,5.31,9.19,7.61,9.41,19.65,6.75,0.52,5.3,0,3.78,6.49,0.12,7.34,11.26,0,0.56,170.6,1.76,0,17.6,81.03,90.43,20.63,166.45,7.05,0,7.76,,0,0,,0,0,42.81,96.26,0,3.6,638.73,18.05,0,127.53,220.62,,,,,,,,
7/14/2029 0:00,3.85,9.41,16.18,3.8,0.5,4.16,0,3.03,0,0,6.75,7.04,0,0.53,29.66,0.89,0,1.51,3.46,7.61,9.41,19.65,6.75,0.52,5.3,0,3.78,6.49,0.12,7.34,11.26,0,0.56,170.6,1.76,0,17.6,81.03,90.09,20.71,154.83,7,0,6.89,,0,0,,0,0,41.18,71.49,0,3.6,711.82,18.05,0,36.21,83.02,,,,,,,,
7/15/2029 0:00,3.85,9.41,15.24,3.8,0.5,4.19,0,3.03,0,0,6.75,7.1,0,0.53,27.2,0.89,0,6.04,13.87,7.61,9.41,19.65,6.75,0.52,5.3,0,3.78,6.49,0.12,7.34,11.26,0,0.56,170.6,1.76,0,17.6,81.03,88,14.93,58.95,6.12,0,3.31,,0,0,,0,0,39.1,43.92,0,3.6,652.9,16.83,0,145.07,332.92,,,,,,,,
7/16/2029 0:00,3.85,9.41,15.95,3.87,0.5,4.3,0,3.03,0,0,6.75,5.55,0,0.53,27.38,0.89,0,6.32,13.68,7.61,9.41,19.65,6.75,0.52,5.3,0,3.78,6.49,0.12,7.34,11.26,0,0.56,170.6,1.76,0,17.6,81.03,89.16,26.41,121.02,6.93,0,6.34,,0,0,,0,0,40.21,55.42,0,3.6,657.11,17.64,0,151.74,328.39,,,,,,,,
7/17/2029 0:00,3.84,9.41,16.64,3.87,0.5,4.31,0,3.03,0,0,6.75,5.2,0,0.53,27.9,0.89,0,6.22,12.33,7.61,9.41,19.65,6.75,0.52,5.3,0,3.78,6.49,0.12,7.34,11.26,0,0.56,170.6,1.76,0,17.6,81.03,88.91,18.77,176.03,6.67,0,8.31,,0,0,,0,0,40.76,68.34,0,3.6,669.49,17.64,0,149.32,295.82,,,,,,,,
7/18/2029 0:00,3.84,9.41,16.67,3.87,0.5,4.32,0,3.03,0,0,6.75,6.23,0,0.53,29.95,0.89,0,3.03,4.16,7.61,9.41,19.65,6.75,0.52,5.3,0,3.78,6.49,0.12,7.34,11.26,0,0.56,170.6,1.76,0,17.6,81.03,90.89,21.59,216.94,19.9,1.16,8.77,,0,0.12,,0,0,40.87,92.22,0,3.6,718.7,18.48,0,72.67,99.9,,,,,,,,
7/19/2029 0:00,3.85,9.41,16.68,3.87,0.5,4.33,0,3.03,0,0,6.75,7.27,0,0.53,24.6,0.89,0,0.9,4.27,7.61,9.41,19.65,6.75,0.52,5.3,0,3.78,6.49,0.12,7.34,11.26,0,0.56,170.6,1.76,0,17.6,81.03,92.5,21.66,227.89,24.72,0.59,8.87,,0,0.12,,0,0,42.22,122.21,0,3.6,590.38,20.51,0,21.65,102.37,,,,,,,,
7/20/2029 0:00,3.85,9.41,16.61,3.86,0.5,4.3,0,3.03,0,0,6.75,7.82,0,0.53,26.97,0.89,0,4.39,5.45,7.61,9.41,19.65,6.75,0.52,5.3,0,3.78,6.49,0.12,7.34,11.26,0,0.56,170.6,1.76,0,17.6,81.03,91.6,20.67,189.59,11.96,0,8.08,,0,0,,0,0,42.3,121.76,0,3.6,647.4,18.46,0,105.24,130.81,,,,,,,,
7/21/2029 0:00,3.85,9.41,16.28,3.86,0.5,4.19,0,3.03,0,0,6.75,7.51,0,0.53,19.63,0.89,0,1.62,2.99,7.61,9.41,19.65,6.75,0.52,5.3,0,3.78,6.49,0.12,7.34,11.26,0,0.56,170.6,1.76,0,17.6,81.03,90.57,20.67,148.23,7.14,0,7.46,,0,0,,0,0,41.23,77.71,0,3.6,471.08,18.87,0,38.97,71.81,,,,,,,,
7/22/2029 0:00,3.85,9.41,16.36,3.86,0.5,4.22,0,3.03,0,0,6.75,7.94,0,0.53,25.61,0.89,0,3.18,7.52,7.61,9.41,19.65,6.75,0.52,5.3,0,3.78,6.49,0.12,7.34,11.26,0,0.56,170.6,1.76,0,17.6,81.03,88.49,18.27,84.25,6.39,0,5.06,,0,0,,0,0,40.3,54.89,0,3.6,614.64,17.24,0,76.3,180.36,,,,,,,,
7/23/2029 0:00,3.85,9.41,16.71,3.86,0.5,4.33,0,3.03,0,0,6.75,6.37,0,0.53,20.12,0.89,0,7.3,15.41,7.61,9.41,19.65,6.75,0.52,5.3,0,3.78,6.49,0.12,7.34,11.26,0,0.56,170.6,1.76,0,17.6,81.03,91.22,19.3,103.5,6.41,0,6.94,,0,0,,0,0,41.06,55.08,0,3.6,482.76,18.87,0,175.22,369.91,,,,,,,,
7/24/2029 0:00,3.84,9.41,16.74,3.86,0.5,4.34,0,3.03,0,0,6.75,5.66,0,0.53,18.18,0.89,0,3.77,13.08,7.61,9.41,19.65,6.75,0.52,5.3,0,3.78,6.49,0.12,7.34,11.26,0,0.56,170.6,1.76,0,17.6,81.03,92.26,20.84,177.61,6.88,0,9.34,,0,0,,0,0,42.56,64.59,0,3.6,436.37,20.5,0,90.4,313.91,,,,,,,,
7/25/2029 0:00,3.84,9.41,16.77,3.86,0.5,4.35,0,3.03,0,0,6.75,7.02,0,0.53,17.92,0.89,0,5.67,7.4,7.61,9.41,19.65,6.75,0.52,5.3,0,3.78,6.49,0.12,7.34,11.26,0,0.56,170.6,1.76,0,17.6,81.03,92.26,20.67,195.68,6.89,0,9.83,,0,0,,0,0,42.63,71.51,0,3.6,430.19,20.5,0,136.05,177.51,,,,,,,,
7/26/2029 0:00,3.85,9.41,16.79,3.86,0.5,4.36,0,3.03,0,0,6.75,7.58,0,0.53,22.5,0.89,0,4.89,8.97,7.61,9.41,19.65,6.75,0.52,5.3,0,3.78,6.49,0.12,7.34,11.26,0,0.56,170.6,1.76,0,17.6,81.03,92.5,13.47,156.31,6.87,0,7.9,,0,0,,0,0,42.43,79.01,0,3.6,539.98,20.5,0,117.39,215.36,,,,,,,,
7/27/2029 0:00,3.85,9.41,16.72,3.86,0.5,4.34,0,3.03,0,0,6.75,7.35,0,0.53,12.58,0.89,0,2.35,11.63,7.61,9.41,19.65,6.75,0.52,5.3,0,3.78,6.49,0.12,7.34,11.26,0,0.56,170.6,1.76,0,17.6,81.03,92.5,11.47,175.51,7.16,0,10.34,,0,0,,0,0,42.8,89.81,0,3.6,301.86,20.5,0,56.31,279.08,,,,,,,,
7/28/2029 0:00,3.85,9.41,16.39,3.86,0.5,4.23,0,3.03,0,0,6.75,7.94,0,0.53,17.63,0.89,0,0.34,8.84,7.61,9.41,19.65,6.75,0.52,5.3,0,3.78,6.49,0.12,7.34,11.26,0,0.56,170.6,1.76,0,17.6,81.03,90.55,20.67,120.42,6.6,0,7.25,,0,0,,0,0,41.32,74.93,0,3.6,423.14,18.82,0,8.07,212.21,,,,,,,,
7/29/2029 0:00,3.85,9.41,16.48,3.86,0.5,4.26,0,3.03,0,0,6.75,7.75,0,0.53,19.87,0.89,0,3.11,7.69,7.61,9.41,19.65,6.75,0.52,5.3,0,3.78,6.49,0.12,7.34,11.26,0,0.56,170.6,1.76,0,17.6,81.03,88.49,7.88,98.08,6.3,0,5.4,,0,0,,0,0,40.19,64.47,0,3.6,476.78,17.24,0,74.7,184.5,,,,,,,,
7/30/2029 0:00,3.85,9.41,16.83,3.85,0.5,4.37,0,3.03,0,0,6.75,6.71,0,0.53,22.24,0.89,0,5.39,12.17,7.61,9.41,19.65,6.75,0.52,5.3,0,3.78,6.49,0.12,7.34,11.26,0,0.56,170.6,1.76,0,17.6,81.03,91.41,30.42,129.17,6.77,0,7.62,,0,0,,0,0,41.14,57.82,0,3.6,533.78,18.46,0,129.45,291.99,,,,,,,,
7/31/2029 0:00,3.84,9.41,16.87,3.85,0.5,4.39,0,3.03,0,0,6.75,5.8,0,0.53,15.94,0.89,0,3.78,18.67,7.61,9.41,19.65,6.75,0.52,5.3,0,3.78,6.49,0.12,7.34,11.26,0,0.56,170.6,1.76,0,17.6,81.03,92.26,23.71,173.04,6.95,0,9.26,,0,0,,0,0,41.72,50.41,0,3.6,382.53,20.5,0,90.79,448.1,,,,,,,,
8/1/2029 0:00,3.73,9.41,16.9,3.85,0.5,4.4,0,3.03,0,0,6.75,6.6,0,0.53,18.87,0.81,0,5.71,24.87,7.61,9.41,19.65,6.75,0.52,5.3,0,3.78,6.49,0.12,7.34,11.26,0,0.56,172.1,1.76,0,18.13,81.37,87.34,7.61,94.59,6.41,0,7.55,,0,0,,0,0,41.62,50.54,0,3.6,452.93,16.42,0,137.05,596.97,,,,,,,,
8/2/2029 0:00,3.73,9.41,16.92,3.85,0.5,4.4,0,3.03,0,0,6.75,6.03,0,0.53,15.6,0.81,0,7.03,23.42,7.61,9.41,19.65,6.75,0.52,5.3,0,3.78,6.49,0.12,7.34,11.26,0,0.56,172.1,1.76,0,18.13,81.37,87.36,33.73,93.22,6.67,0,6.58,,0,0,,0,0,40.73,49.71,0,3.6,374.4,16.42,0,168.67,562.09,,,,,,,,
8/3/2029 0:00,3.73,9.41,16.86,3.85,0.5,4.38,0,3.03,0,0,6.75,5.93,0,0.53,22.74,0.81,0,5.95,33.65,7.61,9.41,19.65,6.75,0.52,5.3,0,3.78,6.49,0.12,7.34,11.26,0,0.56,172.1,1.76,0,18.13,81.37,85.27,18.75,49.33,6.11,0,4.35,,0,0,,0,0,39.24,43.06,0,3.6,545.84,15.31,0,142.86,807.62,,,,,,,,
8/4/2029 0:00,3.73,9.41,16.53,3.85,0.5,4.27,0,3.03,0,0,6.75,5.08,0,0.53,21.03,0.81,0,6.11,7.62,7.61,9.41,19.65,6.75,0.52,5.3,0,3.78,6.49,0.12,7.34,11.26,0,0.56,172.1,1.76,0,18.13,81.37,87.36,22.59,87.64,6.4,0,6.39,,0,0,,0,0,38.04,39.76,0,3.6,504.81,16.42,0,146.64,182.96,,,,,,,,
8/5/2029 0:00,3.73,9.41,16.61,3.85,0.5,4.3,0,3.03,0,0,6.75,7.05,0,0.53,21.53,0.81,0,1.91,4.01,7.61,9.41,19.65,6.75,0.52,5.3,0,3.78,6.49,0.12,7.34,11.26,0,0.56,172.1,1.76,0,18.13,81.37,87.3,18.93,117.29,6.92,0,6.79,,0,0,,0,0,37.33,82.67,0,3.6,516.7,17.13,0,45.9,96.31,,,,,,,,
8/6/2029 0:00,3.73,9.41,16.96,3.85,0.5,4.42,0,3.03,0,0,6.75,7.23,0,0.53,15.91,0.81,0,3.05,12.4,7.61,9.41,19.65,6.75,0.52,5.3,0,3.78,6.49,0.12,7.34,11.26,0,0.56,172.1,1.76,0,18.13,81.37,89.57,22.42,147.83,6.87,0,8.31,,0,0,,0,0,38.27,82.66,0,3.6,381.94,18.64,0,73.17,297.59,,,,,,,,
8/7/2029 0:00,3.73,9.41,17,3.85,0.5,4.43,0,3.03,0,0,6.75,6.36,0,0.53,18.11,0.81,0,5.63,34.05,7.61,9.41,19.65,6.75,0.52,5.3,0,3.78,6.49,0.12,7.34,11.26,0,0.56,172.1,1.76,0,18.13,81.37,85.26,18.27,42.48,6.23,0,3.63,,0,0,,0,0,37.56,43.21,0,3.6,434.52,15.31,0,135.02,817.15,,,,,,,,
8/8/2029 0:00,3.73,9.41,17.03,3.85,0.5,4.44,0,3.03,0,0,6.75,4.85,0,0.53,24.38,0.81,0,8.19,29.6,7.61,9.41,19.65,6.75,0.52,5.3,0,3.78,6.49,0.12,7.34,11.26,0,0.56,172.1,1.76,0,18.13,81.37,85.07,11.43,65.35,6.26,0,4.77,,0,0,,0,0,36.48,37.72,0,3.6,585.02,15.31,0,196.45,710.34,,,,,,,,
8/9/2029 0:00,3.73,9.41,17.05,3.85,0.5,4.45,0,3.03,0,0,6.75,4.84,0,0.53,21.72,0.81,0,8.49,13.21,7.61,9.41,19.65,6.75,0.52,5.3,0,3.78,6.49,0.12,7.34,11.26,0,0.56,172.1,1.76,0,18.13,81.37,87.92,29.92,119.3,7.04,0,7.65,,0,0,,0,0,35.92,49.38,0,3.6,521.31,16.79,0,203.84,317.11,,,,,,,,
8/10/2029 0:00,3.73,9.41,16.98,3.85,0.5,4.42,0,3.03,0,0,6.75,6.43,0,0.53,33.13,0.81,0,4.02,3.27,7.61,9.41,19.65,6.75,0.52,5.3,0,3.78,6.49,0.12,7.34,11.26,0,0.56,172.1,1.76,0,18.13,81.37,86.23,23.07,172.04,7.29,0,8.34,,0,0,,0,0,35.59,88.25,0,3.6,795.1,16.05,0,96.49,78.43,,,,,,,,
8/11/2029 0:00,3.73,9.41,16.65,3.85,0.5,4.31,0,3.03,0,0,6.75,6.88,0,0.53,34.25,0.81,0,3.27,2.8,7.61,9.41,19.65,6.75,0.52,5.3,0,3.78,6.49,0.12,7.34,11.26,0,0.56,172.1,1.76,0,18.13,81.37,85.28,20.67,121.2,6.75,0,6.81,,0,0,,0,0,35.1,70.24,0,3.6,821.94,15.31,0,78.51,67.22,,,,,,,,
8/12/2029 0:00,3.73,9.41,16.72,3.85,0.5,4.34,0,3.03,0,0,6.75,6.83,0,0.53,20.46,0.81,0,5.38,7.94,7.61,9.41,19.65,6.75,0.52,5.3,0,3.78,6.49,0.12,7.34,11.26,0,0.56,172.1,1.76,0,18.13,81.37,85.56,9.02,64.71,6.48,0,4.74,,0,0,,0,0,34.47,46.88,0,3.6,491.04,15.68,0,129.19,190.66,,,,,,,,
8/13/2029 0:00,3.73,9.41,17.06,3.84,0.5,4.45,0,3.03,0,0,6.75,6.69,0,0.53,25.77,0.81,0,6.39,5.09,7.61,9.41,19.65,6.75,0.52,5.3,0,3.78,6.49,0.12,7.34,11.26,0,0.56,172.1,1.76,0,18.13,81.37,87.64,32.32,139.31,14.44,0,7.1,,0,0.07,,0,0,35.77,69.59,0,3.6,618.38,16.46,0,153.46,122.14,,,,,,,,
8/14/2029 0:00,3.73,9.41,16.41,3.84,0.5,4.46,0,3.03,0,0,6.75,6.22,0,0.53,28.79,0.81,0,3.2,2.92,7.61,9.41,19.65,6.75,0.52,5.3,0,3.78,6.49,0.12,7.34,11.26,0,0.56,172.1,1.76,0,18.13,81.37,87.63,19.85,214.45,8.67,0.23,9.25,,0,0.07,,0,0,37.66,103.36,0,3.6,690.95,16.46,0,76.73,70.19,,,,,,,,
8/15/2029 0:00,3.73,9.41,16.29,3.96,0.5,4.46,0,3.03,0,0,6.75,7.08,0,0.53,25.14,0.81,0,6.66,5.86,7.61,9.41,19.65,6.75,0.52,5.3,0,3.78,6.49,0.12,7.34,11.26,0,0.56,172.1,1.76,0,18.13,81.37,87.63,19.79,194.21,7.2,0,9.13,,0,0,,0,0,36.91,107.83,0,3.6,603.39,16.42,0,159.9,140.7,,,,,,,,
8/16/2029 0:00,3.73,9.41,17.11,4.02,0.5,4.47,0,3.03,0,0,6.75,7.28,0,0.53,26.58,0.81,0,2.38,3.4,7.61,9.41,19.65,6.75,0.52,5.3,0,3.78,6.49,0.12,7.34,11.26,0,0.56,172.1,1.76,0,18.13,81.37,89.57,22.06,214.48,7.4,0,9.43,,0,0,,0,0,37.41,122.69,0,3.6,637.86,18.67,0,57.01,81.5,,,,,,,,
8/17/2029 0:00,3.73,9.41,17.02,4.02,0.5,4.44,0,3.03,0,0,6.75,7.65,0,0.53,21.65,0.81,0,4.54,7.45,7.61,9.41,19.65,6.75,0.52,5.3,0,3.78,6.49,0.12,7.34,11.26,0,0.56,172.1,1.76,0,18.13,81.37,89.57,20.99,170.06,7.15,0,9,,0,0,,0,0,36.97,102.65,0,3.6,519.56,18.64,0,108.87,178.9,,,,,,,,
8/18/2029 0:00,3.73,9.41,16.01,4.02,0.5,4.32,0,3.03,0,0,6.75,7.42,0,0.53,31.46,0.81,0,7.18,4.47,7.61,9.41,19.65,6.75,0.52,5.3,0,3.78,6.49,0.12,7.34,11.26,0,0.56,172.1,1.76,0,18.13,81.37,86,20.67,94.09,6.68,0,6.81,,0,0,,0,0,35.49,66.46,0,3.6,755.07,16,0,172.21,107.34,,,,,,,,
8/19/2029 0:00,3.73,9.41,15.8,4.02,0.5,4.34,0,3.03,0,0,6.75,6.51,0,0.53,27.28,0.81,0,8.88,7.07,7.61,9.41,19.65,6.75,0.52,5.3,0,3.78,6.49,0.12,7.34,11.26,0,0.56,172.1,1.76,0,18.13,81.37,85.56,3.58,64.22,6.5,0,4.07,,0,0,,0,0,33.66,72.28,0,3.6,654.83,15.68,0,213.05,169.58,,,,,,,,
8/20/2029 0:00,3.73,9.41,16.1,4.02,0.5,4.45,0,3.03,0,0,6.75,5.92,0,0.53,30.87,0.81,0,1.91,2.63,7.61,9.41,19.65,6.75,0.52,5.3,0,3.78,6.49,0.12,7.34,11.26,0,0.56,172.1,1.76,0,18.13,81.37,87.76,37.24,201.64,28.67,0.93,10.33,,0,0.1,,0,0,36.02,91.29,0,3.88,740.9,16.53,0,45.94,63.02,,,,,,,,
8/21/2029 0:00,3.73,9.41,16.25,4.02,0.5,4.45,0,3.03,0,0,6.75,6.31,0,0.53,30.67,0.81,0,1.37,1.88,7.61,9.41,19.65,6.75,0.52,5.3,0,3.78,6.49,0.12,7.34,11.26,0,0.56,172.1,1.76,0,18.13,81.37,87.95,22.38,250.55,45.52,1.24,11.31,,0,0.13,,0,0,37.96,115.08,0,3.76,736.09,16.86,0,32.78,45.14,,,,,,,,
8/22/2029 0:00,3.73,9.41,16.24,4.02,0.5,4.45,0,3.03,0,0,6.75,7.32,0,0.53,28.77,0.81,0,1.9,2.72,7.61,9.41,19.65,6.75,0.52,5.3,0,3.78,6.49,0.12,7.34,11.26,0,0.56,172.1,1.76,0,18.13,81.37,88.23,23.83,245.96,30.95,1.01,11.52,,0,0.12,,0,0,38.24,128.5,0,3.6,690.38,16.86,0,45.48,65.17,,,,,,,,
8/23/2029 0:00,3.73,9.41,16.36,4.02,0.5,4.44,0,3.03,0,0,6.75,7.62,0,0.53,31.02,0.81,0,1.88,2.05,7.61,9.41,19.65,6.75,0.52,5.3,0,3.78,6.49,0.12,7.34,11.26,0,0.56,172.1,1.76,0,18.13,81.37,87.78,17.48,226.71,44.17,1.4,10,,0,0.17,,0,0,38.77,135.75,0,3.6,744.51,16.86,0,45.22,49.09,,,,,,,,
8/24/2029 0:00,3.73,9.41,16.26,4.02,0.5,4.41,0,3.03,0,0,6.75,7.57,0,0.53,26.79,0.81,0,2.11,3.42,7.61,9.41,19.65,6.75,0.52,5.3,0,3.78,6.49,0.12,7.34,11.26,0,0.56,172.1,1.76,0,18.13,81.37,88.85,25.1,219.13,25.56,0.16,9.51,,0,0,,0,0,38.99,121.99,0,3.6,642.93,17.17,0,50.59,82.15,,,,,,,,
8/25/2029 0:00,3.73,9.41,16.56,4.02,0.5,4.28,0,3.03,0,0,6.75,7.8,0,0.53,16.76,0.81,0,1.71,8.96,7.61,9.41,19.65,6.75,0.52,5.3,0,3.78,6.49,0.12,7.34,11.26,0,0.56,172.1,1.76,0,18.13,81.37,88.48,20.67,138.04,6.8,0,8.32,,0,0,,0,0,38.01,95.34,0,3.6,402.25,18.64,0,40.97,215.07,,,,,,,,
8/26/2029 0:00,3.73,9.41,16.6,4.02,0.5,4.3,0,3.03,0,0,6.75,7.82,0,0.53,22.22,0.81,0,2.77,9.84,7.61,9.41,19.65,6.75,0.52,5.3,0,3.78,6.49,0.12,7.34,11.26,0,0.56,172.1,1.76,0,18.13,81.37,86.57,4.01,126.28,6.78,0,7.53,,0,0,,0,0,36.66,98.75,0,3.6,533.29,16.37,0,66.42,236.2,,,,,,,,
8/27/2029 0:00,3.73,9.41,16.9,4.01,0.5,4.4,0,3.03,0,0,6.75,6.82,0,0.53,13.2,0.81,0,2.75,5.87,7.61,9.41,19.65,6.75,0.52,5.3,0,3.78,6.49,0.12,7.34,11.26,0,0.56,172.1,1.76,0,18.13,81.37,89.57,22.83,253.8,34.26,0.39,12,,0,0.08,,0,0,38.79,114.59,0,3.6,316.81,18.67,0,66.11,140.94,,,,,,,,
8/28/2029 0:00,3.73,9.41,16.89,4.01,0.5,4.39,0,3.03,0,0,6.75,7.52,0,0.53,13.72,0.81,0,3.61,6.56,7.61,9.41,19.65,6.75,0.52,5.3,0,3.78,6.49,0.12,7.34,11.26,0,0.56,172.1,1.76,0,18.13,81.37,89.56,18.18,282.76,29.83,1.24,14.56,,0,0.7,,0,0,39.75,115.99,0,3.76,329.22,18.68,0,86.55,157.41,,,,,,,,
8/29/2029 0:00,3.73,9.41,16.87,4.01,0.5,4.39,0,3.03,0,0,6.75,8.41,0,0.53,12.18,0.81,0,0.9,2.68,7.61,9.41,19.65,6.75,0.52,5.3,0,3.78,6.49,0.12,7.34,11.26,0,0.56,172.1,1.76,0,18.13,81.37,89.56,18.92,325.61,51.23,1.03,14.18,,0,0.19,,0,0,41.21,148.15,0,3.68,292.36,18.67,0,21.69,64.41,,,,,,,,
8/30/2029 0:00,3.73,9.41,16.84,4.01,0.5,4.38,0,3.03,0,0,6.75,9.05,0,0.53,19.04,0.81,0,3.2,5.68,7.61,9.41,19.65,6.75,0.52,5.3,0,3.78,6.49,0.12,7.34,11.26,0,0.56,172.1,1.76,0,18.13,81.37,89.57,21.18,221.62,25.82,0.16,10.29,,0,0.1,,0,0,41.24,145.32,0,3.6,456.97,18.67,0,76.9,136.44,,,,,,,,
8/31/2029 0:00,3.73,9.41,16.72,4.01,0.5,4.34,0,3.03,0,0,6.75,8.01,0,0.53,21.5,0.81,0,4.33,15.08,7.61,9.41,19.65,6.75,0.52,5.3,0,3.78,6.49,0.12,7.34,11.26,0,0.56,172.1,1.76,0,18.13,81.37,87.96,20.53,155.76,9.59,0,8.18,,0,0,,0,0,40.46,80.28,0,3.6,516.02,16.79,0,104.01,361.98,,,,,,,,
9/1/2029 0:00,3.78,9.41,16.33,4.01,0.5,4.21,0,2.91,0,0,6.75,7.01,0,0.53,14.05,0.78,0,3.41,10.61,7.61,9.41,19.65,6.75,0.52,5.3,0,3.78,6.49,0.12,7.34,11.26,0,0.56,173.6,1.76,0,18.67,81.7,89.81,20.81,98.92,8.42,0,5.66,,0,0,,0,0,39.28,48.85,0,3.6,337.23,17.98,0,81.74,254.52,,,,,,,,
9/2/2029 0:00,3.78,9.41,16.36,4.13,0.5,4.22,0,2.91,0,0,6.75,7.66,0,0.53,20.08,0.78,0,1.79,2.39,7.61,9.41,19.65,6.75,0.52,5.3,0,3.78,6.49,0.12,7.34,11.26,0,0.56,173.6,1.76,0,18.67,81.7,89.06,9.94,137.02,8.44,0,7.64,,0,0,,0,0,38.44,89.74,0,3.6,481.98,16.23,0,42.87,57.38,,,,,,,,
9/3/2029 0:00,3.78,9.41,16.66,4.15,0.5,4.32,0,2.91,0,0,6.75,7.39,0,0.53,18.34,0.78,0,4.51,5.63,7.61,9.41,19.65,6.75,0.52,5.3,0,3.78,6.49,0.12,7.34,11.26,0,0.56,173.6,1.76,0,18.67,81.7,90.71,31.4,209.05,19.98,0.16,10.15,,0,0.05,,0,0,39.71,106.34,0,3.6,440.18,18.01,0,108.33,135.02,,,,,,,,
9/4/2029 0:00,3.85,9.41,16.64,4.15,0.5,4.31,0,2.91,0,0,6.75,6.86,0,0.53,24.16,0.78,0,1.86,8.25,7.61,9.41,19.65,6.75,0.52,5.3,0,3.78,6.49,0.12,7.34,11.26,0,0.56,173.6,1.76,0,18.67,81.7,91.75,18.86,222.69,10.94,0.08,10.26,,0,0.03,,0,0,40.58,101.08,0,3.6,579.88,16.96,0,44.6,197.89,,,,,,,,
9/5/2029 0:00,3.85,9.41,16.63,4.15,0.5,4.31,0,2.91,0,0,6.75,7.13,0,0.53,23.56,0.78,0,1.51,11.95,7.61,9.41,19.65,6.75,0.52,5.3,0,3.78,6.49,0.12,7.34,11.26,0,0.56,173.6,1.76,0,18.67,81.7,92.31,20.09,207.79,18.34,0,10.25,,0,0,,0,0,40.16,104.28,0,3.6,565.41,18.01,0,36.2,286.77,,,,,,,,
9/6/2029 0:00,3.78,9.41,16.6,4.15,0.5,4.3,0,2.91,0,0,6.75,7.32,0,0.53,23.84,0.78,0,3.93,7.76,7.61,9.41,19.65,6.75,0.52,5.3,0,3.78,6.49,0.12,7.34,11.26,0,0.56,173.6,1.76,0,18.67,81.7,90.35,21.73,194.26,10.12,0,9.45,,0,0,,0,0,40,109.85,0,3.6,572.2,18.01,0,94.26,186.26,,,,,,,,
9/7/2029 0:00,3.78,9.41,16.48,4.15,0.5,4.26,0,2.91,0,0,6.75,7.31,0,0.53,24.45,0.78,0,8.05,15.86,7.61,9.41,19.65,6.75,0.52,5.3,0,3.78,6.49,0.12,7.34,11.26,0,0.56,173.6,1.76,0,18.67,81.7,88.6,20.37,107.62,8.45,0,8.08,,0,0,,0,0,38.74,70.29,0,3.6,586.89,15.88,0,193.16,380.64,,,,,,,,
9/8/2029 0:00,3.78,9.41,16.1,4.14,0.5,4.14,0,2.91,0,0,6.75,6.5,0,0.53,23.78,0.78,0,4.37,10.14,7.61,9.41,19.65,6.75,0.52,5.3,0,3.78,6.49,0.12,7.34,11.26,0,0.56,173.6,1.76,0,18.67,81.7,88.78,22.42,105.26,8.44,0,6.86,,0,0,,0,0,36.27,64.1,0,3.6,570.68,15.88,0,104.94,243.44,,,,,,,,
9/9/2029 0:00,3.78,9.41,16.14,4.14,0.5,4.15,0,2.91,0,0,6.75,7.04,0,0.53,23.08,0.78,0,0.77,3.26,7.61,9.41,19.65,6.75,0.52,5.3,0,3.78,6.49,0.12,7.34,11.26,0,0.56,173.6,1.76,0,18.67,81.7,88.78,3.81,150.09,8.44,0,7.75,,0,0,,0,0,35.25,98.1,0,3.6,553.95,15.88,0,18.5,78.32,,,,,,,,
9/10/2029 0:00,3.78,9.41,16.45,4.14,0.5,4.25,0,2.91,0,0,6.75,7.38,0,0.53,21.91,0.78,0,0.81,1.06,7.61,9.41,19.65,6.75,0.52,5.3,0,3.78,6.49,0.12,7.34,11.26,0,0.56,173.6,1.76,0,18.67,81.7,90.71,37.69,243.22,56.15,1.68,10.63,,0,0.78,,0,0,37,123.21,0,3.8,525.87,18.04,0,19.47,25.38,,,,,,,,
9/11/2029 0:00,3.85,9.41,16.45,4.14,0.5,4.25,0,2.91,0,0,6.75,7.51,0,0.53,22.07,0.78,0,5.72,2.94,7.61,9.41,19.65,6.75,0.52,5.3,0,3.78,6.49,0.12,7.34,11.26,0,0.56,173.6,1.76,0,18.67,81.7,92.31,18.27,250.58,35.32,1.16,14.28,,0,0.1,,0,0,37.37,120.76,0,3.6,529.72,18.02,0,137.29,70.63,,,,,,,,
9/12/2029 0:00,3.85,9.41,16.45,4.14,0.5,4.25,0,2.91,0,0,6.75,8.05,0,0.53,17.8,0.78,0,5.42,3.94,7.61,9.41,19.65,6.75,0.52,5.3,0,3.78,6.49,0.12,7.34,11.26,0,0.56,173.6,1.76,0,18.67,81.7,92.31,20.67,276.92,53.85,1.09,12.8,,0,0.09,,0,0,38.14,135.1,0,3.6,427.13,18.02,0,130.12,94.6,,,,,,,,
9/13/2029 0:00,3.78,9.41,16.44,4.14,0.5,4.25,0,2.91,0,0,6.75,8.39,0,0.53,9.97,0.78,0,10.51,14.48,7.61,9.41,19.65,6.75,0.52,5.3,0,3.78,6.49,0.12,7.34,11.26,0,0.56,173.6,1.76,0,18.67,81.7,90.71,5.59,182.61,12.55,0,10.44,,0,0,,0,0,37.27,126.48,0,3.6,239.17,17.98,0,252.31,347.55,,,,,,,,
9/14/2029 0:00,3.78,9.41,16.35,4.14,0.5,4.21,0,2.91,0,0,6.75,7.97,0,0.53,18.35,0.78,0,2.99,3.15,7.61,9.41,19.65,6.75,0.52,5.3,0,3.78,6.49,0.12,7.34,11.26,0,0.56,173.6,1.76,0,18.67,81.7,90.71,32.81,249.8,51.31,0.39,10.71,,0,0.16,,0,0,37.38,140.07,0,3.76,440.34,18.02,0,71.65,75.66,,,,,,,,
9/15/2029 0:00,3.78,9.41,15.99,4.14,0.5,4.1,0,2.91,0,0,6.75,8.4,0,0.53,21.98,0.78,0,3.93,10.11,7.61,9.41,19.65,6.75,0.52,5.3,0,3.78,6.49,0.12,7.34,11.26,0,0.56,173.6,1.76,0,18.67,81.7,89.1,20.67,121.87,11.92,0,7.68,,0,0,,0,0,35.73,84.1,0,3.6,527.48,16.23,0,94.34,242.67,,,,,,,,
9/16/2029 0:00,3.78,9.41,16.06,4.14,0.5,4.12,0,2.91,0,0,6.75,7.43,0,0.53,21.04,0.78,0,1.86,8.45,7.61,9.41,19.65,6.75,0.52,5.3,0,3.78,6.49,0.12,7.34,11.26,0,0.56,173.6,1.76,0,18.67,81.7,88.5,5.62,98.97,8.43,0,6.23,,0,0,,0,0,34.53,86.25,0,3.6,504.84,16.22,0,44.62,202.87,,,,,,,,
9/17/2029 0:00,3.78,9.41,16.39,3.97,0.5,4.23,0,2.91,0,0,6.75,6.93,0,0.53,18.39,0.78,0,4.86,8.45,7.61,9.41,19.65,6.75,0.52,5.3,0,3.78,6.49,0.12,7.34,11.26,0,0.56,173.6,1.76,0,18.67,81.7,90.71,34.67,204.79,17.49,0.08,10.06,,0,0,,0,0,36.41,109.1,0,3.6,441.45,18.02,0,116.71,202.88,,,,,,,,
9/18/2029 0:00,3.85,9.41,16.42,3.8,0.5,4.24,0,2.91,0,0,6.75,6.53,0,0.53,10.02,0.78,0,10.08,29.84,7.61,9.41,19.65,6.75,0.52,5.3,0,3.78,6.49,0.12,7.34,11.26,0,0.56,173.6,1.76,0,18.67,81.7,92.3,17.27,89.49,9.82,0,7.37,,0,0,,0,0,37.56,59.15,0,3.6,240.45,17.98,0,241.9,716.28,,,,,,,,
9/19/2029 0:00,3.85,9.41,16.44,3.8,0.5,4.25,0,2.91,0,0,6.75,5.81,0,0.53,15.65,0.78,0,7.38,33.73,7.61,9.41,19.65,6.75,0.52,5.3,0,3.78,6.49,0.12,7.34,11.26,0,0.56,173.6,1.76,0,18.67,81.7,88.78,19.59,82.92,8.38,0,6.16,,0,0,,0,0,37.78,42.98,0,3.6,375.68,15.19,0,177.21,809.43,,,,,,,,
9/20/2029 0:00,3.78,9.41,16.46,3.8,0.5,4.25,0,2.91,0,0,6.75,5.29,0,0.53,18.74,0.78,0,8.66,26.33,7.61,9.41,19.65,6.75,0.52,5.3,0,3.78,6.49,0.12,7.34,11.26,0,0.56,173.6,1.76,0,18.67,81.7,87.37,22.76,102.58,8.41,0,6.67,,0,0,,0,0,37.1,47.4,0,3.6,449.65,15.54,0,207.72,631.91,,,,,,,,
9/21/2029 0:00,3.78,9.41,16.39,3.8,0.5,4.23,0,2.92,0,0,6.75,5.63,0,0.53,15.58,0.78,0,5.09,25.11,7.61,9.41,19.65,6.75,0.52,5.3,0,3.78,6.49,0.12,7.34,11.26,0,0.56,173.6,1.76,0,18.67,81.7,90.71,23.07,119.57,8.35,0,7.2,,0,0,,0,0,36.68,63,0,3.6,373.98,17.98,0,122.27,602.55,,,,,,,,
9/22/2029 0:00,3.78,9.41,16.07,3.8,0.5,4.12,0,3.03,0,0,6.75,6.4,0,0.53,8.28,0.78,0,6.11,20.95,7.61,9.41,19.65,6.75,0.52,5.3,0,3.78,6.49,0.12,7.34,11.26,0,0.56,173.6,1.76,0,18.67,81.7,89.81,20.67,64.85,8.39,0,4.75,,0,0,,0,0,35.34,55.07,0,3.6,198.74,17.98,0,146.59,502.84,,,,,,,,
9/23/2029 0:00,3.78,9.41,16.16,3.8,0.5,4.15,0,3.03,0,0,6.75,7.03,0,0.53,13.55,0.78,0,4.89,20.87,7.61,9.41,19.65,6.75,0.52,5.3,0,3.78,6.49,0.12,7.34,11.26,0,0.56,173.6,1.76,0,18.67,81.7,88.5,6.57,73.53,8.22,0,4.54,,0,0,,0,0,34.12,51.66,0,3.6,325.23,15.88,0,117.38,500.98,,,,,,,,
9/24/2029 0:00,3.78,9.41,16.52,3.8,0.5,4.27,0,3.03,0,0,6.75,6.24,0,0.53,18.66,0.78,0,11.52,8.93,7.61,9.41,19.65,6.75,0.52,5.3,0,3.78,6.49,0.12,7.34,11.26,0,0.56,173.6,1.76,0,18.67,81.7,89.1,34.77,138.99,8.4,0,8.43,,0,0,,0,0,35.7,68.94,0,3.6,447.84,16.25,0,276.51,214.39,,,,,,,,
9/25/2029 0:00,3.85,9.41,16.57,3.8,0.5,4.29,0,3.03,0,0,6.75,6.09,0,0.53,20.37,0.78,0,9.55,17.15,7.61,9.41,19.65,6.75,0.52,5.3,0,3.78,6.49,0.12,7.34,11.26,0,0.56,173.6,1.76,0,18.67,81.7,90.84,19.02,155.96,29.67,0.93,10.42,,0,1.12,,0,0,38.29,84.79,0,3.64,488.95,16.62,0,229.17,411.68,,,,,,,,
9/26/2029 0:00,3.85,9.41,16.62,3.88,0.5,4.3,0,3.03,0,0,6.75,6.65,0,0.53,19.54,0.78,0,3.31,2.78,7.61,9.41,19.65,6.75,0.52,5.3,0,3.78,6.49,0.12,7.34,11.26,0,0.56,173.6,1.76,0,18.67,81.7,92.31,23.81,275.75,58.82,1.32,16.93,,0,0.7,,0,0,39.32,117.07,0,3.6,468.96,18.05,0,79.49,66.63,,,,,,,,
9/27/2029 0:00,3.78,9.41,16.66,4.14,0.5,4.32,0,3.03,0,0,6.75,8.43,0,0.53,18.17,0.78,0,4.66,5.9,7.61,9.41,19.65,6.75,0.52,5.3,0,3.78,6.49,0.12,7.34,11.26,0,0.56,173.6,1.76,0,18.67,81.7,90.71,29.8,231.44,56.32,1.32,13.21,,0,0.14,,0,0,39.84,128.79,0,3.6,436.02,18.05,0,111.89,141.54,,,,,,,,
9/28/2029 0:00,3.78,9.41,16.61,4.14,0.5,4.3,0,3.03,0,0,6.75,8.26,0,0.53,17.56,0.78,0,12.92,12.66,7.61,9.41,19.65,6.75,0.52,5.3,0,3.78,6.49,0.12,7.34,11.26,0,0.56,173.6,1.76,0,18.67,81.7,89.99,26.55,124.28,11.9,0,6.65,,0,0,,0,0,39.03,95.09,0,3.6,421.42,17.98,0,310.13,303.96,,,,,,,,
9/29/2029 0:00,3.78,9.41,16.3,4.14,0.5,4.2,0,3.03,0,0,6.75,7.13,0,0.53,12.23,0.78,0,11.88,22.71,7.61,9.41,19.65,6.75,0.52,5.3,0,3.78,6.49,0.12,7.34,11.26,0,0.56,173.6,1.76,0,18.67,81.7,86.95,17.73,50.25,8.22,0,2.57,,0,0,,0,0,37.82,52.32,0,3.6,293.56,15.19,0,285.12,544.95,,,,,,,,
9/30/2029 0:00,3.78,9.41,16.41,4.14,0.5,4.24,0,3.03,0,0,6.75,6.53,0,0.53,14.95,0.78,0,9.7,15,7.61,9.41,19.65,6.75,0.52,5.3,0,3.78,6.49,0.12,7.34,11.26,0,0.56,173.6,1.76,0,18.67,81.7,88.64,20.67,87,8.22,0,4.46,,0,0,,0,0,37.42,72.38,0,3.6,358.73,16.19,0,232.87,360.06,,,,,,,,
10/1/2029 0:00,4.02,9.41,16.79,3.97,0.5,4.36,0,3.03,0,0,6.75,6.05,0,0.53,5.58,0.81,0,12.79,37.27,7.61,9.41,19.65,6.75,0.52,5.3,0,3.78,6.49,0.12,7.34,11.26,0,0.56,175.1,1.76,0,19.2,82.03,96.45,15.42,54.17,8.2,0,4.55,,0,0,,0,0,38.88,58.4,0,7.2,133.95,18.61,0,306.92,894.56,,,,,,,,
10/2/2029 0:00,4.03,9.41,16.86,4.37,0.5,4.38,0,3.03,0,0,6.75,4.9,0,0.53,8.61,0.81,0,14.79,29.81,7.61,9.41,19.65,6.75,0.52,5.3,0,3.78,6.49,0.12,7.34,11.26,0,0.56,175.1,1.76,0,19.2,82.03,96.63,19.75,97.91,8.42,0,7.89,,0,0,,0,0,39.85,53.02,0,7.2,206.68,18.61,0,355.05,715.45,,,,,,,,
10/3/2029 0:00,4.03,9.41,16.92,4.41,0.5,4.4,0,3.03,0,0,6.75,5.82,0,0.53,12.49,0.81,0,6.87,20.5,7.61,9.41,19.65,6.75,0.52,5.3,0,3.78,6.49,0.12,7.34,11.26,0,0.56,175.1,1.76,0,19.2,82.03,95.73,21.2,134.39,8.43,0,9.01,,0,0,,0,0,38.49,67.06,0,7.2,299.88,18.61,0,164.94,492.1,,,,,,,,
10/4/2029 0:00,4.02,9.41,16.97,4.41,0.5,4.42,0,3.03,0,0,6.75,6.65,0,0.53,16.32,0.81,0,10.34,12.7,7.61,9.41,19.65,6.75,0.52,5.3,0,3.78,6.49,0.12,7.34,11.26,0,0.56,175.1,1.76,0,19.2,82.03,95.23,24.51,145.06,8.48,0,9.92,,0,0,,0,0,37.93,67.81,0,7.2,391.58,17.5,0,248.18,304.74,,,,,,,,
10/5/2029 0:00,4.02,9.41,16.93,4.6,0.5,4.41,0,3.03,0,0,6.75,6.92,0,0.53,15.57,0.81,0,13.22,33.63,7.61,9.41,19.65,6.75,0.52,5.3,0,3.78,6.49,0.12,7.34,11.26,0,0.56,175.1,1.76,0,19.2,82.03,91.41,16.07,41.21,8.06,0,1.13,,0,0,,0,0,35.43,58.48,0,7.2,373.66,15.65,0,317.18,807.1,,,,,,,,
10/6/2029 0:00,4.02,9.41,16.63,4.6,0.5,4.31,0,3.03,0,0,6.75,5.3,0,0.53,16.68,0.81,0,10.91,29.4,7.61,9.41,19.65,6.75,0.52,5.3,0,3.78,6.49,0.12,7.34,11.26,0,0.56,175.1,1.76,0,19.2,82.03,88.34,20.67,41.21,8.17,0,1.59,,0,0,,0,0,33.1,55.47,0,7.2,400.4,13.42,0,261.75,705.51,,,,,,,,
10/7/2029 0:00,4.02,9.41,16.74,4.6,0.5,4.34,0,3.03,0,0,6.75,5.41,0,0.53,16.52,0.81,0,11.68,18.49,7.61,9.41,19.65,6.75,0.52,5.3,0,3.78,6.49,0.12,7.34,11.26,0,0.56,175.1,1.76,0,19.2,82.03,92.63,3.96,41.21,8.08,0,1.51,,0,0,,0,0,31.15,56.27,0,7.2,396.44,16.02,0,280.35,443.73,,,,,,,,
10/8/2029 0:00,4.02,9.41,17.12,4.6,0.5,4.47,0,3.03,0,0,6.75,5.74,0,0.53,10.77,0.81,0,11.34,23.66,7.61,9.41,19.65,6.75,0.52,5.3,0,3.78,6.49,0.12,7.34,11.26,0,0.56,175.1,1.76,0,19.2,82.03,96.45,21.1,138.4,8.43,0,8.49,,0,0,,0,0,32.39,65.95,0,7.2,258.36,18.61,0,272.04,567.95,,,,,,,,
10/9/2029 0:00,4.03,9.41,17.19,4.6,0.5,4.49,0,3.03,0,0,6.75,5.92,0,0.53,17.47,0.81,0,6.34,13.62,7.61,9.41,19.65,6.75,0.52,5.3,0,3.78,6.49,0.12,7.34,11.26,0,0.56,175.1,1.76,0,19.2,82.03,96.63,26.68,197.27,8.56,0,11,,0,0,,0,0,33.97,70.11,0,7.2,419.19,18.61,0,152.14,326.94,,,,,,,,
10/10/2029 0:00,4.03,9.41,17.25,4.6,0.5,4.51,0,3.03,0,0,6.75,7.29,0,0.53,14.73,0.81,0,11.24,22,7.61,9.41,19.65,6.75,0.52,5.3,0,3.78,6.49,0.12,7.34,11.26,0,0.56,175.1,1.76,0,19.2,82.03,96.63,12.02,130.41,8.48,0,9.88,,0,0,,0,0,33.84,76.84,0,7.2,353.57,18.61,0,269.73,528.04,,,,,,,,
10/11/2029 0:00,4.02,9.41,17.3,4.6,0.5,4.53,0,3.03,0,0,6.75,7.2,0,0.53,12.79,0.81,0,6.81,8.98,7.61,9.41,19.65,6.75,0.52,5.3,0,3.78,6.49,0.12,7.34,11.26,0,0.56,175.1,1.76,0,19.2,82.03,96.45,24.04,275.69,38.61,1.39,15.9,,0,0.5,,0,0,34.23,101.91,0,7.56,307.05,18.66,0,163.51,215.44,,,,,,,,
10/12/2029 0:00,4.02,9.41,17.25,4.6,0.5,4.51,0,3.03,0,0,6.75,8.78,0,0.53,13.47,0.81,0,4.14,4.06,7.61,9.41,19.65,6.75,0.52,5.3,0,3.78,6.49,0.12,7.34,11.26,0,0.56,175.1,1.76,0,19.2,82.03,96.45,22.99,299.72,70.26,1.01,14.19,,0,0.14,,0,0,34.74,141.98,0,7.32,323.19,18.63,0,99.44,97.55,,,,,,,,
10/13/2029 0:00,4.02,9.41,16.95,4.6,0.5,4.41,0,3.03,0,0,6.75,9.56,0,0.53,7.67,0.81,0,4.28,9.75,7.61,9.41,19.65,6.75,0.52,5.3,0,3.78,6.49,0.12,7.34,11.26,0,0.56,175.1,1.76,0,19.2,82.03,96.45,9.87,197.81,12.95,0,12.57,,0,0,,0,0,33.52,129.19,0,7.2,184.11,18.61,0,102.73,234.11,,,,,,,,
10/14/2029 0:00,4.02,9.41,17.05,4.32,0.5,4.45,0,3.03,0,0,6.75,9.43,0,0.53,7.07,0.81,0,3.13,8.75,7.61,9.41,19.65,6.75,0.52,5.3,0,3.78,6.49,0.12,7.34,11.26,0,0.56,175.1,1.76,0,19.2,82.03,96.45,5.64,214.66,8.57,0,13.09,,0,0,,0,0,32.85,117.16,0,7.2,169.71,18.61,0,75.12,210.09,,,,,,,,
10/15/2029 0:00,4.02,9.41,17.42,4.32,0.5,4.57,0,3.03,0,0,6.75,8.67,0,0.53,7.25,0.81,0,7.45,17.57,7.61,9.41,19.65,6.75,0.52,5.3,0,3.78,6.49,0.12,7.34,11.26,0,0.56,175.1,1.76,0,19.2,82.03,96.45,8.69,204.77,19.01,0,12.41,,0,0,,0,0,34.85,112,0,7.2,173.91,18.61,0,178.72,421.76,,,,,,,,
10/16/2029 0:00,4.03,9.41,17.48,4.32,0.5,4.59,0,3.03,0,0,6.75,7.32,0,0.53,11.91,0.81,0,9.93,20.17,7.61,9.41,19.65,6.75,0.52,5.3,0,3.78,6.49,0.12,7.34,11.26,0,0.56,175.1,1.76,0,19.2,82.03,96.63,22.86,164.42,24.86,0.54,10.17,,0,0,,0,0,35.5,102.13,0,7.2,285.92,18.62,0,238.38,483.96,,,,,,,,
10/17/2029 0:00,4.03,9.41,17.53,4.59,0.5,4.6,0,3.03,0,0,6.75,7.3,0,0.53,13.23,0.81,0,8.74,18.5,7.61,9.41,19.65,6.75,0.52,5.3,0,3.78,6.49,0.12,7.34,11.26,0,0.56,175.1,1.76,0,19.2,82.03,96.63,8.55,175.01,19.07,0,11.13,,0,0,,0,0,35.33,84.37,0,7.2,317.59,18.62,0,209.82,443.95,,,,,,,,
10/18/2029 0:00,4.02,9.41,17.57,4.59,0.5,4.62,0,3.03,0,0,6.75,7.79,0,0.53,8.53,0.81,0,9.33,9.06,7.61,9.41,19.65,6.75,0.52,5.3,0,3.78,6.49,0.12,7.34,11.26,0,0.56,175.1,1.76,0,19.2,82.03,96.45,30.08,276.53,53.42,0.26,13.59,,0,0.07,,0,0,35.17,117.77,0,7.2,204.83,18.63,0,223.86,217.42,,,,,,,,
10/19/2029 0:00,4.02,9.41,17.51,4.59,0.5,4.6,0,3.03,0,0,6.75,8.99,0,0.53,9.81,0.81,0,4.22,10.34,7.61,9.41,19.65,6.75,0.52,5.3,0,3.78,6.49,0.12,7.34,11.26,0,0.56,175.1,1.76,0,19.2,82.03,96.45,17.42,257.11,45.26,0,12.96,,0,0.02,,0,0,34.65,119.62,0,7.2,235.46,18.61,0,101.38,248.07,,,,,,,,
10/20/2029 0:00,4.02,9.41,17.19,4.59,0.5,4.49,0,3.03,0,0,6.75,8.85,0,0.53,10.53,0.81,0,12.19,29.36,7.61,9.41,19.65,6.75,0.52,5.3,0,3.78,6.49,0.12,7.34,11.26,0,0.56,175.1,1.76,0,19.2,82.03,94.9,0,41.21,10.07,0,2.04,,0,0,,0,0,32.67,65.12,0,7.2,252.7,16.76,0,292.58,704.54,,,,,,,,
10/21/2029 0:00,4.02,9.41,17.29,4.59,0.5,4.52,0,3.03,0,0,6.75,6.95,0,0.53,4.98,0.81,0,2.72,16.3,7.61,9.41,19.65,6.75,0.52,5.3,0,3.78,6.49,0.12,7.34,11.26,0,0.56,175.1,1.76,0,19.2,82.03,96.45,7.05,137.48,8.54,0,10.47,,0,0,,0,0,32.03,76.79,0,7.2,119.61,18.61,0,65.19,391.32,,,,,,,,
10/22/2029 0:00,4.02,9.41,17.64,4.59,0.5,4.64,0,3.03,0,0,6.75,7.92,0,0.53,9.9,0.81,0,5.26,14.19,7.61,9.41,19.65,6.75,0.52,5.3,0,3.78,6.49,0.12,7.34,11.26,0,0.56,175.1,1.76,0,19.2,82.03,96.45,22.3,261.24,21.7,0,13.47,,0,0,,0,0,33.83,109.53,0,7.2,237.68,18.61,0,126.22,340.56,,,,,,,,
10/23/2029 0:00,4.03,9.41,17.69,4.59,0.5,4.66,0,3.03,0,0,6.75,7.59,0,0.53,9.56,0.81,0,6.38,17.68,7.61,9.41,19.65,6.75,0.52,5.3,0,3.78,6.49,0.12,7.34,11.26,0,0.56,175.1,1.76,0,19.2,82.03,96.63,6.71,249.46,22.91,0,13.4,,0,0.03,,0,0,35.18,92.75,0,7.2,229.34,18.61,0,153.12,424.37,,,,,,,,
10/24/2029 0:00,4.03,9.41,17.73,4.59,0.5,4.67,0,3.03,0,0,6.75,7.65,0,0.53,5.41,0.81,0,12.07,41.36,7.61,9.41,19.65,6.75,0.52,5.3,0,3.78,6.49,0.12,7.34,11.26,0,0.56,175.1,1.76,0,19.2,82.03,96.63,3.71,65.88,8.41,0,6.1,,0,0,,0,0,34.01,64.9,0,7.2,129.89,18.61,0,289.69,992.58,,,,,,,,
10/25/2029 0:00,4.02,9.41,17.75,4.59,0.5,4.68,0,3.03,0,0,6.75,6.12,0,0.53,9.62,0.81,0,10.47,23.56,7.61,9.41,19.65,6.75,0.52,5.3,0,3.78,6.49,0.12,7.34,11.26,0,0.56,175.1,1.76,0,19.2,82.03,96.45,24.46,191.72,28.2,0,10.55,,0,0,,0,0,34.33,76.62,0,7.2,230.94,18.62,0,251.2,565.35,,,,,,,,
10/26/2029 0:00,4.02,9.41,17.69,4.59,0.5,4.65,0,3.03,0,0,6.75,7.32,0,0.53,9.58,0.81,0,7.05,12.92,7.61,9.41,19.65,6.75,0.52,5.3,0,3.78,6.49,0.12,7.34,11.26,0,0.56,175.1,1.76,0,19.2,82.03,96.45,8.37,243.46,23.36,0,12.87,,0,0,,0,0,34.39,92.66,0,7.2,230.01,18.61,0,169.27,310.06,,,,,,,,
10/27/2029 0:00,4.02,9.41,17.36,4.59,0.5,4.55,0,3.03,0,0,6.75,8.43,0,0.53,12.9,0.81,0,9.94,17.18,7.61,9.41,19.65,6.75,0.52,5.3,0,3.78,6.49,0.12,7.34,11.26,0,0.56,175.1,1.76,0,19.2,82.03,95.91,20.73,98.18,8.44,0,7.73,,0,0,,0,0,31.95,68.91,0,7.2,309.68,18.61,0,238.52,412.33,,,,,,,,
10/28/2029 0:00,4.02,9.41,17.44,4.58,0.5,4.57,0,3.03,0,0,6.75,7.52,0,0.53,10.1,0.81,0,7.45,24.07,7.61,9.41,19.65,6.75,0.52,5.3,0,3.78,6.49,0.12,7.34,11.26,0,0.56,175.1,1.76,0,19.2,82.03,95.54,0,41.75,8.22,0,3.12,,0,0,,0,0,30.5,63.61,0,7.2,242.48,18.61,0,178.77,577.66,,,,,,,,
10/29/2029 0:00,4.02,9.41,17.79,4.58,0.5,4.69,0,3.03,0,0,6.75,6.78,0,0.53,8.72,0.81,0,3.41,9.73,7.61,9.41,19.65,6.75,0.52,5.3,0,3.78,6.49,0.12,7.34,11.26,0,0.56,175.1,1.76,0,19.2,82.03,96.45,23.99,306.61,62.56,1.27,17.42,,0,0.95,,0,0,33.02,108.9,0,7.48,209.24,18.67,0,81.73,233.44,,,,,,,,
10/30/2029 0:00,4.03,9.41,17.83,4.58,0.5,4.7,0,3.03,0,0,6.75,8.04,0,0.53,11.98,0.81,0,3.18,9.12,7.61,9.41,19.65,6.75,0.52,5.3,0,3.78,6.49,0.12,7.34,11.26,0,0.56,175.1,1.76,0,19.2,82.03,96.63,20.59,315.96,48.34,1.52,18.26,,0,0.89,,0,0,35.17,126.06,0,7.44,287.51,18.69,0,76.31,218.87,,,,,,,,
10/31/2029 0:00,4.03,9.41,17.86,4.58,0.5,4.71,0,3.03,0,0,6.75,8.94,0,0.53,8.64,0.81,0,4.93,9.26,7.61,9.41,19.65,6.75,0.52,5.3,0,3.78,6.49,0.12,7.34,11.26,0,0.56,175.1,1.76,0,19.2,82.03,96.63,14.5,330.76,70.81,1.16,18.42,,0,0.19,,0,0,35.61,141.06,0,7.36,207.44,18.64,0,118.3,222.16,,,,,,,,
11/1/2029 0:00,4.36,9.41,17.88,4.58,0.5,4.72,0,3.03,0,0,6.75,8.95,0,0.53,7.45,0.78,0,12,26.6,7.61,9.41,19.65,6.75,0.52,5.3,0,3.78,6.49,0.12,7.34,11.26,0,0.56,176.6,1.76,0,19.73,82.37,104.64,20.67,114.13,25.72,0,8.74,,0,0,,0,0,35.26,71.74,0,7.2,178.74,17.85,0,287.9,638.34,,,,,,,,
11/2/2029 0:00,4.36,9.41,17.81,4.78,0.5,4.69,0,3.03,0,0,6.75,7.38,0,0.53,9.3,0.78,0,11.42,31.56,7.61,9.41,19.65,6.75,0.52,5.3,0,3.78,6.49,0.12,7.34,11.26,0,0.56,176.6,1.76,0,19.73,82.37,102.73,22.84,97.18,23.05,0,5.22,,0,0,,0,0,34.07,64.33,0,7.2,223.32,15.79,0,274.13,757.47,,,,,,,,
11/3/2029 0:00,4.36,9.41,17.47,4.79,0.5,4.59,0,3.03,0,0,6.75,6.72,0,0.53,7.47,0.78,0,11.56,27.6,7.61,9.41,19.65,6.75,0.52,5.3,0,3.78,6.49,0.12,7.34,11.26,0,0.56,176.6,1.76,0,19.73,82.37,104.66,0,60.73,20.9,0,3.15,,0,0,,0,0,32.83,62.31,0,7.2,179.33,17.85,0,277.4,662.29,,,,,,,,
11/4/2029 0:00,4.36,9.41,17.56,4.79,0.5,4.61,0,3.03,0,0,6.75,7.21,0,0.53,4.02,0.78,0,10.35,14.86,7.61,9.41,19.65,6.75,0.52,5.3,0,3.78,6.49,0.12,7.34,11.26,0,0.56,176.6,1.76,0,19.73,82.37,104.66,5.88,133.69,24.14,0,6.81,,0,0,,0,0,32.03,76.24,0,7.2,96.41,17.85,0,248.36,356.66,,,,,,,,
11/5/2029 0:00,4.36,9.41,17.91,4.79,0.5,4.73,0,3.03,0,0,6.75,8.02,0,0.53,7.37,0.78,0,8.46,14.98,7.61,9.41,19.65,6.75,0.52,5.3,0,3.78,6.49,0.12,7.34,11.26,0,0.56,176.6,1.76,0,19.73,82.37,104.66,14.79,243.87,27.71,0,13.99,,0,0,,0,0,33.42,97,0,7.2,177,17.85,0,202.93,359.58,,,,,,,,
11/6/2029 0:00,4.4,9.41,17.94,4.79,0.5,4.74,0,3.03,0,0,6.75,7.68,0,0.53,9.14,0.78,0,9.72,28.71,7.61,9.41,19.65,6.75,0.52,5.3,0,3.78,6.49,0.12,7.34,11.26,0,0.56,176.6,1.76,0,19.73,82.37,105.67,0,170.75,26.32,0,11.95,,0,0,,0,0,34.17,80.33,0,7.2,219.33,17.85,0,233.24,689,,,,,,,,
11/7/2029 0:00,4.4,9.41,17.98,4.79,0.5,4.75,0,3.03,0,0,6.75,7.18,0,0.53,6.63,0.78,0,9.98,33.38,7.61,9.41,19.65,6.75,0.52,5.3,0,3.78,6.49,0.12,7.34,11.26,0,0.56,176.6,1.76,0,19.73,82.37,105.67,1.17,163.7,26.47,0,11.27,,0,0,,0,0,34.28,74.91,0,7.2,159.01,17.85,0,239.52,801.01,,,,,,,,
11/8/2029 0:00,4.36,9.41,18,4.79,0.5,4.76,0,3.03,0,0,6.75,7,0,0.53,9.69,0.78,0,10.51,30.06,7.61,9.41,19.65,6.75,0.52,5.3,0,3.78,6.49,0.12,7.34,11.26,0,0.56,176.6,1.76,0,19.73,82.37,104.66,8.12,159.59,25.96,0,11.86,,0,0,,0,0,33.38,73.62,0,7.2,232.62,17.85,0,252.15,721.5,,,,,,,,
11/9/2029 0:00,4.36,9.41,17.93,4.79,0.5,4.74,0,3.03,0,0,6.75,7.04,0,0.53,5.45,0.78,0,10.77,31.28,7.61,9.41,19.65,6.75,0.52,5.3,0,3.78,6.49,0.12,7.34,11.26,0,0.56,176.6,1.76,0,19.73,82.37,104.66,8.91,144.18,25.92,0,10.59,,0,0,,0,0,32.63,69.47,0,7.2,130.9,17.85,0,258.56,750.82,,,,,,,,
11/10/2029 0:00,4.36,9.41,17.61,4.79,0.5,4.63,0,3.03,0,0,6.75,7.21,0,0.53,8.85,0.78,0,12.58,25.96,7.61,9.41,19.65,6.75,0.52,5.3,0,3.78,6.49,0.12,7.34,11.26,0,0.56,176.6,1.76,0,19.73,82.37,103.75,20.67,60.81,20.81,0,2.63,,0,0,,0,0,31.66,62.91,0,7.2,212.49,17.85,0,301.84,622.98,,,,,,,,
11/11/2029 0:00,4.36,9.41,17.69,4.79,0.5,4.66,0,3.03,0,0,6.75,7.19,0,0.53,6.99,0.78,0,12.76,20.68,7.61,9.41,19.65,6.75,0.52,5.3,0,3.78,6.49,0.12,7.34,11.26,0,0.56,176.6,1.76,0,19.73,82.37,104.66,0,98.69,22,0,4.98,,0,0,,0,0,31.27,75.69,0,7.2,167.7,17.85,0,306.23,496.4,,,,,,,,
11/12/2029 0:00,4.36,9.41,18.05,4.79,0.5,4.77,0,3.03,0,0,6.75,7.49,0,0.53,6.73,0.78,0,3.18,5.43,7.61,9.41,19.65,6.75,0.52,5.3,0,3.78,6.49,0.12,7.34,11.26,0,0.56,176.6,1.76,0,19.73,82.37,104.66,28.43,354.82,82.24,2.96,19.89,,0,3.3,,0,0,33.24,140.25,0,7.73,161.53,18.04,0,76.32,130.23,,,,,,,,
11/13/2029 0:00,4.4,9.41,18.09,4.78,0.5,4.79,0,3.03,0,0,6.75,9.12,0,0.53,8.96,0.78,0,3.8,13.36,7.61,9.41,19.65,6.75,0.52,5.3,0,3.78,6.49,0.12,7.34,11.26,0,0.56,176.6,1.76,0,19.73,82.37,105.67,4.78,349.45,68.63,0.08,14.84,,0,0.05,,0,0,35.36,156.56,0,7.2,215.15,17.87,0,91.29,320.72,,,,,,,,
11/14/2029 0:00,4.4,9.41,18.13,4.78,0.5,4.8,0,3.03,0,0,6.75,9.33,0,0.53,7.45,0.78,0,9.31,20.12,7.61,9.41,19.65,6.75,0.52,5.3,0,3.78,6.49,0.12,7.34,11.26,0,0.56,176.6,1.76,0,19.73,82.37,105.67,0,284.58,39.25,0,14.59,,0,0,,0,0,35.35,139.03,0,7.2,178.89,17.85,0,223.52,482.87,,,,,,,,
11/15/2029 0:00,4.36,9.41,18.16,4.78,0.5,4.81,0,3.03,0,0,6.75,8.77,0,0.53,8.16,0.78,0,8.32,16.36,7.61,9.41,19.65,6.75,0.52,5.3,0,3.78,6.49,0.12,7.34,11.26,0,0.56,176.6,1.76,0,19.73,82.37,104.66,4.37,298.52,49.33,0,14.61,,0,0.01,,0,0,35.6,134.28,0,7.2,195.92,17.86,0,199.63,392.7,,,,,,,,
11/16/2029 0:00,4.36,9.41,18.1,4.78,0.5,4.79,0,3.03,0,0,6.75,8.88,0,0.53,3.5,0.78,0,10.32,24.67,7.61,9.41,19.65,6.75,0.52,5.3,0,3.78,6.49,0.12,7.34,11.26,0,0.56,176.6,1.76,0,19.73,82.37,104.66,0,231.79,27.56,0,13.8,,0,0,,0,0,35.16,108.47,0,7.2,84.02,17.85,0,247.78,591.98,,,,,,,,
11/17/2029 0:00,4.36,9.41,17.77,4.78,0.5,4.68,0,3.03,0,0,6.75,8.27,0,0.53,2.89,0.78,0,6.53,38.88,7.61,9.41,19.65,6.75,0.52,5.3,0,3.78,6.49,0.12,7.34,11.26,0,0.56,176.6,1.76,0,19.73,82.37,104.66,0,82.14,22.52,0,4.73,,0,0,,0,0,33.21,69.41,0,7.2,69.3,17.85,0,156.81,933.23,,,,,,,,
11/18/2029 0:00,4.36,9.41,17.86,4.78,0.5,4.71,0,3.03,0,0,6.75,7.36,0,0.53,2.72,0.78,0,10.64,18.58,7.61,9.41,19.65,6.75,0.52,5.3,0,3.78,6.49,0.12,7.34,11.26,0,0.56,176.6,1.76,0,19.73,82.37,104.66,0,126.34,23.41,0,10.67,,0,0,,0,0,32.98,75.81,0,7.2,65.22,17.85,0,255.3,446.02,,,,,,,,
11/19/2029 0:00,4.36,9.41,18.22,4.78,0.5,4.83,0,3.03,0,0,6.75,8.23,0,0.53,4.16,0.78,0,5.74,8.23,7.61,9.41,19.65,6.75,0.52,5.3,0,3.78,6.49,0.12,7.34,11.26,0,0.56,176.6,1.76,0,19.73,82.37,104.66,19.14,350.27,77.44,2.96,21.23,,0,3.3,,0,0,35.48,155.19,0,7.87,99.79,17.95,0,137.8,197.57,,,,,,,,
11/20/2029 0:00,4.4,9.41,18.27,4.78,0.5,4.85,0,3.03,0,0,6.75,9.47,0,0.53,3.56,0.78,0,1.88,8.19,7.61,9.41,19.65,6.75,0.52,5.3,0,3.78,6.49,0.12,7.34,11.26,0,0.56,176.6,1.76,0,19.73,82.37,105.67,11.73,407.48,98.58,3.11,24.82,,0,4.23,,0,0,38.64,204.04,0,7.95,85.49,17.96,0,45.14,196.66,,,,,,,,
11/21/2029 0:00,4.4,9.41,18.31,4.78,0.5,4.86,0,3.03,0,0,6.75,10.79,0,0.53,4.62,0.78,0,4.32,12.17,7.61,9.41,19.65,6.75,0.52,5.3,0,3.78,6.49,0.12,7.34,11.26,0,0.56,176.6,1.76,0,19.73,82.37,105.67,9.58,368.9,83.42,1.4,19.39,,0,0.53,,0,0,39.2,199.83,0,7.52,110.9,17.9,0,103.57,292.2,,,,,,,,
11/22/2029 0:00,4.36,9.41,18.33,4.78,0.5,4.87,0,3.03,0,0,6.75,10.28,0,0.53,2.98,0.78,0,12.92,20.85,7.61,9.41,19.65,6.75,0.52,5.3,0,3.78,6.49,0.12,7.34,11.26,0,0.56,176.6,1.76,0,19.73,82.37,104.66,1.82,266.89,43.57,0,14.3,,0,0,,0,0,38.13,153.05,0,7.2,71.4,17.85,0,310.14,500.35,,,,,,,,
11/23/2029 0:00,4.36,9.41,18.27,4.78,0.5,4.85,0,3.03,0,0,6.75,9.05,0,0.53,6.56,0.78,0,10.62,19.79,7.61,9.41,19.65,6.75,0.52,5.3,0,3.78,6.49,0.12,7.34,11.26,0,0.56,176.6,1.76,0,19.73,82.37,104.66,0,245.65,27.6,0,14.68,,0,0,,0,0,37.01,104.56,0,7.2,157.42,17.85,0,254.77,474.87,,,,,,,,
11/24/2029 0:00,4.36,9.41,17.94,4.78,0.5,4.74,0,3.03,0,0,6.75,8.94,0,0.53,3.61,0.78,0,8.32,15.3,7.61,9.41,19.65,6.75,0.52,5.3,0,3.78,6.49,0.12,7.34,11.26,0,0.56,176.6,1.76,0,19.73,82.37,104.66,2.82,199.88,27.14,0,13.59,,0,0,,0,0,35.31,106.63,0,7.2,86.69,17.86,0,199.58,367.21,,,,,,,,
11/25/2029 0:00,4.36,9.41,18.02,4.77,0.5,4.77,0,3.03,0,0,6.75,9.44,0,0.53,4.15,0.78,0,7.63,13.39,7.61,9.41,19.65,6.75,0.52,5.3,0,3.78,6.49,0.12,7.34,11.26,0,0.56,176.6,1.76,0,19.73,82.37,104.66,0,200.35,25.68,0,13.99,,0,0,,0,0,34.33,121.86,0,7.2,99.65,17.85,0,183.07,321.4,,,,,,,,
11/26/2029 0:00,4.36,9.41,18.37,4.77,0.5,4.88,0,3.03,0,0,6.75,9.13,0,0.53,3.65,0.78,0,4.89,8.75,7.61,9.41,19.65,6.75,0.52,5.3,0,3.78,6.49,0.12,7.34,11.26,0,0.56,176.6,1.76,0,19.73,82.37,104.66,13.33,368.78,72.93,1.76,19.31,,0,0.17,,0,0,37.44,161.07,0,7.4,87.62,17.93,0,117.33,209.91,,,,,,,,
11/27/2029 0:00,4.4,9.41,18.41,4.77,0.5,4.89,0,3.03,0,0,6.75,9.4,0,0.53,4.61,0.78,0,9.87,17.7,7.61,9.41,19.65,6.75,0.52,5.3,0,3.78,6.49,0.12,7.34,11.26,0,0.56,176.6,1.76,0,19.73,82.37,105.67,7.17,308.78,49.88,0,14.86,,0,0,,0,0,39.39,154.8,0,7.2,110.65,17.85,0,236.97,424.69,,,,,,,,
11/28/2029 0:00,4.4,9.41,18.43,4.77,0.5,4.9,0,3.03,0,0,6.75,9.42,0,0.53,2.05,0.78,0,7.35,17.08,7.61,9.41,19.65,6.75,0.52,5.3,0,3.78,6.49,0.12,7.34,11.26,0,0.56,176.6,1.76,0,19.73,82.37,105.67,10.3,333.35,74.85,2.19,21.03,,0,2.33,,0,0,39.76,180.43,0,7.83,49.21,17.92,0,176.36,409.81,,,,,,,,
11/29/2029 0:00,4.36,9.41,18.45,4.77,0.5,4.9,0,3.03,0,0,6.75,10.21,0,0.53,1.4,0.78,0,2.49,4.24,7.61,9.41,19.65,6.75,0.52,5.3,0,3.78,6.49,0.12,7.34,11.26,0,0.56,176.6,1.76,0,19.73,82.37,104.66,20.67,416.41,102.98,7.98,49.77,,0,16.55,,0,0,41.57,226.81,0,8.54,33.48,18.31,0,59.74,101.83,,,,,,,,
11/30/2029 0:00,4.36,9.41,18.37,4.77,0.5,4.88,0,3.03,0,0,6.75,11.7,0,0.53,1.66,0.78,0,2.46,3.54,7.61,9.41,19.65,6.75,0.52,5.3,0,3.78,6.49,0.12,7.34,11.26,0,0.56,176.6,1.76,0,19.73,82.37,104.66,14.55,419.73,106.16,7,45.35,,0,9.42,,0,0,41.71,265.16,0,8.46,39.8,18.04,0,59.04,84.86,,,,,,,,
12/1/2029 0:00,4.36,9.41,18.02,4.77,0.5,4.77,0,3.03,0,0,6.75,11.89,0,0.53,2.51,0.76,0,3.81,5.04,7.61,9.41,19.65,6.75,0.52,5.3,0,3.78,6.49,0.12,7.34,11.26,0,0.56,178.1,1.76,0,20.27,82.7,104.66,1.28,346.33,52.02,0.04,14.48,,0,0,,0,0,38.8,210.86,0,7.2,60.13,17.51,0,91.46,121.05,,,,,,,,
12/2/2029 0:00,4.36,9.41,18.09,4.66,0.5,4.79,0,3.03,0,0,6.75,11.12,0,0.53,1.22,0.76,0,11.09,14.82,7.61,9.41,19.65,6.75,0.52,5.3,0,3.78,6.49,0.12,7.34,11.26,0,0.56,178.1,1.76,0,20.27,82.7,104.66,0,195.15,28.47,0,14.06,,0,0,,0,0,37.42,121.14,0,7.2,29.35,17.5,0,266.2,355.67,,,,,,,,
12/3/2029 0:00,4.36,9.41,18.42,4.65,0.5,4.9,0,3.03,0,0,6.75,9.18,0,0.53,1.22,0.76,0,13.86,12.07,7.61,9.41,19.65,6.75,0.52,5.3,0,3.78,6.49,0.12,7.34,11.26,0,0.56,178.1,1.76,0,20.27,82.7,104.66,5.28,304.07,65.48,0.54,13.28,,0,0.07,,0,0,39.62,139.56,0,7.2,29.32,17.5,0,332.67,289.62,,,,,,,,
12/4/2029 0:00,4.4,9.41,18.44,4.65,0.5,4.9,0,3.03,0,0,6.75,8.93,0,0.53,1.61,0.76,0,12.82,13.99,7.61,9.41,19.65,6.75,0.52,5.3,0,3.78,6.49,0.12,7.34,11.26,0,0.56,178.1,1.76,0,20.27,82.7,105.67,2.4,337.08,65.55,0,14.89,,0,0.01,,0,0,40.5,145.92,0,7.2,38.53,17.5,0,307.67,335.71,,,,,,,,
12/5/2029 0:00,4.4,9.41,18.44,4.65,0.5,4.9,0,3.03,0,0,6.75,9.85,0,0.53,1.34,0.76,0,12.24,9.8,7.61,9.41,19.65,6.75,0.52,5.3,0,3.78,6.49,0.12,7.34,11.26,0,0.56,178.1,1.76,0,20.27,82.7,105.67,5.73,350.63,79.98,1.71,17.88,,0,0.17,,0,0,40.04,171.15,0,7.56,32.27,17.51,0,293.84,235.23,,,,,,,,
12/6/2029 0:00,4.36,9.41,18.44,4.65,0.5,4.9,0,3.03,0,0,6.75,10.55,0,0.53,2.21,0.76,0,5.59,7.78,7.61,9.41,19.65,6.75,0.52,5.3,0,3.78,6.49,0.12,7.34,11.26,0,0.56,178.1,1.76,0,20.27,82.7,104.66,20.67,389.6,84.05,4.12,26.16,,0,3.9,,0,0,40.3,223.2,0,8.23,53.08,17.63,0,134.04,186.63,,,,,,,,
12/7/2029 0:00,4.36,9.41,18.34,4.65,0.5,4.87,0,3.03,0,0,6.75,10.74,0,0.53,4.41,0.76,0,10.13,22.89,7.61,9.41,19.65,6.75,0.52,5.3,0,3.78,6.49,0.12,7.34,11.26,0,0.56,178.1,1.76,0,20.27,82.7,104.66,0,268.74,41.31,0,14.55,,0,0,,0,0,38.5,141.48,0,7.2,105.92,17.5,0,243.19,549.46,,,,,,,,
12/8/2029 0:00,4.36,9.41,17.98,4.65,0.5,4.75,0,3.03,0,0,6.75,9.32,0,0.53,4.12,0.76,0,3.13,12.3,7.61,9.41,19.65,6.75,0.52,5.3,0,3.78,6.49,0.12,7.34,11.26,0,0.56,178.1,1.76,0,20.27,82.7,104.66,10.91,279.57,52.6,1.63,14.46,,0,0.12,,0,0,37.27,138.5,0,7.2,98.85,17.51,0,75.13,295.23,,,,,,,,
12/9/2029 0:00,4.36,9.41,18.03,4.65,0.5,4.77,0,3.03,0,0,6.75,10.25,0,0.53,3.23,0.76,0,5.83,4.24,7.61,9.41,19.65,6.75,0.52,5.3,0,3.78,6.49,0.12,7.34,11.26,0,0.56,178.1,1.76,0,20.27,82.7,104.66,0.08,307.86,51,0,14.48,,0,0,,0,0,37.25,183.07,0,7.2,77.45,17.53,0,139.87,101.8,,,,,,,,
12/10/2029 0:00,4.36,9.41,18.34,4.65,0.5,4.87,0,3.03,0,0,6.75,10.44,0,0.53,2.26,0.76,0,4.84,2.74,7.61,9.41,19.65,6.75,0.52,5.3,0,3.78,6.49,0.12,7.34,11.26,0,0.56,178.1,1.76,0,20.27,82.7,104.66,17.73,407.38,95.39,5.72,40.15,,0,8.88,,0,0,39.88,233.76,0,8.46,54.19,17.79,0,116.22,65.75,,,,,,,,
12/11/2029 0:00,4.4,9.41,18.34,4.65,0.5,4.87,0,3.03,0,0,6.75,10.7,0,0.53,1.85,0.76,0,5.48,2.53,7.61,9.41,19.65,6.75,0.52,5.3,0,3.78,6.49,0.12,7.34,11.26,0,0.56,178.1,1.76,0,20.27,82.7,105.67,9.6,420.31,102.8,5.75,37.09,,0,5.42,,0,0,41.42,243.96,0,8.5,44.47,17.63,0,131.63,60.76,,,,,,,,
12/12/2029 0:00,4.4,9.41,18.34,4.65,0.5,4.87,0,3.03,0,0,6.75,11.62,0,0.53,3.97,0.76,0,4.35,5.56,7.61,9.41,19.65,6.75,0.52,5.3,0,3.78,6.49,0.12,7.34,11.26,0,0.56,178.1,1.76,0,20.27,82.7,105.67,13.86,412.98,98.12,3.88,30.71,,0,4.38,,0,0,41.06,253.86,0,8.11,95.39,17.6,0,104.3,133.54,,,,,,,,
12/13/2029 0:00,4.36,9.41,18.32,4.65,0.5,4.86,0,3.03,0,0,6.75,11.41,0,0.53,5.34,0.76,0,7.67,11.36,7.61,9.41,19.65,6.75,0.52,5.3,0,3.78,6.49,0.12,7.34,11.26,0,0.56,178.1,1.76,0,20.27,82.7,104.66,7.88,384.57,86.01,1.4,22.98,,0,0.47,,0,0,40.8,217.31,0,7.67,128.23,17.57,0,184.19,272.75,,,,,,,,
12/14/2029 0:00,4.36,9.41,18.21,4.65,0.5,4.83,0,3.03,0,0,6.75,10.64,0,0.53,2.48,0.76,0,7.72,12.17,7.61,9.41,19.65,6.75,0.52,5.3,0,3.78,6.49,0.12,7.34,11.26,0,0.56,178.1,1.76,0,20.27,82.7,104.66,17.73,369.93,87.21,3.3,20.54,,0,3.01,,0,0,39.4,208.92,0,7.79,59.48,17.58,0,185.19,292.02,,,,,,,,
12/15/2029 0:00,4.36,9.41,17.84,4.64,0.5,4.71,0,3.03,0,0,6.75,10.59,0,0.53,3.34,0.76,0,8.78,12.48,7.61,9.41,19.65,6.75,0.52,5.3,0,3.78,6.49,0.12,7.34,11.26,0,0.56,178.1,1.76,0,20.27,82.7,104.66,3.14,275.91,36.35,0,14.3,,0,0,,0,0,36.49,164.9,0,7.2,80.04,17.51,0,210.83,299.6,,,,,,,,
12/16/2029 0:00,4.36,9.41,17.89,4.64,0.5,4.72,0,3.03,0,0,6.75,10.43,0,0.53,2.68,0.76,0,3.48,5.55,7.61,9.41,19.65,6.75,0.52,5.3,0,3.78,6.49,0.12,7.34,11.26,0,0.56,178.1,1.76,0,20.27,82.7,104.66,12.35,337.01,60.83,1.63,16.12,,0,0.17,,0,0,36.64,188.49,0,7.59,64.26,17.56,0,83.4,133.28,,,,,,,,
12/17/2029 0:00,4.36,9.41,18.2,4.64,0.5,4.82,0,3.03,0,0,6.75,10.58,0,0.53,2.58,0.76,0,11.89,5.92,7.61,9.41,19.65,6.75,0.52,5.3,0,3.78,6.49,0.12,7.34,11.26,0,0.56,178.1,1.76,0,20.27,82.7,104.66,2.16,365.76,80.12,0.85,15.55,,0,0.12,,0,0,39.31,182.37,0,7.32,61.82,17.52,0,285.43,142.02,,,,,,,,
12/18/2029 0:00,4.4,9.41,18.2,4.64,0.5,4.83,0,3.03,0,0,6.75,9.71,0,0.53,2.66,0.76,0,12.3,24.9,7.61,9.41,19.65,6.75,0.52,5.3,0,3.78,6.49,0.12,7.34,11.26,0,0.56,178.1,1.76,0,20.27,82.7,105.67,0,277.23,31.78,0,14.28,,0,0,,0,0,39.16,134.1,0,7.2,63.82,17.5,0,295.12,597.58,,,,,,,,
12/19/2029 0:00,4.4,9.41,18.2,4.64,0.5,4.82,0,3.03,0,0,6.75,8.38,0,0.53,1.02,0.76,0,14.61,42.91,7.61,9.41,19.65,6.75,0.52,5.3,0,3.78,6.49,0.12,7.34,11.26,0,0.56,178.1,1.76,0,20.27,82.7,105.44,3.8,136.62,27.22,0,8.78,,0,0,,0,0,37.43,70.8,0,7.2,24.57,17.5,0,350.61,1029.82,,,,,,,,
12/20/2029 0:00,4.36,9.41,18.19,4.64,0.5,4.82,0,3.03,0,0,6.75,6.63,0,0.53,1.87,0.76,0,12.15,44.14,7.61,9.41,19.65,6.75,0.52,5.3,0,3.78,6.49,0.12,7.34,11.26,0,0.56,178.1,1.76,0,20.27,82.7,102.35,0.68,181.23,29.2,0,10.33,,0,0,,0,0,36.19,72.4,0,7.2,44.89,17.5,0,291.59,1059.45,,,,,,,,
12/21/2029 0:00,4.36,9.41,18.1,4.64,0.5,4.79,0,3.03,0,0,6.75,6.5,0,0.53,2.24,0.76,0,9.98,27.83,7.61,9.41,19.65,6.75,0.52,5.3,0,3.78,6.49,0.12,7.34,11.26,0,0.56,178.1,1.76,0,20.27,82.7,104.66,19.99,246.9,30.35,0,13.55,,0,0,,0,0,36.18,81.37,0,7.2,53.74,17.5,0,239.52,667.96,,,,,,,,
12/22/2029 0:00,4.36,9.41,17.74,4.64,0.5,4.67,0,3.03,0,0,6.75,7.66,0,0.53,2.96,0.76,0,10.75,32.33,7.61,9.41,19.65,6.75,0.52,5.3,0,3.78,6.49,0.12,7.34,11.26,0,0.56,178.1,1.76,0,20.27,82.7,104.66,0,119.63,26.03,0,8.53,,0,0,,0,0,34.61,62.94,0,7.2,70.98,17.5,0,258.1,775.96,,,,,,,,
12/23/2029 0:00,4.36,9.41,17.8,4.64,0.5,4.69,0,3.03,0,0,6.75,7.3,0,0.53,1.93,0.76,0,4.05,21.87,7.61,9.41,19.65,6.75,0.52,5.3,0,3.78,6.49,0.12,7.34,11.26,0,0.56,178.1,1.76,0,20.27,82.7,104.66,0,189.14,29.25,0,12.68,,0,0,,0,0,34.91,85.1,0,7.2,46.39,17.5,0,97.28,524.78,,,,,,,,
12/24/2029 0:00,4.36,9.41,18.13,4.64,0.5,4.8,0,3.03,0,0,6.75,7.69,0,0.53,4.4,0.76,0,5.46,29.41,7.61,9.41,19.65,6.75,0.52,5.3,0,3.78,6.49,0.12,7.34,11.26,0,0.56,178.1,1.76,0,20.27,82.7,104.66,7.39,124.19,25.8,0,6.71,,0,0,,0,0,36.22,61.75,0,7.2,105.52,17.5,0,131.05,705.76,,,,,,,,
12/25/2029 0:00,4.4,9.41,18.15,4.63,0.5,4.81,0,3.03,0,0,6.75,6.49,0,0.53,5.81,0.76,0,8.44,22.6,7.61,9.41,19.65,6.75,0.52,5.3,0,3.78,6.49,0.12,7.34,11.26,0,0.56,178.1,1.76,0,20.27,82.7,105.67,4.8,103.71,25.13,0,6.26,,0,0,,0,0,36.16,58.32,0,7.2,139.44,17.5,0,202.59,542.32,,,,,,,,
12/26/2029 0:00,4.4,9.41,18.16,4.63,0.5,4.81,0,3.03,0,0,6.75,6.1,0,0.53,2.43,0.76,0,12.33,43.93,7.61,9.41,19.65,6.75,0.52,5.3,0,3.78,6.49,0.12,7.34,11.26,0,0.56,178.1,1.76,0,20.27,82.7,94.69,0,91.17,24.86,0,0,,0,0,,0,0,35.27,56.35,0,7.2,58.38,9.93,0,295.98,1054.43,,,,,,,,
12/27/2029 0:00,4.36,9.41,18.17,4.63,0.5,4.81,0,3.03,0,0,6.75,4.53,0,0.53,7.9,0.76,0,14.42,43.13,7.61,9.41,19.65,6.75,0.52,5.3,0,3.78,6.49,0.12,7.34,11.26,0,0.56,178.1,1.76,0,20.27,82.7,94.75,17.73,91.17,24.86,0,0,,0,0,,0,0,34.56,49.23,0,7.2,189.62,11.33,0,346.1,1035.15,,,,,,,,
12/28/2029 0:00,4.36,9.41,18.09,4.63,0.5,4.79,0,3.03,0,0,6.75,4.31,0,0.53,4.9,0.76,0,14.65,50.16,7.61,9.41,19.65,6.75,0.52,5.3,0,3.78,6.49,0.12,7.34,11.26,0,0.56,178.1,1.76,0,20.27,82.7,93.21,0,91.12,24.86,0,0,,0,0,,0,0,34.52,46.76,0,7.2,117.68,9.6,0,351.65,1203.92,,,,,,,,
12/29/2029 0:00,4.36,9.41,17.76,4.63,0.5,4.68,0,3.03,0,0,6.75,3.94,0,0.53,4.93,0.76,0,11.57,52.77,7.61,9.41,19.65,6.75,0.52,5.3,0,3.78,6.49,0.12,7.34,11.26,0,0.56,178.1,1.76,0,20.27,82.7,93.21,0,90.91,24.86,0,0,,0,0,,0,0,33.23,42.75,0,7.2,118.26,9.6,0,277.77,1266.4,,,,,,,,
12/30/2029 0:00,4.36,9.41,17.84,4.63,0.5,4.7,0,3.03,0,0,6.75,3.72,0,0.53,7.75,0.76,0,13.04,44.93,7.61,9.41,19.65,6.75,0.52,5.3,0,3.78,6.49,0.12,7.34,11.26,0,0.56,178.1,1.76,0,20.27,82.7,93.21,0,90.96,24.86,0,0,,0,0,,0,0,33.24,40.46,0,7.2,186.02,9.6,0,312.99,1078.42,,,,,,,,
12/31/2029 0:00,4.36,9.41,18.18,4.29,0.5,4.82,0,3.03,0,0,6.75,3.09,0,0.53,5.34,0.76,0,10.75,42.47,7.61,9.41,19.65,6.36,0.52,5.3,0,3.78,6.49,0.12,7.34,9.07,0,0.56,178.1,1.76,0,20.27,82.7,93.29,0,91.18,16.8,0,0,,0,0,,0,0,35.6,41.73,0,7.2,128.24,9.88,0,257.96,1019.32,,,,,,,,
1/1/2030 0:00,4.3,11.49,18.22,4.54,0.5,4.83,0,3.07,0,0,6.75,4.24,0,0.53,6.61,0.77,0,11.86,29.43,7.61,11.49,19.65,6.36,0.52,5.3,0,3.83,6.49,0.12,7.34,9.07,0,0.56,179.6,1.76,0,20.81,83.12,95.96,0.21,93.6,32.6,0,2.19,,0,0,,0,0,36.57,57.16,0,7.2,158.61,13.57,0,284.64,706.41,,,,,,,,
1/2/2030 0:00,4.31,11.49,18.26,4.55,0.5,4.84,0,3.07,0,0,6.75,4.75,0,0.53,5.13,0.77,0,9.41,30.48,7.61,11.49,19.65,6.36,0.52,5.3,0,3.83,6.49,0.12,7.34,9.07,0,0.56,179.6,1.76,0,20.81,83.12,103.45,0.61,157.63,35.22,0,11.51,,0,0,,0,0,36.98,62.74,0,7.2,123.1,17.59,0,225.87,731.45,,,,,,,,
1/3/2030 0:00,4.31,11.49,18.28,4.55,0.5,4.85,0,3.07,0,0,6.75,5.7,0,0.53,6.88,0.77,0,11.22,17.17,7.61,11.49,19.65,6.36,0.52,5.3,0,3.83,6.49,0.12,7.34,9.07,0,0.56,179.6,1.76,0,20.81,83.12,103.45,26.39,254.1,36.06,0,13.72,,0,0,,0,0,37.46,77.32,0,7.2,165.05,17.59,0,269.28,412.06,,,,,,,,
1/4/2030 0:00,4.3,11.49,18.22,4.55,0.5,4.83,0,3.07,0,0,6.75,4.43,0,0.53,2.02,0.77,0,13.56,50.63,7.61,11.49,19.65,6.36,0.52,5.3,0,3.83,6.49,0.12,7.34,9.07,0,0.56,179.6,1.76,0,20.81,83.12,93.59,0,93.6,32.4,0,0,,0,0,,0,0,36.44,59.7,0,7.2,48.37,11.6,0,325.34,1215.16,,,,,,,,
1/5/2030 0:00,4.3,11.49,17.9,4.55,0.5,4.72,0,3.07,0,0,6.75,5.4,0,0.53,3.45,0.77,0,6.82,33.36,7.61,11.49,19.65,6.36,0.52,5.3,0,3.83,6.49,0.12,7.34,9.07,0,0.56,179.6,1.76,0,20.81,83.12,98.87,27,140.99,34.2,0,6.28,,0,0,,0,0,34.7,64.12,0,7.2,82.88,14.59,0,163.77,800.76,,,,,,,,
1/6/2030 0:00,4.3,11.49,17.99,4.55,0.5,4.75,0,3.07,0,0,6.75,5.62,0,0.53,4.52,0.77,0,14.72,27,7.61,11.49,19.65,6.36,0.52,5.3,0,3.83,6.49,0.12,7.34,9.07,0,0.56,179.6,1.76,0,20.81,83.12,100.31,0,103.64,32.62,0,4.63,,0,0,,0,0,34.29,62.6,0,7.2,108.54,16.26,0,353.36,648.01,,,,,,,,
1/7/2030 0:00,4.3,11.49,18.35,4.55,0.5,4.87,0,3.07,0,0,6.75,5.61,0,0.53,7.07,0.77,0,15.26,23.2,7.61,11.49,19.65,6.36,0.52,5.3,0,3.83,6.49,0.12,7.34,9.07,0,0.56,179.6,1.76,0,20.81,83.12,103.12,3.45,196.71,35.53,0,11.46,,0,0,,0,0,36.03,68.19,0,7.2,169.62,17.59,0,366.32,556.81,,,,,,,,
1/8/2030 0:00,4.3,11.49,18.4,4.55,0.5,4.89,0,3.07,0,0,6.75,5.4,0,0.53,3.53,0.77,0,16.09,24.73,7.61,11.49,19.65,6.36,0.52,5.3,0,3.83,6.49,0.12,7.34,9.07,0,0.56,179.6,1.76,0,20.81,83.12,103.12,0,223.26,36.25,0,12.35,,0,0,,0,0,37.84,84.31,0,7.2,84.62,17.59,0,386.21,593.6,,,,,,,,
1/9/2030 0:00,4.31,11.49,18.44,4.55,0.5,4.9,0,3.07,0,0,6.75,5.62,0,0.53,3.95,0.77,0,10.43,23.28,7.61,11.49,19.65,6.36,0.52,5.3,0,3.83,6.49,0.12,7.34,9.07,0,0.56,179.6,1.76,0,20.81,83.12,103.45,26.61,259.09,46.79,0,13.74,,0,0,,0,0,37.78,90.9,0,7.2,94.71,17.59,0,250.27,558.63,,,,,,,,
1/10/2030 0:00,4.31,11.49,18.47,4.55,0.5,4.91,0,3.07,0,0,6.75,6.22,0,0.53,4.44,0.77,0,10.27,26.74,7.61,11.49,19.65,6.36,0.52,5.3,0,3.83,6.49,0.12,7.34,9.07,0,0.56,179.6,1.76,0,20.81,83.12,103.45,0.39,250.06,35.81,0,14.14,,0,0,,0,0,37.27,91.61,0,7.2,106.59,17.59,0,246.54,641.72,,,,,,,,
1/11/2030 0:00,4.3,11.49,18.41,4.54,0.5,4.89,0,3.07,0,0,6.75,5.68,0,0.53,2.86,0.77,0,12.85,36.34,7.61,11.49,19.65,6.36,0.52,5.3,0,3.83,6.49,0.12,7.34,9.07,0,0.56,179.6,1.76,0,20.81,83.12,103.12,1.79,164.61,35.19,0,10.34,,0,0,,0,0,35.77,66.58,0,7.2,68.58,17.59,0,308.43,872.11,,,,,,,,
1/12/2030 0:00,4.3,11.49,18.08,4.54,0.5,4.78,0,3.07,0,0,6.75,4.76,0,0.53,2.86,0.77,0,12.61,50.15,7.61,11.49,19.65,6.36,0.52,5.3,0,3.83,6.49,0.12,7.34,9.07,0,0.56,179.6,1.76,0,20.81,83.12,92.79,12.4,93.51,32.4,0,0,,0,0,,0,0,34.01,61.15,0,7.2,68.61,11.88,0,302.61,1203.68,,,,,,,,
1/13/2030 0:00,4.3,11.49,18.17,4.54,0.5,4.81,0,3.07,0,0,6.75,4.61,0,0.53,5.47,0.77,0,11.33,49.19,7.61,11.49,19.65,6.36,0.52,5.3,0,3.83,6.49,0.12,7.34,9.07,0,0.56,179.6,1.76,0,20.81,83.12,94.89,1.48,93.57,32.4,0,0.74,,0,0,,0,0,32.67,61.15,0,7.2,131.21,11.93,0,271.92,1180.62,,,,,,,,
1/14/2030 0:00,4.3,11.49,18.52,4.54,0.5,4.93,0,3.07,0,0,6.75,4.65,0,0.53,4.56,0.77,0,15.31,44.59,7.61,11.49,19.65,6.36,0.52,5.3,0,3.83,6.49,0.12,7.34,9.07,0,0.56,179.6,1.76,0,20.81,83.12,103.11,7.99,134.65,34.87,0,9.68,,0,0,,0,0,33.7,61.67,0,7.2,109.42,17.59,0,367.37,1070.13,,,,,,,,
1/15/2030 0:00,4.3,11.49,18.56,4.54,0.5,4.94,0,3.07,0,0,6.75,4.39,0,0.53,3.75,0.77,0,12.11,46.78,7.61,11.49,19.65,6.36,0.52,5.3,0,3.83,6.49,0.12,7.34,9.07,0,0.56,179.6,1.76,0,20.81,83.12,103.12,3.45,152.21,34.94,0,9.91,,0,0,,0,0,34.17,60.09,0,7.2,90.12,17.59,0,290.57,1122.77,,,,,,,,
1/16/2030 0:00,4.31,11.49,18.6,4.54,0.5,4.95,0,3.07,0,0,6.75,5.21,0,0.53,7.78,0.77,0,8.83,31.9,7.61,11.49,19.65,6.36,0.52,5.3,0,3.83,6.49,0.12,7.34,9.07,0,0.56,179.6,1.76,0,20.81,83.12,103.45,0.05,245.45,36.07,0,14.15,,0,0,,0,0,34.58,72.14,0,7.2,186.83,17.59,0,212.03,765.5,,,,,,,,
1/17/2030 0:00,4.31,11.49,18.62,4.54,0.5,4.96,0,3.07,0,0,6.75,6.55,0,0.53,9.15,0.77,0,13.21,22.87,7.61,11.49,19.65,6.36,0.52,5.3,0,3.83,6.49,0.12,7.34,9.07,0,0.56,179.6,1.76,0,20.81,83.12,103.45,12.25,262.45,57.39,1.16,14.04,,0,0,,0,0,34.78,104.49,0,7.2,219.54,17.61,0,316.93,548.86,,,,,,,,
1/18/2030 0:00,4.3,11.49,18.54,4.54,0.5,4.94,0,3.07,0,0,6.75,7.63,0,0.53,5.08,0.77,0,12.46,13.36,7.61,11.49,19.65,6.36,0.52,5.3,0,3.83,6.49,0.12,7.34,9.07,0,0.56,179.6,1.76,0,20.81,83.12,103.12,15.59,322.28,58.4,0.31,15,,0,0,,0,0,34.26,142.53,0,7.2,121.96,17.6,0,299.09,320.56,,,,,,,,
1/19/2030 0:00,4.3,11.49,18.21,4.54,0.5,4.83,0,3.07,0,0,6.75,7.62,0,0.53,5.48,0.77,0,11.27,21.66,7.61,11.49,19.65,6.36,0.52,5.3,0,3.83,6.49,0.12,7.34,9.07,0,0.56,179.6,1.76,0,20.81,83.12,103.12,6.28,168.89,35.25,0,13.21,,0,0,,0,0,33.43,106.93,0,7.2,131.42,17.59,0,270.4,519.83,,,,,,,,
1/20/2030 0:00,4.3,11.49,18.28,4.54,0.5,4.85,0,3.07,0,0,6.75,8.87,0,0.53,3.78,0.77,0,2.58,4.54,7.61,11.49,19.65,6.36,0.52,5.3,0,3.83,6.49,0.12,7.34,9.07,0,0.56,179.6,1.76,0,20.81,83.12,103.12,5.36,365.92,60.88,1.02,17.53,,0,0.11,,0,0,33.2,188.6,0,7.36,90.64,17.6,0,61.93,109.07,,,,,,,,
1/21/2030 0:00,4.3,11.49,18.62,4.53,0.5,4.96,0,3.07,0,0,6.75,8.34,0,0.53,2.54,0.77,0,3.67,15.98,7.61,11.49,19.65,6.36,0.52,5.3,0,3.83,6.49,0.12,7.34,9.07,0,0.56,179.6,1.76,0,20.81,83.12,103.12,17.6,411.4,91.23,3.07,29.56,,0,1.87,,0,0,34.93,189.99,0,8.11,60.9,17.63,0,88.18,383.49,,,,,,,,
1/22/2030 0:00,4.3,11.49,18.65,4.53,0.5,4.97,0,3.07,0,0,6.75,7.93,0,0.53,1.17,0.77,0,5.01,11.74,7.61,11.49,19.65,6.36,0.52,5.3,0,3.83,6.49,0.12,7.34,9.07,0,0.56,179.6,1.76,0,20.81,83.12,103.12,9.02,421.27,96.33,7.39,43.48,,0,12.54,,0,0,36.53,182.76,0,9,28.06,17.89,0,120.13,281.85,,,,,,,,
1/23/2030 0:00,4.31,11.49,18.67,4.53,0.5,4.98,0,3.07,0,0,6.75,8.26,0,0.53,2.12,0.77,0,1,6.26,7.61,11.49,19.65,6.36,0.52,5.3,0,3.83,6.49,0.12,7.34,9.07,0,0.56,179.6,1.76,0,20.81,83.12,103.45,29.03,447.12,107.48,10.45,85.19,,0,32.38,,0,0,37.96,198.17,0,10.92,50.77,18.13,0,24.1,150.17,,,,,,,,
1/24/2030 0:00,4.31,11.49,18.68,4.53,0.5,4.98,0,3.07,0,0,6.75,9.11,0,0.53,2.02,0.77,0,0.73,4.4,7.61,11.49,19.65,6.36,0.52,5.3,0,3.83,6.49,0.12,7.34,9.07,0,0.56,179.6,1.76,0,20.81,83.12,103.45,29.39,447.42,107.65,10.99,93.62,,0,49.4,,0,0,39.89,218.5,0,11.31,48.48,18.23,0,17.47,105.55,,,,,,,,
1/25/2030 0:00,4.3,11.49,18.59,4.53,0.5,4.95,0,3.07,0,0,6.75,9.24,0,0.53,1.2,0.77,0,7.38,2.14,7.61,11.49,19.65,6.36,0.52,5.3,0,3.83,6.49,0.12,7.34,9.07,0,0.56,179.6,1.76,0,20.81,83.12,103.12,12.46,445.47,107.16,10.56,77.74,,0,21.55,,0,0,39.43,221.73,0,10.09,28.79,18.13,0,177.12,51.45,,,,,,,,
1/26/2030 0:00,4.3,11.49,18.24,4.53,0.5,4.84,0,3.07,0,0,6.75,9.07,0,0.53,1.67,0.77,0,10.44,2.97,7.61,11.49,19.65,6.36,0.52,5.3,0,3.83,6.49,0.12,7.34,9.07,0,0.56,179.6,1.76,0,20.81,83.12,103.12,2.68,372.16,70.78,0.62,14.7,,0,0.09,,0,0,37.25,204.44,0,7.28,40.18,17.64,0,250.47,71.29,,,,,,,,
1/27/2030 0:00,4.3,11.49,18.31,4.53,0.5,4.86,0,3.07,0,0,6.75,8.86,0,0.53,2.7,0.77,0,4.66,9.09,7.61,11.49,19.65,6.36,0.52,5.3,0,3.83,6.49,0.12,7.34,9.07,0,0.56,179.6,1.76,0,20.81,83.12,103.12,0.35,339.19,59.93,1.16,18.11,,0,0.15,,0,0,36.43,189.16,0,7.59,64.77,17.63,0,111.89,218.08,,,,,,,,
1/28/2030 0:00,4.3,11.49,18.64,4.53,0.5,4.97,0,3.07,0,0,6.75,8.62,0,0.53,3.78,0.77,0,4.51,4.41,7.61,11.49,19.65,6.36,0.52,5.3,0,3.83,6.49,0.12,7.34,9.07,0,0.56,179.6,1.76,0,20.81,83.12,103.12,27.88,437.79,104.69,8.29,51.12,,0,16.35,,0,0,39.04,205.61,0,8.64,90.78,17.99,0,108.35,105.75,,,,,,,,
1/29/2030 0:00,4.3,11.49,18.65,4.52,0.5,4.97,0,3.07,0,0,6.75,6.58,0,0.53,4.78,0.77,0,11.09,21.6,7.61,11.49,19.65,6.36,0.52,5.3,0,3.83,6.49,0.12,7.34,9.07,0,0.56,179.6,1.76,0,20.81,83.12,103.12,5.1,337.79,59.3,0.31,17.23,,0,0.05,,0,0,38.17,131.23,0,7.2,114.77,17.61,0,266.04,518.32,,,,,,,,
1/30/2030 0:00,4.31,11.49,18.67,4.52,0.5,4.98,0,3.07,0,0,6.75,5.1,0,0.53,4.84,0.77,0,9.72,40.56,7.61,11.49,19.65,6.36,0.52,5.3,0,3.83,6.49,0.12,7.34,9.07,0,0.56,179.6,1.76,0,20.81,83.12,103.45,0.3,195.09,35.71,0,12.74,,0,0,,0,0,36.24,70.33,0,7.2,116.11,17.59,0,233.19,973.48,,,,,,,,
1/31/2030 0:00,4.31,11.49,18.66,4.52,0.5,4.98,0,3.07,0,0,6.75,5.42,0,0.53,4.11,0.77,0,8.71,40.61,7.61,11.49,19.65,6.36,0.52,5.3,0,3.83,6.49,0.12,7.34,9.07,0,0.56,179.6,1.76,0,20.81,83.12,103.45,0,196.53,35.77,0,13.69,,0,0,,0,0,35.34,65.95,0,7.2,98.52,17.59,0,208.95,974.6,,,,,,,,
2/1/2030 0:00,4.41,11.49,18.57,4.72,0.5,4.95,0,3.07,0,0,6.75,4.75,0,0.53,2.86,0.77,0,12.89,55.98,7.61,11.49,19.65,6.36,0.52,5.3,0,3.83,6.49,0.12,7.34,9.07,0,0.56,181.1,1.76,0,21.35,83.53,96.37,15.17,93.83,32.4,0,0,,0,0,,0,0,33.88,61.15,0,7.2,68.73,16.59,0,309.46,1343.4,,,,,,,,
2/2/2030 0:00,4.41,11.49,18.22,4.73,0.5,4.83,0,3.07,0,0,6.75,5.47,0,0.53,3.32,0.77,0,12.65,37.02,7.61,11.49,19.65,6.36,0.52,5.3,0,3.83,6.49,0.12,7.34,9.07,0,0.56,181.1,1.76,0,21.35,83.53,101.55,27,119.1,33.54,0,4.35,,0,0,,0,0,32.49,63.33,0,7.2,79.66,14.92,0,303.61,888.58,,,,,,,,
2/3/2030 0:00,4.41,11.49,18.28,4.73,0.5,4.85,0,3.07,0,0,6.75,5.15,0,0.53,2.38,0.77,0,10.6,54.89,7.61,11.49,19.65,6.36,0.52,5.3,0,3.83,6.49,0.12,7.34,9.07,0,0.56,181.1,1.76,0,21.35,83.53,97.13,0,93.64,32.4,0,0.69,,0,0,,0,0,31.59,61.49,0,7.2,57.18,11.74,0,254.47,1317.42,,,,,,,,
2/4/2030 0:00,4.41,11.49,18.61,4.73,0.5,4.96,0,3.07,0,0,6.75,7.31,0,0.53,8.38,0.77,0,5.67,10.91,7.61,11.49,19.65,6.36,0.52,5.3,0,3.83,6.49,0.12,7.34,9.07,0,0.56,181.1,1.76,0,21.35,83.53,105.74,33.8,354.8,84.23,2.4,26.95,,0,3.03,,0,0,34.64,140.71,0,7.75,201.14,17.67,0,136.09,261.94,,,,,,,,
2/5/2030 0:00,4.41,11.49,18.62,4.73,0.5,4.96,0,3.07,0,0,6.75,7.12,0,0.53,4.96,0.77,0,15.78,11.53,7.61,11.49,19.65,6.36,0.52,5.3,0,3.83,6.49,0.12,7.34,9.07,0,0.56,181.1,1.76,0,21.35,83.53,105.74,0,314.69,40.1,0,15.07,,0,0,,0,0,36.75,146.35,0,7.2,119.12,17.59,0,378.77,276.71,,,,,,,,
2/6/2030 0:00,4.44,11.49,18.63,4.73,0.5,4.96,0,3.07,0,0,6.75,7.62,0,0.53,5.43,0.77,0,1.88,7.02,7.61,11.49,19.65,6.36,0.52,5.3,0,3.83,6.49,0.12,7.34,9.07,0,0.56,181.1,1.76,0,21.35,83.53,106.56,36.07,424.13,99.75,5.55,46.4,,0,10.32,,0,0,39.47,177.35,0,8.19,130.24,17.84,0,45.21,168.44,,,,,,,,
2/7/2030 0:00,4.44,11.49,18.63,4.72,0.5,4.96,0,3.07,0,0,6.75,7.67,0,0.53,14.73,0.77,0,5.71,6.54,7.61,11.49,19.65,6.36,0.52,5.3,0,3.83,6.49,0.12,7.34,9.07,0,0.56,181.1,1.76,0,21.35,83.53,106.56,34.41,389.93,92.78,4.39,35.01,,0,7.59,,0,0,40.45,162.04,0,8.03,353.54,17.82,0,136.92,156.91,,,,,,,,
2/8/2030 0:00,4.41,11.49,18.54,4.72,0.5,4.93,0,3.07,0,0,6.75,6.95,0,0.53,16.76,0.77,0,9.7,14.13,7.61,11.49,19.65,6.36,0.52,5.3,0,3.83,6.49,0.12,7.34,9.07,0,0.56,181.1,1.76,0,21.35,83.53,105.74,11.19,300.01,61.72,0.78,17.14,,0,0.52,,0,0,40.33,119.05,0,7.32,402.19,17.65,0,232.7,339.22,,,,,,,,
2/9/2030 0:00,4.41,11.49,18.18,4.72,0.5,4.82,0,3.07,0,0,6.75,6.18,0,0.53,15.33,0.77,0,16.74,21.99,7.61,11.49,19.65,6.36,0.52,5.3,0,3.83,6.49,0.12,7.34,9.07,0,0.56,181.1,1.76,0,21.35,83.53,104.46,25.2,125.7,33.77,0,8.14,,0,0,,0,0,37.21,69.18,0,7.2,367.87,16.26,0,401.69,527.74,,,,,,,,
2/10/2030 0:00,4.41,11.49,18.24,4.72,0.5,4.84,0,3.07,0,0,6.75,5.99,0,0.53,11.72,0.77,0,14.05,27.11,7.61,11.49,19.65,6.36,0.52,5.3,0,3.83,6.49,0.12,7.34,9.07,0,0.56,181.1,1.76,0,21.35,83.53,105.14,0,93.61,32.49,0,4.45,,0,0,,0,0,35.78,61.67,0,7.2,281.21,17.59,0,337.3,650.62,,,,,,,,
2/11/2030 0:00,4.41,11.49,18.57,4.41,0.5,4.94,0,3.07,0,0,6.75,6.06,0,0.53,5.65,0.77,0,13.02,34.69,7.61,11.49,19.65,6.36,0.52,5.3,0,3.83,6.49,0.12,7.34,9.07,0,0.56,181.1,1.76,0,21.35,83.53,105.74,0.06,230.17,51.4,0.08,10.98,,0,0,,0,0,37.32,87.57,0,7.2,135.56,17.6,0,312.58,832.54,,,,,,,,
2/12/2030 0:00,4.41,11.49,18.58,4.41,0.5,4.95,0,3.07,0,0,6.75,7.41,0,0.53,6.08,0.77,0,4.98,6.32,7.61,11.49,19.65,6.36,0.52,5.3,0,3.83,6.49,0.12,7.34,9.07,0,0.56,181.1,1.76,0,21.35,83.53,105.74,37.14,415.97,92.97,4.29,41.87,,0,6.37,,0,0,40.34,166.79,0,8.11,145.98,17.7,0,119.58,151.77,,,,,,,,
2/13/2030 0:00,4.44,11.49,18.59,4.41,0.5,4.95,0,3.07,0,0,6.75,7.52,0,0.53,8.69,0.77,0,3.98,5.15,7.61,11.49,19.65,6.36,0.52,5.3,0,3.83,6.49,0.12,7.34,9.07,0,0.56,181.1,1.76,0,21.35,83.53,106.56,32.12,408.75,85.98,3.86,38.37,,0,5.9,,0,0,41.77,165.06,0,7.99,208.65,17.78,0,95.47,123.53,,,,,,,,
2/14/2030 0:00,4.44,11.49,18.58,4.72,0.5,4.95,0,3.07,0,0,6.75,8.1,0,0.53,9.9,0.77,0,3.08,3.95,7.61,11.49,19.65,6.36,0.52,5.3,0,3.83,6.49,0.12,7.34,9.07,0,0.56,181.1,1.76,0,21.35,83.53,106.56,30.41,406.96,92.48,4.09,35.79,,0,6.95,,0,0,43.55,179.61,0,8.03,237.63,17.82,0,73.84,94.82,,,,,,,,
2/15/2030 0:00,4.41,11.49,18.49,4.72,0.5,4.92,0,3.07,0,0,6.75,7.63,0,0.53,11.9,0.77,0,5.94,7.31,7.61,11.49,19.65,6.36,0.52,5.3,0,3.83,6.49,0.12,7.34,9.07,0,0.56,181.1,1.76,0,21.35,83.53,105.74,8.51,333.81,69.69,1.47,18.7,,0,1.42,,0,0,43.42,145.38,0,7.4,285.7,17.65,0,142.49,175.47,,,,,,,,
2/16/2030 0:00,4.41,11.49,18.14,4.72,0.5,4.8,0,3.07,0,0,6.75,6.05,0,0.53,11.71,0.77,0,11,23.65,7.61,11.49,19.65,6.36,0.52,5.3,0,3.83,6.49,0.12,7.34,9.07,0,0.56,181.1,1.76,0,21.35,83.53,104.81,8.11,108.74,33.26,0,7.9,,0,0,,0,0,40.01,71.65,0,7.2,281.11,17.59,0,264.11,567.56,,,,,,,,
2/17/2030 0:00,4.41,11.49,18.19,4.71,0.5,4.82,0,3.07,0,0,6.75,4.38,0,0.53,3.97,0.77,0,11.4,55.78,7.61,11.49,19.65,6.36,0.52,5.3,0,3.83,6.49,0.12,7.34,9.07,0,0.56,181.1,1.76,0,21.35,83.53,94.5,0,93.59,32.4,0,0,,0,0,,0,0,37.61,59.12,0,7.2,95.17,9.6,0,273.56,1338.63,,,,,,,,
2/18/2030 0:00,4.41,11.49,18.52,4.71,0.5,4.93,0,3.07,0,0,6.75,4.82,0,0.53,4.84,0.77,0,9.86,45.28,7.61,11.49,19.65,6.36,0.52,5.3,0,3.83,6.49,0.12,7.34,9.07,0,0.56,181.1,1.76,0,21.35,83.53,101.4,34.31,142.61,34.37,0,6.04,,0,0,,0,0,37.97,62.12,0,7.2,116.26,13.93,0,236.72,1086.78,,,,,,,,
2/19/2030 0:00,4.41,11.49,18.53,4.71,0.5,4.93,0,3.07,0,0,6.75,5.06,0,0.53,7.93,0.77,0,8.73,24.91,7.61,11.49,19.65,6.36,0.52,5.3,0,3.83,6.49,0.12,7.34,9.07,0,0.56,181.1,1.76,0,21.35,83.53,105.74,19.46,200.1,35.62,0,12.53,,0,0,,0,0,39.11,64.07,0,7.2,190.27,17.59,0,209.52,597.94,,,,,,,,
2/20/2030 0:00,4.44,11.49,18.53,4.71,0.5,4.93,0,3.07,0,0,6.75,3.45,0,0.53,12.1,0.77,0,13.82,51.4,7.61,11.49,19.65,6.36,0.52,5.3,0,3.83,6.49,0.12,7.34,9.07,0,0.56,181.1,1.76,0,21.35,83.53,100.13,13.34,93.8,33.38,0,1.51,,0,0,,0,0,37.47,46.5,0,7.2,290.4,14.92,0,331.66,1233.5,,,,,,,,
2/21/2030 0:00,4.44,11.49,18.53,4.71,0.5,4.93,0,3.07,0,0,6.75,5.89,0,0.53,11.73,0.77,0,8.77,24.05,7.61,11.49,19.65,6.36,0.52,5.3,0,3.83,6.49,0.12,7.34,9.07,0,0.56,181.1,1.76,0,21.35,83.53,106.56,24.59,234.98,58.34,2.19,16.42,,0,3.17,,0,0,37.35,92.58,0,7.75,281.58,17.68,0,210.52,577.08,,,,,,,,
2/22/2030 0:00,4.41,11.49,18.43,4.71,0.5,4.9,0,3.07,0,0,6.75,7.46,0,0.53,12.8,0.77,0,4.57,7.55,7.61,11.49,19.65,6.36,0.52,5.3,0,3.83,6.49,0.12,7.34,9.07,0,0.56,181.1,1.76,0,21.35,83.53,105.74,16.21,352.86,85.45,1.24,18.28,,0,0.36,,0,0,38.56,150.58,0,7.32,307.25,17.61,0,109.77,181.2,,,,,,,,
2/23/2030 0:00,4.41,11.49,18.07,4.71,0.5,4.78,0,3.07,0,0,6.75,7.38,0,0.53,5.88,0.77,0,10.79,8.27,7.61,11.49,19.65,6.36,0.52,5.3,0,3.83,6.49,0.12,7.34,9.07,0,0.56,181.1,1.76,0,21.35,83.53,105.74,2.62,241.09,38.06,0,13.89,,0,0,,0,0,37.25,110,0,7.2,141.22,17.59,0,258.84,198.38,,,,,,,,
2/24/2030 0:00,4.41,11.49,18.12,4.71,0.5,4.8,0,3.07,0,0,6.75,5.64,0,0.53,5.41,0.77,0,16.09,32.94,7.61,11.49,19.65,6.36,0.52,5.3,0,3.83,6.49,0.12,7.34,9.07,0,0.56,181.1,1.76,0,21.35,83.53,101.36,18.99,95.37,32.43,0,1.52,,0,0,,0,0,35.78,63.45,0,7.2,129.74,17.44,0,386.09,790.62,,,,,,,,
2/25/2030 0:00,4.41,11.49,18.44,4.7,0.5,4.9,0,3.07,0,0,6.75,5.04,0,0.53,8.46,0.77,0,15.58,38.04,7.61,11.49,19.65,6.36,0.52,5.3,0,3.83,6.49,0.12,7.34,9.07,0,0.56,181.1,1.76,0,21.35,83.53,102.06,31.19,141.44,34.32,0,6.41,,0,0,,0,0,36.44,62.8,0,7.2,203.16,17.59,0,373.95,912.95,,,,,,,,
2/26/2030 0:00,4.41,11.49,18.45,4.7,0.5,4.91,0,3.07,0,0,6.75,5.74,0,0.53,10.84,0.77,0,11.89,21.42,7.61,11.49,19.65,6.36,0.52,5.3,0,3.83,6.49,0.12,7.34,9.07,0,0.56,181.1,1.76,0,21.35,83.53,105.74,3.2,201.93,36.33,0,11.41,,0,0,,0,0,37.32,79.87,0,7.2,260.27,17.59,0,285.33,514.04,,,,,,,,
2/27/2030 0:00,4.44,11.49,18.45,4.7,0.5,4.91,0,3.07,0,0,6.75,6.54,0,0.53,13.62,0.77,0,1.91,12.16,7.61,11.49,19.65,6.36,0.52,5.3,0,3.83,6.49,0.12,7.34,9.07,0,0.56,181.1,1.76,0,21.35,83.53,106.56,31.48,332.04,73.71,1.24,16.34,,0,0.13,,0,0,38.39,125.59,0,7.2,326.94,17.61,0,45.95,291.83,,,,,,,,
2/28/2030 0:00,4.44,11.49,18.44,4.7,0.5,4.9,0,3.07,0,0,6.75,7.15,0,0.53,19.26,0.77,0,1.32,10.11,7.61,11.49,19.65,6.36,0.52,5.3,0,3.83,6.49,0.12,7.34,9.07,0,0.56,181.1,1.76,0,21.35,83.53,106.56,29.63,328.59,72.85,2.07,19.09,,0,1.75,,0,0,39.16,140.02,0,7.67,462.32,17.67,0,31.66,242.7,,,,,,,,
3/1/2030 0:00,4.21,11.49,18.34,4.7,0.5,4.87,0,3.07,0,0,6.75,7.27,0,0.53,25.66,0.77,0,0.77,8.77,7.61,11.49,19.65,6.36,0.52,5.3,0,3.83,6.49,0.12,7.34,9.07,0,0.56,182.6,1.76,0,21.89,83.95,99.76,31.21,291.94,54.37,0.62,14.78,,0,0.07,,0,0,39.1,138.03,0,7.2,615.92,16.28,0,18.41,210.37,,,,,,,,
3/2/2030 0:00,4.21,11.49,17.98,4.54,0.5,4.75,0,3.07,0,0,6.75,6.96,0,0.53,22.53,0.77,0,1.99,7.57,7.61,11.49,19.65,6.36,0.52,5.3,0,3.83,6.49,0.12,7.34,9.07,0,0.56,182.6,1.76,0,21.89,83.95,99.76,27,214.08,22.94,0,10.5,,0,0,,0,0,37.22,111.06,0,7.2,540.68,16.26,0,47.88,181.69,,,,,,,,
3/3/2030 0:00,4.21,11.49,18.03,4.54,0.5,4.77,0,3.07,0,0,6.75,7.09,0,0.53,16,0.77,0,7.28,7.36,7.61,11.49,19.65,6.36,0.52,5.3,0,3.83,6.49,0.12,7.34,9.07,0,0.56,182.6,1.76,0,21.89,83.95,100.62,7.53,188.05,22.59,0,11.23,,0,0,,0,0,35.74,117.97,0,7.2,384.1,17.6,0,174.76,176.75,,,,,,,,
3/4/2030 0:00,4.21,11.49,18.35,4.54,0.5,4.87,0,3.07,0,0,6.75,6.97,0,0.53,10.7,0.77,0,9.6,20.93,7.61,11.49,19.65,6.36,0.52,5.3,0,3.83,6.49,0.12,7.34,9.07,0,0.56,182.6,1.76,0,21.89,83.95,100.98,8.57,236.68,32.63,0.23,13.34,,0,0.03,,0,0,36.65,107.08,0,7.2,256.86,17.59,0,230.39,502.23,,,,,,,,
3/5/2030 0:00,4.21,11.49,18.35,4.53,0.5,4.87,0,3.07,0,0,6.75,5.98,0,0.53,8.58,0.77,0,7.96,13.13,7.61,11.49,19.65,6.36,0.52,5.3,0,3.83,6.49,0.12,7.34,9.07,0,0.56,182.6,1.76,0,21.89,83.95,100.98,21.89,333.61,48.15,1.93,20.12,,0,2.11,,0,0,36.94,110.37,0,7.62,205.86,17.64,0,191.11,315.17,,,,,,,,
3/6/2030 0:00,4.15,11.49,18.35,4.53,0.5,4.87,0,3.07,0,0,6.75,6.44,0,0.53,9.66,0.77,0,7.01,10.23,7.61,11.49,19.65,6.36,0.52,5.3,0,3.83,6.49,0.12,7.34,9.07,0,0.56,182.6,1.76,0,21.89,83.95,99.63,21.33,321.63,52.57,0.78,17.57,,0,0.07,,0,0,37.87,118.97,0,7.2,231.86,17.63,0,168.33,245.48,,,,,,,,
3/7/2030 0:00,4.15,11.49,18.34,4.53,0.5,4.87,0,3.07,0,0,6.75,7.01,0,0.53,12.35,0.77,0,8.96,31.65,7.61,11.49,19.65,6.36,0.52,5.3,0,3.83,6.49,0.12,7.34,9.07,0,0.56,182.6,1.76,0,21.89,83.95,99.63,0,184.59,30.9,0,9.98,,0,0,,0,0,35.81,103.71,0,7.2,296.49,17.59,0,215.08,759.59,,,,,,,,
3/8/2030 0:00,4.21,11.49,18.24,4.53,0.5,4.84,0,3.07,0,0,6.75,6.09,0,0.53,6.2,0.77,0,2.44,10.05,7.61,11.49,19.65,6.36,0.52,5.3,0,3.83,6.49,0.12,7.34,9.07,0,0.56,182.6,1.76,0,21.89,83.95,100.98,33.33,362.59,63.93,1.55,14.69,,0,0.14,,0,0,36.54,114.94,0,7.32,148.74,17.59,0,58.5,241.11,,,,,,,,
3/9/2030 0:00,4.21,11.49,17.87,4.53,0.5,4.72,0,3.07,0,0,6.75,7.67,0,0.53,9.96,0.77,0,1.63,13.37,7.61,11.49,19.65,6.36,0.52,5.3,0,3.83,6.49,0.12,7.34,9.07,0,0.56,182.6,1.76,0,21.89,83.95,100.98,8.66,245.05,24.21,0,13.83,,0,0,,0,0,36.13,127.24,0,7.2,238.98,17.59,0,39.02,320.98,,,,,,,,
3/10/2030 0:00,4.21,11.49,17.92,4.53,0.5,4.73,0,3.07,0,0,6.75,7.32,0,0.53,10.4,0.77,0,12.14,25.74,7.61,11.49,19.65,6.36,0.52,5.3,0,3.83,6.49,0.12,7.34,9.07,0,0.56,182.6,1.76,0,21.89,83.95,99.89,0,61.34,16.92,0,3.81,,0,0,,0,0,34.58,67.25,0,7.2,249.71,17.59,0,291.42,617.83,,,,,,,,
3/11/2030 0:00,4.21,11.49,18.24,4.53,0.5,4.84,0,3.07,0,0,6.75,5.95,0,0.53,16.14,0.77,0,8.58,19.54,7.61,11.49,19.65,6.36,0.52,5.3,0,3.83,6.49,0.12,7.34,9.07,0,0.56,182.6,1.76,0,21.89,83.95,100.98,38.7,201,21.02,0,10.77,,0,0,,0,0,35.82,75.6,0,7.2,387.31,17.59,0,205.89,469.08,,,,,,,,
3/12/2030 0:00,4.21,11.49,18.24,4.53,0.5,4.84,0,3.07,0,0,6.75,5.53,0,0.53,11.26,0.77,0,9.46,19.93,7.61,11.49,19.65,6.36,0.52,5.3,0,3.83,6.49,0.12,7.34,9.07,0,0.56,182.6,1.76,0,21.89,83.95,100.98,20.98,179.17,19.76,0,10.51,,0,0,,0,0,36.45,71.61,0,7.2,270.21,17.59,0,227.06,478.34,,,,,,,,
3/13/2030 0:00,4.15,11.49,18.24,4.53,0.5,4.84,0,3.07,0,0,6.75,5.28,0,0.53,13.91,0.77,0,11.45,42.65,7.61,11.49,19.65,6.36,0.52,5.3,0,3.83,6.49,0.12,7.34,9.07,0,0.56,182.6,1.76,0,21.89,83.95,96.29,29.38,68.28,17.27,0,3.7,,0,0,,0,0,35.22,58.34,0,7.2,333.84,15.26,0,274.76,1023.62,,,,,,,,
3/14/2030 0:00,4.15,11.49,18.23,4.53,0.5,4.83,0,3.07,0,0,6.75,4.37,0,0.53,11.34,0.77,0,9.35,38.63,7.61,11.49,19.65,6.36,0.52,5.3,0,3.83,6.49,0.12,7.34,9.07,0,0.56,182.6,1.76,0,21.89,83.95,98.46,27,104.24,19.12,0,7.31,,0,0,,0,0,34.37,59.21,0,7.2,272.22,15.86,0,224.28,927.16,,,,,,,,
3/15/2030 0:00,4.21,11.49,18.13,4.53,0.5,4.8,0,3.07,0,0,6.75,4.91,0,0.53,20.05,0.77,0,11.63,15.66,7.61,11.49,19.65,6.36,0.52,5.3,0,3.83,6.49,0.12,7.34,9.07,0,0.56,182.6,1.76,0,21.89,83.95,99.45,30.45,193.41,20.83,0,10.97,,0,0,,0,0,33.89,67.92,0,7.2,481.1,15.92,0,279.05,375.88,,,,,,,,
3/16/2030 0:00,4.21,11.49,17.76,4.53,0.5,4.68,0,3.07,0,0,6.75,5.67,0,0.53,28.42,0.77,0,12.67,21.43,7.61,11.49,19.65,6.36,0.52,5.3,0,3.83,6.49,0.12,7.34,9.07,0,0.56,182.6,1.76,0,21.89,83.95,96.95,27,69.02,17.23,0,3.18,,0,0,,0,0,32.74,59.02,0,7.2,682.05,14.59,0,304.16,514.28,,,,,,,,
3/17/2030 0:00,4.21,11.49,17.81,4.52,0.5,4.7,0,3.07,0,0,6.75,5.02,0,0.53,24.35,0.77,0,9.31,20.08,7.61,11.49,19.65,6.36,0.52,5.3,0,3.83,6.49,0.12,7.34,9.07,0,0.56,182.6,1.76,0,21.89,83.95,97.44,18.94,106.35,18.83,0,4.4,,0,0,,0,0,32.03,72.75,0,7.2,584.29,15.26,0,223.44,481.81,,,,,,,,
3/18/2030 0:00,4.21,11.49,18.13,4.52,0.5,4.8,0,3.07,0,0,6.75,5.29,0,0.53,25.49,0.77,0,2.58,9.35,7.61,11.49,19.65,6.36,0.52,5.3,0,3.83,6.49,0.12,7.34,9.07,0,0.56,182.6,1.76,0,21.89,83.95,99.45,35.06,223.92,43.37,1.16,11.01,,0,0.12,,0,0,34.12,87.85,0,7.2,611.67,15.98,0,61.87,224.31,,,,,,,,
3/19/2030 0:00,4.21,11.49,18.13,4.52,0.5,4.8,0,3.07,0,0,6.75,5.73,0,0.53,17.44,0.77,0,5.28,6.03,7.61,11.49,19.65,6.36,0.52,5.3,0,3.83,6.49,0.12,7.34,9.07,0,0.56,182.6,1.76,0,21.89,83.95,100.98,27.35,285.06,48.15,1.4,13.1,,0,0.12,,0,0,34.79,102.67,0,7.2,418.65,17.61,0,126.77,144.63,,,,,,,,
3/20/2030 0:00,4.15,11.49,18.13,4.52,0.5,4.8,0,3.07,0,0,6.75,6.2,0,0.53,11.69,0.77,0,5.66,10.66,7.61,11.49,19.65,6.36,0.52,5.3,0,3.83,6.49,0.12,7.34,9.07,0,0.56,182.6,1.76,0,21.89,83.95,99.63,16.8,264.46,37.13,0,13.33,,0,0,,0,0,34.65,110.3,0,7.2,280.58,17.59,0,135.72,255.87,,,,,,,,
3/21/2030 0:00,4.15,11.49,18.11,4.52,0.5,4.8,0,3.07,0,0,6.75,6.84,0,0.53,16.94,0.77,0,10.48,9.79,7.61,11.49,19.65,6.36,0.52,5.3,0,3.83,6.49,0.12,7.34,9.07,0,0.56,182.6,1.76,0,21.89,83.95,99.63,25.52,180.79,20.83,0,9.87,,0,0,,0,0,34.64,90.04,0,7.2,406.48,17.59,0,251.47,234.91,,,,,,,,
3/22/2030 0:00,4.21,11.49,18.01,4.52,0.5,4.76,0,3.07,0,0,6.75,6.29,0,0.53,24.11,0.77,0,12.43,27.65,7.61,11.49,19.65,6.36,0.52,5.3,0,3.83,6.49,0.12,7.34,9.07,0,0.56,182.6,1.76,0,21.89,83.95,97.21,27,59.69,16.89,0,3.52,,0,0,,0,0,33.24,58.8,0,7.2,578.55,15.26,0,298.33,663.55,,,,,,,,
3/23/2030 0:00,4.21,11.49,17.64,4.52,0.5,4.64,0,3.07,0,0,6.75,4.77,0,0.53,12.57,0.77,0,11.12,31.34,7.61,11.49,19.65,6.36,0.52,5.3,0,3.83,6.49,0.12,7.34,9.07,0,0.56,182.6,1.76,0,21.89,83.95,93.82,27,52.56,16.83,0,0.71,,0,0,,0,0,32.38,56.35,0,7.2,301.59,12.6,0,266.81,752.09,,,,,,,,
3/24/2030 0:00,4.21,11.49,17.69,4.52,0.5,4.66,0,3.07,0,0,6.75,4.93,0,0.53,13.25,0.77,0,10.48,34.39,7.61,11.49,19.65,6.36,0.52,5.3,0,3.83,6.49,0.12,7.34,9.07,0,0.56,182.6,1.76,0,21.89,83.95,92.11,24.13,52.32,16.8,0,0,,0,0,,0,0,31.92,56.35,0,7.2,317.98,12.5,0,251.45,825.32,,,,,,,,
3/25/2030 0:00,4.21,11.49,18,4.51,0.5,4.76,0,3.07,0,0,6.75,4.54,0,0.53,19.17,0.77,0,12.3,35.17,7.61,11.49,19.65,6.36,0.52,5.3,0,3.83,6.49,0.12,7.34,9.07,0,0.56,182.6,1.76,0,21.89,83.95,93.42,7.51,61.5,17.63,0,2.65,,0,0,,0,0,32.95,56.96,0,7.2,459.97,12.6,0,295.29,844.12,,,,,,,,
3/26/2030 0:00,4.21,11.49,18,4.51,0.5,4.76,0,3.07,0,0,6.75,3.83,0,0.53,14.37,0.77,0,10.76,19.06,7.61,11.49,19.65,6.36,0.52,5.3,0,3.83,6.49,0.12,7.34,9.07,0,0.56,182.6,1.76,0,21.89,83.95,100.98,42.7,140.93,19.72,0,10.4,,0,0,,0,0,33.76,51.13,0,7.2,344.85,17.59,0,258.34,457.54,,,,,,,,
3/27/2030 0:00,4.15,11.49,18,4.51,0.5,4.76,0,3.07,0,0,6.75,4.78,0,0.53,24.49,0.77,0,11.72,25.42,7.61,11.49,19.65,6.36,0.52,5.3,0,3.83,6.49,0.12,7.34,9.07,0,0.56,182.6,1.76,0,21.89,83.95,96.06,20.32,104.61,18.99,0,7.61,,0,0,,0,0,33.19,58.28,0,7.2,587.73,14.92,0,281.36,609.97,,,,,,,,
3/28/2030 0:00,4.15,11.49,17.98,4.51,0.5,4.75,0,3.07,0,0,6.75,4.8,0,0.53,27.96,0.77,0,8.73,13.48,7.61,11.49,19.65,6.36,0.52,5.3,0,3.83,6.49,0.12,7.34,9.07,0,0.56,182.6,1.76,0,21.89,83.95,96.51,35.09,157.77,20.09,0,9.27,,0,0,,0,0,33.74,62.21,0,7.2,671.02,15.51,0,209.4,323.62,,,,,,,,
3/29/2030 0:00,4.21,11.49,17.87,4.51,0.5,4.72,0,3.07,0,0,6.75,5.61,0,0.53,16.27,0.77,0,8.82,12.19,7.61,11.49,19.65,6.36,0.52,5.3,0,3.83,6.49,0.12,7.34,9.07,0,0.56,182.6,1.76,0,21.89,83.95,100.98,27,185.12,20.47,0,10.57,,0,0,,0,0,33.79,66.58,0,7.2,390.36,17.59,0,211.64,292.5,,,,,,,,
3/30/2030 0:00,4.21,11.49,17.5,4.51,0.5,4.59,0,3.07,0,0,6.75,6.23,0,0.53,14.06,0.77,0,13.96,32.09,7.61,11.49,19.65,6.36,0.52,5.3,0,3.83,6.49,0.12,7.34,9.07,0,0.56,182.6,1.76,0,21.89,83.95,95.45,25.3,52.56,16.8,0,0.73,,0,0,,0,0,32.48,56.35,0,7.2,337.34,13.93,0,334.99,770.24,,,,,,,,
3/31/2030 0:00,4.21,11.49,17.55,4.5,0.5,4.61,0,3.07,0,0,6.75,3.47,0,0.53,14.5,0.77,0,5.94,21.33,7.61,11.49,19.65,6.36,0.52,5.3,0,3.83,6.49,0.12,7.34,6.01,0,0.56,182.6,1.76,0,21.89,83.95,98.82,26.7,66.66,17.66,0,3.19,,0,0,,0,0,31.78,36.37,0,7.2,348,15.59,0,142.63,511.93,,,,,,,,
4/1/2030 0:00,4.1,11.49,17.86,4.5,0.5,4.71,0,3.07,0,0,6.75,3.72,0,0.53,10.49,0.77,0,14.88,31.99,7.61,11.49,19.65,6.36,0.52,5.3,0,3.83,6.49,0.12,7.34,6.01,0,0.56,184.1,1.76,0,22.43,84.37,98.28,7.31,63.6,14.48,0,4.09,,0,0,,0,0,33.82,33.78,0,3.6,251.66,17.59,0,357.22,767.64,,,,,,,,
4/2/2030 0:00,4.1,11.49,17.85,4.38,0.5,4.71,0,3.07,0,0,6.75,3.16,0,0.53,15.28,0.77,0,11.28,24.72,7.61,11.49,19.65,6.36,0.52,5.3,0,3.83,6.49,0.12,7.34,6.01,0,0.56,184.1,1.76,0,22.43,84.37,97.56,35.08,98.65,17.28,0,6.72,,0,0,,0,0,34.46,33.72,0,3.6,366.63,17.59,0,270.73,593.19,,,,,,,,
4/3/2030 0:00,4.14,11.49,17.84,4.36,0.5,4.71,0,3.07,0,0,6.75,3.23,0,0.53,27.9,0.77,0,2.68,15.15,7.61,11.49,19.65,6.36,0.52,5.3,0,3.83,6.49,0.12,7.34,6.01,0,0.56,184.1,1.76,0,22.43,84.37,96.13,15.08,198.97,17.5,0,9.4,,0,0,,0,0,35.14,38.47,0,3.6,669.71,15.26,0,64.39,363.68,,,,,,,,
4/4/2030 0:00,4.14,11.49,17.82,4.36,0.5,4.7,0,3.07,0,0,6.75,3.86,0,0.53,33.89,0.77,0,0.85,4.76,7.61,11.49,19.65,6.36,0.52,5.3,0,3.83,6.49,0.12,7.34,6.01,0,0.56,184.1,1.76,0,22.43,84.37,97.26,37.91,248.31,37.07,1.16,11.49,,0,0.1,,0,0,36.43,54.98,0,3.6,813.27,15.64,0,20.29,114.27,,,,,,,,
4/5/2030 0:00,4.1,11.49,17.71,4.36,0.5,4.66,0,3.07,0,0,6.75,4.27,0,0.53,34.15,0.77,0,1.08,1.94,7.61,11.49,19.65,6.36,0.52,5.3,0,3.83,6.49,0.12,7.34,6.01,0,0.56,184.1,1.76,0,22.43,84.37,96.35,37.55,250.62,59.88,0.93,11.04,,0,0.19,,0,0,37.06,69.19,0,3.6,819.67,15.63,0,25.89,46.65,,,,,,,,
4/6/2030 0:00,4.1,11.49,17.34,4.36,0.5,4.54,0,3.07,0,0,6.75,4.32,0,0.53,35.08,0.77,0,7.82,8.78,7.61,11.49,19.65,6.36,0.52,5.3,0,3.83,6.49,0.12,7.34,6.01,0,0.56,184.1,1.76,0,22.43,84.37,94.46,24.01,133.85,17.16,0,7.07,,0,0,,0,0,35.81,48.01,0,3.6,841.82,14.92,0,187.66,210.81,,,,,,,,
4/7/2030 0:00,4.1,11.49,17.38,4.36,0.5,4.55,0,3.07,0,0,6.75,3.86,0,0.53,22.97,0.77,0,10.91,11.62,7.61,11.49,19.65,6.36,0.52,5.3,0,3.83,6.49,0.12,7.34,6.01,0,0.56,184.1,1.76,0,22.43,84.37,94.75,2.98,98.96,16.49,0,5.12,,0,0,,0,0,34.72,43.56,0,3.6,551.34,15.26,0,261.78,278.9,,,,,,,,
4/8/2030 0:00,4.1,11.49,17.69,4.36,0.5,4.65,0,3.07,0,0,6.75,4.11,0,0.53,11.77,0.77,0,2.92,4.68,7.61,11.49,19.65,6.36,0.52,5.3,0,3.83,6.49,0.12,7.34,6.01,0,0.56,184.1,1.76,0,22.43,84.37,98.28,28.87,316.53,68,2.38,16.29,,0,0.2,,0,0,37.26,72.27,0,3.8,282.58,17.65,0,69.97,112.29,,,,,,,,
4/9/2030 0:00,4.1,11.49,17.68,4.35,0.5,4.65,0,3.07,0,0,6.75,4.58,0,0.53,28.41,0.77,0,2.98,3.46,7.61,11.49,19.65,6.36,0.52,5.3,0,3.83,6.49,0.12,7.34,6.01,0,0.56,184.1,1.76,0,22.43,84.37,97.74,34.35,241.64,35.78,0.23,10.58,,0,0.06,,0,0,38.72,65.77,0,3.6,681.83,17.61,0,71.53,83.09,,,,,,,,
4/10/2030 0:00,4.14,11.49,17.67,4.35,0.5,4.65,0,3.07,0,0,6.75,3.75,0,0.53,33.57,0.77,0,14.53,22.06,7.61,11.49,19.65,6.36,0.52,5.3,0,3.83,6.49,0.12,7.34,6.01,0,0.56,184.1,1.76,0,22.43,84.37,95.18,5.29,80.73,13.93,0,4.7,,0,0,,0,0,36.6,36.15,0,3.6,805.58,14.59,0,348.73,529.44,,,,,,,,
4/11/2030 0:00,4.14,11.49,17.65,4.35,0.5,4.64,0,3.07,0,0,6.75,2.84,0,0.53,22.57,0.77,0,11.65,28.65,7.61,11.49,19.65,6.36,0.52,5.3,0,3.83,6.49,0.12,7.34,6.01,0,0.56,184.1,1.76,0,22.43,84.37,96.09,50.32,112.82,14.91,0,4.04,,0,0,,0,0,35.99,31.11,0,3.6,541.63,14.92,0,279.59,687.59,,,,,,,,
4/12/2030 0:00,4.1,11.49,17.54,4.35,0.5,4.61,0,3.07,0,0,6.75,3.1,0,0.53,16.63,0.77,0,6.56,23.8,7.61,11.49,19.65,6.36,0.52,5.3,0,3.83,6.49,0.12,7.34,6.01,0,0.56,184.1,1.76,0,22.43,84.37,97.19,27,113.72,16.79,0,5.81,,0,0,,0,0,36.28,33.45,0,3.6,399.2,17.59,0,157.44,571.14,,,,,,,,
4/13/2030 0:00,4.1,11.49,17.16,4.35,0.5,4.48,0,3.07,0,0,6.75,3.66,0,0.53,20.63,0.77,0,11.91,20.78,7.61,11.49,19.65,6.36,0.52,5.3,0,3.83,6.49,0.12,7.34,6.01,0,0.56,184.1,1.76,0,22.43,84.37,92.56,27,73.38,13.87,0,2.91,,0,0,,0,0,35.33,33.7,0,3.6,495.14,13.93,0,285.87,498.81,,,,,,,,
4/14/2030 0:00,4.1,11.49,17.2,4.35,0.5,4.5,0,3.07,0,0,6.75,3.6,0,0.53,22.19,0.77,0,6.01,5.54,7.61,11.49,19.65,6.36,0.52,5.3,0,3.83,6.49,0.12,7.34,6.01,0,0.56,184.1,1.76,0,22.43,84.37,94.75,11.57,103.75,17.22,0,5.9,,0,0,,0,0,35.13,35.12,0,3.6,532.45,15.26,0,144.23,133.06,,,,,,,,
4/15/2030 0:00,4.1,11.49,17.51,4.34,0.5,4.6,0,3.07,0,0,6.75,3.83,0,0.53,11.52,0.77,0,10.21,13.78,7.61,11.49,19.65,6.36,0.52,5.3,0,3.83,6.49,0.12,7.34,6.01,0,0.56,184.1,1.76,0,22.43,84.37,98.28,17.09,176.29,19.43,0,9.46,,0,0,,0,0,37.38,42.34,0,3.6,276.45,17.59,0,245.13,330.68,,,,,,,,
4/16/2030 0:00,4.1,11.49,17.5,4.34,0.5,4.59,0,3.07,0,0,6.75,3.85,0,0.53,11.6,0.77,0,2.53,8.88,7.61,11.49,19.65,6.36,0.52,5.3,0,3.83,6.49,0.12,7.34,6.01,0,0.56,184.1,1.76,0,22.43,84.37,98.28,20.67,275.14,27.31,0,13.34,,0,0,,0,0,39.46,56.44,0,3.6,278.28,17.59,0,60.74,213.01,,,,,,,,
4/17/2030 0:00,4.14,11.49,17.49,4.34,0.5,4.59,0,3.07,0,0,6.75,3.97,0,0.53,21.52,0.77,0,2.74,10.97,7.61,11.49,19.65,6.36,0.52,5.3,0,3.83,6.49,0.12,7.34,6.01,0,0.56,184.1,1.76,0,22.43,84.37,99.11,31.82,215.6,21.75,0,9.8,,0,0,,0,0,39.74,49.3,0,3.6,516.38,17.59,0,65.83,263.27,,,,,,,,
4/18/2030 0:00,4.14,11.49,17.47,4.34,0.5,4.58,0,3.07,0,0,6.75,3.5,0,0.53,18.78,0.77,0,7.07,20.63,7.61,11.49,19.65,6.36,0.52,5.3,0,3.83,6.49,0.12,7.34,6.01,0,0.56,184.1,1.76,0,22.43,84.37,97.54,28.5,103.13,14.14,0,6.56,,0,0,,0,0,38.8,33.31,0,3.6,450.76,16.18,0,169.66,495.14,,,,,,,,
4/19/2030 0:00,4.1,11.49,17.36,4.34,0.5,4.55,0,3.07,0,0,6.75,3.45,0,0.53,26.36,0.77,0,6.7,26.72,7.61,11.49,19.65,6.36,0.52,5.3,0,3.83,6.49,0.12,7.34,6.01,0,0.56,184.1,1.76,0,22.43,84.37,93.51,11.11,44.37,12.67,0,1.06,,0,0,,0,0,36.89,31.87,0,3.6,632.7,14.26,0,160.9,641.3,,,,,,,,
4/20/2030 0:00,4.1,11.49,16.98,4.34,0.5,4.42,0,3.07,0,0,6.75,3.11,0,0.53,17.76,0.77,0,9.47,20.37,7.61,11.49,19.65,6.36,0.52,5.3,0,3.83,6.49,0.12,7.34,6.01,0,0.56,184.1,1.76,0,22.43,84.37,93.99,42.89,44.31,12.67,0,1.39,,0,0,,0,0,35.84,31.87,0,3.6,426.15,14.59,0,227.16,488.77,,,,,,,,
4/21/2030 0:00,4.1,11.49,17.02,4.33,0.5,4.44,0,3.07,0,0,6.75,3.41,0,0.53,35.9,0.77,0,8.22,23.95,7.61,11.49,19.65,6.36,0.52,5.3,0,3.83,6.49,0.12,7.34,6.01,0,0.56,184.1,1.76,0,22.43,84.37,92.84,26.78,43.73,12.67,0,1.21,,0,0,,0,0,34.62,31.87,0,3.6,861.7,14.12,0,197.34,574.88,,,,,,,,
4/22/2030 0:00,4.1,11.49,17.32,4.33,0.5,4.54,0,3.07,0,0,6.75,2.63,0,0.53,34.16,0.77,0,6.42,18.61,7.61,11.49,19.65,6.36,0.52,5.3,0,3.83,6.49,0.12,7.34,6.01,0,0.56,184.1,1.76,0,22.43,84.37,94.2,3.66,52.33,13.07,0,2.41,,0,0,,0,0,36.08,29.24,0,3.6,819.91,14.26,0,154.09,446.54,,,,,,,,
4/23/2030 0:00,4.1,11.49,17.32,4.33,0.5,4.53,0,3.07,0,0,6.75,2.62,0,0.53,25.83,0.77,0,4.72,11.44,7.61,11.49,19.65,6.36,0.52,5.3,0,3.83,6.49,0.12,7.34,6.01,0,0.56,184.1,1.76,0,22.43,84.37,96.55,50.55,119.8,17.31,0,6.64,,0,0,,0,0,38.25,29.49,0,3.6,619.93,15.59,0,113.27,274.48,,,,,,,,
4/24/2030 0:00,4.14,11.49,17.3,4.33,0.5,4.53,0,3.07,0,0,6.75,3.09,0,0.53,19.74,0.77,0,7.51,30.81,7.61,11.49,19.65,6.36,0.52,5.3,0,3.83,6.49,0.12,7.34,6.01,0,0.56,184.1,1.76,0,22.43,84.37,95.75,10.14,72.15,14.68,0,3.98,,0,0,,0,0,38.39,32.91,0,3.6,473.85,14.92,0,180.34,739.53,,,,,,,,
4/25/2030 0:00,4.14,11.49,17.28,4.33,0.5,4.52,0,3.07,0,0,6.75,3.01,0,0.53,20.52,0.77,0,9.03,23.47,7.61,11.49,19.65,6.36,0.52,5.3,0,3.83,6.49,0.12,7.34,6.01,0,0.56,184.1,1.76,0,22.43,84.37,97.26,40.42,92.32,15.73,0,5.82,,0,0,,0,0,38.32,32.85,0,3.6,492.43,15.59,0,216.83,563.37,,,,,,,,
4/26/2030 0:00,4.1,11.49,17.16,4.33,0.5,4.48,0,3.07,0,0,6.75,3.32,0,0.53,29.14,0.77,0,9.05,14.55,7.61,11.49,19.65,6.36,0.52,5.3,0,3.83,6.49,0.12,7.34,6.01,0,0.56,184.1,1.76,0,22.43,84.37,94.46,30.45,100.38,17.24,0,4.91,,0,0,,0,0,38.16,34.34,0,3.6,699.43,14.92,0,217.28,349.23,,,,,,,,
4/27/2030 0:00,4.1,11.49,16.78,4.32,0.5,4.36,0,3.07,0,0,6.75,3.5,0,0.53,33.73,0.77,0,4.92,5.24,7.61,11.49,19.65,6.36,0.52,5.3,0,3.83,6.49,0.12,7.34,6.01,0,0.56,184.1,1.76,0,22.43,84.37,94.46,27,113.62,16.46,0,5.93,,0,0,,0,0,37.69,34.91,0,3.6,809.53,14.92,0,118.1,125.7,,,,,,,,
4/28/2030 0:00,4.1,11.49,16.82,4.32,0.5,4.37,0,3.07,0,0,6.75,3.9,0,0.53,15.52,0.77,0,7.23,11.88,7.61,11.49,19.65,6.36,0.52,5.3,0,3.83,6.49,0.12,7.34,6.01,0,0.56,184.1,1.76,0,22.43,84.37,95.67,4.17,59.31,14.38,0,3.13,,0,0,,0,0,37.74,34,0,3.6,372.58,15.59,0,173.44,285.2,,,,,,,,
4/29/2030 0:00,4.1,11.49,17.12,4.32,0.5,4.47,0,3.07,0,0,6.75,4.14,0,0.53,20.82,0.77,0,4.09,12.98,7.61,11.49,19.65,6.36,0.52,5.3,0,3.83,6.49,0.12,7.34,6.01,0,0.56,184.1,1.76,0,22.43,84.37,97.56,47.31,160.76,18.98,0,8.39,,0,0,,0,0,39.95,44.13,0,3.6,499.79,17.59,0,98.11,311.47,,,,,,,,
4/30/2030 0:00,4.1,11.49,17.11,4.04,0.5,4.47,0,3.07,0,0,6.75,3.58,0,0.53,38.16,0.77,0,1.83,5.78,7.61,11.49,19.65,6.36,0.52,5.3,0,3.83,6.49,0.12,7.34,6.01,0,0.56,184.1,1.76,0,22.43,84.37,94.46,29.51,168.7,17.78,0,7.81,,0,0,,0,0,41.14,39.19,0,3.6,915.94,14.92,0,43.99,138.74,,,,,,,,
5/1/2030 0:00,3.9,11.49,17.1,4.04,0.5,4.46,0,3.07,0,0,6.75,3.1,0,0.53,22.99,0.77,0,3.84,7.57,7.61,11.49,19.65,6.36,0.52,5.3,0,3.83,6.49,0.12,7.34,6.01,0,0.56,185.6,1.76,0,22.98,84.78,91.02,27,103.8,0.37,0,5.81,,0,0,,0,0,41.52,24.76,0,2.4,551.71,15.26,0,92.22,181.71,,,,,,,,
5/2/2030 0:00,3.9,11.49,17.07,3.18,0.5,4.45,0,3.07,0,0,6.75,3.56,0,0.53,19.25,0.77,0,7.38,15.71,7.61,11.49,19.65,6.36,0.52,5.3,0,3.83,6.49,0.12,7.34,6.01,0,0.56,185.6,1.76,0,22.98,84.78,92.84,21.97,138.42,0.28,0,7.02,,0,0,,0,0,41.84,25.71,0,2.4,462.02,17.59,0,177.22,376.93,,,,,,,,
5/3/2030 0:00,3.92,11.49,16.95,3.16,0.5,4.41,0,3.07,0,0,6.75,3.89,0,0.53,31.9,0.77,0,1.38,5.91,7.61,11.49,19.65,6.36,0.52,5.3,0,3.83,6.49,0.12,7.34,6.01,0,0.56,185.6,1.76,0,22.98,84.78,91.74,32.03,162.13,0.28,0,8.02,,0,0,,0,0,42.25,27.38,0,2.4,765.68,15.6,0,33.1,141.89,,,,,,,,
5/4/2030 0:00,3.92,11.49,16.58,3.16,0.5,4.29,0,3.07,0,0,6.75,3.99,0,0.53,32.88,0.77,0,5.79,11.27,7.61,11.49,19.65,6.36,0.52,5.3,0,3.83,6.49,0.12,7.34,6.01,0,0.56,185.6,1.76,0,22.98,84.78,89.67,27,67.43,0.11,0,2.63,,0,0,,0,0,41.33,25.09,0,2.4,789.05,14.59,0,138.9,270.37,,,,,,,,
5/5/2030 0:00,3.92,11.49,16.61,3.16,0.5,4.3,0,3.07,0,0,6.75,3.59,0,0.53,24.24,0.77,0,9.56,20.65,7.61,11.49,19.65,6.36,0.52,5.3,0,3.83,6.49,0.12,7.34,6.01,0,0.56,185.6,1.76,0,22.98,84.78,89.47,2.45,47.49,0.03,0,1.59,,0,0,,0,0,39.29,24.82,0,2.4,581.85,14.59,0,229.33,495.62,,,,,,,,
5/6/2030 0:00,3.92,11.49,16.92,3.08,0.5,4.4,0,3.07,0,0,6.75,3.21,0,0.53,21.59,0.77,0,9.45,9.73,7.61,11.49,19.65,6.36,0.52,5.3,0,3.83,6.49,0.12,7.34,6.01,0,0.56,185.6,1.76,0,22.98,84.78,93.96,51.55,141.07,0.29,0,7.72,,0,0,,0,0,40.83,25.21,0,2.4,518.15,17.59,0,226.92,233.63,,,,,,,,
5/7/2030 0:00,3.92,11.49,16.91,3.08,0.5,4.4,0,3.07,0,0,6.75,3.28,0,0.53,23.36,0.77,0,12.23,17.06,7.61,11.49,19.65,6.36,0.52,5.3,0,3.83,6.49,0.12,7.34,6.01,0,0.56,185.6,1.76,0,22.98,84.78,92.03,23.55,118.69,0.27,0,6.73,,0,0,,0,0,41.24,25.21,0,2.4,560.66,15.59,0,293.48,409.43,,,,,,,,
5/8/2030 0:00,3.9,11.49,16.9,3.08,0.5,4.4,0,3.07,0,0,6.75,2.85,0,0.53,24.25,0.77,0,6.32,16.41,7.61,11.49,19.65,6.36,0.52,5.3,0,3.83,6.49,0.12,7.34,6.01,0,0.56,185.6,1.76,0,22.98,84.78,92.66,30.45,153.25,0.28,0,7.74,,0,0,,0,0,40.53,23.44,0,2.4,581.99,17.59,0,151.73,393.92,,,,,,,,
5/9/2030 0:00,3.9,11.49,16.88,3.08,0.5,4.39,0,3.07,0,0,6.75,3.29,0,0.53,27.85,0.77,0,4.44,21.67,7.61,11.49,19.65,6.36,0.52,5.3,0,3.83,6.49,0.12,7.34,6.01,0,0.56,185.6,1.76,0,22.98,84.78,91.15,26.93,129.34,0.27,0,7.04,,0,0,,0,0,41.91,25.2,0,2.4,668.38,15.59,0,106.67,519.98,,,,,,,,
5/10/2030 0:00,3.92,11.49,16.77,3.08,0.5,4.35,0,3.07,0,0,6.75,3.3,0,0.53,17.19,0.77,0,3.76,12.77,7.61,11.49,19.65,6.36,0.52,5.3,0,3.83,6.49,0.12,7.34,6.01,0,0.56,185.6,1.76,0,22.98,84.78,93.96,27.06,152.32,0.29,0,7.27,,0,0.01,,0,0,42.99,33.9,0,2.4,412.46,17.59,0,90.16,306.55,,,,,,,,
5/11/2030 0:00,3.92,11.49,16.4,3.07,0.5,4.23,0,3.07,0,0,6.75,4.16,0,0.53,14.54,0.77,0,3.49,5.37,7.61,11.49,19.65,6.36,0.52,5.3,0,3.83,6.49,0.12,7.34,6.01,0,0.56,185.6,1.76,0,22.98,84.78,93.96,24.58,152.78,0.29,0,7.3,,0,0,,0,0,43.45,35.6,0,2.4,348.93,17.59,0,83.81,128.89,,,,,,,,
5/12/2030 0:00,3.92,11.49,16.44,3.07,0.5,4.25,0,3.07,0,0,6.75,4.54,0,0.53,21.14,0.77,0,6.04,13.84,7.61,11.49,19.65,6.36,0.52,5.3,0,3.83,6.49,0.12,7.34,6.01,0,0.56,185.6,1.76,0,22.98,84.78,89.93,3.45,55.32,0.19,0,2.53,,0,0,,0,0,42.34,26.44,0,2.4,507.34,14.92,0,144.87,332.18,,,,,,,,
5/13/2030 0:00,3.92,11.49,16.75,3.07,0.5,4.35,0,3.07,0,0,6.75,3.8,0,0.53,24.4,0.77,0,4.38,11.85,7.61,11.49,19.65,6.36,0.52,5.3,0,3.83,6.49,0.12,7.34,6.01,0,0.56,185.6,1.76,0,22.98,84.78,92.17,46.37,134.08,0.28,0,6.63,,0,0,,0,0,44.34,35.16,0,2.4,585.61,15.92,0,105.07,284.29,,,,,,,,
5/14/2030 0:00,3.92,11.49,16.75,2.89,0.5,4.35,0,3.07,0,0,6.75,3.42,0,0.53,23.88,0.77,0,1.82,4.95,7.61,11.49,19.65,6.36,0.52,5.3,0,3.83,6.49,0.12,7.34,6.01,0,0.56,185.6,1.76,0,22.98,84.78,93.96,28.72,214.63,6.85,1.16,9.22,,0,0.1,,0,0,45.61,48.89,0,2.4,573.22,17.65,0,43.77,118.82,,,,,,,,
5/15/2030 0:00,3.9,11.49,16.75,2.71,0.5,4.35,0,3.07,0,0,6.75,3.64,0,0.53,24.31,0.77,0,5.58,9.17,7.61,11.49,19.65,6.36,0.52,5.3,0,3.83,6.49,0.12,7.34,6.01,0,0.56,185.6,1.76,0,22.98,84.78,93.56,29.46,189.78,1.22,0,8.03,,0,0,,0,0,45.47,41.42,0,2.4,583.43,17.61,0,133.85,220,,,,,,,,
5/16/2030 0:00,3.9,11.49,16.74,2.96,0.5,4.34,0,3.07,0,0,6.75,3.72,0,0.53,17.44,0.77,0,10.55,27.1,7.61,11.49,19.65,6.36,0.52,5.3,0,3.83,6.49,0.12,7.34,6.01,0,0.56,185.6,1.76,0,22.98,84.78,93.19,27,71.62,0.18,0,3.95,,0,0,,0,0,43.24,24.67,0,2.4,418.5,17.59,0,253.14,650.38,,,,,,,,
5/17/2030 0:00,3.92,11.49,16.65,2.96,0.5,4.31,0,3.07,0,0,6.75,3.19,0,0.53,26.6,0.77,0,8.38,19.78,7.61,11.49,19.65,6.36,0.52,5.3,0,3.83,6.49,0.12,7.34,6.01,0,0.56,185.6,1.76,0,22.98,84.78,90.42,23.74,79.47,0.09,0,4.17,,0,0,,0,0,41.99,25,0,2.4,638.31,15.26,0,201.01,474.68,,,,,,,,
5/18/2030 0:00,3.92,11.49,16.29,2.96,0.5,4.2,0,3.07,0,0,6.75,3.32,0,0.53,31.1,0.77,0,0.65,7.92,7.61,11.49,19.65,6.36,0.52,5.3,0,3.83,6.49,0.12,7.34,6.01,0,0.56,185.6,1.76,0,22.98,84.78,90.14,30.26,127.16,0.24,0,6.58,,0,0,,0,0,41.84,25.56,0,2.4,746.34,15.26,0,15.68,190.02,,,,,,,,
5/19/2030 0:00,3.92,11.49,16.34,2.96,0.5,4.21,0,3.07,0,0,6.75,3.8,0,0.53,26.84,0.77,0,3.44,13.03,7.61,11.49,19.65,6.36,0.52,5.3,0,3.83,6.49,0.12,7.34,6.01,0,0.56,185.6,1.76,0,22.98,84.78,89.67,5.27,69.58,0.13,0,3.3,,0,0,,0,0,41.02,25.2,0,2.4,644.25,14.59,0,82.58,312.77,,,,,,,,
5/20/2030 0:00,3.92,11.49,16.67,2.96,0.5,4.32,0,3.07,0,0,6.75,3.56,0,0.53,25.07,0.77,0,8.11,19.43,7.61,11.49,19.65,6.36,0.52,5.3,0,3.83,6.49,0.12,7.34,6.01,0,0.56,185.6,1.76,0,22.98,84.78,89.96,47.23,82.64,0.25,0,4.61,,0,0,,0,0,41.01,25.41,0,2.4,601.78,14.92,0,194.74,466.24,,,,,,,,
5/21/2030 0:00,3.92,11.49,16.69,2.95,0.5,4.33,0,3.07,0,0,6.75,2.88,0,0.53,28.41,0.77,0,7.53,14.54,7.61,11.49,19.65,6.36,0.52,5.3,0,3.83,6.49,0.12,7.34,6.01,0,0.56,185.6,1.76,0,22.98,84.78,91.15,27.97,124.82,0.25,0,6.63,,0,0,,0,0,42.51,23.66,0,2.4,681.87,15.26,0,180.71,348.88,,,,,,,,
5/22/2030 0:00,3.9,11.49,16.7,2.95,0.5,4.33,0,3.07,0,0,6.75,2.83,0,0.53,29.71,0.77,0,7.72,12.33,7.61,11.49,19.65,6.36,0.52,5.3,0,3.83,6.49,0.12,7.34,6.01,0,0.56,185.6,1.76,0,22.98,84.78,91.83,27.52,156.33,0.25,0,8.32,,0,0,,0,0,42.18,23.27,0,2.4,713.07,15.59,0,185.29,295.86,,,,,,,,
5/23/2030 0:00,3.9,11.49,16.7,2.95,0.5,4.33,0,3.07,0,0,6.75,3.29,0,0.53,16.88,0.77,0,10.81,25.78,7.61,11.49,19.65,6.36,0.52,5.3,0,3.83,6.49,0.12,7.34,6.01,0,0.56,185.6,1.76,0,22.98,84.78,91.02,14.82,92.2,0.25,0,4.27,,0,0,,0,0,42.73,24.78,0,2.4,405.19,14.92,0,259.55,618.67,,,,,,,,
5/24/2030 0:00,3.92,11.49,16.61,2.95,0.5,4.3,0,3.07,0,0,6.75,3.39,0,0.53,21.36,0.77,0,7.08,8.97,7.61,11.49,19.65,6.36,0.52,5.3,0,3.83,6.49,0.12,7.34,6.01,0,0.56,185.6,1.76,0,22.98,84.78,93.96,34.46,138.06,0.28,0,7.48,,0,0,,0,0,42.96,33.26,0,2.4,512.63,17.59,0,169.84,215.39,,,,,,,,
5/25/2030 0:00,3.92,11.49,16.27,2.95,0.5,4.19,0,3.07,0,0,6.75,3.63,0,0.53,31.34,0.77,0,8.05,10.75,7.61,11.49,19.65,6.36,0.52,5.3,0,3.83,6.49,0.12,7.34,6.01,0,0.56,185.6,1.76,0,22.98,84.78,89.19,27,90.05,0.11,0,4.11,,0,0,,0,0,42.01,30.85,0,2.4,752.24,14.52,0,193.28,258.07,,,,,,,,
5/26/2030 0:00,3.92,11.49,16.33,2.95,0.5,4.21,0,3.07,0,0,6.75,2.76,0,0.53,35,0.77,0,6.32,13.42,7.61,11.49,19.65,6.36,0.52,5.3,0,3.83,6.49,0.12,7.34,6.01,0,0.56,185.6,1.76,0,22.98,84.78,89.44,6.44,56.99,0.04,0,2.3,,0,0,,0,0,40.53,22.65,0,2.4,840.11,13.93,0,151.63,322.08,,,,,,,,
5/27/2030 0:00,3.92,11.49,16.67,2.95,0.5,4.32,0,3.07,0,0,6.75,2.6,0,0.53,36.84,0.77,0,0.76,6.77,7.61,11.49,19.65,6.36,0.52,5.3,0,3.83,6.49,0.12,7.34,6.01,0,0.56,185.6,1.76,0,22.98,84.78,91.04,46.04,158.69,0.25,0,7.31,,0,0.1,,0,0,42.8,29.98,0,2.4,884.26,15.31,0,18.2,162.55,,,,,,,,
5/28/2030 0:00,3.92,11.49,16.69,2.95,0.5,4.33,0,3.07,0,0,6.75,2.79,0,0.53,35.13,0.77,0,2.73,7.17,7.61,11.49,19.65,6.36,0.52,5.3,0,3.83,6.49,0.12,7.34,6.01,0,0.56,185.6,1.76,0,22.98,84.78,91.15,27.45,165.4,0.25,0,7.32,,0,0,,0,0,45.3,34.23,0,2.4,843.01,15.28,0,65.6,172.14,,,,,,,,
5/29/2030 0:00,3.9,11.49,16.71,2.95,0.5,4.34,0,3.07,0,0,6.75,2.62,0,0.53,34.86,0.77,0,7.64,12.37,7.61,11.49,19.65,6.36,0.52,5.3,0,3.83,6.49,0.12,7.34,6.01,0,0.56,185.6,1.76,0,22.98,84.78,89.48,28.07,104.93,0.15,0,5.34,,0,0,,0,0,45.44,21.55,0,2.4,836.69,14.26,0,183.44,296.92,,,,,,,,
5/30/2030 0:00,3.9,11.49,16.72,3.12,0.5,4.34,0,3.07,0,0,6.75,2.76,0,0.53,33.45,0.77,0,4.25,10.05,7.61,11.49,19.65,6.36,0.52,5.3,0,3.83,6.49,0.12,7.34,6.01,0,0.56,185.6,1.76,0,22.98,84.78,89.72,11.34,66.5,0.06,0,4.25,,0,0,,0,0,45.83,22.7,0,2.4,802.81,14.59,0,101.95,241.11,,,,,,,,
5/31/2030 0:00,3.92,11.49,16.64,3.3,0.5,4.31,0,3.07,0,0,6.75,3.06,0,0.53,37.34,0.77,0,6.33,11.9,7.61,11.49,19.65,6.36,0.52,5.3,0,3.83,6.49,0.12,7.34,6.01,0,0.56,185.6,1.76,0,22.98,84.78,89.19,41.05,77.52,0.15,0,3.77,,0,0,,0,0,45.86,24.72,0,2.4,896.27,14.26,0,152,285.55,,,,,,,,
6/1/2030 0:00,3.92,11.49,16.29,3.3,0.5,4.2,0,3.07,0,0,6.75,2.85,0,0.53,30.65,0.62,0,10.15,15.84,7.61,11.49,19.65,6.36,0.52,5.3,0,3.83,6.49,0.12,7.34,6.01,0,0.56,187.1,1.76,0,23.52,85.2,88.88,27.83,31.99,0.09,0,1.45,,0,0,,0,0,44.5,23.44,0,2.4,735.48,12.17,0,243.67,380.12,,,,,,,,
6/2/2030 0:00,3.92,11.49,16.36,3.12,0.5,4.22,0,3.07,0,0,6.75,2.8,0,0.53,30.82,0.62,0,6.48,13.19,7.61,11.49,19.65,6.36,0.52,5.3,0,3.83,6.49,0.12,7.34,6.01,0,0.56,187.1,1.76,0,23.52,85.2,89.36,9.1,39.41,0.04,0,1.85,,0,0,,0,0,44.35,23.01,0,2.4,739.59,12.57,0,155.53,316.46,,,,,,,,
6/3/2030 0:00,3.92,11.49,16.7,3.11,0.5,4.33,0,3.03,0,0,6.75,2.86,0,0.53,35.32,0.62,0,1.05,13.01,7.61,11.49,19.65,6.36,0.52,5.3,0,3.83,6.49,0.12,7.34,6.01,0,0.56,187.1,1.76,0,23.52,85.2,90.59,42.23,107.84,0.27,0,5.61,,0,0,,0,0,47.21,23.53,0,2.4,847.63,12.97,0,25.16,312.27,,,,,,,,
6/4/2030 0:00,3.92,11.49,16.72,3.1,0.5,4.34,0,3.02,0,0,6.75,2.55,0,0.53,34.44,0.62,0,1.4,8.01,7.61,11.49,19.65,6.36,0.52,5.3,0,3.83,6.49,0.12,7.34,6.01,0,0.56,187.1,1.76,0,23.52,85.2,90.79,30.45,154.48,0.27,0,7.53,,0,0,,0,0,48.79,27.06,0,2.4,826.66,12.97,0,33.7,192.14,,,,,,,,
6/5/2030 0:00,3.83,11.49,16.73,3.1,0.5,4.34,0,3.02,0,0,6.75,2.57,0,0.53,31.48,0.62,0,0.57,8.35,7.61,11.49,19.65,6.36,0.52,5.3,0,3.83,6.49,0.12,7.34,6.01,0,0.56,187.1,1.76,0,23.52,85.2,89.6,25.93,171.11,0.27,0,8.29,,0,0,,0,0,49.34,28.38,0,2.4,755.6,12.97,0,13.71,200.46,,,,,,,,
6/6/2030 0:00,3.83,11.49,16.73,3.1,0.5,4.34,0,3.02,0,0,6.75,2.85,0,0.53,25.63,0.62,0,3.16,6.96,7.61,11.49,19.65,6.36,0.52,5.3,0,3.83,6.49,0.12,7.34,6.01,0,0.56,187.1,1.76,0,23.52,85.2,91.27,27.39,195.66,0.28,0,8.62,,0,0,,0,0,49.67,33.02,0,2.4,615.02,14.35,0,75.75,167.06,,,,,,,,
6/7/2030 0:00,3.92,11.49,16.65,3.1,0.5,4.31,0,3.02,0,0,6.75,3.76,0,0.53,27.23,0.62,0,3.58,5.21,7.61,11.49,19.65,6.36,0.52,5.3,0,3.83,6.49,0.12,7.34,6.01,0,0.56,187.1,1.76,0,23.52,85.2,93.41,26.95,177.33,0.28,0,7.71,,0,0,,0,0,49.18,38.92,0,2.4,653.51,14.35,0,85.99,125.15,,,,,,,,
6/8/2030 0:00,3.92,11.49,16.29,3.38,0.5,4.2,0,3.02,0,0,6.75,3.89,0,0.53,27.77,0.62,0,5.63,7.49,7.61,11.49,19.65,6.36,0.52,5.3,0,3.83,6.49,0.12,7.34,6.01,0,0.56,187.1,1.76,0,23.52,85.2,90.12,27.73,99.62,0.14,0,4.84,,0,0,,0,0,47.21,28.06,0,2.4,666.5,12.77,0,135.22,179.81,,,,,,,,
6/9/2030 0:00,3.92,11.49,16.35,3.38,0.5,4.22,0,3.02,0,0,6.75,3.61,0,0.53,32.3,0.62,0,6.94,12.85,7.61,11.49,19.65,6.36,0.52,5.3,0,3.83,6.49,0.12,7.34,6.01,0,0.56,187.1,1.76,0,23.52,85.2,88.88,19.66,30.87,0,0,1.13,,0,0,,0,0,45.43,24.67,0,2.4,775.2,12.17,0,166.54,308.51,,,,,,,,
6/10/2030 0:00,3.92,11.49,16.68,3.38,0.5,4.32,0,3.02,0,0,6.75,3.01,0,0.53,31.19,0.62,0,10.95,17.59,7.61,11.49,19.65,6.36,0.52,5.3,0,3.83,6.49,0.12,7.34,6.01,0,0.56,187.1,1.76,0,23.52,85.2,88.68,16.32,32.6,0.04,0,1.23,,0,0,,0,0,45.1,24.67,0,2.4,748.52,12.17,0,262.92,422.18,,,,,,,,
6/11/2030 0:00,3.92,11.49,16.69,3.22,0.5,4.33,0,3.02,0,0,6.75,2.33,0,0.53,33.5,0.62,0,13.02,16.81,7.61,11.49,19.65,6.36,0.52,5.3,0,3.83,6.49,0.12,7.34,6.01,0,0.56,187.1,1.76,0,23.52,85.2,89.84,45.02,65.17,0.14,0,4.05,,0,0,,0,0,45.57,19.18,0,2.4,804.04,12.57,0,312.58,403.42,,,,,,,,
6/12/2030 0:00,3.83,11.49,16.7,3.22,0.5,4.33,0,3.02,0,0,6.75,2.12,0,0.53,34.41,0.62,0,10.18,16.25,7.61,11.49,19.65,6.36,0.52,5.3,0,3.83,6.49,0.12,7.34,6.01,0,0.56,187.1,1.76,0,23.52,85.2,87.99,24.38,104.63,0.29,0,5.18,,0,0,,0,0,46.05,17.41,0,2.4,825.75,12.97,0,244.31,389.92,,,,,,,,
6/13/2030 0:00,3.83,11.49,16.69,3.45,0.5,4.33,0,3.02,0,0,6.75,2.58,0,0.53,34.89,0.62,0,10.88,18.09,7.61,11.49,19.65,6.36,0.52,5.3,0,3.83,6.49,0.12,7.34,6.01,0,0.56,187.1,1.76,0,23.52,85.2,87.79,23.54,89.92,0.31,0,4.71,,0,0,,0,0,45.87,21.18,0,2.4,837.38,12.77,0,261.08,434.11,,,,,,,,
6/14/2030 0:00,3.92,11.49,16.6,3.44,0.5,4.3,0,3.03,0,0,6.75,2.7,0,0.53,31.12,0.62,0,6.17,14.13,7.61,11.49,19.65,6.36,0.52,5.3,0,3.83,6.49,0.12,7.34,6.01,0,0.56,187.1,1.76,0,23.52,85.2,90.79,24.74,101.17,0.32,0,5.82,,0,0,,0,0,46.2,22.21,0,2.4,747,12.97,0,148.18,339.14,,,,,,,,
6/15/2030 0:00,3.92,11.49,16.24,3.44,0.5,4.18,0,3.07,0,0,6.75,3.35,0,0.53,28.74,0.62,0,1.64,6.86,7.61,11.49,19.65,6.36,0.52,5.3,0,3.83,6.49,0.12,7.34,6.01,0,0.56,187.1,1.76,0,23.52,85.2,90.59,34.73,113.25,0.31,0,6.19,,0,0,,0,0,46.05,25.58,0,2.4,689.76,12.97,0,39.32,164.72,,,,,,,,
6/16/2030 0:00,3.92,11.49,16.29,3.44,0.5,4.2,0,3.07,0,0,6.75,3.95,0,0.53,24.8,0.62,0,3.2,7.33,7.61,11.49,19.65,6.36,0.52,5.3,0,3.83,6.49,0.12,7.34,6.01,0,0.56,187.1,1.76,0,23.52,85.2,89.92,5.87,100,0.3,0,5.11,,0,0,,0,0,46.09,26.31,0,2.4,595.23,12.77,0,76.85,175.89,,,,,,,,
6/17/2030 0:00,3.92,11.49,16.61,3.44,0.5,4.3,0,3.07,0,0,6.75,3.99,0,0.53,30.15,0.62,0,0.48,3.3,7.61,11.49,19.65,6.36,0.52,5.3,0,3.83,6.49,0.12,7.34,6.01,0,0.56,187.1,1.76,0,23.52,85.2,93.22,47.28,189.58,9.21,0.7,8.29,,0,0.12,,0,0,47.93,41.63,0,2.4,723.59,14.37,0,11.64,79.15,,,,,,,,
6/18/2030 0:00,3.92,11.49,16.62,3.38,0.5,4.3,0,3.07,0,0,6.75,3.68,0,0.53,30.79,0.62,0,1.93,2.48,7.61,11.49,19.65,6.36,0.52,5.3,0,3.83,6.49,0.12,7.34,6.01,0,0.56,187.1,1.76,0,23.52,85.2,93.59,28.44,212.33,6.96,0,8.6,,0,0,,0,0,49.38,50.51,0,2.4,738.85,14.35,0,46.4,59.61,,,,,,,,
6/19/2030 0:00,3.83,11.49,15.96,3.38,0.5,4.3,0,3.07,0,0,6.75,3.5,0,0.53,23.83,0.62,0,10.67,11.12,7.61,11.49,19.65,6.36,0.52,5.3,0,3.83,6.49,0.12,7.34,6.01,0,0.56,187.1,1.76,0,23.52,85.2,90.52,25.43,156.4,0.32,0,7.59,,0,0,,0,0,47.49,40.85,0,2.4,571.96,13.56,0,255.98,266.93,,,,,,,,
6/20/2030 0:00,3.83,11.49,15.95,3.45,0.5,4.3,0,3.07,0,0,6.75,3.67,0,0.53,26.62,0.62,0,7.05,6.79,7.61,11.49,19.65,6.36,0.52,5.3,0,3.83,6.49,0.12,7.34,6.01,0,0.56,187.1,1.76,0,23.52,85.2,90.16,28.57,181.81,0.33,0,8.65,,0,0,,0,0,47.77,36.93,0,2.4,638.9,13.56,0,169.3,162.97,,,,,,,,
6/21/2030 0:00,3.92,11.49,16.51,3.45,0.5,4.27,0,3.07,0,0,6.75,3.93,0,0.53,25.94,0.62,0,6.37,10.07,7.61,11.49,19.65,6.36,0.52,5.3,0,3.83,6.49,0.12,7.34,6.01,0,0.56,187.1,1.76,0,23.52,85.2,93.04,26.47,154.32,0.32,0,7.01,,0,0,,0,0,46.9,33.64,0,2.4,622.67,14.35,0,152.79,241.71,,,,,,,,
6/22/2030 0:00,3.92,11.49,16.15,3.45,0.5,4.15,0,3.07,0,0,6.75,3.89,0,0.53,25.46,0.62,0,1.74,12.4,7.61,11.49,19.65,6.36,0.52,5.3,0,3.83,6.49,0.12,7.34,6.01,0,0.56,187.1,1.76,0,23.52,85.2,91.72,27.53,120.96,0.28,0,5.32,,0,0,,0,0,45.98,38.58,0,2.4,611.01,13.16,0,41.82,297.49,,,,,,,,
6/23/2030 0:00,3.92,11.49,16.2,3.45,0.5,4.17,0,3.07,0,0,6.75,3.88,0,0.53,15.95,0.62,0,3.57,22,7.61,11.49,19.65,6.36,0.52,5.3,0,3.83,6.49,0.12,7.34,6.01,0,0.56,187.1,1.76,0,23.52,85.2,90.1,8.97,61.12,0.07,0,3.01,,0,0,,0,0,45.1,25.84,0,2.4,382.86,12.97,0,85.77,527.94,,,,,,,,
6/24/2030 0:00,3.92,11.49,16.52,3.45,0.5,4.27,0,3.07,0,0,6.75,3.69,0,0.53,32.1,0.62,0,2.05,3.97,7.61,11.49,19.65,6.36,0.52,5.3,0,3.83,6.49,0.12,7.34,6.01,0,0.56,187.1,1.76,0,23.52,85.2,92.51,41.92,183.49,12.08,1.16,7.81,,0,0.12,,0,0,47.39,37.2,0,2.4,770.35,13.39,0,49.29,95.23,,,,,,,,
6/25/2030 0:00,3.92,11.49,15.88,3.45,0.5,4.28,0,3.07,0,0,6.75,3.51,0,0.53,32.57,0.62,0,2.38,2.1,7.61,11.49,19.65,6.36,0.52,5.3,0,3.83,6.49,0.12,7.34,6.01,0,0.56,187.1,1.76,0,23.52,85.2,93.22,30.11,201.27,4.92,0.08,8.04,,0,0.05,,0,0,47.43,51.04,0,2.4,781.64,13.37,0,57.05,50.35,,,,,,,,
6/26/2030 0:00,3.83,11.49,16.54,3.45,0.5,4.28,0,3.07,0,0,6.75,3.3,0,0.53,28.75,0.62,0,11.51,22.11,7.61,11.49,19.65,6.36,0.52,5.3,0,3.83,6.49,0.12,7.34,6.01,0,0.56,187.1,1.76,0,23.52,85.2,87.52,17.69,106.44,0.32,0,6.06,,0,0,,0,0,45.58,31.34,0,2.4,690.01,12.73,0,276.16,530.65,,,,,,,,
6/27/2030 0:00,3.83,11.49,16.54,3.6,0.5,4.28,0,3.07,0,0,6.75,2.9,0,0.53,24.72,0.62,0,9.93,21.09,7.61,11.49,19.65,6.36,0.52,5.3,0,3.83,6.49,0.12,7.34,6.01,0,0.56,187.1,1.76,0,23.52,85.2,89.6,34.65,144.07,0.34,0,7.25,,0,0,,0,0,44.81,23.86,0,2.4,593.18,13.16,0,238.35,506.17,,,,,,,,
6/28/2030 0:00,3.92,11.49,16.45,3.6,0.5,4.25,0,3.07,0,0,6.75,3.24,0,0.53,25.65,0.62,0,4.86,8.93,7.61,11.49,19.65,6.36,0.52,5.3,0,3.83,6.49,0.12,7.34,6.01,0,0.56,187.1,1.76,0,23.52,85.2,93.59,28.65,167.03,0.36,0,7.6,,0,0,,0,0,44.67,32.33,0,2.4,615.59,14.35,0,116.74,214.4,,,,,,,,
6/29/2030 0:00,3.92,11.49,16.09,3.6,0.5,4.13,0,3.07,0,0,6.75,3.95,0,0.53,23.65,0.62,0,5,3.02,7.61,11.49,19.65,6.36,0.52,5.3,0,3.83,6.49,0.12,7.34,6.01,0,0.56,187.1,1.76,0,23.52,85.2,91.72,24.84,124.27,0.34,0,6.6,,0,0,,0,0,44.94,33.49,0,2.4,567.54,13.16,0,119.9,72.42,,,,,,,,
6/30/2030 0:00,3.92,11.49,16.15,3.6,0.5,4.15,0,3.07,0,0,6.75,4.39,0,0.53,17.02,0.62,0,4.12,5,7.61,11.49,19.65,6.36,0.52,5.3,0,3.83,6.49,0.12,7.34,6.01,0,0.56,187.1,1.76,0,23.52,85.2,91.72,28.68,113.7,0.34,0,5.83,,0,0,,0,0,45.23,28.21,0,2.4,408.5,13.35,0,98.93,120.02,,,,,,,,
7/1/2030 0:00,3.85,11.49,16.49,3.6,0.5,4.26,0,3.07,0,0,6.75,4.34,0,0.53,22.04,0.89,0,10.81,14.89,7.61,11.49,19.65,6.36,0.52,5.3,0,3.83,6.49,0.12,7.34,6.01,0,0.56,188.6,1.76,0,24.06,85.62,91.41,27.48,96.85,0.34,0,4.72,,0,0,,0,0,45.76,27.18,0,3.6,529,20.5,0,259.4,357.31,,,,,,,,
7/2/2030 0:00,3.85,11.49,16.51,3.69,0.5,4.27,0,3.07,0,0,6.75,3.19,0,0.53,28.16,0.89,0,9.15,18.21,7.61,11.49,19.65,6.36,0.52,5.3,0,3.83,6.49,0.12,7.34,6.01,0,0.56,188.6,1.76,0,24.06,85.62,89.3,27,93.45,0.35,0,3.88,,0,0,,0,0,45.99,24.92,0,3.6,675.88,17.24,0,219.59,437.13,,,,,,,,
7/3/2030 0:00,3.84,11.49,16.52,3.7,0.5,4.27,0,3.11,0,0,6.75,2.64,0,0.53,26.3,0.89,0,10.44,19.76,7.61,11.49,19.65,6.36,0.52,5.3,0,3.88,6.49,0.12,7.34,6.01,0,0.56,188.6,1.76,0,24.06,85.62,87.96,27,101.72,0.35,0,3.95,,0,0,,0,0,45.49,21.7,0,3.6,631.22,16.83,0,250.65,474.23,,,,,,,,
7/4/2030 0:00,3.84,11.49,16.53,3.7,0.5,4.27,0,3.11,0,0,6.75,3.01,0,0.53,31.94,0.89,0,8.67,15.81,7.61,11.49,19.65,6.36,0.52,5.3,0,3.88,6.49,0.12,7.34,6.01,0,0.56,188.6,1.76,0,24.06,85.62,89.01,27,132.48,0.34,0,5.55,,0,0,,0,0,44.7,24.68,0,3.6,766.62,17.24,0,208.16,379.44,,,,,,,,
7/5/2030 0:00,3.85,11.49,16.45,3.7,0.5,4.25,0,3.11,0,0,6.75,3.11,0,0.53,25.89,0.89,0,8.59,23.88,7.61,11.49,19.65,6.36,0.52,5.3,0,3.88,6.49,0.12,7.34,6.01,0,0.56,188.6,1.76,0,24.06,85.62,88.42,26.57,86.31,0.33,0,3.56,,0,0,,0,0,44.06,24.7,0,3.6,621.4,16.42,0,206.11,573.13,,,,,,,,
7/6/2030 0:00,3.85,11.49,16.1,3.7,0.5,4.13,0,3.11,0,0,6.75,3.11,0,0.53,34.45,0.89,0,5.1,6.89,7.61,11.49,19.65,6.36,0.52,5.3,0,3.88,6.49,0.12,7.34,6.01,0,0.56,188.6,1.76,0,24.06,85.62,88.86,27.42,99.72,0.23,0,3.97,,0,0,,0,0,40.34,24.86,0,3.6,826.91,17.24,0,122.29,165.35,,,,,,,,
7/7/2030 0:00,3.85,11.49,16.17,3.53,0.5,4.16,0,3.11,0,0,6.75,3.57,0,0.53,40.46,0.89,0,1.26,2.68,7.61,11.49,19.65,6.36,0.52,5.3,0,3.88,6.49,0.12,7.34,6.01,0,0.56,188.6,1.76,0,24.06,85.62,88.34,25.57,112.79,0.3,0,5.02,,0,0,,0,0,39.46,39.65,0,3.6,970.98,16.43,0,30.27,64.31,,,,,,,,
7/8/2030 0:00,3.85,11.49,15.47,3.53,0.5,4.27,0,3.11,0,0,6.75,3.55,0,0.53,37.35,0.89,0,6.57,6.11,7.61,11.49,19.65,6.36,0.52,5.3,0,3.88,6.49,0.12,7.34,6.01,0,0.56,188.6,1.76,0,24.06,85.62,89.69,26.45,146.59,0.33,0,6.39,,0,0,,0,0,40.45,41.5,0,3.6,896.37,17.64,0,157.57,146.71,,,,,,,,
7/9/2030 0:00,3.85,11.49,15.37,3.53,0.5,4.28,0,3.11,0,0,6.75,3.1,0,0.53,35.71,0.89,0,4.95,4.89,7.61,11.49,19.65,6.36,0.52,5.3,0,3.88,6.49,0.12,7.34,6.01,0,0.56,188.6,1.76,0,24.06,85.62,90.77,28.97,192.83,8.69,0.39,8.06,,0,0.12,,0,0,40.88,43.61,0,3.6,857.14,18.05,0,118.68,117.31,,,,,,,,
7/10/2030 0:00,3.84,11.49,15.65,3.53,0.5,4.29,0,3.11,0,0,6.75,3.23,0,0.53,28.94,0.89,0,1.7,6.45,7.61,11.49,19.65,6.36,0.52,5.3,0,3.88,6.49,0.12,7.34,6.01,0,0.56,188.6,1.76,0,24.06,85.62,91.04,27,229.88,21.1,2.12,9.91,,0,0.13,,0,0,42.01,55.94,0,3.6,694.63,18.87,0,40.91,154.84,,,,,,,,
7/11/2030 0:00,3.84,11.49,15.53,3.7,0.5,4.29,0,3.11,0,0,6.75,3.92,0,0.53,36.5,0.89,0,6.48,5.82,7.61,11.49,19.65,6.36,0.52,5.3,0,3.88,6.49,0.12,7.34,6.01,0,0.56,188.6,1.76,0,24.06,85.62,89.26,27,206.57,10.27,0.39,8.12,,0,0.13,,0,0,41.35,52.79,0,3.6,876.07,17.66,0,155.43,139.8,,,,,,,,
7/12/2030 0:00,3.85,11.49,15.85,3.7,0.5,4.27,0,3.11,0,0,6.75,3.72,0,0.53,27.92,0.89,0,5.87,15.07,7.61,11.49,19.65,6.36,0.52,5.3,0,3.88,6.49,0.12,7.34,6.01,0,0.56,188.6,1.76,0,24.06,85.62,90.81,23.55,143.06,0.36,0,6.66,,0,0,,0,0,41.42,30.72,0,3.6,670.11,18.05,0,140.82,361.65,,,,,,,,
7/13/2030 0:00,3.85,11.49,16.17,3.69,0.5,4.16,0,3.11,0,0,6.75,3.64,0,0.53,29.44,0.89,0,7.26,9.72,7.61,11.49,19.65,6.36,0.52,5.3,0,3.88,6.49,0.12,7.34,6.01,0,0.56,188.6,1.76,0,24.06,85.62,88.86,17.72,133.79,0.33,0,5.25,,0,0,,0,0,39.24,26.7,0,3.6,706.62,16.83,0,174.23,233.33,,,,,,,,
7/14/2030 0:00,3.85,11.49,16.24,3.69,0.5,4.18,0,3.11,0,0,6.75,3.76,0,0.53,32.81,0.89,0,2.06,3.66,7.61,11.49,19.65,6.36,0.52,5.3,0,3.88,6.49,0.12,7.34,6.01,0,0.56,188.6,1.76,0,24.06,85.62,89.06,39.73,137.67,0.34,0,5.66,,0,0,,0,0,38.46,26.99,0,3.6,787.48,17.24,0,49.47,87.8,,,,,,,,
7/15/2030 0:00,3.85,11.49,15.54,3.69,0.5,4.29,0,3.11,0,0,6.75,3.79,0,0.53,30.1,0.89,0,8.26,14.67,7.61,11.49,19.65,6.36,0.52,5.3,0,3.88,6.49,0.12,7.34,6.01,0,0.56,188.6,1.76,0,24.06,85.62,89.45,27,91.6,0.29,0,4.76,,0,0,,0,0,38.8,26.32,0,3.6,722.29,17.64,0,198.2,352.1,,,,,,,,
7/16/2030 0:00,3.85,11.49,15.97,3.69,0.5,4.3,0,3.11,0,0,6.75,2.96,0,0.53,30.29,0.89,0,8.64,14.47,7.61,11.49,19.65,6.36,0.52,5.3,0,3.88,6.49,0.12,7.34,6.01,0,0.56,188.6,1.76,0,24.06,85.62,89.16,27,129.52,0.35,0,5.09,,0,0,,0,0,39.91,24.31,0,3.6,726.95,17.64,0,207.31,347.31,,,,,,,,
7/17/2030 0:00,3.84,11.49,16.65,3.69,0.5,4.31,0,3.11,0,0,6.75,2.78,0,0.53,30.86,0.89,0,8.5,13.04,7.61,11.49,19.65,6.36,0.52,5.3,0,3.88,6.49,0.12,7.34,6.01,0,0.56,188.6,1.76,0,24.06,85.62,88.91,21.3,158.59,0.35,0,6.84,,0,0,,0,0,39.97,22.8,0,3.6,740.65,17.64,0,204.01,312.86,,,,,,,,
7/18/2030 0:00,3.84,11.49,16.66,3.69,0.5,4.32,0,3.11,0,0,6.75,3.32,0,0.53,33.13,0.89,0,4.14,4.4,7.61,11.49,19.65,6.36,0.52,5.3,0,3.88,6.49,0.12,7.34,6.01,0,0.56,188.6,1.76,0,24.06,85.62,90.53,29.92,214.08,14.01,1.16,9.7,,0,0.12,,0,0,39.6,35.3,0,3.6,795.1,18.11,0,99.28,105.66,,,,,,,,
7/19/2030 0:00,3.85,11.49,16.59,3.69,0.5,4.3,0,3.11,0,0,6.75,3.88,0,0.53,27.21,0.89,0,1.23,4.51,7.61,11.49,19.65,6.36,0.52,5.3,0,3.88,6.49,0.12,7.34,6.01,0,0.56,188.6,1.76,0,24.06,85.62,92.14,29.77,224.82,12.94,1.32,8.03,,0,0.23,,0,0,40.57,61.5,0,3.6,653.13,20.52,0,29.59,108.26,,,,,,,,
7/20/2030 0:00,3.85,11.49,16.26,3.69,0.5,4.19,0,3.11,0,0,6.75,4.17,0,0.53,29.84,0.89,0,5.99,5.76,7.61,11.49,19.65,6.36,0.52,5.3,0,3.88,6.49,0.12,7.34,6.01,0,0.56,188.6,1.76,0,24.06,85.62,89.49,27,153.12,2.68,0,6.03,,0,0,,0,0,39.15,37.69,0,3.6,716.21,17.64,0,143.79,138.35,,,,,,,,
7/21/2030 0:00,3.85,11.49,16.34,3.69,0.5,4.21,0,3.11,0,0,6.75,4.01,0,0.53,21.71,0.89,0,2.22,3.16,7.61,11.49,19.65,6.36,0.52,5.3,0,3.88,6.49,0.12,7.34,6.01,0,0.56,188.6,1.76,0,24.06,85.62,89.49,21.54,143.69,0.35,0,6.27,,0,0,,0,0,39.27,28.33,0,3.6,521.15,18.07,0,53.24,75.95,,,,,,,,
7/22/2030 0:00,3.85,11.49,16.69,3.69,0.5,4.33,0,3.11,0,0,6.75,4.23,0,0.53,28.33,0.89,0,4.34,7.95,7.61,11.49,19.65,6.36,0.52,5.3,0,3.88,6.49,0.12,7.34,6.01,0,0.56,188.6,1.76,0,24.06,85.62,91.41,32.46,165.79,0.36,0,7.06,,0,0,,0,0,40.88,27.74,0,3.6,679.97,20.5,0,104.25,190.75,,,,,,,,
7/23/2030 0:00,3.85,11.49,16.72,3.69,0.5,4.34,0,3.11,0,0,6.75,3.4,0,0.53,22.25,0.89,0,9.97,16.3,7.61,11.49,19.65,6.36,0.52,5.3,0,3.88,6.49,0.12,7.34,6.01,0,0.56,188.6,1.76,0,24.06,85.62,91.41,25.95,125.53,0.35,0,5.54,,0,0,,0,0,40.71,25.14,0,3.6,534.08,20.5,0,239.39,391.22,,,,,,,,
7/24/2030 0:00,3.84,11.49,16.75,3.68,0.5,4.35,0,3.11,0,0,6.75,3.02,0,0.53,20.11,0.89,0,5.15,13.83,7.61,11.49,19.65,6.36,0.52,5.3,0,3.88,6.49,0.12,7.34,6.01,0,0.56,188.6,1.76,0,24.06,85.62,92.26,27.07,178.67,0.38,0,8.2,,0,0,,0,0,41.65,24.71,0,3.6,482.75,20.5,0,123.51,331.99,,,,,,,,
7/25/2030 0:00,3.84,11.49,16.77,3.68,0.5,4.35,0,3.11,0,0,6.75,3.75,0,0.53,19.83,0.89,0,7.75,7.82,7.61,11.49,19.65,6.36,0.52,5.3,0,3.88,6.49,0.12,7.34,6.01,0,0.56,188.6,1.76,0,24.06,85.62,92.26,26.39,197.2,0.38,0,9.32,,0,0,,0,0,40.99,26.45,0,3.6,475.92,20.5,0,185.88,187.73,,,,,,,,
7/26/2030 0:00,3.85,11.49,16.7,3.68,0.5,4.33,0,3.11,0,0,6.75,4.04,0,0.53,24.89,0.89,0,6.68,9.49,7.61,11.49,19.65,6.36,0.52,5.3,0,3.88,6.49,0.12,7.34,6.01,0,0.56,188.6,1.76,0,24.06,85.62,91.41,27.61,144.75,0.36,0,6.27,,0,0,,0,0,40.88,27.31,0,3.6,597.38,20.5,0,160.38,227.77,,,,,,,,
7/27/2030 0:00,3.85,11.49,16.37,3.68,0.5,4.22,0,3.11,0,0,6.75,3.92,0,0.53,13.91,0.89,0,3.21,12.3,7.61,11.49,19.65,6.36,0.52,5.3,0,3.88,6.49,0.12,7.34,6.01,0,0.56,188.6,1.76,0,24.06,85.62,90.93,27,88.5,0.35,0,4.53,,0,0,,0,0,39.9,25.99,0,3.6,333.95,20.5,0,76.93,295.16,,,,,,,,
7/28/2030 0:00,3.85,11.49,16.45,3.68,0.5,4.25,0,3.11,0,0,6.75,4.24,0,0.53,19.51,0.89,0,0.46,9.35,7.61,11.49,19.65,6.36,0.52,5.3,0,3.88,6.49,0.12,7.34,6.01,0,0.56,188.6,1.76,0,24.06,85.62,90.2,26.61,100.99,0.34,0,4.73,,0,0,,0,0,39.59,26.81,0,3.6,468.12,18.03,0,11.03,224.43,,,,,,,,
7/29/2030 0:00,3.85,11.49,16.8,3.68,0.5,4.37,0,3.11,0,0,6.75,4.14,0,0.53,21.98,0.89,0,4.25,8.13,7.61,11.49,19.65,6.36,0.52,5.3,0,3.88,6.49,0.12,7.34,6.01,0,0.56,188.6,1.76,0,24.06,85.62,91.77,27.39,178.12,0.36,0,7.76,,0,0,,0,0,41.41,27.82,0,3.6,527.46,20.5,0,102.05,195.13,,,,,,,,
7/30/2030 0:00,3.85,11.49,16.84,3.68,0.5,4.38,0,3.11,0,0,6.75,3.58,0,0.53,24.6,0.89,0,7.37,12.87,7.61,11.49,19.65,6.36,0.52,5.3,0,3.88,6.49,0.12,7.34,6.01,0,0.56,188.6,1.76,0,24.06,85.62,90.81,27,137.5,0.35,0,6.51,,0,0,,0,0,42.03,26.13,0,3.6,590.51,18.05,0,176.86,308.81,,,,,,,,
7/31/2030 0:00,3.84,11.49,16.88,3.68,0.5,4.39,0,3.11,0,0,6.75,3.09,0,0.53,17.63,0.89,0,5.17,19.75,7.61,11.49,19.65,6.36,0.52,5.3,0,3.88,6.49,0.12,7.34,6.01,0,0.56,188.6,1.76,0,24.06,85.62,92.26,27,152.67,0.36,0,6.13,,0,0,,0,0,41.94,24.8,0,3.6,423.19,20.5,0,124.04,473.92,,,,,,,,
8/1/2030 0:00,3.73,11.49,16.9,3.68,0.5,4.4,0,3.11,0,0,6.75,3.52,0,0.53,20.89,0.81,0,7.74,26.31,7.61,11.49,19.65,6.36,0.52,5.3,0,3.88,6.49,0.12,7.34,6.01,0,0.56,190.1,1.76,0,24.6,86.03,86.22,9.48,79.84,0.28,0,3.87,,0,0,,0,0,41.12,25.22,0,3.6,501.28,16.05,0,185.88,631.55,,,,,,,,
8/2/2030 0:00,3.73,11.49,16.83,3.64,0.5,4.37,0,3.11,0,0,6.75,3.22,0,0.53,17.27,0.81,0,9.53,24.78,7.61,11.49,19.65,6.36,0.52,5.3,0,3.88,6.49,0.12,7.34,6.01,0,0.56,190.1,1.76,0,24.6,86.03,85.56,44.52,77.15,0.17,0,3.74,,0,0,,0,0,39.57,24.9,0,3.6,414.36,15.68,0,228.76,594.65,,,,,,,,
8/3/2030 0:00,3.73,11.49,16.5,3.63,0.5,4.27,0,3.11,0,0,6.75,3.16,0,0.53,25.17,0.81,0,8.07,35.6,7.61,11.49,19.65,6.36,0.52,5.3,0,3.88,6.49,0.12,7.34,6.01,0,0.56,190.1,1.76,0,24.6,86.03,83.85,27,31.09,0,0,1.17,,0,0,,0,0,37.75,24.67,0,3.6,604.1,14.2,0,193.73,854.41,,,,,,,,
8/4/2030 0:00,3.73,11.49,16.59,3.63,0.5,4.29,0,3.11,0,0,6.75,2.71,0,0.53,23.28,0.81,0,8.29,8.07,7.61,11.49,19.65,6.36,0.52,5.3,0,3.88,6.49,0.12,7.34,6.01,0,0.56,190.1,1.76,0,24.6,86.03,85.55,4.2,72.18,0.32,0,3.94,,0,0,,0,0,35.88,22.25,0,3.6,558.68,16.05,0,198.86,193.56,,,,,,,,
8/5/2030 0:00,3.73,11.49,16.94,3.63,0.5,4.41,0,3.11,0,0,6.75,3.76,0,0.53,23.83,0.81,0,2.59,4.25,7.61,11.49,19.65,6.36,0.52,5.3,0,3.88,6.49,0.12,7.34,6.01,0,0.56,190.1,1.76,0,24.6,86.03,89.57,47.86,198.36,0.38,0,8.64,,0,0,,0,0,37.26,36.78,0,3.6,571.85,18.66,0,62.23,101.89,,,,,,,,
8/6/2030 0:00,3.73,11.49,16.98,3.63,0.5,4.42,0,3.11,0,0,6.75,3.86,0,0.53,17.61,0.81,0,4.13,13.12,7.61,11.49,19.65,6.36,0.52,5.3,0,3.88,6.49,0.12,7.34,6.01,0,0.56,190.1,1.76,0,24.6,86.03,89.57,24.55,167.87,0.38,0,7.11,,0,0,,0,0,38.44,35.51,0,3.6,422.7,18.64,0,99.22,314.83,,,,,,,,
8/7/2030 0:00,3.73,11.49,17.01,3.63,0.5,4.43,0,3.11,0,0,6.75,3.4,0,0.53,20.04,0.81,0,7.63,36.02,7.61,11.49,19.65,6.36,0.52,5.3,0,3.88,6.49,0.12,7.34,6.01,0,0.56,190.1,1.76,0,24.6,86.03,85.07,23.55,39.67,0.04,0,2.57,,0,0,,0,0,36.52,24.67,0,3.6,480.9,15.31,0,183.14,864.49,,,,,,,,
8/8/2030 0:00,3.73,11.49,17.03,3.63,0.5,4.44,0,3.11,0,0,6.75,2.59,0,0.53,26.98,0.81,0,11.1,31.31,7.61,11.49,19.65,6.36,0.52,5.3,0,3.88,6.49,0.12,7.34,6.01,0,0.56,190.1,1.76,0,24.6,86.03,84.79,17.4,51.64,0.04,0,3.1,,0,0,,0,0,35,21.28,0,3.6,647.46,14.94,0,266.4,751.49,,,,,,,,
8/9/2030 0:00,3.73,11.49,16.96,3.63,0.5,4.42,0,3.11,0,0,6.75,2.58,0,0.53,24.04,0.81,0,11.52,13.98,7.61,11.49,19.65,6.36,0.52,5.3,0,3.88,6.49,0.12,7.34,6.01,0,0.56,190.1,1.76,0,24.6,86.03,87.36,38.38,95.16,0.35,0,5.64,,0,0,,0,0,34.54,21.21,0,3.6,576.95,16.42,0,276.45,335.48,,,,,,,,
8/10/2030 0:00,3.73,11.49,16.63,3.63,0.5,4.31,0,3.11,0,0,6.75,3.43,0,0.53,36.67,0.81,0,5.45,3.46,7.61,11.49,19.65,6.36,0.52,5.3,0,3.88,6.49,0.12,7.34,6.01,0,0.56,190.1,1.76,0,24.6,86.03,85.28,28.13,123.63,0.33,0,5.61,,0,0,,0,0,33.64,25.75,0,3.6,879.97,15.31,0,130.84,82.97,,,,,,,,
8/11/2030 0:00,3.73,11.49,16.71,3.63,0.5,4.33,0,3.11,0,0,6.75,3.67,0,0.53,37.9,0.81,0,4.44,2.96,7.61,11.49,19.65,6.36,0.52,5.3,0,3.88,6.49,0.12,7.34,6.01,0,0.56,190.1,1.76,0,24.6,86.03,84.8,15.56,120.39,0.22,0,6.14,,0,0,,0,0,33.34,26.63,0,3.6,909.67,15.28,0,106.46,71.11,,,,,,,,
8/12/2030 0:00,3.73,11.49,17.05,3.63,0.5,4.45,0,3.11,0,0,6.75,3.64,0,0.53,22.64,0.81,0,7.3,8.4,7.61,11.49,19.65,6.36,0.52,5.3,0,3.88,6.49,0.12,7.34,6.01,0,0.56,190.1,1.76,0,24.6,86.03,88.1,35.52,142.52,0.35,0,7.54,,0,0,,0,0,35.1,26.72,0,3.6,543.45,16.79,0,175.18,201.7,,,,,,,,
8/13/2030 0:00,3.73,11.49,17.08,3.63,0.5,4.46,0,3.11,0,0,6.75,3.57,0,0.53,28.52,0.81,0,8.67,5.38,7.61,11.49,19.65,6.36,0.52,5.3,0,3.88,6.49,0.12,7.34,6.01,0,0.56,190.1,1.76,0,24.6,86.03,87.64,30.23,161.86,0.35,0.47,7.47,,0,0.1,,0,0,36.1,40.77,0,3.6,684.38,16.46,0,208.14,129.21,,,,,,,,
8/14/2030 0:00,3.73,11.49,16.42,3.63,0.5,4.46,0,3.11,0,0,6.75,3.32,0,0.53,31.86,0.81,0,4.34,3.09,7.61,11.49,19.65,6.36,0.52,5.3,0,3.88,6.49,0.12,7.34,6.01,0,0.56,190.1,1.76,0,24.6,86.03,87.63,27.22,224.97,0.36,0.23,8.98,,0,0.07,,0,0,37.14,50.95,0,3.6,764.69,16.46,0,104.05,74.26,,,,,,,,
8/15/2030 0:00,3.73,11.49,16.29,3.63,0.5,4.47,0,3.11,0,0,6.75,3.78,0,0.53,27.82,0.81,0,9.03,6.2,7.61,11.49,19.65,6.36,0.52,5.3,0,3.88,6.49,0.12,7.34,6.01,0,0.56,190.1,1.76,0,24.6,86.03,87.21,21.27,202.39,0.35,0,8.71,,0,0,,0,0,36.28,46.9,0,3.6,667.79,16.29,0,216.83,148.85,,,,,,,,
8/16/2030 0:00,3.73,11.49,16.35,3.69,0.5,4.44,0,3.11,0,0,6.75,3.89,0,0.53,29.41,0.81,0,3.22,3.59,7.61,11.49,19.65,6.36,0.52,5.3,0,3.88,6.49,0.12,7.34,6.01,0,0.56,190.1,1.76,0,24.6,86.03,88.1,32.73,190.48,0.37,0,8.21,,0,0,,0,0,36.4,38.37,0,3.6,705.94,17.16,0,77.3,86.23,,,,,,,,
8/17/2030 0:00,3.73,11.49,16.68,3.69,0.5,4.32,0,3.11,0,0,6.75,4.08,0,0.53,23.96,0.81,0,6.15,7.89,7.61,11.49,19.65,6.36,0.52,5.3,0,3.88,6.49,0.12,7.34,6.01,0,0.56,190.1,1.76,0,24.6,86.03,87.36,27,96.06,0.33,0,5.29,,0,0,,0,0,35.24,26.21,0,3.6,575.02,16.42,0,147.64,189.26,,,,,,,,
8/18/2030 0:00,3.73,11.49,15.94,3.69,0.5,4.34,0,3.11,0,0,6.75,3.96,0,0.53,34.82,0.81,0,9.73,4.73,7.61,11.49,19.65,6.36,0.52,5.3,0,3.88,6.49,0.12,7.34,6.01,0,0.56,190.1,1.76,0,24.6,86.03,85.27,17.37,65.43,0.28,0,3.08,,0,0,,0,0,34.46,26.06,0,3.6,835.66,15.31,0,233.52,113.56,,,,,,,,
8/19/2030 0:00,3.73,11.49,16.11,3.68,0.5,4.45,0,3.11,0,0,6.75,3.47,0,0.53,30.2,0.81,0,12.04,7.48,7.61,11.49,19.65,6.36,0.52,5.3,0,3.88,6.49,0.12,7.34,6.01,0,0.56,190.1,1.76,0,24.6,86.03,85.99,29.79,121.75,0.3,0,6.14,,0,0,,0,0,35.65,34.25,0,3.6,724.73,15.74,0,288.89,179.41,,,,,,,,
8/20/2030 0:00,3.73,11.49,16.12,3.68,0.5,4.45,0,3.11,0,0,6.75,3.16,0,0.53,34.17,0.81,0,2.6,2.78,7.61,11.49,19.65,6.36,0.52,5.3,0,3.88,6.49,0.12,7.34,6.01,0,0.56,190.1,1.76,0,24.6,86.03,87.46,31.79,224.07,22.12,1.37,11.17,,0,1.64,,0,0,37.33,53.02,0,3.76,819.98,16.12,0,62.29,66.67,,,,,,,,
8/21/2030 0:00,3.73,11.49,16.26,3.68,0.5,4.45,0,3.11,0,0,6.75,3.36,0,0.53,33.94,0.81,0,1.85,1.99,7.61,11.49,19.65,6.36,0.52,5.3,0,3.88,6.49,0.12,7.34,6.01,0,0.56,190.1,1.76,0,24.6,86.03,87.58,31.72,253.86,41.56,2.38,14.62,,0,1.72,,0,0,38.15,61.45,0,3.76,814.66,16.52,0,44.45,47.75,,,,,,,,
8/22/2030 0:00,3.73,11.49,16.25,3.68,0.5,4.45,0,3.11,0,0,6.75,3.9,0,0.53,31.84,0.81,0,2.57,2.87,7.61,11.49,19.65,6.36,0.52,5.3,0,3.88,6.49,0.12,7.34,6.01,0,0.56,190.1,1.76,0,24.6,86.03,87.94,31.29,251.36,35.85,1.71,11.16,,0,0.59,,0,0,37.85,69.04,0,3.6,764.06,16.87,0,61.67,68.95,,,,,,,,
8/23/2030 0:00,3.73,11.49,16.29,3.68,0.5,4.42,0,3.11,0,0,6.75,4.06,0,0.53,34.33,0.81,0,2.55,2.16,7.61,11.49,19.65,6.36,0.52,5.3,0,3.88,6.49,0.12,7.34,6.01,0,0.56,190.1,1.76,0,24.6,86.03,87.22,27.17,230.29,26.63,2.41,8.63,,0,0.2,,0,0,37.55,70.22,0,3.6,823.97,16.06,0,61.31,51.93,,,,,,,,
8/24/2030 0:00,3.73,11.49,15.93,3.68,0.5,4.29,0,3.11,0,0,6.75,4.04,0,0.53,29.65,0.81,0,2.86,3.62,7.61,11.49,19.65,6.36,0.52,5.3,0,3.88,6.49,0.12,7.34,6.01,0,0.56,190.1,1.76,0,24.6,86.03,87.59,27.15,172.37,3.49,0.23,7.51,,0,0,,0,0,36.57,48.17,0,3.6,711.55,16.42,0,68.6,86.91,,,,,,,,
8/25/2030 0:00,3.73,11.49,15.97,3.68,0.5,4.31,0,3.11,0,0,6.75,4.16,0,0.53,18.55,0.81,0,2.31,9.48,7.61,11.49,19.65,6.36,0.52,5.3,0,3.88,6.49,0.12,7.34,6.01,0,0.56,190.1,1.76,0,24.6,86.03,87.5,25.99,126.46,0.36,0,6.17,,0,0,,0,0,35.5,37.18,0,3.6,445.18,16.79,0,55.56,227.52,,,,,,,,
8/26/2030 0:00,3.73,11.49,16.94,3.68,0.5,4.41,0,3.11,0,0,6.75,4.17,0,0.53,24.59,0.81,0,3.75,10.41,7.61,11.49,19.65,6.36,0.52,5.3,0,3.88,6.49,0.12,7.34,6.01,0,0.56,190.1,1.76,0,24.6,86.03,87.78,28.01,219.73,17.92,1.4,9.41,,0,0.53,,0,0,37.02,57.76,0,3.6,590.21,17.23,0,90.06,249.88,,,,,,,,
8/27/2030 0:00,3.73,11.49,16.93,3.68,0.5,4.41,0,3.11,0,0,6.75,3.64,0,0.53,14.61,0.81,0,3.73,6.21,7.61,11.49,19.65,6.36,0.52,5.3,0,3.88,6.49,0.12,7.34,6.01,0,0.56,190.1,1.76,0,24.6,86.03,89.57,26.05,267.56,24.22,1.16,11.99,,0,0.14,,0,0,38.95,52.87,0,3.6,350.63,18.7,0,89.64,149.11,,,,,,,,
8/28/2030 0:00,3.73,11.49,16.91,3.68,0.5,4.4,0,3.11,0,0,6.75,4.01,0,0.53,15.18,0.81,0,4.89,6.94,7.61,11.49,19.65,6.36,0.52,5.3,0,3.88,6.49,0.12,7.34,6.01,0,0.56,190.1,1.76,0,24.6,86.03,89.56,22.7,295.78,24.27,1.82,16.37,,0,2.29,,0,0,38.99,55.3,0,3.8,364.36,18.71,0,117.36,166.53,,,,,,,,
8/29/2030 0:00,3.73,11.49,16.88,3.68,0.5,4.39,0,3.11,0,0,6.75,4.49,0,0.53,13.48,0.81,0,1.23,2.84,7.61,11.49,19.65,6.36,0.52,5.3,0,3.88,6.49,0.12,7.34,6.01,0,0.56,190.1,1.76,0,24.6,86.03,89.56,32.29,349.63,61.54,3.22,20.61,,0,2.08,,0,0,40.52,83.87,0,3.99,323.56,18.72,0,29.41,68.14,,,,,,,,
8/30/2030 0:00,3.73,11.49,16.76,3.68,0.5,4.35,0,3.11,0,0,6.75,4.83,0,0.53,21.07,0.81,0,4.34,6.01,7.61,11.49,19.65,6.36,0.52,5.3,0,3.88,6.49,0.12,7.34,6.01,0,0.56,190.1,1.76,0,24.6,86.03,89.57,27,221.33,3.07,0,9.73,,0,0,,0,0,39.51,64.02,0,3.6,505.74,18.64,0,104.27,144.34,,,,,,,,
8/31/2030 0:00,3.73,11.49,16.38,3.68,0.5,4.23,0,3.11,0,0,6.75,4.28,0,0.53,23.8,0.81,0,5.88,15.96,7.61,11.49,19.65,6.36,0.52,5.3,0,3.88,6.49,0.12,7.34,6.01,0,0.56,190.1,1.76,0,24.6,86.03,86.23,27,94.85,0.33,0,5.22,,0,0,,0,0,37.36,33.73,0,3.6,571.09,16.05,0,141.05,382.95,,,,,,,,
9/1/2030 0:00,3.78,11.49,16.41,3.67,0.5,4.23,0,3.11,0,0,6.75,3.74,0,0.53,15.55,0.78,0,4.57,11.18,7.61,11.49,19.65,6.36,0.52,5.3,0,3.88,6.49,0.12,7.34,6.01,0,0.56,191.6,1.76,0,25.14,86.45,89.34,7.66,98.19,0.13,0,5.11,,0,0,,0,0,34.95,43.09,0,3.6,373.26,17.98,0,109.74,268.41,,,,,,,,
9/2/2030 0:00,3.78,11.49,16.7,3.8,0.5,4.33,0,3.11,0,0,6.75,4.09,0,0.53,22.23,0.78,0,2.4,2.52,7.61,11.49,19.65,6.36,0.52,5.3,0,3.88,6.49,0.12,7.34,6.01,0,0.56,191.6,1.76,0,25.14,86.45,90.71,41.37,232.6,18.06,1.01,9.64,,0,0.1,,0,0,36.95,58.68,0,3.6,533.48,18.01,0,57.54,60.51,,,,,,,,
9/3/2030 0:00,3.78,11.49,16.69,3.81,0.5,4.33,0,3.11,0,0,6.75,3.94,0,0.53,20.3,0.78,0,6.06,5.93,7.61,11.49,19.65,6.36,0.52,5.3,0,3.88,6.49,0.12,7.34,6.01,0,0.56,191.6,1.76,0,25.14,86.45,90.71,30.21,234.55,14.09,0.78,9.69,,0,0.08,,0,0,37.6,61.37,0,3.6,487.21,18,0,145.4,142.38,,,,,,,,
9/4/2030 0:00,3.85,11.49,16.67,3.81,0.5,4.32,0,3.11,0,0,6.75,3.66,0,0.53,26.74,0.78,0,2.49,8.7,7.61,11.49,19.65,6.36,0.52,5.3,0,3.88,6.49,0.12,7.34,6.01,0,0.56,191.6,1.76,0,25.14,86.45,91.35,27.41,224.81,2.87,0.08,9.62,,0,0.01,,0,0,37.45,51.06,0,3.6,641.83,16.25,0,59.87,208.75,,,,,,,,
9/5/2030 0:00,3.85,11.49,16.64,3.81,0.5,4.31,0,3.11,0,0,6.75,3.8,0,0.53,26.08,0.78,0,2.02,12.62,7.61,11.49,19.65,6.36,0.52,5.3,0,3.88,6.49,0.12,7.34,6.01,0,0.56,191.6,1.76,0,25.14,86.45,91.76,27,207.31,0.4,0.54,9.57,,0,0.01,,0,0,37.03,50.99,0,3.6,625.82,17.86,0,48.59,302.79,,,,,,,,
9/6/2030 0:00,3.78,11.49,16.52,3.81,0.5,4.27,0,3.11,0,0,6.75,3.91,0,0.53,26.39,0.78,0,5.27,8.19,7.61,11.49,19.65,6.36,0.52,5.3,0,3.88,6.49,0.12,7.34,6.01,0,0.56,191.6,1.76,0,25.14,86.45,89.4,33.8,175.3,0.39,0,8.47,,0,0,,0,0,36.38,39.28,0,3.6,633.33,16.93,0,126.51,196.67,,,,,,,,
9/7/2030 0:00,3.78,11.49,16.14,3.81,0.5,4.15,0,3.11,0,0,6.75,3.9,0,0.53,27.07,0.78,0,10.83,16.76,7.61,11.49,19.65,6.36,0.52,5.3,0,3.88,6.49,0.12,7.34,6.01,0,0.56,191.6,1.76,0,25.14,86.45,86.79,24.1,66.23,0.32,0,3.32,,0,0,,0,0,34.25,24.75,0,3.6,649.59,15.19,0,259.96,402.35,,,,,,,,
9/8/2030 0:00,3.78,11.49,16.18,3.81,0.5,4.16,0,3.11,0,0,6.75,3.47,0,0.53,26.32,0.78,0,5.87,10.71,7.61,11.49,19.65,6.36,0.52,5.3,0,3.88,6.49,0.12,7.34,6.01,0,0.56,191.6,1.76,0,25.14,86.45,86.98,13.32,97.63,0.27,0,4.62,,0,0,,0,0,32.9,35.24,0,3.6,631.65,15.19,0,140.96,256.95,,,,,,,,
9/9/2030 0:00,3.78,11.49,16.48,3.81,0.5,4.26,0,3.11,0,0,6.75,3.76,0,0.53,25.55,0.78,0,1.03,3.44,7.61,11.49,19.65,6.36,0.52,5.3,0,3.88,6.49,0.12,7.34,6.01,0,0.56,191.6,1.76,0,25.14,86.45,90.71,40.16,244.81,22.58,1.55,11.77,,0,1.73,,0,0,34.88,60.69,0,3.84,613.14,18.03,0,24.83,82.6,,,,,,,,
9/10/2030 0:00,3.78,11.49,16.48,3.81,0.5,4.26,0,3.11,0,0,6.75,3.94,0,0.53,24.25,0.78,0,1.09,1.12,7.61,11.49,19.65,6.36,0.52,5.3,0,3.88,6.49,0.12,7.34,6.01,0,0.56,191.6,1.76,0,25.14,86.45,90.71,31.66,265.42,59.71,2.48,13.04,,0,1.63,,0,0,36.46,74.53,0,3.64,582.05,18.06,0,26.13,26.77,,,,,,,,
9/11/2030 0:00,3.85,11.49,16.47,3.81,0.5,4.26,0,3.11,0,0,6.75,4.01,0,0.53,24.43,0.78,0,7.68,3.1,7.61,11.49,19.65,6.36,0.52,5.3,0,3.88,6.49,0.12,7.34,6.01,0,0.56,191.6,1.76,0,25.14,86.45,92.31,24.83,247.99,27.53,1.24,14.36,,0,0.98,,0,0,36.21,64.96,0,3.64,586.32,18.01,0,184.27,74.48,,,,,,,,
9/12/2030 0:00,3.85,11.49,16.46,3.81,0.5,4.25,0,3.11,0,0,6.75,4.29,0,0.53,19.7,0.78,0,7.28,4.16,7.61,11.49,19.65,6.36,0.52,5.3,0,3.88,6.49,0.12,7.34,6.01,0,0.56,191.6,1.76,0,25.14,86.45,92.31,30.1,279.33,39.78,0.85,12.6,,0,0.11,,0,0,37.04,58.52,0,3.6,472.77,18.02,0,174.76,99.76,,,,,,,,
9/13/2030 0:00,3.78,11.49,16.36,3.81,0.5,4.22,0,3.11,0,0,6.75,4.48,0,0.53,11.03,0.78,0,14.13,15.27,7.61,11.49,19.65,6.36,0.52,5.3,0,3.88,6.49,0.12,7.34,6.01,0,0.56,191.6,1.76,0,25.14,86.45,90.71,9.45,143.43,1.18,0,8.61,,0,0,,0,0,36.15,48.99,0,3.6,264.72,17.98,0,339.18,366.51,,,,,,,,
9/14/2030 0:00,3.78,11.49,16,3.81,0.5,4.1,0,3.11,0,0,6.75,4.25,0,0.53,20.31,0.78,0,4.01,3.32,7.61,11.49,19.65,6.36,0.52,5.3,0,3.88,6.49,0.12,7.34,6.01,0,0.56,191.6,1.76,0,25.14,86.45,89.81,40.6,184.99,0.39,0,8.55,,0,0,,0,0,34.76,39.82,0,3.6,487.39,17.98,0,96.17,79.78,,,,,,,,
9/15/2030 0:00,3.78,11.49,16.06,3.81,0.5,4.12,0,3.11,0,0,6.75,4.48,0,0.53,24.33,0.78,0,5.28,10.66,7.61,11.49,19.65,6.36,0.52,5.3,0,3.88,6.49,0.12,7.34,6.01,0,0.56,191.6,1.76,0,25.14,86.45,88.2,12.93,93.08,0.38,0,6.28,,0,0,,0,0,33.57,27.67,0,3.6,583.83,15.88,0,126.62,255.9,,,,,,,,
9/16/2030 0:00,3.78,11.49,16.39,3.81,0.5,4.23,0,3.11,0,0,6.75,3.96,0,0.53,23.28,0.78,0,2.5,8.91,7.61,11.49,19.65,6.36,0.52,5.3,0,3.88,6.49,0.12,7.34,6.01,0,0.56,191.6,1.76,0,25.14,86.45,90.71,40.79,199.42,23.32,1.24,9.95,,0,0.86,,0,0,34.86,47.37,0,3.6,558.78,18.03,0,59.89,213.94,,,,,,,,
9/17/2030 0:00,3.78,11.49,16.41,3.64,0.5,4.24,0,3.11,0,0,6.75,3.7,0,0.53,20.36,0.78,0,6.53,8.91,7.61,11.49,19.65,6.36,0.52,5.3,0,3.88,6.49,0.12,7.34,6.01,0,0.56,191.6,1.76,0,25.14,86.45,90.71,29.59,210.5,7.15,0.16,9.99,,0,0.02,,0,0,36.43,49.39,0,3.6,488.62,18.02,0,156.65,213.94,,,,,,,,
9/18/2030 0:00,3.85,11.49,16.43,3.47,0.5,4.24,0,3.11,0,0,6.75,3.49,0,0.53,11.09,0.78,0,13.54,31.53,7.61,11.49,19.65,6.36,0.52,5.3,0,3.88,6.49,0.12,7.34,6.01,0,0.56,191.6,1.76,0,25.14,86.45,88.59,18.49,56.49,0.25,0,3.61,,0,0,,0,0,36.05,31.58,0,3.6,266.13,15.26,0,324.99,756.81,,,,,,,,
9/19/2030 0:00,3.85,11.49,16.44,3.47,0.5,4.25,0,3.11,0,0,6.75,3.1,0,0.53,17.33,0.78,0,9.91,35.69,7.61,11.49,19.65,6.36,0.52,5.3,0,3.88,6.49,0.12,7.34,6.01,0,0.56,191.6,1.76,0,25.14,86.45,88.58,23.17,46.37,0.03,0,2.83,,0,0,,0,0,35.07,24.67,0,3.6,415.81,15.19,0,237.84,856.49,,,,,,,,
9/20/2030 0:00,3.78,11.49,16.37,3.47,0.5,4.22,0,3.11,0,0,6.75,2.82,0,0.53,20.74,0.78,0,11.64,27.86,7.61,11.49,19.65,6.36,0.52,5.3,0,3.88,6.49,0.12,7.34,6.01,0,0.56,191.6,1.76,0,25.14,86.45,87.45,39.33,55.31,0.09,0,3.04,,0,0,,0,0,34.14,23.19,0,3.6,497.69,15.54,0,279.32,668.65,,,,,,,,
9/21/2030 0:00,3.78,11.49,16.04,3.47,0.5,4.11,0,3.11,0,0,6.75,3,0,0.53,17.25,0.78,0,6.84,26.5,7.61,11.49,19.65,6.36,0.52,5.3,0,3.88,6.49,0.12,7.34,6.01,0,0.56,191.6,1.76,0,25.14,86.45,87.48,27,46.43,0.14,0,2.17,,0,0,,0,0,32.83,24.67,0,3.6,413.93,15.54,0,164.11,635.96,,,,,,,,
9/22/2030 0:00,3.78,11.49,16.12,3.47,0.5,4.14,0,3.11,0,0,6.75,3.41,0,0.53,9.17,0.78,0,8.2,22.1,7.61,11.49,19.65,6.36,0.52,5.3,0,3.88,6.49,0.12,7.34,6.01,0,0.56,191.6,1.76,0,25.14,86.45,88.8,19.86,70.12,0.13,0,3.82,,0,0,,0,0,31.3,25.23,0,3.6,219.97,16.58,0,196.75,530.4,,,,,,,,
9/23/2030 0:00,3.78,11.49,16.48,3.46,0.5,4.26,0,3.11,0,0,6.75,3.75,0,0.53,15,0.78,0,6.56,22.03,7.61,11.49,19.65,6.36,0.52,5.3,0,3.88,6.49,0.12,7.34,6.01,0,0.56,191.6,1.76,0,25.14,86.45,90.71,30.44,142.58,0.32,0.08,7.24,,0,0,,0,0,34.55,36.05,0,3.6,359.98,18.01,0,157.54,528.68,,,,,,,,
9/24/2030 0:00,3.78,11.49,16.53,3.46,0.5,4.27,0,3.11,0,0,6.75,3.33,0,0.53,20.65,0.78,0,15.5,9.42,7.61,11.49,19.65,6.36,0.52,5.3,0,3.88,6.49,0.12,7.34,6.01,0,0.56,191.6,1.76,0,25.14,86.45,87.46,31.36,144.54,0.32,0,7.7,,0,0,,0,0,36.28,29.43,0,3.6,495.68,16.23,0,372,226.09,,,,,,,,
9/25/2030 0:00,3.85,11.49,16.58,3.46,0.5,4.29,0,3.11,0,0,6.75,3.25,0,0.53,22.55,0.78,0,12.86,18.09,7.61,11.49,19.65,6.36,0.52,5.3,0,3.88,6.49,0.12,7.34,6.01,0,0.56,191.6,1.76,0,25.14,86.45,90.4,20.15,136.7,21.97,1.39,9.22,,0,1.64,,0,0,36.47,39.66,0,3.72,541.2,15.94,0,308.52,434.14,,,,,,,,
9/26/2030 0:00,3.85,11.49,16.61,3.55,0.5,4.3,0,3.11,0,0,6.75,3.55,0,0.53,21.63,0.78,0,4.45,2.93,7.61,11.49,19.65,6.36,0.52,5.3,0,3.88,6.49,0.12,7.34,6.01,0,0.56,191.6,1.76,0,25.14,86.45,92.31,33.84,277.24,53.66,1.71,16.71,,0,1.69,,0,0,37.81,63.16,0,3.6,519.07,18.04,0,106.69,70.27,,,,,,,,
9/27/2030 0:00,3.78,11.49,16.56,3.8,0.5,4.29,0,3.11,0,0,6.75,4.5,0,0.53,20.11,0.78,0,6.26,6.22,7.61,11.49,19.65,6.36,0.52,5.3,0,3.88,6.49,0.12,7.34,6.01,0,0.56,191.6,1.76,0,25.14,86.45,90.71,38.64,196.85,26.75,0.23,11.34,,0,0.07,,0,0,37.61,49.39,0,3.6,482.61,18.03,0,150.3,149.26,,,,,,,,
9/28/2030 0:00,3.78,11.49,16.25,3.8,0.5,4.18,0,3.11,0,0,6.75,4.41,0,0.53,19.44,0.78,0,17.39,13.36,7.61,11.49,19.65,6.36,0.52,5.3,0,3.88,6.49,0.12,7.34,6.01,0,0.56,191.6,1.76,0,25.14,86.45,83.18,27,62.09,0.14,0,2.53,,0,0,,0,0,35.55,26.84,0,3.6,466.44,15.76,0,417.32,320.54,,,,,,,,
9/29/2030 0:00,3.78,11.49,16.36,3.8,0.5,4.22,0,3.11,0,0,6.75,3.8,0,0.53,13.54,0.78,0,15.98,23.94,7.61,11.49,19.65,6.36,0.52,5.3,0,3.88,6.49,0.12,7.34,6.01,0,0.56,191.6,1.76,0,25.14,86.45,86.04,0,37.21,0,0,1.3,,0,0,,0,0,34.43,24.77,0,3.6,324.93,14.49,0,383.54,574.68,,,,,,,,
9/30/2030 0:00,3.78,11.49,16.73,3.8,0.5,4.34,0,3.11,0,0,6.75,3.49,0,0.53,16.54,0.78,0,13.04,15.82,7.61,11.49,19.65,6.36,0.52,5.3,0,3.88,6.49,0.12,7.34,6.01,0,0.56,191.6,1.76,0,25.14,86.45,90.71,47.41,157.93,0.31,0.54,8,,0,0.07,,0,0,36.33,39.57,0,3.6,397.06,18.02,0,312.96,379.7,,,,,,,,
10/1/2030 0:00,4.02,11.49,16.8,3.63,0.5,4.36,0,3.11,0,0,6.75,3.23,0,0.53,6.19,0.81,0,17.1,39.47,7.61,11.49,19.65,6.36,0.52,5.3,0,3.88,6.49,0.12,7.34,6.01,0,0.56,193.1,1.76,0,25.68,86.87,95,19.81,41.21,0.1,0,2.26,,0,0,,0,0,36.49,40.03,0,7.2,148.49,18.61,0,410.51,947.22,,,,,,,,
10/2/2030 0:00,4.03,11.49,16.86,4.03,0.5,4.38,0,3.11,0,0,6.75,2.61,0,0.53,9.55,0.81,0,19.79,31.54,7.61,11.49,19.65,6.36,0.52,5.3,0,3.88,6.49,0.12,7.34,6.01,0,0.56,193.1,1.76,0,25.68,86.87,96.63,24.36,68.68,0.16,0,4.67,,0,0,,0,0,35.72,31.06,0,7.2,229.12,18.61,0,474.9,757.05,,,,,,,,
10/3/2030 0:00,4.03,11.49,16.91,4.07,0.5,4.4,0,3.11,0,0,6.75,3.1,0,0.53,13.85,0.81,0,9.19,21.69,7.61,11.49,19.65,6.36,0.52,5.3,0,3.88,6.49,0.12,7.34,6.01,0,0.56,193.1,1.76,0,25.68,86.87,94.98,30.48,111.03,0.34,0,7.18,,0,0,,0,0,34.64,36.03,0,7.2,332.43,16.76,0,220.58,520.46,,,,,,,,
10/4/2030 0:00,4.02,11.49,16.87,4.07,0.5,4.39,0,3.11,0,0,6.75,3.55,0,0.53,18.09,0.81,0,13.83,13.43,7.61,11.49,19.65,6.36,0.52,5.3,0,3.88,6.49,0.12,7.34,6.01,0,0.56,193.1,1.76,0,25.68,86.87,94.66,33.61,97.55,0.34,0,7.43,,0,0,,0,0,33.95,36.79,0,7.2,434.1,16.76,0,331.92,322.3,,,,,,,,
10/5/2030 0:00,4.02,11.49,16.57,4.26,0.5,4.29,0,3.11,0,0,6.75,3.69,0,0.53,17.26,0.81,0,17.68,35.58,7.61,11.49,19.65,6.36,0.52,5.3,0,3.88,6.49,0.12,7.34,6.01,0,0.56,193.1,1.76,0,25.68,86.87,85.75,0,41.21,0,0,0,,0,0,,0,0,31.75,35.71,0,7.2,414.22,10.85,0,424.22,853.85,,,,,,,,
10/6/2030 0:00,4.02,11.49,16.68,4.26,0.5,4.33,0,3.11,0,0,6.75,2.83,0,0.53,18.49,0.81,0,14.59,31.1,7.61,11.49,19.65,6.36,0.52,5.3,0,3.88,6.49,0.12,7.34,6.01,0,0.56,193.1,1.76,0,25.68,86.87,87.87,5.37,41.21,0,0,1.03,,0,0,,0,0,29.99,33.6,0,7.2,443.87,12.33,0,350.08,746.42,,,,,,,,
10/7/2030 0:00,4.02,11.49,17.06,4.26,0.5,4.45,0,3.11,0,0,6.75,2.89,0,0.53,18.31,0.81,0,15.62,19.56,7.61,11.49,19.65,6.36,0.52,5.3,0,3.88,6.49,0.12,7.34,6.01,0,0.56,193.1,1.76,0,25.68,86.87,94.84,44.09,75.56,0.16,0,4.84,,0,0,,0,0,31.55,34.31,0,7.2,439.48,16.76,0,374.97,469.34,,,,,,,,
10/8/2030 0:00,4.02,11.49,17.13,4.26,0.5,4.47,0,3.11,0,0,6.75,3.06,0,0.53,11.93,0.81,0,15.16,25.03,7.61,11.49,19.65,6.36,0.52,5.3,0,3.88,6.49,0.12,7.34,6.01,0,0.56,193.1,1.76,0,25.68,86.87,96.44,18.8,118.75,0.37,0,7.72,,0,0,,0,0,33.04,39.5,0,7.2,286.41,18.61,0,363.84,600.81,,,,,,,,
10/9/2030 0:00,4.03,11.49,17.19,4.26,0.5,4.49,0,3.11,0,0,6.75,3.16,0,0.53,19.36,0.81,0,8.48,14.41,7.61,11.49,19.65,6.36,0.52,5.3,0,3.88,6.49,0.12,7.34,6.01,0,0.56,193.1,1.76,0,25.68,86.87,96.63,38.76,186.24,0.45,0,10.11,,0,0,,0,0,33.81,39.42,0,7.2,464.7,18.61,0,203.47,345.91,,,,,,,,
10/10/2030 0:00,4.03,11.49,17.24,4.26,0.5,4.51,0,3.11,0,0,6.75,3.89,0,0.53,16.33,0.81,0,15.03,23.27,7.61,11.49,19.65,6.36,0.52,5.3,0,3.88,6.49,0.12,7.34,6.01,0,0.56,193.1,1.76,0,25.68,86.87,96.63,15.89,104.65,0.38,0,7.34,,0,0,,0,0,33.31,38.32,0,7.2,391.95,18.61,0,360.74,558.46,,,,,,,,
10/11/2030 0:00,4.02,11.49,17.2,4.26,0.5,4.49,0,3.11,0,0,6.75,3.84,0,0.53,14.18,0.81,0,9.11,9.49,7.61,11.49,19.65,6.36,0.52,5.3,0,3.88,6.49,0.12,7.34,6.01,0,0.56,193.1,1.76,0,25.68,86.87,96.45,39.74,243.5,31,1.4,11.55,,0,0.14,,0,0,32.84,55.17,0,7.59,340.38,18.69,0,218.68,227.85,,,,,,,,
10/12/2030 0:00,4.02,11.49,16.89,4.26,0.5,4.39,0,3.11,0,0,6.75,4.68,0,0.53,14.93,0.81,0,5.54,4.3,7.61,11.49,19.65,6.36,0.52,5.3,0,3.88,6.49,0.12,7.34,6.01,0,0.56,193.1,1.76,0,25.68,86.87,96.45,27.17,237.34,4.35,0,10.76,,0,0,,0,0,32.59,66.78,0,7.2,358.28,18.62,0,133,103.17,,,,,,,,
10/13/2030 0:00,4.02,11.49,17,4.26,0.5,4.43,0,3.11,0,0,6.75,5.1,0,0.53,8.5,0.81,0,5.72,10.32,7.61,11.49,19.65,6.36,0.52,5.3,0,3.88,6.49,0.12,7.34,6.01,0,0.56,193.1,1.76,0,25.68,86.87,96.45,6.89,186.8,0.48,0,11.45,,0,0,,0,0,31.07,71.89,0,7.2,204.1,18.61,0,137.39,247.6,,,,,,,,
10/14/2030 0:00,4.02,11.49,17.37,3.99,0.5,4.55,0,3.11,0,0,6.75,5.03,0,0.53,7.84,0.81,0,4.19,9.26,7.61,11.49,19.65,6.36,0.52,5.3,0,3.88,6.49,0.12,7.34,6.01,0,0.56,193.1,1.76,0,25.68,86.87,96.45,31.41,339.03,55.92,1.09,14.82,,0,0.17,,0,0,33.32,82.5,0,7.2,188.14,18.61,0,100.46,222.19,,,,,,,,
10/15/2030 0:00,4.02,11.49,17.43,3.99,0.5,4.57,0,3.11,0,0,6.75,4.63,0,0.53,8.03,0.81,0,9.96,18.59,7.61,11.49,19.65,6.36,0.52,5.3,0,3.88,6.49,0.12,7.34,6.01,0,0.56,193.1,1.76,0,25.68,86.87,96.45,21.72,206.94,25.43,0.16,11.61,,0,0.02,,0,0,34.34,57.62,0,7.2,192.79,18.61,0,239.03,446.14,,,,,,,,
10/16/2030 0:00,4.03,11.49,17.49,3.98,0.5,4.59,0,3.11,0,0,6.75,3.91,0,0.53,13.21,0.81,0,13.29,21.33,7.61,11.49,19.65,6.36,0.52,5.3,0,3.88,6.49,0.12,7.34,6.01,0,0.56,193.1,1.76,0,25.68,86.87,96.63,32.28,156.09,14.75,0,8.85,,0,0,,0,0,33.45,54.09,0,7.2,316.96,18.61,0,318.84,511.85,,,,,,,,
10/17/2030 0:00,4.03,11.49,17.52,4.26,0.5,4.6,0,3.11,0,0,6.75,3.89,0,0.53,14.67,0.81,0,11.69,19.58,7.61,11.49,19.65,6.36,0.52,5.3,0,3.88,6.49,0.12,7.34,6.01,0,0.56,193.1,1.76,0,25.68,86.87,96.63,9.7,150.44,4.61,0,9.95,,0,0,,0,0,33.04,48.47,0,7.2,352.07,18.61,0,280.65,469.85,,,,,,,,
10/18/2030 0:00,4.02,11.49,17.47,4.26,0.5,4.58,0,3.11,0,0,6.75,4.15,0,0.53,9.46,0.81,0,12.47,9.58,7.61,11.49,19.65,6.36,0.52,5.3,0,3.88,6.49,0.12,7.34,6.01,0,0.56,193.1,1.76,0,25.68,86.87,96.45,33.99,255.13,4.59,0,13,,0,0,,0,0,32.5,58.49,0,7.2,227.07,18.61,0,299.4,229.95,,,,,,,,
10/19/2030 0:00,4.02,11.49,17.16,4.26,0.5,4.48,0,3.11,0,0,6.75,4.8,0,0.53,10.88,0.81,0,5.65,10.93,7.61,11.49,19.65,6.36,0.52,5.3,0,3.88,6.49,0.12,7.34,6.01,0,0.56,193.1,1.76,0,25.68,86.87,96.45,24.99,150.77,0.42,0,10.37,,0,0,,0,0,30.96,45.55,0,7.2,261.02,18.61,0,135.59,262.36,,,,,,,,
10/20/2030 0:00,4.02,11.49,17.25,4.26,0.5,4.51,0,3.11,0,0,6.75,4.72,0,0.53,11.67,0.81,0,16.3,31.05,7.61,11.49,19.65,6.36,0.52,5.3,0,3.88,6.49,0.12,7.34,6.01,0,0.56,193.1,1.76,0,25.68,86.87,89.29,0,41.21,0,0,1.21,,0,0,,0,0,29.38,36.3,0,7.2,280.14,14.5,0,391.3,745.14,,,,,,,,
10/21/2030 0:00,4.02,11.49,17.61,4.25,0.5,4.63,0,3.11,0,0,6.75,3.71,0,0.53,5.52,0.81,0,3.63,17.24,7.61,11.49,19.65,6.36,0.52,5.3,0,3.88,6.49,0.12,7.34,6.01,0,0.56,193.1,1.76,0,25.68,86.87,96.45,27.07,286.88,29.03,0.39,12.33,,0,0.12,,0,0,32.38,58.96,0,7.2,132.6,18.61,0,87.19,413.87,,,,,,,,
10/22/2030 0:00,4.02,11.49,17.66,4.25,0.5,4.65,0,3.11,0,0,6.75,4.23,0,0.53,10.98,0.81,0,7.03,15.01,7.61,11.49,19.65,6.36,0.52,5.3,0,3.88,6.49,0.12,7.34,6.01,0,0.56,193.1,1.76,0,25.68,86.87,96.45,16.82,278.04,36.53,0.21,13.23,,0,0,,0,0,34.38,66.3,0,7.2,263.49,18.61,0,168.81,360.19,,,,,,,,
10/23/2030 0:00,4.03,11.49,17.7,4.25,0.5,4.66,0,3.11,0,0,6.75,4.05,0,0.53,10.59,0.81,0,8.53,18.7,7.61,11.49,19.65,6.36,0.52,5.3,0,3.88,6.49,0.12,7.34,6.01,0,0.56,193.1,1.76,0,25.68,86.87,96.63,17.63,256.41,24.66,0.23,12.89,,0,0.03,,0,0,34.33,54.28,0,7.2,254.24,18.61,0,204.79,448.82,,,,,,,,
10/24/2030 0:00,4.03,11.49,17.72,4.25,0.5,4.67,0,3.11,0,0,6.75,4.08,0,0.53,6,0.81,0,16.14,43.74,7.61,11.49,19.65,6.36,0.52,5.3,0,3.88,6.49,0.12,7.34,6.01,0,0.56,193.1,1.76,0,25.68,86.87,94.7,9.36,51.08,0.12,0,3.37,,0,0,,0,0,33.37,36.97,0,7.2,143.99,16.39,0,387.44,1049.78,,,,,,,,
10/25/2030 0:00,4.02,11.49,17.66,4.25,0.5,4.65,0,3.11,0,0,6.75,3.26,0,0.53,10.67,0.81,0,14,24.91,7.61,11.49,19.65,6.36,0.52,5.3,0,3.88,6.49,0.12,7.34,6.01,0,0.56,193.1,1.76,0,25.68,86.87,96.45,35.76,148.12,0.36,0,8.38,,0,0,,0,0,33.09,39.28,0,7.2,256.02,18.61,0,335.96,597.92,,,,,,,,
10/26/2030 0:00,4.02,11.49,17.33,4.25,0.5,4.54,0,3.11,0,0,6.75,3.91,0,0.53,10.62,0.81,0,9.43,13.66,7.61,11.49,19.65,6.36,0.52,5.3,0,3.88,6.49,0.12,7.34,6.01,0,0.56,193.1,1.76,0,25.68,86.87,96.45,23.9,135.2,0.38,0,7.94,,0,0,,0,0,32.28,44.97,0,7.2,254.98,18.61,0,226.41,327.93,,,,,,,,
10/27/2030 0:00,4.02,11.49,17.42,4.25,0.5,4.57,0,3.11,0,0,6.75,4.5,0,0.53,14.3,0.81,0,13.46,18.73,7.61,11.49,19.65,6.36,0.52,5.3,0,3.88,6.49,0.12,7.34,6.01,0,0.56,193.1,1.76,0,25.68,86.87,94.52,0,48.96,0.16,0,3.27,,0,0,,0,0,30.5,35.71,0,7.2,343.31,16.39,0,323.02,449.47,,,,,,,,
10/28/2030 0:00,4.02,11.49,17.77,4.25,0.5,4.68,0,3.11,0,0,6.75,4.01,0,0.53,11.2,0.81,0,9.62,25.22,7.61,11.49,19.65,6.36,0.52,5.3,0,3.88,6.49,0.12,7.34,6.01,0,0.56,193.1,1.76,0,25.68,86.87,96.45,6.15,132.87,0.45,0,10.19,,0,0,,0,0,32.1,42.71,0,7.2,268.8,18.61,0,230.97,605.29,,,,,,,,
10/29/2030 0:00,4.02,11.49,17.8,4.25,0.5,4.69,0,3.11,0,0,6.75,3.62,0,0.53,9.67,0.81,0,4.55,10.29,7.61,11.49,19.65,6.36,0.52,5.3,0,3.88,6.49,0.12,7.34,6.01,0,0.56,193.1,1.76,0,25.68,86.87,96.45,30.07,330.56,59.89,1.63,17.71,,0,1.22,,0,0,34.61,63.78,0,7.48,231.96,18.65,0,109.3,246.89,,,,,,,,
10/30/2030 0:00,4.03,11.49,17.84,4.25,0.5,4.7,0,3.11,0,0,6.75,4.29,0,0.53,13.28,0.81,0,4.25,9.65,7.61,11.49,19.65,6.36,0.52,5.3,0,3.88,6.49,0.12,7.34,6.01,0,0.56,193.1,1.76,0,25.68,86.87,96.63,25.98,316.78,58.54,1.68,18.09,,0,1.14,,0,0,34.72,73.57,0,7.52,318.72,18.66,0,102.06,231.48,,,,,,,,
10/31/2030 0:00,4.03,11.49,17.86,4.24,0.5,4.71,0,3.11,0,0,6.75,4.77,0,0.53,9.58,0.81,0,6.59,9.79,7.61,11.49,19.65,6.36,0.52,5.3,0,3.88,6.49,0.12,7.34,6.01,0,0.56,193.1,1.76,0,25.68,86.87,96.63,24.6,328.46,60.7,1.55,20.43,,0,0.56,,0,0,35.33,79.1,0,7.32,229.96,18.62,0,158.22,234.96,,,,,,,,
11/1/2030 0:00,4.36,11.49,17.79,4.24,0.5,4.69,0,3.11,0,0,6.75,4.77,0,0.53,8.29,0.78,0,15.92,28.17,7.61,11.49,19.65,6.36,0.52,5.3,0,3.88,6.49,0.12,7.34,6.01,0,0.56,194.6,1.76,0,26.23,87.28,103.17,27,69.51,14.36,0,3.28,,0,0,,0,0,34.67,38.87,0,7.2,198.96,16.13,0,382.16,675.99,,,,,,,,
11/2/2030 0:00,4.36,11.49,17.45,4.44,0.5,4.58,0,3.11,0,0,6.75,3.94,0,0.53,10.36,0.78,0,15.16,33.42,7.61,11.49,19.65,6.36,0.52,5.3,0,3.88,6.49,0.12,7.34,6.01,0,0.56,194.6,1.76,0,26.23,87.28,97.03,27,60.72,12.67,0,0.7,,0,0,,0,0,32.72,35.71,0,7.2,248.58,12.74,0,363.88,802.15,,,,,,,,
11/3/2030 0:00,4.36,11.49,17.54,4.45,0.5,4.61,0,3.11,0,0,6.75,3.58,0,0.53,8.32,0.78,0,15.34,29.22,7.61,11.49,19.65,6.36,0.52,5.3,0,3.88,6.49,0.12,7.34,6.01,0,0.56,194.6,1.76,0,26.23,87.28,98.06,0,60.77,12.67,0,1.18,,0,0,,0,0,31.66,36.5,0,7.2,199.62,13.38,0,368.22,701.36,,,,,,,,
11/4/2030 0:00,4.36,11.49,17.88,4.45,0.5,4.72,0,3.11,0,0,6.75,3.85,0,0.53,4.47,0.78,0,13.74,15.74,7.61,11.49,19.65,6.36,0.52,5.3,0,3.88,6.49,0.12,7.34,6.01,0,0.56,194.6,1.76,0,26.23,87.28,104.66,27,237.59,37.65,0,11.12,,0,0,,0,0,33.64,57.25,0,7.2,107.31,17.85,0,329.68,377.71,,,,,,,,
11/5/2030 0:00,4.36,11.49,17.92,4.45,0.5,4.73,0,3.11,0,0,6.75,4.28,0,0.53,8.21,0.78,0,11.22,15.87,7.61,11.49,19.65,6.36,0.52,5.3,0,3.88,6.49,0.12,7.34,6.01,0,0.56,194.6,1.76,0,26.23,87.28,104.66,1.1,258.02,18.49,0,13.64,,0,0,,0,0,34.28,53.04,0,7.2,197.02,17.85,0,269.36,380.79,,,,,,,,
11/6/2030 0:00,4.4,11.49,17.95,4.45,0.5,4.74,0,3.11,0,0,6.75,4.1,0,0.53,10.17,0.78,0,12.9,30.4,7.61,11.49,19.65,6.36,0.52,5.3,0,3.88,6.49,0.12,7.34,6.01,0,0.56,194.6,1.76,0,26.23,87.28,105.67,1.82,138.2,17.66,0,10.11,,0,0,,0,0,33.81,39.85,0,7.2,244.15,17.85,0,309.61,729.65,,,,,,,,
11/7/2030 0:00,4.4,11.49,17.97,4.45,0.5,4.75,0,3.11,0,0,6.75,3.83,0,0.53,7.37,0.78,0,13.25,35.34,7.61,11.49,19.65,6.36,0.52,5.3,0,3.88,6.49,0.12,7.34,6.01,0,0.56,194.6,1.76,0,26.23,87.28,105.67,22.44,135.44,17.81,0,8.88,,0,0,,0,0,33.39,38.51,0,7.2,177,17.85,0,317.94,848.27,,,,,,,,
11/8/2030 0:00,4.36,11.49,17.91,4.45,0.5,4.73,0,3.11,0,0,6.75,3.74,0,0.53,10.79,0.78,0,13.95,31.84,7.61,11.49,19.65,6.36,0.52,5.3,0,3.88,6.49,0.12,7.34,6.01,0,0.56,194.6,1.76,0,26.23,87.28,104.66,23.02,101.82,14.63,0,8.52,,0,0,,0,0,32.28,36.9,0,7.2,258.94,17.85,0,334.7,764.07,,,,,,,,
11/9/2030 0:00,4.36,11.49,17.58,4.45,0.5,4.62,0,3.11,0,0,6.75,3.75,0,0.53,6.07,0.78,0,14.3,33.13,7.61,11.49,19.65,6.36,0.52,5.3,0,3.88,6.49,0.12,7.34,6.01,0,0.56,194.6,1.76,0,26.23,87.28,102.11,26.04,60.8,12.67,0,1.89,,0,0,,0,0,31.63,35.71,0,7.2,145.71,17.85,0,343.22,795.12,,,,,,,,
11/10/2030 0:00,4.36,11.49,17.67,4.45,0.5,4.65,0,3.11,0,0,6.75,3.85,0,0.53,9.86,0.78,0,16.69,27.49,7.61,11.49,19.65,6.36,0.52,5.3,0,3.88,6.49,0.12,7.34,6.01,0,0.56,194.6,1.76,0,26.23,87.28,101.51,0,60.85,12.67,0,1.4,,0,0,,0,0,30.37,35.71,0,7.2,236.53,16.13,0,400.66,659.74,,,,,,,,
11/11/2030 0:00,4.36,11.49,18.02,4.45,0.5,4.76,0,3.11,0,0,6.75,3.84,0,0.53,7.78,0.78,0,16.94,21.9,7.61,11.49,19.65,6.36,0.52,5.3,0,3.88,6.49,0.12,7.34,6.01,0,0.56,194.6,1.76,0,26.23,87.28,104.66,0,194.62,18.11,0,10.52,,0,0,,0,0,31.26,44.58,0,7.2,186.67,17.85,0,406.49,525.69,,,,,,,,
11/12/2030 0:00,4.36,11.49,18.06,4.45,0.5,4.78,0,3.11,0,0,6.75,4,0,0.53,7.49,0.78,0,4.22,5.75,7.61,11.49,19.65,6.36,0.52,5.3,0,3.88,6.49,0.12,7.34,6.01,0,0.56,194.6,1.76,0,26.23,87.28,104.66,32.63,367.15,76.2,4.11,32.84,,0,5.14,,0,0,34.19,77.98,0,7.95,179.8,18.03,0,101.31,137.91,,,,,,,,
11/13/2030 0:00,4.4,11.49,18.1,4.45,0.5,4.79,0,3.11,0,0,6.75,4.86,0,0.53,9.98,0.78,0,5.05,14.15,7.61,11.49,19.65,6.36,0.52,5.3,0,3.88,6.49,0.12,7.34,6.01,0,0.56,194.6,1.76,0,26.23,87.28,105.67,8.01,355.75,67.89,0.23,18,,0,0.12,,0,0,35.05,83.36,0,7.28,239.49,17.87,0,121.18,339.64,,,,,,,,
11/14/2030 0:00,4.4,11.49,18.13,4.45,0.5,4.8,0,3.11,0,0,6.75,4.98,0,0.53,8.3,0.78,0,12.36,21.31,7.61,11.49,19.65,6.36,0.52,5.3,0,3.88,6.49,0.12,7.34,6.01,0,0.56,194.6,1.76,0,26.23,87.28,105.67,1.1,273.86,32.66,0,14.56,,0,0,,0,0,34.43,65.39,0,7.2,199.13,17.85,0,296.7,511.35,,,,,,,,
11/15/2030 0:00,4.36,11.49,18.07,4.45,0.5,4.78,0,3.11,0,0,6.75,4.68,0,0.53,9.09,0.78,0,11.04,17.33,7.61,11.49,19.65,6.36,0.52,5.3,0,3.88,6.49,0.12,7.34,6.01,0,0.56,194.6,1.76,0,26.23,87.28,104.66,8.75,269.19,25.71,0,14.12,,0,0,,0,0,34.1,56.44,0,7.2,218.09,17.86,0,264.99,415.87,,,,,,,,
11/16/2030 0:00,4.36,11.49,17.74,4.45,0.5,4.67,0,3.11,0,0,6.75,4.74,0,0.53,3.9,0.78,0,13.7,26.12,7.61,11.49,19.65,6.36,0.52,5.3,0,3.88,6.49,0.12,7.34,6.01,0,0.56,194.6,1.76,0,26.23,87.28,104.66,0.8,109.79,14.74,0,9.57,,0,0,,0,0,32.97,42.29,0,7.2,93.52,17.85,0,328.91,626.9,,,,,,,,
11/17/2030 0:00,4.36,11.49,17.83,4.45,0.5,4.7,0,3.11,0,0,6.75,4.41,0,0.53,3.21,0.78,0,8.67,41.18,7.61,11.49,19.65,6.36,0.52,5.3,0,3.88,6.49,0.12,7.34,6.01,0,0.56,194.6,1.76,0,26.23,87.28,97.98,0,71.03,13.37,0,3.31,,0,0,,0,0,32.17,37.22,0,7.2,77.14,13.04,0,208.15,988.28,,,,,,,,
11/18/2030 0:00,4.36,11.49,18.19,4.44,0.5,4.82,0,3.11,0,0,6.75,3.93,0,0.53,3.02,0.78,0,14.12,19.68,7.61,11.49,19.65,6.36,0.52,5.3,0,3.88,6.49,0.12,7.34,6.01,0,0.56,194.6,1.76,0,26.23,87.28,104.66,4.59,247.02,33.41,0,11.97,,0,0.01,,0,0,34.35,58.37,0,7.2,72.6,17.85,0,338.89,472.33,,,,,,,,
11/19/2030 0:00,4.36,11.49,18.24,4.44,0.5,4.84,0,3.11,0,0,6.75,4.39,0,0.53,4.63,0.78,0,7.62,8.72,7.61,11.49,19.65,6.36,0.52,5.3,0,3.88,6.49,0.12,7.34,6.01,0,0.56,194.6,1.76,0,26.23,87.28,104.66,18.31,375.1,74.41,3.83,30.33,,0,4.92,,0,0,36.65,86.44,0,7.95,111.08,17.95,0,182.91,209.23,,,,,,,,
11/20/2030 0:00,4.4,11.49,18.28,4.44,0.5,4.85,0,3.11,0,0,6.75,5.05,0,0.53,3.97,0.78,0,2.5,8.68,7.61,11.49,19.65,6.36,0.52,5.3,0,3.88,6.49,0.12,7.34,6.01,0,0.56,194.6,1.76,0,26.23,87.28,105.67,22.29,413.48,95.51,3.4,35,,0,5.66,,0,0,38.61,113.74,0,7.99,95.16,17.97,0,59.91,208.27,,,,,,,,
11/21/2030 0:00,4.4,11.49,18.3,4.44,0.5,4.86,0,3.11,0,0,6.75,5.76,0,0.53,5.14,0.78,0,5.73,12.89,7.61,11.49,19.65,6.36,0.52,5.3,0,3.88,6.49,0.12,7.34,6.01,0,0.56,194.6,1.76,0,26.23,87.28,105.67,16.68,375.65,76.48,1.98,24.26,,0,2.65,,0,0,39.11,107.5,0,7.61,123.45,17.93,0,137.47,309.44,,,,,,,,
11/22/2030 0:00,4.36,11.49,18.24,4.44,0.5,4.84,0,3.11,0,0,6.75,5.49,0,0.53,3.31,0.78,0,17.15,22.08,7.61,11.49,19.65,6.36,0.52,5.3,0,3.88,6.49,0.12,7.34,6.01,0,0.56,194.6,1.76,0,26.23,87.28,104.66,0,220.01,19.82,0,12.63,,0,0,,0,0,37.68,59.17,0,7.2,79.48,17.85,0,411.68,529.87,,,,,,,,
11/23/2030 0:00,4.36,11.49,17.91,4.44,0.5,4.73,0,3.11,0,0,6.75,4.83,0,0.53,7.3,0.78,0,14.09,20.95,7.61,11.49,19.65,6.36,0.52,5.3,0,3.88,6.49,0.12,7.34,6.01,0,0.56,194.6,1.76,0,26.23,87.28,104.66,5.32,109.04,14.53,0,10.16,,0,0,,0,0,35.25,37.45,0,7.2,175.22,17.85,0,338.19,502.89,,,,,,,,
11/24/2030 0:00,4.36,11.49,18,4.44,0.5,4.76,0,3.11,0,0,6.75,4.77,0,0.53,4.02,0.78,0,11.04,16.2,7.61,11.49,19.65,6.36,0.52,5.3,0,3.88,6.49,0.12,7.34,6.01,0,0.56,194.6,1.76,0,26.23,87.28,104.66,3.61,165.99,16.29,0,10.6,,0,0,,0,0,34.48,49.37,0,7.2,96.5,17.85,0,264.92,388.87,,,,,,,,
11/25/2030 0:00,4.36,11.49,18.35,4.44,0.5,4.87,0,3.11,0,0,6.75,5.03,0,0.53,4.62,0.78,0,10.13,14.18,7.61,11.49,19.65,6.36,0.52,5.3,0,3.88,6.49,0.12,7.34,6.01,0,0.56,194.6,1.76,0,26.23,87.28,104.66,11.63,309.82,49.28,1.58,19.46,,0,1.09,,0,0,36.85,77.74,0,7.44,110.92,17.88,0,243.01,340.36,,,,,,,,
11/26/2030 0:00,4.36,11.49,18.39,4.44,0.5,4.89,0,3.11,0,0,6.75,4.87,0,0.53,4.06,0.78,0,6.49,9.26,7.61,11.49,19.65,6.36,0.52,5.3,0,3.88,6.49,0.12,7.34,6.01,0,0.56,194.6,1.76,0,26.23,87.28,104.66,29.55,389.45,78.6,3.27,25.87,,0,4.91,,0,0,39.43,99.57,0,7.91,97.53,17.97,0,155.75,222.3,,,,,,,,
11/27/2030 0:00,4.4,11.49,18.42,4.44,0.5,4.9,0,3.11,0,0,6.75,5.01,0,0.53,5.13,0.78,0,13.11,18.74,7.61,11.49,19.65,6.36,0.52,5.3,0,3.88,6.49,0.12,7.34,6.01,0,0.56,194.6,1.76,0,26.23,87.28,105.67,5.18,305.36,37.74,0,14.87,,0,0.06,,0,0,39.13,80.7,0,7.2,123.16,17.85,0,314.56,449.74,,,,,,,,
11/28/2030 0:00,4.4,11.49,18.43,4.44,0.5,4.9,0,3.11,0,0,6.75,5.03,0,0.53,2.28,0.78,0,9.75,18.08,7.61,11.49,19.65,6.36,0.52,5.3,0,3.88,6.49,0.12,7.34,6.01,0,0.56,194.6,1.76,0,26.23,87.28,105.67,17.5,347.13,73.79,3.56,30.7,,0,5.96,,0,0,39.13,101.1,0,7.99,54.78,18,0,234.1,433.98,,,,,,,,
11/29/2030 0:00,4.36,11.49,18.36,4.43,0.5,4.88,0,3.11,0,0,6.75,5.45,0,0.53,1.55,0.78,0,3.3,4.49,7.61,11.49,19.65,6.36,0.52,5.3,0,3.88,6.49,0.12,7.34,6.01,0,0.56,194.6,1.76,0,26.23,87.28,104.66,27,424.59,96.48,8.39,52.33,,0,21.04,,0,0,39.41,127.74,0,8.54,37.27,18.34,0,79.3,107.84,,,,,,,,
11/30/2030 0:00,4.36,11.49,18.02,4.43,0.5,4.76,0,3.11,0,0,6.75,6.24,0,0.53,1.85,0.78,0,3.27,3.74,7.61,11.49,19.65,6.36,0.52,5.3,0,3.88,6.49,0.12,7.34,6.01,0,0.56,194.6,1.76,0,26.23,87.28,104.66,3.42,393.64,82.56,2.88,19.4,,0,1.3,,0,0,37.73,139.26,0,7.63,44.3,17.92,0,78.37,89.87,,,,,,,,
12/1/2030 0:00,4.36,11.49,18.09,4.43,0.5,4.79,0,3.11,0,0,6.75,6.34,0,0.53,2.76,0.76,0,5.03,5.33,7.61,11.49,19.65,6.36,0.52,5.3,0,3.88,6.49,0.12,7.34,6.01,0,0.56,196.1,1.76,0,26.77,87.7,104.66,0,317.26,51.09,1.16,14.63,,0,0.07,,0,0,36.87,122.45,0,7.2,66.14,17.52,0,120.69,127.99,,,,,,,,
12/2/2030 0:00,4.36,11.49,18.42,4.32,0.5,4.9,0,3.11,0,0,6.75,5.94,0,0.53,1.34,0.76,0,14.64,15.67,7.61,11.49,19.65,6.36,0.52,5.3,0,3.88,6.49,0.12,7.34,6.01,0,0.56,196.1,1.76,0,26.77,87.7,104.66,0,317.89,32.82,0,14.49,,0,0,,0,0,39.19,103,0,7.2,32.28,17.5,0,351.42,376.06,,,,,,,,
12/3/2030 0:00,4.36,11.49,18.44,4.31,0.5,4.9,0,3.11,0,0,6.75,4.9,0,0.53,1.34,0.76,0,18.29,12.76,7.61,11.49,19.65,6.36,0.52,5.3,0,3.88,6.49,0.12,7.34,6.01,0,0.56,196.1,1.76,0,26.77,87.7,104.66,7.93,305.24,55.68,0.62,13.23,,0,0.12,,0,0,40.77,86.63,0,7.2,32.25,17.5,0,439.06,306.22,,,,,,,,
12/4/2030 0:00,4.4,11.49,18.45,4.31,0.5,4.91,0,3.11,0,0,6.75,4.76,0,0.53,1.77,0.76,0,16.92,14.79,7.61,11.49,19.65,6.36,0.52,5.3,0,3.88,6.49,0.12,7.34,6.01,0,0.56,196.1,1.76,0,26.77,87.7,105.67,0.01,329.38,41.5,0,14.91,,0,0,,0,0,40,79.85,0,7.2,42.38,17.5,0,406.06,354.95,,,,,,,,
12/5/2030 0:00,4.4,11.49,18.45,4.31,0.5,4.91,0,3.11,0,0,6.75,5.25,0,0.53,1.48,0.76,0,16.16,10.36,7.61,11.49,19.65,6.36,0.52,5.3,0,3.88,6.49,0.12,7.34,6.01,0,0.56,196.1,1.76,0,26.77,87.7,105.67,5.97,352.05,61.13,1.63,19.7,,0,0.52,,0,0,39.92,101.23,0,7.52,35.5,17.52,0,387.74,248.72,,,,,,,,
12/6/2030 0:00,4.36,11.49,18.35,4.31,0.5,4.87,0,3.11,0,0,6.75,5.63,0,0.53,2.43,0.76,0,7.37,8.22,7.61,11.49,19.65,6.36,0.52,5.3,0,3.88,6.49,0.12,7.34,6.01,0,0.56,196.1,1.76,0,26.77,87.7,104.66,24.13,384.15,76.02,4.37,25.43,,0,6.13,,0,0,39.6,111.06,0,8.11,58.38,17.62,0,176.93,197.32,,,,,,,,
12/7/2030 0:00,4.36,11.49,17.99,4.31,0.5,4.76,0,3.11,0,0,6.75,5.73,0,0.53,4.85,0.76,0,13.37,24.21,7.61,11.49,19.65,6.36,0.52,5.3,0,3.88,6.49,0.12,7.34,6.01,0,0.56,196.1,1.76,0,26.77,87.7,104.66,1.65,151.35,18.97,0,10.01,,0,0,,0,0,36.59,41.18,0,7.2,116.51,17.5,0,320.89,580.95,,,,,,,,
12/8/2030 0:00,4.36,11.49,18.05,4.31,0.5,4.77,0,3.11,0,0,6.75,4.97,0,0.53,4.53,0.76,0,4.13,13.01,7.61,11.49,19.65,6.36,0.52,5.3,0,3.88,6.49,0.12,7.34,6.01,0,0.56,196.1,1.76,0,26.77,87.7,104.66,9.75,284.19,46.69,1.67,18.56,,0,0.93,,0,0,36.72,80.99,0,7.44,108.73,17.51,0,99.14,312.15,,,,,,,,
12/9/2030 0:00,4.36,11.49,18.36,4.31,0.5,4.88,0,3.11,0,0,6.75,5.47,0,0.53,3.55,0.76,0,7.69,4.48,7.61,11.49,19.65,6.36,0.52,5.3,0,3.88,6.49,0.12,7.34,6.01,0,0.56,196.1,1.76,0,26.77,87.7,104.66,12,417.12,88.62,6.01,41.98,,0,10.57,,0,0,39.34,119.59,0,8.46,85.19,17.82,0,184.57,107.63,,,,,,,,
12/10/2030 0:00,4.36,11.49,18.36,4.31,0.5,4.88,0,3.11,0,0,6.75,5.57,0,0.53,2.48,0.76,0,6.39,2.9,7.61,11.49,19.65,6.36,0.52,5.3,0,3.88,6.49,0.12,7.34,6.01,0,0.56,196.1,1.76,0,26.77,87.7,104.66,27,424.97,99.36,8.8,49.35,,0,17.97,,0,0,40.83,132.99,0,8.54,59.61,17.93,0,153.36,69.52,,,,,,,,
12/11/2030 0:00,4.4,11.49,18.36,4.31,0.5,4.88,0,3.11,0,0,6.75,5.71,0,0.53,2.04,0.76,0,7.24,2.68,7.61,11.49,19.65,6.36,0.52,5.3,0,3.88,6.49,0.12,7.34,6.01,0,0.56,196.1,1.76,0,26.77,87.7,105.67,3.24,427.56,101.57,9.68,51.93,,0,17.86,,0,0,40.48,136.44,0,8.62,48.92,17.93,0,173.7,64.24,,,,,,,,
12/12/2030 0:00,4.4,11.49,18.34,4.31,0.5,4.87,0,3.11,0,0,6.75,6.2,0,0.53,4.37,0.76,0,5.73,5.88,7.61,11.49,19.65,6.36,0.52,5.3,0,3.88,6.49,0.12,7.34,6.01,0,0.56,196.1,1.76,0,26.77,87.7,105.67,19.9,424.44,98.11,6.04,44.9,,0,12.42,,0,0,40.04,146.88,0,8.27,104.92,17.81,0,137.63,141.2,,,,,,,,
12/13/2030 0:00,4.36,11.49,18.24,4.31,0.5,4.84,0,3.11,0,0,6.75,6.09,0,0.53,5.88,0.76,0,10.13,12.02,7.61,11.49,19.65,6.36,0.52,5.3,0,3.88,6.49,0.12,7.34,6.01,0,0.56,196.1,1.76,0,26.77,87.7,104.66,10.66,383.32,77.6,2.36,26.17,,0,2.32,,0,0,39.37,127.01,0,7.56,141.05,17.59,0,243.04,288.38,,,,,,,,
12/14/2030 0:00,4.36,11.49,17.87,4.31,0.5,4.71,0,3.11,0,0,6.75,5.68,0,0.53,2.73,0.76,0,10.18,12.86,7.61,11.49,19.65,6.36,0.52,5.3,0,3.88,6.49,0.12,7.34,6.01,0,0.56,196.1,1.76,0,26.77,87.7,104.66,10.78,318.47,49.04,1.01,15.88,,0,0.1,,0,0,36.92,98.29,0,7.32,65.42,17.52,0,244.37,308.76,,,,,,,,
12/15/2030 0:00,4.36,11.49,17.91,4.31,0.5,4.73,0,3.11,0,0,6.75,5.65,0,0.53,3.67,0.76,0,11.59,13.2,7.61,11.49,19.65,6.36,0.52,5.3,0,3.88,6.49,0.12,7.34,6.01,0,0.56,196.1,1.76,0,26.77,87.7,104.66,1.11,270.07,19.9,0,14.37,,0,0,,0,0,36.38,78.84,0,7.2,88.04,17.5,0,278.2,316.77,,,,,,,,
12/16/2030 0:00,4.36,11.49,18.23,4.31,0.5,4.83,0,3.11,0,0,6.75,5.57,0,0.53,2.95,0.76,0,4.59,5.87,7.61,11.49,19.65,6.36,0.52,5.3,0,3.88,6.49,0.12,7.34,6.01,0,0.56,196.1,1.76,0,26.77,87.7,104.66,27,394.48,81.48,8.39,76.09,,0,29.91,,0,0,39.8,116.83,0,10.22,70.69,17.96,0,110.05,140.91,,,,,,,,
12/17/2030 0:00,4.36,11.49,18.23,4.31,0.5,4.83,0,3.11,0,0,6.75,5.64,0,0.53,2.83,0.76,0,15.7,6.26,7.61,11.49,19.65,6.36,0.52,5.3,0,3.88,6.49,0.12,7.34,6.01,0,0.56,196.1,1.76,0,26.77,87.7,104.66,5.67,389.18,76.38,1.61,21.41,,0,0.48,,0,0,41,109.77,0,7.28,68,17.59,0,376.7,150.16,,,,,,,,
12/18/2030 0:00,4.4,11.49,18.22,4.31,0.5,4.83,0,3.11,0,0,6.75,5.18,0,0.53,2.92,0.76,0,16.23,26.33,7.61,11.49,19.65,6.36,0.52,5.3,0,3.88,6.49,0.12,7.34,6.01,0,0.56,196.1,1.76,0,26.77,87.7,105.67,0,264.96,23.64,0,13.3,,0,0,,0,0,39.37,75.54,0,7.2,70.2,17.5,0,389.49,631.83,,,,,,,,
12/19/2030 0:00,4.4,11.49,18.21,4.31,0.5,4.83,0,3.11,0,0,6.75,4.47,0,0.53,1.13,0.76,0,19.28,45.42,7.61,11.49,19.65,6.36,0.52,5.3,0,3.88,6.49,0.12,7.34,6.01,0,0.56,196.1,1.76,0,26.77,87.7,104.04,13.79,92.4,19.25,0,3.43,,0,0,,0,0,37.83,38.37,0,7.2,27.02,17.17,0,462.7,1090.01,,,,,,,,
12/20/2030 0:00,4.36,11.49,18.11,4.3,0.5,4.79,0,3.11,0,0,6.75,3.54,0,0.53,2.06,0.76,0,16.03,46.73,7.61,11.49,19.65,6.36,0.52,5.3,0,3.88,6.49,0.12,7.34,6.01,0,0.56,196.1,1.76,0,26.77,87.7,101.32,19.61,125.66,18.82,0,7.15,,0,0,,0,0,36.27,36.44,0,7.2,49.37,15.19,0,384.77,1121.62,,,,,,,,
12/21/2030 0:00,4.36,11.49,17.75,4.3,0.5,4.68,0,3.11,0,0,6.75,3.47,0,0.53,2.46,0.76,0,13.17,29.43,7.61,11.49,19.65,6.36,0.52,5.3,0,3.88,6.49,0.12,7.34,6.01,0,0.56,196.1,1.76,0,26.77,87.7,104.66,8.66,113.08,18.16,0,7.25,,0,0,,0,0,34.66,36.07,0,7.2,59.11,17.5,0,316.12,706.24,,,,,,,,
12/22/2030 0:00,4.36,11.49,17.8,4.3,0.5,4.69,0,3.11,0,0,6.75,4.09,0,0.53,3.25,0.76,0,14.19,34.18,7.61,11.49,19.65,6.36,0.52,5.3,0,3.88,6.49,0.12,7.34,6.01,0,0.56,196.1,1.76,0,26.77,87.7,104.66,0,100.22,16.96,0,3.04,,0,0,,0,0,34.03,35.88,0,7.2,78.08,17.5,0,340.6,820.43,,,,,,,,
12/23/2030 0:00,4.36,11.49,18.13,4.3,0.5,4.8,0,3.11,0,0,6.75,3.9,0,0.53,2.13,0.76,0,5.35,23.12,7.61,11.49,19.65,6.36,0.52,5.3,0,3.88,6.49,0.12,7.34,6.01,0,0.56,196.1,1.76,0,26.77,87.7,104.66,24.13,275.24,34.5,0,13.36,,0,0,,0,0,36.56,62.35,0,7.2,51.03,17.5,0,128.37,554.85,,,,,,,,
12/24/2030 0:00,4.36,11.49,18.15,4.3,0.5,4.81,0,3.11,0,0,6.75,4.1,0,0.53,4.84,0.76,0,7.21,31.09,7.61,11.49,19.65,6.36,0.52,5.3,0,3.88,6.49,0.12,7.34,6.01,0,0.56,196.1,1.76,0,26.77,87.7,104.66,13.66,116.2,17.03,0,5.13,,0,0,,0,0,36.85,37.02,0,7.2,116.07,17.5,0,172.92,746.21,,,,,,,,
12/25/2030 0:00,4.4,11.49,18.16,4.3,0.5,4.81,0,3.11,0,0,6.75,3.46,0,0.53,6.39,0.76,0,11.14,23.89,7.61,11.49,19.65,6.36,0.52,5.3,0,3.88,6.49,0.12,7.34,6.01,0,0.56,196.1,1.76,0,26.77,87.7,105.67,15.91,95.28,16.97,0,3.83,,0,0,,0,0,35.52,35.85,0,7.2,153.37,17.5,0,267.33,573.4,,,,,,,,
12/26/2030 0:00,4.4,11.49,18.16,4.3,0.5,4.81,0,3.11,0,0,6.75,3.25,0,0.53,2.68,0.76,0,16.28,46.52,7.61,11.49,19.65,6.36,0.52,5.3,0,3.88,6.49,0.12,7.34,6.01,0,0.56,196.1,1.76,0,26.77,87.7,94.41,0,91.17,16.8,0,0,,0,0,,0,0,34.79,35.71,0,7.2,64.21,9.6,0,390.68,1116.37,,,,,,,,
12/27/2030 0:00,4.36,11.49,18.08,4.3,0.5,4.79,0,3.11,0,0,6.75,2.42,0,0.53,8.69,0.76,0,19.04,45.61,7.61,11.49,19.65,6.36,0.52,5.3,0,3.88,6.49,0.12,7.34,6.01,0,0.56,196.1,1.76,0,26.77,87.7,93.21,0,91.12,16.8,0,0,,0,0,,0,0,33.6,28.76,0,7.2,208.57,10.04,0,456.98,1094.64,,,,,,,,
12/28/2030 0:00,4.36,11.49,17.74,4.3,0.5,4.67,0,3.11,0,0,6.75,2.3,0,0.53,5.39,0.76,0,19.35,53.16,7.61,11.49,19.65,6.36,0.52,5.3,0,3.88,6.49,0.12,7.34,6.01,0,0.56,196.1,1.76,0,26.77,87.7,93.21,0,90.9,16.8,0,0,,0,0,,0,0,32.78,27.31,0,7.2,129.44,9.6,0,464.43,1275.89,,,,,,,,
12/29/2030 0:00,4.36,11.49,17.82,4.29,0.5,4.7,0,3.11,0,0,6.75,2.1,0,0.53,5.42,0.76,0,15.27,55.95,7.61,11.49,19.65,6.36,0.52,5.3,0,3.88,6.49,0.12,7.34,6.01,0,0.56,196.1,1.76,0,26.77,87.7,93.21,0,90.95,16.8,0,0,,0,0,,0,0,32.15,24.97,0,7.2,130.08,9.6,0,366.55,1342.82,,,,,,,,
12/30/2030 0:00,4.36,11.49,18.16,4.29,0.5,4.81,0,3.11,0,0,6.75,1.99,0,0.53,8.53,0.76,0,17.21,47.58,7.61,11.49,19.65,6.36,0.52,5.3,0,3.88,6.49,0.12,7.34,6.01,0,0.56,196.1,1.76,0,26.77,87.7,93.21,0,91.17,16.8,0,0,,0,0,,0,0,33.5,23.63,0,7.2,204.61,9.6,0,413.12,1141.97,,,,,,,,
12/31/2030 0:00,4.36,11.49,18.2,4.29,0.5,4.82,0,3.11,0,0,6.75,2.05,0,0.53,5.88,0.76,0,14.18,45.04,7.61,11.49,19.65,6.36,0.52,5.3,0,3.88,6.49,0.12,7.34,6.01,0,0.56,196.1,1.76,0,26.77,87.7,93.21,0,91.19,16.8,0,0,,0,0,,0,0,34.74,24.37,0,7.2,141.05,9.6,0,340.38,1080.94,,,,,,,,
1/1/2031 0:00,4.3,12.48,19.87,4.54,0.5,4.83,0,2.82,0,0,6.75,2.81,0,0.53,7.22,0.77,0,15.53,31.23,7.61,12.48,21.44,6.36,0.52,5.3,0,3.88,6.49,0.12,7.34,6.01,0,0.56,197.6,1.76,0,27.23,88.03,95.48,0,93.61,32.4,0,1.68,,0,0,,0,0,34.68,33.42,0,7.2,173.22,12.26,0,372.61,749.46,,,,,,,,
1/2/2031 0:00,4.31,12.48,19.89,4.55,0.5,4.84,0,2.83,0,0,6.75,3.14,0,0.53,5.6,0.77,0,12.32,32.33,7.61,12.48,21.44,6.36,0.52,5.3,0,3.93,6.49,0.12,7.34,6.01,0,0.56,197.6,1.76,0,27.23,88.03,103.45,5.54,147.32,32.52,0,6.96,,0,0,,0,0,35.33,35.95,0,7.2,134.44,17.59,0,295.74,776.03,,,,,,,,
1/3/2031 0:00,4.31,12.48,19.82,4.55,0.5,4.82,0,2.83,0,0,6.75,3.77,0,0.53,7.51,0.77,0,14.69,18.22,7.61,12.48,21.44,6.36,0.52,5.3,0,3.93,6.49,0.12,7.34,6.01,0,0.56,197.6,1.76,0,27.23,88.03,103.45,31.25,226.57,32.82,0,10.67,,0,0,,0,0,35.06,38.11,0,7.2,180.26,17.59,0,352.59,437.18,,,,,,,,
1/4/2031 0:00,4.3,12.48,19.46,4.55,0.5,4.71,0,2.83,0,0,6.75,2.93,0,0.53,2.2,0.77,0,17.74,53.72,7.61,12.48,21.44,6.36,0.52,5.3,0,3.93,6.49,0.12,7.34,6.01,0,0.56,197.6,1.76,0,27.23,88.03,91.66,0,93.38,32.4,0,0,,0,0,,0,0,34.09,34.87,0,7.2,52.83,9.6,0,425.87,1289.23,,,,,,,,
1/5/2031 0:00,4.3,12.48,19.56,4.55,0.5,4.74,0,2.83,0,0,6.75,3.57,0,0.53,3.77,0.77,0,8.93,35.4,7.61,12.48,21.44,6.36,0.52,5.3,0,3.93,6.49,0.12,7.34,6.01,0,0.56,197.6,1.76,0,27.23,88.03,96.91,10.25,147.54,32.52,0,4.35,,0,0,,0,0,34.24,36.36,0,7.2,90.51,13.26,0,214.43,849.56,,,,,,,,
1/6/2031 0:00,4.3,12.48,19.96,4.55,0.5,4.86,0,2.83,0,0,6.75,3.72,0,0.53,4.94,0.77,0,19.28,28.65,7.61,12.48,21.44,6.36,0.52,5.3,0,3.93,6.49,0.12,7.34,6.01,0,0.56,197.6,1.76,0,27.23,88.03,103.12,7.61,203.31,32.56,0,7.14,,0,0,,0,0,36.51,37.44,0,7.2,118.54,17.59,0,462.62,687.5,,,,,,,,
1/7/2031 0:00,4.3,12.48,20.01,4.55,0.5,4.88,0,2.83,0,0,6.75,3.71,0,0.53,7.72,0.77,0,19.98,24.61,7.61,12.48,21.44,6.36,0.52,5.3,0,3.93,6.49,0.12,7.34,6.01,0,0.56,197.6,1.76,0,27.23,88.03,103.12,6.04,224,32.73,0,10.07,,0,0,,0,0,38.05,37.91,0,7.2,185.25,17.59,0,479.55,590.74,,,,,,,,
1/8/2031 0:00,4.3,12.48,20.06,4.55,0.5,4.89,0,2.83,0,0,6.75,3.58,0,0.53,3.85,0.77,0,21.06,26.24,7.61,12.48,21.44,6.36,0.52,5.3,0,3.93,6.49,0.12,7.34,6.01,0,0.56,197.6,1.76,0,27.23,88.03,103.12,4.49,249.61,32.85,0,10.73,,0,0,,0,0,37.9,37.63,0,7.2,92.42,17.59,0,505.52,629.78,,,,,,,,
1/9/2031 0:00,4.31,12.48,20.09,4.55,0.5,4.9,0,2.83,0,0,6.75,3.72,0,0.53,4.31,0.77,0,13.65,24.69,7.61,12.48,21.44,6.36,0.52,5.3,0,3.93,6.49,0.12,7.34,6.01,0,0.56,197.6,1.76,0,27.23,88.03,103.45,28.48,293.23,33.68,0,12.08,,0,0,,0,0,37.59,39.02,0,7.2,103.44,17.59,0,327.6,592.68,,,,,,,,
1/10/2031 0:00,4.31,12.48,20.02,4.55,0.5,4.88,0,2.83,0,0,6.75,4.12,0,0.53,4.85,0.77,0,13.45,28.37,7.61,12.48,21.44,6.36,0.52,5.3,0,3.93,6.49,0.12,7.34,6.01,0,0.56,197.6,1.76,0,27.23,88.03,103.45,0,240.44,32.87,0,10.99,,0,0,,0,0,36.04,39.37,0,7.2,116.41,17.59,0,322.73,680.83,,,,,,,,
1/11/2031 0:00,4.3,12.48,19.67,4.54,0.5,4.77,0,2.83,0,0,6.75,3.76,0,0.53,3.12,0.77,0,16.83,38.55,7.61,12.48,21.44,6.36,0.52,5.3,0,3.93,6.49,0.12,7.34,6.01,0,0.56,197.6,1.76,0,27.23,88.03,101.04,28.56,93.5,32.41,0,1.71,,0,0,,0,0,34.35,35.71,0,7.2,74.9,17.25,0,403.84,925.26,,,,,,,,
1/12/2031 0:00,4.3,12.48,19.77,4.54,0.5,4.8,0,2.83,0,0,6.75,3.15,0,0.53,3.12,0.77,0,16.51,53.21,7.61,12.48,21.44,6.36,0.52,5.3,0,3.93,6.49,0.12,7.34,6.01,0,0.56,197.6,1.76,0,27.23,88.03,91.66,0,93.55,32.4,0,0,,0,0,,0,0,32.8,35.71,0,7.2,74.93,10.09,0,396.13,1277.04,,,,,,,,
1/13/2031 0:00,4.3,12.48,20.16,4.54,0.5,4.92,0,2.83,0,0,6.75,3.06,0,0.53,5.97,0.77,0,14.83,52.19,7.61,12.48,21.44,6.36,0.52,5.3,0,3.93,6.49,0.12,7.34,6.01,0,0.56,197.6,1.76,0,27.23,88.03,98.26,39.06,120,32.5,0,2.24,,0,0,,0,0,34,35.76,0,7.2,143.3,14.24,0,356.03,1252.58,,,,,,,,
1/14/2031 0:00,4.3,12.48,20.21,4.54,0.5,4.93,0,2.83,0,0,6.75,3.08,0,0.53,4.98,0.77,0,20.04,47.31,7.61,12.48,21.44,6.36,0.52,5.3,0,3.93,6.49,0.12,7.34,6.01,0,0.56,197.6,1.76,0,27.23,88.03,103.12,15.13,108.66,32.42,0,3.34,,0,0,,0,0,34.5,35.8,0,7.2,119.5,17.59,0,480.88,1135.35,,,,,,,,
1/15/2031 0:00,4.3,12.48,20.25,4.54,0.5,4.95,0,2.83,0,0,6.75,2.91,0,0.53,4.1,0.77,0,15.85,49.63,7.61,12.48,21.44,6.36,0.52,5.3,0,3.93,6.49,0.12,7.34,6.01,0,0.56,197.6,1.76,0,27.23,88.03,103.12,8.99,158.26,32.52,0,6.93,,0,0,,0,0,34,34.57,0,7.2,98.42,17.59,0,380.4,1191.2,,,,,,,,
1/16/2031 0:00,4.31,12.48,20.27,4.54,0.5,4.95,0,2.83,0,0,6.75,3.45,0,0.53,8.5,0.77,0,11.57,33.84,7.61,12.48,21.44,6.36,0.52,5.3,0,3.93,6.49,0.12,7.34,6.01,0,0.56,197.6,1.76,0,27.23,88.03,103.45,10.54,251.63,32.79,0,12.63,,0,0,,0,0,34,37.4,0,7.2,204.04,17.59,0,277.62,812.16,,,,,,,,
1/17/2031 0:00,4.31,12.48,20.19,4.54,0.5,4.93,0,2.83,0,0,6.75,4.34,0,0.53,9.99,0.77,0,17.29,24.26,7.61,12.48,21.44,6.36,0.52,5.3,0,3.93,6.49,0.12,7.34,6.01,0,0.56,197.6,1.76,0,27.23,88.03,103.45,26.66,275.01,32.7,0,11.78,,0,0,,0,0,33.96,42.6,0,7.2,239.77,17.59,0,414.95,582.31,,,,,,,,
1/18/2031 0:00,4.3,12.48,19.82,4.54,0.5,4.82,0,2.83,0,0,6.75,5.05,0,0.53,5.55,0.77,0,16.32,14.17,7.61,12.48,21.44,6.36,0.52,5.3,0,3.93,6.49,0.12,7.34,6.01,0,0.56,197.6,1.76,0,27.23,88.03,103.12,6.78,250.44,32.86,0,12.49,,0,0,,0,0,32.67,43.04,0,7.2,133.2,17.59,0,391.61,340.1,,,,,,,,
1/19/2031 0:00,4.3,12.48,19.91,4.54,0.5,4.85,0,2.83,0,0,6.75,5.05,0,0.53,5.98,0.77,0,14.75,22.98,7.61,12.48,21.44,6.36,0.52,5.3,0,3.93,6.49,0.12,7.34,6.01,0,0.56,197.6,1.76,0,27.23,88.03,103.12,0,180.7,32.82,0,8.98,,0,0,,0,0,32.1,59.82,0,7.2,143.53,17.59,0,354.05,551.51,,,,,,,,
1/20/2031 0:00,4.3,12.48,20.29,4.54,0.5,4.96,0,2.83,0,0,6.75,5.87,0,0.53,4.12,0.77,0,3.38,4.82,7.61,12.48,21.44,6.36,0.52,5.3,0,3.93,6.49,0.12,7.34,6.01,0,0.56,197.6,1.76,0,27.23,88.03,103.12,34.46,461.48,88.46,8.13,74.93,,0,19.95,,0,0,34.9,125.78,0,10.18,98.99,17.97,0,81.09,115.72,,,,,,,,
1/21/2031 0:00,4.3,12.48,20.32,4.53,0.5,4.97,0,2.83,0,0,6.75,5.52,0,0.53,2.77,0.77,0,4.81,16.95,7.61,12.48,21.44,6.36,0.52,5.3,0,3.93,6.49,0.12,7.34,6.01,0,0.56,197.6,1.76,0,27.23,88.03,103.12,11.64,468.18,86.97,4.8,34.56,,0,6.15,,0,0,35.51,128.7,0,7.85,66.51,17.76,0,115.46,406.86,,,,,,,,
1/22/2031 0:00,4.3,12.48,20.35,4.53,0.5,4.98,0,2.83,0,0,6.75,5.25,0,0.53,1.28,0.77,0,6.55,12.46,7.61,12.48,21.44,6.36,0.52,5.3,0,3.93,6.49,0.12,7.34,6.01,0,0.56,197.6,1.76,0,27.23,88.03,103.12,16.12,463.63,96.18,8.46,71.83,,0,20.49,,0,0,35.58,120.71,0,9.8,30.65,18.03,0,157.29,299.02,,,,,,,,
1/23/2031 0:00,4.31,12.48,20.35,4.53,0.5,4.98,0,2.83,0,0,6.75,5.47,0,0.53,2.31,0.77,0,1.31,6.64,7.61,12.48,21.44,6.36,0.52,5.3,0,3.93,6.49,0.12,7.34,6.01,0,0.56,197.6,1.76,0,27.23,88.03,103.45,34.59,488.03,107.48,11.07,94.76,,0,42.71,,0,0,36.8,131.22,0,11.15,55.45,18.23,0,31.56,159.33,,,,,,,,
1/24/2031 0:00,4.31,12.48,20.26,4.53,0.5,4.95,0,2.83,0,0,6.75,6.03,0,0.53,2.21,0.77,0,0.95,4.67,7.61,12.48,21.44,6.36,0.52,5.3,0,3.93,6.49,0.12,7.34,6.01,0,0.56,197.6,1.76,0,27.23,88.03,103.45,33.87,486.24,107.93,12.01,102.13,,0,48.59,,0,0,37.89,144.69,0,11.38,52.95,18.21,0,22.88,111.99,,,,,,,,
1/25/2031 0:00,4.3,12.48,19.88,4.53,0.5,4.84,0,2.83,0,0,6.75,6.12,0,0.53,1.31,0.77,0,9.66,2.27,7.61,12.48,21.44,6.36,0.52,5.3,0,3.93,6.49,0.12,7.34,6.01,0,0.56,197.6,1.76,0,27.23,88.03,103.12,1.39,464.8,87.46,5.42,25.75,,0,2.69,,0,0,36.58,141.47,0,7.75,31.45,17.67,0,231.91,54.59,,,,,,,,
1/26/2031 0:00,4.3,12.48,19.95,4.53,0.5,4.86,0,2.83,0,0,6.75,6.01,0,0.53,1.83,0.77,0,13.66,3.15,7.61,12.48,21.44,6.36,0.52,5.3,0,3.93,6.49,0.12,7.34,6.01,0,0.56,197.6,1.76,0,27.23,88.03,103.12,0,379.93,34.38,0,14.76,,0,0,,0,0,35.87,97.73,0,7.2,43.88,17.61,0,327.96,75.64,,,,,,,,
1/27/2031 0:00,4.3,12.48,20.32,4.53,0.5,4.97,0,2.83,0,0,6.75,5.87,0,0.53,2.95,0.77,0,6.1,9.64,7.61,12.48,21.44,6.36,0.52,5.3,0,3.93,6.49,0.12,7.34,6.01,0,0.56,197.6,1.76,0,27.23,88.03,103.12,17.63,450.46,83.63,7.14,55.96,,0,13.62,,0,0,38.58,125.15,0,8.92,70.74,17.84,0,146.5,231.37,,,,,,,,
1/28/2031 0:00,4.3,12.48,20.34,4.53,0.5,4.97,0,2.83,0,0,6.75,5.71,0,0.53,4.13,0.77,0,5.91,4.67,7.61,12.48,21.44,6.36,0.52,5.3,0,3.93,6.49,0.12,7.34,6.01,0,0.56,197.6,1.76,0,27.23,88.03,103.12,15.86,485.84,104.58,10.52,82.26,,0,20.52,,0,0,39.32,136.77,0,9.7,99.14,17.98,0,141.86,112.19,,,,,,,,
1/29/2031 0:00,4.3,12.48,20.35,4.52,0.5,4.98,0,2.83,0,0,6.75,4.35,0,0.53,5.22,0.77,0,14.51,22.91,7.61,12.48,21.44,6.36,0.52,5.3,0,3.93,6.49,0.12,7.34,6.01,0,0.56,197.6,1.76,0,27.23,88.03,103.12,8.12,380.99,45.61,0.47,16.79,,0,0.03,,0,0,37.75,64.72,0,7.2,125.34,17.61,0,348.34,549.91,,,,,,,,
1/30/2031 0:00,4.31,12.48,20.35,4.52,0.5,4.98,0,2.83,0,0,6.75,3.38,0,0.53,5.28,0.77,0,12.72,43.03,7.61,12.48,21.44,6.36,0.52,5.3,0,3.93,6.49,0.12,7.34,6.01,0,0.56,197.6,1.76,0,27.23,88.03,103.45,0.38,229.91,32.83,0,10.74,,0,0,,0,0,35.51,38.1,0,7.2,126.81,17.59,0,305.33,1032.81,,,,,,,,
1/31/2031 0:00,4.31,12.48,20.25,4.52,0.5,4.95,0,2.83,0,0,6.75,3.59,0,0.53,4.48,0.77,0,11.4,43.08,7.61,12.48,21.44,6.36,0.52,5.3,0,3.93,6.49,0.12,7.34,6.01,0,0.56,197.6,1.76,0,27.23,88.03,103.45,0,212.83,32.83,0,10.64,,0,0,,0,0,33.99,37.24,0,7.2,107.6,17.59,0,273.58,1033.99,,,,,,,,
2/1/2031 0:00,4.41,12.48,19.86,4.72,0.5,4.83,0,2.83,0,0,6.75,3.15,0,0.53,3.12,0.77,0,16.74,59.21,7.61,12.48,21.44,6.36,0.52,5.3,0,3.93,6.49,0.12,7.34,6.01,0,0.56,199.1,1.76,0,27.68,88.37,94.28,0,93.61,32.41,0,0,,0,0,,0,0,32.3,35.71,0,7.2,74.87,9.6,0,401.77,1421.13,,,,,,,,
2/2/2031 0:00,4.41,12.48,19.93,4.73,0.5,4.85,0,2.83,0,0,6.75,3.62,0,0.53,3.62,0.77,0,16.41,39.21,7.61,12.48,21.44,6.36,0.52,5.3,0,3.93,6.49,0.12,7.34,6.01,0,0.56,199.1,1.76,0,27.68,88.37,99.82,31.25,93.64,32.4,0,1.63,,0,0,,0,0,31.33,35.71,0,7.2,86.79,14.26,0,393.95,940.92,,,,,,,,
2/3/2031 0:00,4.41,12.48,20.29,4.73,0.5,4.96,0,2.83,0,0,6.75,3.41,0,0.53,2.6,0.77,0,13.77,58.07,7.61,12.48,21.44,6.36,0.52,5.3,0,3.93,6.49,0.12,7.34,6.01,0,0.56,199.1,1.76,0,27.68,88.37,100.13,10.46,135.05,32.52,0,2.53,,0,0,,0,0,33.05,37.37,0,7.2,62.3,15.26,0,330.4,1393.77,,,,,,,,
2/4/2031 0:00,4.41,12.48,20.31,4.73,0.5,4.96,0,2.83,0,0,6.75,4.84,0,0.53,9.13,0.77,0,7.36,11.56,7.61,12.48,21.44,6.36,0.52,5.3,0,3.93,6.49,0.12,7.34,6.01,0,0.56,199.1,1.76,0,27.68,88.37,105.74,44.07,407.71,75.28,2.91,31.65,,0,4.23,,0,0,35.19,81.64,0,7.59,219.13,17.68,0,176.72,277.46,,,,,,,,
2/5/2031 0:00,4.41,12.48,20.32,4.73,0.5,4.97,0,2.83,0,0,6.75,4.71,0,0.53,5.41,0.77,0,20.48,12.21,7.61,12.48,21.44,6.36,0.52,5.3,0,3.93,6.49,0.12,7.34,6.01,0,0.56,199.1,1.76,0,27.68,88.37,105.74,0,348.39,35.47,0,14.84,,0,0,,0,0,36.54,71.1,0,7.2,129.77,17.59,0,491.46,293.11,,,,,,,,
2/6/2031 0:00,4.44,12.48,20.31,4.73,0.5,4.97,0,2.83,0,0,6.75,5.05,0,0.53,5.91,0.77,0,2.45,7.43,7.61,12.48,21.44,6.36,0.52,5.3,0,3.93,6.49,0.12,7.34,6.01,0,0.56,199.1,1.76,0,27.68,88.37,106.56,41.23,467.31,86.91,6.18,47.3,,0,11.17,,0,0,39.04,109.25,0,8.15,141.89,17.85,0,58.71,178.43,,,,,,,,
2/7/2031 0:00,4.44,12.48,20.21,4.72,0.5,4.94,0,2.83,0,0,6.75,5.08,0,0.53,16.05,0.77,0,7.41,6.93,7.61,12.48,21.44,6.36,0.52,5.3,0,3.93,6.49,0.12,7.34,6.01,0,0.56,199.1,1.76,0,27.68,88.37,106.56,33.84,413.6,81.69,2.83,26.19,,0,3.17,,0,0,38.5,90.54,0,7.63,385.17,17.69,0,177.79,166.21,,,,,,,,
2/8/2031 0:00,4.41,12.48,19.82,4.72,0.5,4.82,0,2.83,0,0,6.75,4.6,0,0.53,18.26,0.77,0,12.58,14.97,7.61,12.48,21.44,6.36,0.52,5.3,0,3.93,6.49,0.12,7.34,6.01,0,0.56,199.1,1.76,0,27.68,88.37,104.55,30.21,245.31,34.43,0.16,8.37,,0,0,,0,0,36.85,58.22,0,7.2,438.17,16.92,0,302,359.32,,,,,,,,
2/9/2031 0:00,4.41,12.48,19.88,4.72,0.5,4.84,0,2.83,0,0,6.75,4.09,0,0.53,16.7,0.77,0,21.71,23.29,7.61,12.48,21.44,6.36,0.52,5.3,0,3.93,6.49,0.12,7.34,6.01,0,0.56,199.1,1.76,0,27.68,88.37,103.81,0,133.85,32.53,0,4.29,,0,0,,0,0,34.73,35.88,0,7.2,400.78,15.59,0,520.99,559.01,,,,,,,,
2/10/2031 0:00,4.41,12.48,20.25,4.72,0.5,4.95,0,2.83,0,0,6.75,3.97,0,0.53,12.77,0.77,0,18.23,28.72,7.61,12.48,21.44,6.36,0.52,5.3,0,3.93,6.49,0.12,7.34,6.01,0,0.56,199.1,1.76,0,27.68,88.37,105.74,23.09,240.07,32.76,0,10.7,,0,0,,0,0,36.34,38.42,0,7.2,306.36,17.59,0,437.62,689.17,,,,,,,,
2/11/2031 0:00,4.41,12.48,20.26,4.41,0.5,4.95,0,2.83,0,0,6.75,4.01,0,0.53,6.15,0.77,0,16.91,36.74,7.61,12.48,21.44,6.36,0.52,5.3,0,3.93,6.49,0.12,7.34,6.01,0,0.56,199.1,1.76,0,27.68,88.37,105.74,0,259.86,33.17,0.16,9.8,,0,0.05,,0,0,37.09,45.62,0,7.2,147.68,17.61,0,405.8,881.88,,,,,,,,
2/12/2031 0:00,4.41,12.48,20.27,4.41,0.5,4.95,0,2.83,0,0,6.75,4.91,0,0.53,6.63,0.77,0,6.47,6.7,7.61,12.48,21.44,6.36,0.52,5.3,0,3.93,6.49,0.12,7.34,6.01,0,0.56,199.1,1.76,0,27.68,88.37,105.74,33.89,457.63,75.64,3.95,40.49,,0,6.22,,0,0,39.29,96.77,0,7.79,159.04,17.71,0,155.28,160.76,,,,,,,,
2/13/2031 0:00,4.44,12.48,20.27,4.41,0.5,4.95,0,2.83,0,0,6.75,4.98,0,0.53,9.47,0.77,0,5.17,5.45,7.61,12.48,21.44,6.36,0.52,5.3,0,3.93,6.49,0.12,7.34,6.01,0,0.56,199.1,1.76,0,27.68,88.37,106.56,40.61,449.05,78.94,3.99,35.38,,0,5.97,,0,0,40.55,98.54,0,7.99,227.31,17.7,0,123.97,130.85,,,,,,,,
2/14/2031 0:00,4.44,12.48,20.16,4.72,0.5,4.92,0,2.83,0,0,6.75,5.37,0,0.53,10.79,0.77,0,3.99,4.18,7.61,12.48,21.44,6.36,0.52,5.3,0,3.93,6.49,0.12,7.34,6.01,0,0.56,199.1,1.76,0,27.68,88.37,106.56,32.91,445.61,81.79,3.59,32.03,,0,4.92,,0,0,40.68,104.85,0,7.87,258.88,17.69,0,95.88,100.43,,,,,,,,
2/15/2031 0:00,4.41,12.48,19.77,4.72,0.5,4.81,0,2.83,0,0,6.75,5.05,0,0.53,12.97,0.77,0,7.71,7.74,7.61,12.48,21.44,6.36,0.52,5.3,0,3.93,6.49,0.12,7.34,6.01,0,0.56,199.1,1.76,0,27.68,88.37,105.74,8.48,278.17,35.75,0.28,10.97,,0,0,,0,0,39.22,64.7,0,7.2,311.26,17.59,0,185.03,185.86,,,,,,,,
2/16/2031 0:00,4.41,12.48,19.83,4.72,0.5,4.82,0,2.83,0,0,6.75,4,0,0.53,12.76,0.77,0,14.28,25.05,7.61,12.48,21.44,6.36,0.52,5.3,0,3.93,6.49,0.12,7.34,6.01,0,0.56,199.1,1.76,0,27.68,88.37,103.17,31.25,93.59,32.4,0,1.98,,0,0,,0,0,37.16,35.71,0,7.2,306.26,17.31,0,342.75,601.2,,,,,,,,
2/17/2031 0:00,4.41,12.48,20.19,4.71,0.5,4.93,0,2.83,0,0,6.75,2.9,0,0.53,4.32,0.77,0,14.79,59.03,7.61,12.48,21.44,6.36,0.52,5.3,0,3.93,6.49,0.12,7.34,6.01,0,0.56,199.1,1.76,0,27.68,88.37,95.55,3.4,93.8,32.4,0,0,,0,0,,0,0,37.5,34.53,0,7.2,103.68,11.26,0,355.06,1416.68,,,,,,,,
2/18/2031 0:00,4.41,12.48,20.21,4.71,0.5,4.93,0,2.83,0,0,6.75,3.19,0,0.53,5.28,0.77,0,12.8,47.96,7.61,12.48,21.44,6.36,0.52,5.3,0,3.93,6.49,0.12,7.34,6.01,0,0.56,199.1,1.76,0,27.68,88.37,99.93,28.28,149.69,32.53,0,3.79,,0,0,,0,0,37.36,35.98,0,7.2,126.67,14.1,0,307.25,1151.04,,,,,,,,
2/19/2031 0:00,4.41,12.48,20.21,4.71,0.5,4.94,0,2.83,0,0,6.75,3.35,0,0.53,8.64,0.77,0,11.33,26.39,7.61,12.48,21.44,6.36,0.52,5.3,0,3.93,6.49,0.12,7.34,6.01,0,0.56,199.1,1.76,0,27.68,88.37,105.74,28.53,227.68,32.76,0,10.86,,0,0,,0,0,37.48,36.74,0,7.2,207.29,17.59,0,271.85,633.38,,,,,,,,
2/20/2031 0:00,4.44,12.48,20.21,4.71,0.5,4.93,0,2.83,0,0,6.75,2.28,0,0.53,13.18,0.77,0,17.93,54.41,7.61,12.48,21.44,6.36,0.52,5.3,0,3.93,6.49,0.12,7.34,6.01,0,0.56,199.1,1.76,0,27.68,88.37,98.45,16.13,93.8,32.41,0,1.18,,0,0,,0,0,36.05,27.16,0,7.2,316.37,14.89,0,430.39,1305.77,,,,,,,,
2/21/2031 0:00,4.44,12.48,20.1,4.71,0.5,4.9,0,2.83,0,0,6.75,3.9,0,0.53,12.78,0.77,0,11.39,25.47,7.61,12.48,21.44,6.36,0.52,5.3,0,3.93,6.49,0.12,7.34,6.01,0,0.56,199.1,1.76,0,27.68,88.37,106.56,36.57,235.22,53.4,1.63,10,,0,0.15,,0,0,35.92,54.56,0,7.2,306.77,17.67,0,273.36,611.28,,,,,,,,
2/22/2031 0:00,4.41,12.48,19.7,4.71,0.5,4.79,0,2.83,0,0,6.75,4.94,0,0.53,13.95,0.77,0,5.94,8,7.61,12.48,21.44,6.36,0.52,5.3,0,3.93,6.49,0.12,7.34,6.01,0,0.56,199.1,1.76,0,27.68,88.37,105.74,17.55,319.19,36.74,0,11.47,,0,0,,0,0,35.33,64.49,0,7.2,334.74,17.59,0,142.54,191.93,,,,,,,,
2/23/2031 0:00,4.41,12.48,19.76,4.71,0.5,4.8,0,2.83,0,0,6.75,4.89,0,0.53,6.41,0.77,0,14,8.76,7.61,12.48,21.44,6.36,0.52,5.3,0,3.93,6.49,0.12,7.34,6.01,0,0.56,199.1,1.76,0,27.68,88.37,105.74,7.97,213.61,32.79,0,9.79,,0,0,,0,0,34.55,41.84,0,7.2,153.85,17.59,0,335.9,210.13,,,,,,,,
2/24/2031 0:00,4.41,12.48,20.12,4.71,0.5,4.91,0,2.83,0,0,6.75,3.73,0,0.53,5.89,0.77,0,20.87,34.89,7.61,12.48,21.44,6.36,0.52,5.3,0,3.93,6.49,0.12,7.34,6.01,0,0.56,199.1,1.76,0,27.68,88.37,105.74,11.79,141.92,32.51,0,5.55,,0,0,,0,0,35.84,36.79,0,7.2,141.34,17.59,0,500.92,837.47,,,,,,,,
2/25/2031 0:00,4.41,12.48,20.13,4.7,0.5,4.91,0,2.83,0,0,6.75,3.34,0,0.53,9.22,0.77,0,20.21,40.29,7.61,12.48,21.44,6.36,0.52,5.3,0,3.93,6.49,0.12,7.34,6.01,0,0.56,199.1,1.76,0,27.68,88.37,102.72,27.68,138.13,32.54,0,4.49,,0,0,,0,0,35.94,36.09,0,7.2,221.33,15.59,0,484.99,967.05,,,,,,,,
2/26/2031 0:00,4.41,12.48,20.13,4.7,0.5,4.91,0,2.83,0,0,6.75,3.8,0,0.53,11.81,0.77,0,15.43,22.69,7.61,12.48,21.44,6.36,0.52,5.3,0,3.93,6.49,0.12,7.34,6.01,0,0.56,199.1,1.76,0,27.68,88.37,104.83,18.84,226.96,32.81,0,9.83,,0,0,,0,0,36.04,38.57,0,7.2,283.56,17.51,0,370.25,544.5,,,,,,,,
2/27/2031 0:00,4.44,12.48,20.12,4.7,0.5,4.91,0,2.83,0,0,6.75,4.33,0,0.53,14.84,0.77,0,2.49,12.88,7.61,12.48,21.44,6.36,0.52,5.3,0,3.93,6.49,0.12,7.34,6.01,0,0.56,199.1,1.76,0,27.68,88.37,106.56,38.46,368.68,49.07,2.1,15.94,,0,0.15,,0,0,37.51,66.28,0,7.2,356.19,17.63,0,59.67,309.12,,,,,,,,
2/28/2031 0:00,4.44,12.48,20.01,4.7,0.5,4.88,0,2.83,0,0,6.75,4.73,0,0.53,20.99,0.77,0,1.71,10.71,7.61,12.48,21.44,6.36,0.52,5.3,0,3.93,6.49,0.12,7.34,6.01,0,0.56,199.1,1.76,0,27.68,88.37,106.56,38.06,353.81,49,1.47,14.47,,0,0.18,,0,0,38.11,78.22,0,7.2,503.68,17.6,0,41.11,257.08,,,,,,,,
3/1/2031 0:00,4.21,12.48,19.61,4.7,0.5,4.76,0,2.83,0,0,6.75,4.81,0,0.53,28.1,0.77,0,0.99,9.27,7.61,12.48,21.44,6.36,0.52,5.3,0,3.93,6.49,0.12,7.34,6.01,0,0.56,200.6,1.76,0,28.14,88.7,99.05,31.25,265.8,19.37,0.08,9.87,,0,0.01,,0,0,36.9,58.25,0,7.2,674.47,15.59,0,23.67,222.55,,,,,,,,
3/2/2031 0:00,4.21,12.48,19.66,4.54,0.5,4.77,0,2.83,0,0,6.75,4.61,0,0.53,24.67,0.77,0,2.57,8.01,7.61,12.48,21.44,6.36,0.52,5.3,0,3.93,6.49,0.12,7.34,6.01,0,0.56,200.6,1.76,0,28.14,88.7,99.05,7.11,245.55,19.12,0,9.28,,0,0,,0,0,35.26,59.87,0,7.2,592.08,15.92,0,61.58,192.21,,,,,,,,
3/3/2031 0:00,4.21,12.48,20.02,4.54,0.5,4.88,0,2.83,0,0,6.75,4.7,0,0.53,17.53,0.77,0,9.36,7.79,7.61,12.48,21.44,6.36,0.52,5.3,0,3.93,6.49,0.12,7.34,6.01,0,0.56,200.6,1.76,0,28.14,88.7,100.98,39.72,346.69,19.82,0,13.34,,0,0,,0,0,36.46,56.96,0,7.2,420.61,17.59,0,224.75,186.99,,,,,,,,
3/4/2031 0:00,4.21,12.48,20.02,4.54,0.5,4.88,0,2.83,0,0,6.75,4.61,0,0.53,11.72,0.77,0,12.35,22.14,7.61,12.48,21.44,6.36,0.52,5.3,0,3.93,6.49,0.12,7.34,6.01,0,0.56,200.6,1.76,0,28.14,88.7,100.98,17.25,279.8,18.7,0.31,11.1,,0,0.05,,0,0,35.75,54.59,0,7.2,281.28,17.59,0,296.3,531.32,,,,,,,,
3/5/2031 0:00,4.21,12.48,20.02,4.53,0.5,4.88,0,2.83,0,0,6.75,3.96,0,0.53,9.39,0.77,0,10.24,13.89,7.61,12.48,21.44,6.36,0.52,5.3,0,3.93,6.49,0.12,7.34,6.01,0,0.56,200.6,1.76,0,28.14,88.7,100.98,28.18,388.56,41.8,1.88,19.68,,0,3.05,,0,0,35.42,63.13,0,7.4,225.43,17.66,0,245.77,333.42,,,,,,,,
3/6/2031 0:00,4.15,12.48,20.01,4.53,0.5,4.88,0,2.83,0,0,6.75,4.26,0,0.53,10.58,0.77,0,9.02,10.82,7.61,12.48,21.44,6.36,0.52,5.3,0,3.93,6.49,0.12,7.34,6.01,0,0.56,200.6,1.76,0,28.14,88.7,99.63,11.24,368.73,35.46,0.78,17.33,,0,0.08,,0,0,36.76,60.47,0,7.2,253.91,17.63,0,216.48,259.69,,,,,,,,
3/7/2031 0:00,4.15,12.48,19.89,4.53,0.5,4.84,0,2.83,0,0,6.75,4.64,0,0.53,13.53,0.77,0,11.53,33.48,7.61,12.48,21.44,6.36,0.52,5.3,0,3.93,6.49,0.12,7.34,6.01,0,0.56,200.6,1.76,0,28.14,88.7,99.08,17.44,200.75,18.04,0,8.54,,0,0,,0,0,35.06,41.25,0,7.2,324.67,17.59,0,276.61,803.57,,,,,,,,
3/8/2031 0:00,4.21,12.48,19.49,4.53,0.5,4.72,0,2.83,0,0,6.75,4.03,0,0.53,6.79,0.77,0,3.13,10.63,7.61,12.48,21.44,6.36,0.52,5.3,0,3.93,6.49,0.12,7.34,6.01,0,0.56,200.6,1.76,0,28.14,88.7,100.98,21.81,322.06,18.82,0,13.44,,0,0,,0,0,34.21,39.99,0,7.2,162.88,17.59,0,75.23,255.07,,,,,,,,
3/9/2031 0:00,4.21,12.48,19.55,4.53,0.5,4.74,0,2.83,0,0,6.75,5.08,0,0.53,10.9,0.77,0,2.09,14.15,7.61,12.48,21.44,6.36,0.52,5.3,0,3.93,6.49,0.12,7.34,6.01,0,0.56,200.6,1.76,0,28.14,88.7,100.98,18.01,233.31,17.2,0,9.99,,0,0,,0,0,34.41,40.5,0,7.2,261.7,17.59,0,50.19,339.56,,,,,,,,
3/10/2031 0:00,4.21,12.48,19.9,4.53,0.5,4.84,0,2.83,0,0,6.75,4.85,0,0.53,11.39,0.77,0,15.62,27.23,7.61,12.48,21.44,6.36,0.52,5.3,0,3.93,6.49,0.12,7.34,6.01,0,0.56,200.6,1.76,0,28.14,88.7,100.98,0,173.9,16.92,0,8.34,,0,0,,0,0,35.8,39.16,0,7.2,273.45,17.59,0,374.78,653.61,,,,,,,,
3/11/2031 0:00,4.21,12.48,19.9,4.53,0.5,4.84,0,2.83,0,0,6.75,3.94,0,0.53,17.67,0.77,0,11.03,20.68,7.61,12.48,21.44,6.36,0.52,5.3,0,3.93,6.49,0.12,7.34,6.01,0,0.56,200.6,1.76,0,28.14,88.7,100.98,35.26,229.83,18.39,0,9.07,,0,0,,0,0,35.73,39.54,0,7.2,424.13,17.59,0,264.78,496.24,,,,,,,,
3/12/2031 0:00,4.21,12.48,19.9,4.53,0.5,4.84,0,2.83,0,0,6.75,3.66,0,0.53,12.33,0.77,0,12.17,21.09,7.61,12.48,21.44,6.36,0.52,5.3,0,3.93,6.49,0.12,7.34,6.01,0,0.56,200.6,1.76,0,28.14,88.7,100.98,24.8,192.28,17.37,0,8.13,,0,0,,0,0,35.45,37.12,0,7.2,295.9,17.59,0,292.01,506.04,,,,,,,,
3/13/2031 0:00,4.15,12.48,19.89,4.53,0.5,4.84,0,2.83,0,0,6.75,3.5,0,0.53,15.23,0.77,0,14.72,45.12,7.61,12.48,21.44,6.36,0.52,5.3,0,3.93,6.49,0.12,7.34,6.01,0,0.56,200.6,1.76,0,28.14,88.7,92.46,37.93,64.4,16.8,0,1.92,,0,0,,0,0,33.92,35.71,0,7.2,365.58,13.59,0,353.36,1082.89,,,,,,,,
3/14/2031 0:00,4.15,12.48,19.77,4.53,0.5,4.81,0,2.83,0,0,6.75,2.9,0,0.53,12.42,0.77,0,12.02,40.87,7.61,12.48,21.44,6.36,0.52,5.3,0,3.93,6.49,0.12,7.34,6.01,0,0.56,200.6,1.76,0,28.14,88.7,96.28,34.61,98.12,16.8,0,3.25,,0,0,,0,0,33.16,34.43,0,7.2,298.1,15.26,0,288.44,980.85,,,,,,,,
3/15/2031 0:00,4.21,12.48,19.37,4.53,0.5,4.69,0,2.83,0,0,6.75,3.25,0,0.53,21.95,0.77,0,14.95,16.57,7.61,12.48,21.44,6.36,0.52,5.3,0,3.93,6.49,0.12,7.34,6.01,0,0.56,200.6,1.76,0,28.14,88.7,97.64,31.25,121.24,16.8,0,4.25,,0,0,,0,0,32.14,35.96,0,7.2,526.83,15.26,0,358.87,397.65,,,,,,,,
3/16/2031 0:00,4.21,12.48,19.42,4.53,0.5,4.7,0,2.83,0,0,6.75,3.75,0,0.53,31.12,0.77,0,16.3,22.67,7.61,12.48,21.44,6.36,0.52,5.3,0,3.93,6.49,0.12,7.34,6.01,0,0.56,200.6,1.76,0,28.14,88.7,96.21,13.5,62.21,17.15,0,2.17,,0,0,,0,0,31.29,36.08,0,7.2,746.89,14.59,0,391.17,544.07,,,,,,,,
3/17/2031 0:00,4.21,12.48,19.77,4.52,0.5,4.81,0,2.83,0,0,6.75,3.32,0,0.53,26.66,0.77,0,11.97,21.24,7.61,12.48,21.44,6.36,0.52,5.3,0,3.93,6.49,0.12,7.34,6.01,0,0.56,200.6,1.76,0,28.14,88.7,97.64,42.98,160.57,17.37,0,5.73,,0,0,,0,0,32.35,36.56,0,7.2,639.84,15.26,0,287.35,509.71,,,,,,,,
3/18/2031 0:00,4.21,12.48,19.78,4.52,0.5,4.81,0,2.83,0,0,6.75,3.51,0,0.53,27.91,0.77,0,3.32,9.89,7.61,12.48,21.44,6.36,0.52,5.3,0,3.93,6.49,0.12,7.34,6.01,0,0.56,200.6,1.76,0,28.14,88.7,99.37,37.28,267.9,29.36,1.16,10.73,,0,0.11,,0,0,33.96,47.87,0,7.2,669.82,15.98,0,79.57,237.3,,,,,,,,
3/19/2031 0:00,4.21,12.48,19.78,4.52,0.5,4.81,0,2.83,0,0,6.75,3.79,0,0.53,19.1,0.77,0,6.79,6.38,7.61,12.48,21.44,6.36,0.52,5.3,0,3.93,6.49,0.12,7.34,6.01,0,0.56,200.6,1.76,0,28.14,88.7,100.98,31.76,317.31,33.14,1.4,11.8,,0,0.13,,0,0,34.12,59.5,0,7.2,458.45,17.59,0,163.03,153.01,,,,,,,,
3/20/2031 0:00,4.15,12.48,19.76,4.52,0.5,4.8,0,2.83,0,0,6.75,4.11,0,0.53,12.8,0.77,0,7.27,11.28,7.61,12.48,21.44,6.36,0.52,5.3,0,3.93,6.49,0.12,7.34,6.01,0,0.56,200.6,1.76,0,28.14,88.7,99.63,19.52,295.89,18.29,0,11.57,,0,0,,0,0,34.16,52.64,0,7.2,307.25,17.59,0,174.54,270.69,,,,,,,,
3/21/2031 0:00,4.15,12.48,19.65,4.52,0.5,4.77,0,2.83,0,0,6.75,4.53,0,0.53,18.55,0.77,0,13.48,10.35,7.61,12.48,21.44,6.36,0.52,5.3,0,3.93,6.49,0.12,7.34,6.01,0,0.56,200.6,1.76,0,28.14,88.7,98.72,33.73,186.22,17.02,0,7.56,,0,0,,0,0,34.21,41.81,0,7.2,445.12,17.59,0,323.4,248.51,,,,,,,,
3/22/2031 0:00,4.21,12.48,19.24,4.52,0.5,4.65,0,2.83,0,0,6.75,4.16,0,0.53,26.4,0.77,0,15.99,29.25,7.61,12.48,21.44,6.36,0.52,5.3,0,3.93,6.49,0.12,7.34,6.01,0,0.56,200.6,1.76,0,28.14,88.7,93.33,20.82,52.73,16.8,0,0.4,,0,0,,0,0,32.48,35.71,0,7.2,633.55,13.09,0,383.67,701.98,,,,,,,,
3/23/2031 0:00,4.21,12.48,19.29,4.52,0.5,4.66,0,2.83,0,0,6.75,3.16,0,0.53,13.76,0.77,0,14.3,33.15,7.61,12.48,21.44,6.36,0.52,5.3,0,3.93,6.49,0.12,7.34,6.01,0,0.56,200.6,1.76,0,28.14,88.7,92.38,30.98,52.32,16.8,0,0,,0,0,,0,0,31.87,35.71,0,7.2,330.26,11.93,0,343.13,795.64,,,,,,,,
3/24/2031 0:00,4.21,12.48,19.64,4.52,0.5,4.77,0,2.83,0,0,6.75,3.26,0,0.53,14.51,0.77,0,13.47,36.38,7.61,12.48,21.44,6.36,0.52,5.3,0,3.93,6.49,0.12,7.34,6.01,0,0.56,200.6,1.76,0,28.14,88.7,93.34,36.83,54.03,16.8,0,1.14,,0,0,,0,0,33.13,35.71,0,7.2,348.21,13.59,0,323.37,873.11,,,,,,,,
3/25/2031 0:00,4.21,12.48,19.64,4.51,0.5,4.77,0,2.83,0,0,6.75,3.01,0,0.53,20.99,0.77,0,15.82,37.21,7.61,12.48,21.44,6.36,0.52,5.3,0,3.93,6.49,0.12,7.34,6.01,0,0.56,200.6,1.76,0,28.14,88.7,92.87,3.23,57.09,16.8,0,1.52,,0,0,,0,0,33.43,35.71,0,7.2,503.7,12.93,0,379.75,893,,,,,,,,
3/26/2031 0:00,4.21,12.48,19.64,4.51,0.5,4.77,0,2.83,0,0,6.75,2.54,0,0.53,15.73,0.77,0,13.84,20.17,7.61,12.48,21.44,6.36,0.52,5.3,0,3.93,6.49,0.12,7.34,6.01,0,0.56,200.6,1.76,0,28.14,88.7,100.98,47.47,142.99,16.8,0,5.82,,0,0,,0,0,32.94,30.17,0,7.2,377.64,17.59,0,332.24,484.04,,,,,,,,
3/27/2031 0:00,4.15,12.48,19.62,4.51,0.5,4.76,0,2.83,0,0,6.75,3.17,0,0.53,26.82,0.77,0,15.08,26.89,7.61,12.48,21.44,6.36,0.52,5.3,0,3.93,6.49,0.12,7.34,6.01,0,0.56,200.6,1.76,0,28.14,88.7,95.81,29.5,97.25,16.8,0,4.88,,0,0,,0,0,32.59,35.92,0,7.2,643.61,14.92,0,361.84,645.29,,,,,,,,
3/28/2031 0:00,4.15,12.48,19.5,4.51,0.5,4.72,0,2.83,0,0,6.75,3.18,0,0.53,30.62,0.77,0,11.22,14.26,7.61,12.48,21.44,6.36,0.52,5.3,0,3.93,6.49,0.12,7.34,6.01,0,0.56,200.6,1.76,0,28.14,88.7,96.28,40.85,163.82,16.9,0,6.25,,0,0,,0,0,32.95,36.12,0,7.2,734.81,15.26,0,269.3,342.36,,,,,,,,
3/29/2031 0:00,4.21,12.48,19.09,4.51,0.5,4.6,0,2.83,0,0,6.75,3.71,0,0.53,17.81,0.77,0,11.34,12.89,7.61,12.48,21.44,6.36,0.52,5.3,0,3.93,6.49,0.12,7.34,6.01,0,0.56,200.6,1.76,0,28.14,88.7,99.63,31.25,93.76,16.82,0,3.72,,0,0,,0,0,32.3,36.15,0,7.2,427.47,16.26,0,272.18,309.44,,,,,,,,
3/30/2031 0:00,4.21,12.48,19.13,4.51,0.5,4.62,0,2.83,0,0,6.75,4.12,0,0.53,15.39,0.77,0,17.94,33.68,7.61,12.48,21.44,6.36,0.52,5.3,0,3.93,6.49,0.12,7.34,6.01,0,0.56,200.6,1.76,0,28.14,88.7,93.77,0,53.03,16.8,0,0.58,,0,0,,0,0,31.66,35.71,0,7.2,369.4,12.93,0,430.65,808.35,,,,,,,,
3/31/2031 0:00,4.21,12.48,19.48,4.5,0.5,4.72,0,2.83,0,0,6.75,3.47,0,0.53,15.88,0.77,0,7.71,22.66,7.61,12.48,21.44,6.36,0.52,5.3,0,3.93,6.49,0.12,7.34,6.01,0,0.56,200.6,1.76,0,28.14,88.7,100.98,46.73,170.34,16.91,0,7.69,,0,0,,0,0,33.66,36.96,0,7.2,381.08,17.59,0,185.05,543.81,,,,,,,,
4/1/2031 0:00,4.1,12.48,19.48,4.5,0.5,4.72,0,2.83,0,0,6.75,3.72,0,0.53,11.49,0.77,0,18.98,33.8,7.61,12.48,21.44,6.36,0.52,5.3,0,3.93,6.49,0.12,7.34,6.01,0,0.56,202.1,1.76,0,28.6,89.03,95.18,4.49,56.8,12.69,0,2.78,,0,0,,0,0,34.4,31.87,0,3.6,275.76,15.98,0,455.62,811.3,,,,,,,,
4/2/2031 0:00,4.1,12.48,19.47,4.38,0.5,4.72,0,2.83,0,0,6.75,3.16,0,0.53,16.74,0.77,0,14.41,26.12,7.61,12.48,21.44,6.36,0.52,5.3,0,3.93,6.49,0.12,7.34,6.01,0,0.56,202.1,1.76,0,28.6,89.03,96.35,43.23,97.73,12.76,0,3.88,,0,0,,0,0,34.35,33,0,3.6,401.74,15.59,0,345.86,626.93,,,,,,,,
4/3/2031 0:00,4.14,12.48,19.44,4.36,0.5,4.71,0,2.83,0,0,6.75,3.23,0,0.53,30.58,0.77,0,3.43,16.01,7.61,12.48,21.44,6.36,0.52,5.3,0,3.93,6.49,0.12,7.34,6.01,0,0.56,202.1,1.76,0,28.6,89.03,96.13,30.18,207.75,13.16,0,7.93,,0,0,,0,0,35.28,33.86,0,3.6,733.85,15.26,0,82.33,384.36,,,,,,,,
4/4/2031 0:00,4.14,12.48,19.32,4.36,0.5,4.67,0,2.83,0,0,6.75,3.86,0,0.53,37.13,0.77,0,1.08,5.03,7.61,12.48,21.44,6.36,0.52,5.3,0,3.93,6.49,0.12,7.34,6.01,0,0.56,202.1,1.76,0,28.6,89.03,96.13,40.71,265.38,16.21,0.78,9.56,,0,0.06,,0,0,36.87,41.95,0,3.6,891.15,15.29,0,25.94,120.77,,,,,,,,
4/5/2031 0:00,4.1,12.48,18.91,4.36,0.5,4.55,0,2.83,0,0,6.75,4.27,0,0.53,37.42,0.77,0,1.38,2.05,7.61,12.48,21.44,6.36,0.52,5.3,0,3.93,6.49,0.12,7.34,6.01,0,0.56,202.1,1.76,0,28.6,89.03,94.46,37.65,222.77,15.23,0,7.83,,0,0,,0,0,36.5,46.01,0,3.6,898.17,15.28,0,33.11,49.3,,,,,,,,
4/6/2031 0:00,4.1,12.48,18.95,4.36,0.5,4.56,0,2.83,0,0,6.75,4.32,0,0.53,38.43,0.77,0,10,9.28,7.61,12.48,21.44,6.36,0.52,5.3,0,3.93,6.49,0.12,7.34,6.01,0,0.56,202.1,1.76,0,28.6,89.03,94.24,10.5,128.32,13.01,0,3.98,,0,0,,0,0,35.31,35.79,0,3.6,922.44,14.6,0,239.95,222.8,,,,,,,,
4/7/2031 0:00,4.1,12.48,19.3,4.36,0.5,4.67,0,2.83,0,0,6.75,3.86,0,0.53,25.17,0.77,0,13.94,12.28,7.61,12.48,21.44,6.36,0.52,5.3,0,3.93,6.49,0.12,7.34,6.01,0,0.56,202.1,1.76,0,28.6,89.03,96.07,27.76,174.42,14.89,0,6.84,,0,0,,0,0,36.29,43.38,0,3.6,604.13,15.26,0,334.53,294.76,,,,,,,,
4/8/2031 0:00,4.1,12.48,19.29,4.36,0.5,4.66,0,2.83,0,0,6.75,4.11,0,0.53,12.9,0.77,0,3.73,4.94,7.61,12.48,21.44,6.36,0.52,5.3,0,3.93,6.49,0.12,7.34,6.01,0,0.56,202.1,1.76,0,28.6,89.03,98.28,41.34,355.78,39.11,2.45,15.48,,0,0.24,,0,0,38.06,70.44,0,3.6,309.64,17.59,0,89.46,118.68,,,,,,,,
4/9/2031 0:00,4.1,12.48,19.28,4.35,0.5,4.66,0,2.83,0,0,6.75,4.58,0,0.53,31.13,0.77,0,3.81,3.66,7.61,12.48,21.44,6.36,0.52,5.3,0,3.93,6.49,0.12,7.34,6.01,0,0.56,202.1,1.76,0,28.6,89.03,96.67,39.35,257.4,19.36,0.23,9.57,,0,0.05,,0,0,38.93,56.5,0,3.6,747.13,15.92,0,91.46,87.81,,,,,,,,
4/10/2031 0:00,4.14,12.48,19.25,4.35,0.5,4.65,0,2.83,0,0,6.75,3.75,0,0.53,36.78,0.77,0,18.56,23.31,7.61,12.48,21.44,6.36,0.52,5.3,0,3.93,6.49,0.12,7.34,6.01,0,0.56,202.1,1.76,0,28.6,89.03,92.4,6.73,54.6,12.67,0,1.45,,0,0,,0,0,36.51,32.03,0,3.6,882.73,13.93,0,445.47,559.55,,,,,,,,
4/11/2031 0:00,4.14,12.48,19.13,4.35,0.5,4.62,0,2.83,0,0,6.75,2.84,0,0.53,24.73,0.77,0,14.89,30.28,7.61,12.48,21.44,6.36,0.52,5.3,0,3.93,6.49,0.12,7.34,6.01,0,0.56,202.1,1.76,0,28.6,89.03,91.79,31.25,53.78,12.67,0,1.31,,0,0,,0,0,35.02,30.97,0,3.6,593.5,11.93,0,357.3,726.7,,,,,,,,
4/12/2031 0:00,4.1,12.48,18.71,4.35,0.5,4.49,0,2.83,0,0,6.75,3.1,0,0.53,18.23,0.77,0,8.39,25.15,7.61,12.48,21.44,6.36,0.52,5.3,0,3.93,6.49,0.12,7.34,6.01,0,0.56,202.1,1.76,0,28.6,89.03,93.31,31.25,47.87,12.67,0,1.3,,0,0,,0,0,34.59,31.87,0,3.6,437.42,14.09,0,201.31,603.62,,,,,,,,
4/13/2031 0:00,4.1,12.48,18.76,4.35,0.5,4.51,0,2.83,0,0,6.75,3.66,0,0.53,22.61,0.77,0,15.22,21.97,7.61,12.48,21.44,6.36,0.52,5.3,0,3.93,6.49,0.12,7.34,6.01,0,0.56,202.1,1.76,0,28.6,89.03,89.69,27.92,54.44,12.67,0,1.02,,0,0,,0,0,34.14,31.87,0,3.6,542.56,11.93,0,365.27,527.18,,,,,,,,
4/14/2031 0:00,4.1,12.48,19.1,4.35,0.5,4.61,0,2.83,0,0,6.75,3.6,0,0.53,24.31,0.77,0,7.68,5.86,7.61,12.48,21.44,6.36,0.52,5.3,0,3.93,6.49,0.12,7.34,6.01,0,0.56,202.1,1.76,0,28.6,89.03,94.75,19.93,76.38,12.76,0,3.14,,0,0,,0,0,35.92,32.63,0,3.6,583.44,15.26,0,184.42,140.63,,,,,,,,
4/15/2031 0:00,4.1,12.48,19.09,4.34,0.5,4.61,0,2.83,0,0,6.75,3.83,0,0.53,12.62,0.77,0,13.04,14.56,7.61,12.48,21.44,6.36,0.52,5.3,0,3.93,6.49,0.12,7.34,6.01,0,0.56,202.1,1.76,0,28.6,89.03,98.28,17.13,139.74,13.05,0,5.42,,0,0,,0,0,36.78,35.35,0,3.6,302.92,17.59,0,313.02,349.49,,,,,,,,
4/16/2031 0:00,4.1,12.48,19.08,4.34,0.5,4.6,0,2.83,0,0,6.75,3.85,0,0.53,12.71,0.77,0,3.24,9.38,7.61,12.48,21.44,6.36,0.52,5.3,0,3.93,6.49,0.12,7.34,6.01,0,0.56,202.1,1.76,0,28.6,89.03,98.28,24.96,259.37,15.73,0,9.52,,0,0,,0,0,38.38,43.19,0,3.6,304.93,17.59,0,77.66,225.12,,,,,,,,
4/17/2031 0:00,4.14,12.48,19.05,4.34,0.5,4.59,0,2.83,0,0,6.75,3.97,0,0.53,23.58,0.77,0,3.51,11.59,7.61,12.48,21.44,6.36,0.52,5.3,0,3.93,6.49,0.12,7.34,6.01,0,0.56,202.1,1.76,0,28.6,89.03,98.58,33.05,232.79,14.68,0,8.45,,0,0,,0,0,39.17,40.05,0,3.6,565.83,16.59,0,84.18,278.24,,,,,,,,
4/18/2031 0:00,4.14,12.48,18.93,4.34,0.5,4.56,0,2.83,0,0,6.75,3.5,0,0.53,20.58,0.77,0,9.04,21.8,7.61,12.48,21.44,6.36,0.52,5.3,0,3.93,6.49,0.12,7.34,6.01,0,0.56,202.1,1.76,0,28.6,89.03,97.06,35.75,93.97,12.82,0,3.96,,0,0,,0,0,37.79,32.79,0,3.6,493.93,15.59,0,216.93,523.3,,,,,,,,
4/19/2031 0:00,4.1,12.48,18.51,4.34,0.5,4.43,0,2.83,0,0,6.75,3.45,0,0.53,28.89,0.77,0,8.57,28.24,7.61,12.48,21.44,6.36,0.52,5.3,0,3.93,6.49,0.12,7.34,6.01,0,0.56,202.1,1.76,0,28.6,89.03,92.31,16.13,43.39,12.67,0,0.51,,0,0,,0,0,36.35,31.87,0,3.6,693.29,14.26,0,205.73,677.78,,,,,,,,
4/20/2031 0:00,4.1,12.48,18.56,4.34,0.5,4.45,0,2.83,0,0,6.75,3.11,0,0.53,19.46,0.77,0,12.09,21.52,7.61,12.48,21.44,6.36,0.52,5.3,0,3.93,6.49,0.12,7.34,6.01,0,0.56,202.1,1.76,0,28.6,89.03,93.03,18.92,44.38,12.67,0,0.83,,0,0,,0,0,35.22,31.87,0,3.6,466.96,14.26,0,290.27,516.56,,,,,,,,
4/21/2031 0:00,4.1,12.48,18.89,4.33,0.5,4.55,0,2.83,0,0,6.75,3.41,0,0.53,39.34,0.77,0,10.51,25.32,7.61,12.48,21.44,6.36,0.52,5.3,0,3.93,6.49,0.12,7.34,6.01,0,0.56,202.1,1.76,0,28.6,89.03,93.99,42.48,67,12.67,0,2.74,,0,0,,0,0,36.51,32.76,0,3.6,944.22,14.59,0,252.33,607.57,,,,,,,,
4/22/2031 0:00,4.1,12.48,18.89,4.33,0.5,4.54,0,2.83,0,0,6.75,2.63,0,0.53,37.43,0.77,0,8.21,19.66,7.61,12.48,21.44,6.36,0.52,5.3,0,3.93,6.49,0.12,7.34,6.01,0,0.56,202.1,1.76,0,28.6,89.03,95.04,39.47,109.76,12.77,0,4.61,,0,0,,0,0,37.28,29.55,0,3.6,898.43,14.92,0,197.02,471.93,,,,,,,,
4/23/2031 0:00,4.1,12.48,18.87,4.33,0.5,4.54,0,2.83,0,0,6.75,2.62,0,0.53,28.3,0.77,0,6.03,12.09,7.61,12.48,21.44,6.36,0.52,5.3,0,3.93,6.49,0.12,7.34,6.01,0,0.56,202.1,1.76,0,28.6,89.03,95.47,36.57,169.12,14.61,0,6.14,,0,0,,0,0,37.86,29.69,0,3.6,679.29,15.26,0,144.84,290.09,,,,,,,,
4/24/2031 0:00,4.14,12.48,18.84,4.33,0.5,4.53,0,2.83,0,0,6.75,3.09,0,0.53,21.63,0.77,0,9.61,32.57,7.61,12.48,21.44,6.36,0.52,5.3,0,3.93,6.49,0.12,7.34,6.01,0,0.56,202.1,1.76,0,28.6,89.03,95.18,18.34,65.07,12.7,0,3.63,,0,0,,0,0,38.41,31.87,0,3.6,519.23,14.59,0,230.59,781.59,,,,,,,,
4/25/2031 0:00,4.14,12.48,18.72,4.33,0.5,4.49,0,2.83,0,0,6.75,3.01,0,0.53,22.48,0.77,0,11.54,24.81,7.61,12.48,21.44,6.36,0.52,5.3,0,3.93,6.49,0.12,7.34,6.01,0,0.56,202.1,1.76,0,28.6,89.03,95.66,44.16,83.03,12.67,0,3.6,,0,0,,0,0,37.42,32.52,0,3.6,539.59,15.26,0,276.95,595.41,,,,,,,,
4/26/2031 0:00,4.1,12.48,18.3,4.33,0.5,4.37,0,2.83,0,0,6.75,3.32,0,0.53,31.93,0.77,0,11.56,15.38,7.61,12.48,21.44,6.36,0.52,5.3,0,3.93,6.49,0.12,7.34,6.01,0,0.56,202.1,1.76,0,28.6,89.03,93.51,31.25,77.4,12.67,0,1.99,,0,0,,0,0,36.1,32.5,0,3.6,766.41,14.26,0,277.52,369.09,,,,,,,,
4/27/2031 0:00,4.1,12.48,18.34,4.32,0.5,4.38,0,2.83,0,0,6.75,3.5,0,0.53,36.96,0.77,0,6.29,5.54,7.61,12.48,21.44,6.36,0.52,5.3,0,3.93,6.49,0.12,7.34,6.01,0,0.56,202.1,1.76,0,28.6,89.03,93.51,24.06,105.3,13.52,0,3.52,,0,0,,0,0,36.07,34.37,0,3.6,887.05,14.59,0,151,132.85,,,,,,,,
4/28/2031 0:00,4.1,12.48,18.67,4.32,0.5,4.48,0,2.83,0,0,6.75,3.9,0,0.53,17.01,0.77,0,9.23,12.56,7.61,12.48,21.44,6.36,0.52,5.3,0,3.93,6.49,0.12,7.34,6.01,0,0.56,202.1,1.76,0,28.6,89.03,98.28,27.61,125.92,12.8,0,5.21,,0,0,,0,0,38.46,35.61,0,3.6,408.26,17.59,0,221.62,301.42,,,,,,,,
4/29/2031 0:00,4.1,12.48,18.66,4.32,0.5,4.48,0,2.83,0,0,6.75,4.14,0,0.53,22.82,0.77,0,5.23,13.72,7.61,12.48,21.44,6.36,0.52,5.3,0,3.93,6.49,0.12,7.34,6.01,0,0.56,202.1,1.76,0,28.6,89.03,97.56,31.72,181.05,13.06,0,6.4,,0,0,,0,0,39.94,38.04,0,3.6,547.66,17.59,0,125.44,329.19,,,,,,,,
4/30/2031 0:00,4.1,12.48,18.65,4.04,0.5,4.47,0,2.83,0,0,6.75,3.58,0,0.53,41.82,0.77,0,2.34,6.11,7.61,12.48,21.44,6.36,0.52,5.3,0,3.93,6.49,0.12,7.34,6.01,0,0.56,202.1,1.76,0,28.6,89.03,94.46,36.95,175.51,14.58,0,6.39,,0,0,,0,0,39.88,35.48,0,3.6,1003.65,14.92,0,56.25,146.63,,,,,,,,
5/1/2031 0:00,3.9,12.48,18.62,4.04,0.5,4.46,0,2.83,0,0,6.75,3.1,0,0.53,25.2,0.77,0,4.85,7.98,7.61,12.48,21.44,6.36,0.52,5.3,0,3.93,6.49,0.12,7.34,6.01,0,0.56,203.6,1.76,0,29.06,89.37,90.31,31.25,88.56,0.03,0,3.29,,0,0,,0,0,40.44,24.67,0,2.4,604.72,14.92,0,116.51,191.62,,,,,,,,
5/2/2031 0:00,3.9,12.48,18.49,3.18,0.5,4.43,0,2.83,0,0,6.75,3.56,0,0.53,21.1,0.77,0,9.33,16.56,7.61,12.48,21.44,6.36,0.52,5.3,0,3.93,6.49,0.12,7.34,6.01,0,0.56,203.6,1.76,0,29.06,89.37,91.69,30.38,101.54,0.06,0,4.96,,0,0,,0,0,39.47,25.11,0,2.4,506.41,15.88,0,223.91,397.48,,,,,,,,
5/3/2031 0:00,3.92,12.48,18.07,3.16,0.5,4.3,0,2.83,0,0,6.75,3.89,0,0.53,34.97,0.77,0,1.74,6.23,7.61,12.48,21.44,6.36,0.52,5.3,0,3.93,6.49,0.12,7.34,6.01,0,0.56,203.6,1.76,0,29.06,89.37,90.32,32.13,112.85,0.08,0,3.38,,0,0,,0,0,39.69,25.11,0,2.4,839.25,14.88,0,41.82,149.63,,,,,,,,
5/4/2031 0:00,3.92,12.48,18.11,3.16,0.5,4.31,0,2.83,0,0,6.75,3.99,0,0.53,36.04,0.77,0,7.32,11.88,7.61,12.48,21.44,6.36,0.52,5.3,0,3.93,6.49,0.12,7.34,6.01,0,0.56,203.6,1.76,0,29.06,89.37,89.68,10.35,40.95,0,0,1.3,,0,0,,0,0,39.64,24.67,0,2.4,864.87,14.26,0,175.58,285.11,,,,,,,,
5/5/2031 0:00,3.92,12.48,18.44,3.16,0.5,4.41,0,2.83,0,0,6.75,3.59,0,0.53,26.57,0.77,0,12.07,21.78,7.61,12.48,21.44,6.36,0.52,5.3,0,3.93,6.49,0.12,7.34,6.01,0,0.56,203.6,1.76,0,29.06,89.37,90.79,34.44,75.51,0.07,0,3.23,,0,0,,0,0,40.74,25.37,0,2.4,637.76,15.26,0,289.78,522.64,,,,,,,,
5/6/2031 0:00,3.92,12.48,18.44,3.08,0.5,4.41,0,2.83,0,0,6.75,3.21,0,0.53,23.66,0.77,0,11.95,10.27,7.61,12.48,21.44,6.36,0.52,5.3,0,3.93,6.49,0.12,7.34,6.01,0,0.56,203.6,1.76,0,29.06,89.37,93.23,48.97,161.69,0.23,0,6.37,,0,0,,0,0,41.92,25.1,0,2.4,567.93,17.59,0,286.81,246.37,,,,,,,,
5/7/2031 0:00,3.92,12.48,18.42,3.08,0.5,4.41,0,2.83,0,0,6.75,3.28,0,0.53,25.61,0.77,0,15.47,17.99,7.61,12.48,21.44,6.36,0.52,5.3,0,3.93,6.49,0.12,7.34,6.01,0,0.56,203.6,1.76,0,29.06,89.37,90.95,26.16,107.87,0.21,0,3.6,,0,0,,0,0,41.62,24.92,0,2.4,614.53,15.26,0,371.16,431.71,,,,,,,,
5/8/2031 0:00,3.9,12.48,18.39,3.08,0.5,4.4,0,2.83,0,0,6.75,2.85,0,0.53,26.58,0.77,0,7.99,17.31,7.61,12.48,21.44,6.36,0.52,5.3,0,3.93,6.49,0.12,7.34,6.01,0,0.56,203.6,1.76,0,29.06,89.37,92.31,36.35,159.2,0.19,0,5.06,,0,0,,0,0,40.55,23.44,0,2.4,637.91,16.19,0,191.72,415.38,,,,,,,,
5/9/2031 0:00,3.9,12.48,18.27,3.08,0.5,4.36,0,2.83,0,0,6.75,3.29,0,0.53,30.53,0.77,0,5.62,22.85,7.61,12.48,21.44,6.36,0.52,5.3,0,3.93,6.49,0.12,7.34,6.01,0,0.56,203.6,1.76,0,29.06,89.37,90.31,31.25,79.76,0.02,0,3.47,,0,0,,0,0,40.23,24.67,0,2.4,732.6,14.92,0,134.76,548.3,,,,,,,,
5/10/2031 0:00,3.92,12.48,17.86,3.08,0.5,4.24,0,2.83,0,0,6.75,3.3,0,0.53,18.84,0.77,0,4.75,13.47,7.61,12.48,21.44,6.36,0.52,5.3,0,3.93,6.49,0.12,7.34,6.01,0,0.56,203.6,1.76,0,29.06,89.37,91.75,31.25,66.14,0,0,1.69,,0,0,,0,0,40.09,24.9,0,2.4,452.09,15.59,0,113.92,323.26,,,,,,,,
5/11/2031 0:00,3.92,12.48,17.9,3.07,0.5,4.25,0,2.83,0,0,6.75,4.16,0,0.53,15.94,0.77,0,4.41,5.66,7.61,12.48,21.44,6.36,0.52,5.3,0,3.93,6.49,0.12,7.34,6.01,0,0.56,203.6,1.76,0,29.06,89.37,92.59,11.84,113.32,0.23,0,3.62,,0,0,,0,0,41.45,26.4,0,2.4,382.46,17.59,0,105.88,135.92,,,,,,,,
5/12/2031 0:00,3.92,12.48,18.25,3.07,0.5,4.36,0,2.83,0,0,6.75,4.54,0,0.53,23.17,0.77,0,7.63,14.6,7.61,12.48,21.44,6.36,0.52,5.3,0,3.93,6.49,0.12,7.34,6.01,0,0.56,203.6,1.76,0,29.06,89.37,92.87,43.49,128.3,0.06,0,4.2,,0,0,,0,0,42.73,26.9,0,2.4,556.09,17.59,0,183.04,350.3,,,,,,,,
5/13/2031 0:00,3.92,12.48,18.25,3.07,0.5,4.36,0,2.83,0,0,6.75,3.8,0,0.53,26.74,0.77,0,5.53,12.49,7.61,12.48,21.44,6.36,0.52,5.3,0,3.93,6.49,0.12,7.34,6.01,0,0.56,203.6,1.76,0,29.06,89.37,91.15,33.48,158.25,0.23,0,5.77,,0,0,,0,0,43.74,26.16,0,2.4,641.88,15.26,0,132.75,299.8,,,,,,,,
5/14/2031 0:00,3.92,12.48,18.25,2.89,0.5,4.36,0,2.83,0,0,6.75,3.42,0,0.53,26.18,0.77,0,2.3,5.22,7.61,12.48,21.44,6.36,0.52,5.3,0,3.93,6.49,0.12,7.34,6.01,0,0.56,203.6,1.76,0,29.06,89.37,93.96,36.21,235.64,0.24,1.16,8.47,,0,0.11,,0,0,43.54,34.54,0,2.4,628.3,17.63,0,55.3,125.3,,,,,,,,
5/15/2031 0:00,3.9,12.48,18.23,2.71,0.5,4.35,0,2.83,0,0,6.75,3.64,0,0.53,26.65,0.77,0,7.05,9.67,7.61,12.48,21.44,6.36,0.52,5.3,0,3.93,6.49,0.12,7.34,6.01,0,0.56,203.6,1.76,0,29.06,89.37,92.47,31.25,191.72,0.11,0,6.7,,0,0,,0,0,43.48,37.56,0,2.4,639.49,17.6,0,169.21,232,,,,,,,,
5/16/2031 0:00,3.9,12.48,18.12,2.96,0.5,4.32,0,2.83,0,0,6.75,3.72,0,0.53,19.11,0.77,0,13.33,28.57,7.61,12.48,21.44,6.36,0.52,5.3,0,3.93,6.49,0.12,7.34,6.01,0,0.56,203.6,1.76,0,29.06,89.37,91.97,31.25,45.51,0,0,2.09,,0,0,,0,0,42.13,24.67,0,2.4,458.71,15.92,0,319.98,685.62,,,,,,,,
5/17/2031 0:00,3.92,12.48,17.72,2.96,0.5,4.2,0,2.83,0,0,6.75,3.19,0,0.53,29.15,0.77,0,10.58,20.85,7.61,12.48,21.44,6.36,0.52,5.3,0,3.93,6.49,0.12,7.34,6.01,0,0.56,203.6,1.76,0,29.06,89.37,89.87,24.29,58.68,0.04,0,1.43,,0,0,,0,0,40.26,24.67,0,2.4,699.64,14.26,0,253.96,500.51,,,,,,,,
5/18/2031 0:00,3.92,12.48,17.78,2.96,0.5,4.22,0,2.83,0,0,6.75,3.32,0,0.53,34.09,0.77,0,0.83,8.35,7.61,12.48,21.44,6.36,0.52,5.3,0,3.93,6.49,0.12,7.34,6.01,0,0.56,203.6,1.76,0,29.06,89.37,90.52,20.79,91.61,0.11,0,2.75,,0,0,,0,0,40.03,25.01,0,2.4,818.05,14.92,0,19.81,200.38,,,,,,,,
5/19/2031 0:00,3.92,12.48,18.14,2.96,0.5,4.32,0,2.83,0,0,6.75,3.8,0,0.53,29.42,0.77,0,4.35,13.74,7.61,12.48,21.44,6.36,0.52,5.3,0,3.93,6.49,0.12,7.34,6.01,0,0.56,203.6,1.76,0,29.06,89.37,91.19,38.04,130.86,0.2,0,4.43,,0,0,,0,0,42.21,25.41,0,2.4,706.15,15.32,0,104.38,329.75,,,,,,,,
5/20/2031 0:00,3.92,12.48,18.15,2.96,0.5,4.33,0,2.83,0,0,6.75,3.56,0,0.53,27.48,0.77,0,10.25,20.48,7.61,12.48,21.44,6.36,0.52,5.3,0,3.93,6.49,0.12,7.34,6.01,0,0.56,203.6,1.76,0,29.06,89.37,90.32,28.09,109.11,0.2,0,3.56,,0,0,,0,0,42.28,24.67,0,2.4,659.6,14.59,0,246.1,491.49,,,,,,,,
5/21/2031 0:00,3.92,12.48,18.17,2.95,0.5,4.33,0,2.83,0,0,6.75,2.88,0,0.53,31.14,0.77,0,9.51,15.33,7.61,12.48,21.44,6.36,0.52,5.3,0,3.93,6.49,0.12,7.34,6.01,0,0.56,203.6,1.76,0,29.06,89.37,90.14,45.05,115.19,0.12,0,3.81,,0,0,,0,0,42.08,23.66,0,2.4,747.39,14.92,0,228.31,367.91,,,,,,,,
5/22/2031 0:00,3.9,12.48,18.17,2.95,0.5,4.33,0,2.83,0,0,6.75,2.83,0,0.53,32.57,0.77,0,9.75,13,7.61,12.48,21.44,6.36,0.52,5.3,0,3.93,6.49,0.12,7.34,6.01,0,0.56,203.6,1.76,0,29.06,89.37,89.07,31.25,47.03,0,0,1.8,,0,0,,0,0,40.96,23.27,0,2.4,781.58,14.59,0,234.1,312,,,,,,,,
5/23/2031 0:00,3.9,12.48,18.07,2.95,0.5,4.3,0,2.83,0,0,6.75,3.29,0,0.53,18.5,0.77,0,13.67,27.18,7.61,12.48,21.44,6.36,0.52,5.3,0,3.93,6.49,0.12,7.34,6.01,0,0.56,203.6,1.76,0,29.06,89.37,89.05,25.52,43.58,0,0,1.76,,0,0,,0,0,40.51,24.67,0,2.4,444.12,14.21,0,327.98,652.21,,,,,,,,
5/24/2031 0:00,3.92,12.48,17.68,2.95,0.5,4.19,0,2.83,0,0,6.75,3.39,0,0.53,23.41,0.77,0,8.95,9.46,7.61,12.48,21.44,6.36,0.52,5.3,0,3.93,6.49,0.12,7.34,6.01,0,0.56,203.6,1.76,0,29.06,89.37,90.95,36.99,58.1,0,0,1.64,,0,0,,0,0,39.6,25.19,0,2.4,561.89,15.26,0,214.69,227.14,,,,,,,,
5/25/2031 0:00,3.92,12.48,17.75,2.95,0.5,4.21,0,2.83,0,0,6.75,3.63,0,0.53,34.35,0.77,0,10.17,11.34,7.61,12.48,21.44,6.36,0.52,5.3,0,3.93,6.49,0.12,7.34,6.01,0,0.56,203.6,1.76,0,29.06,89.37,89.43,8.96,68.33,0.07,0,1.82,,0,0,,0,0,40.02,24.89,0,2.4,824.52,13.94,0,244.2,272.15,,,,,,,,
5/26/2031 0:00,3.92,12.48,18.13,2.95,0.5,4.32,0,2.83,0,0,6.75,2.76,0,0.53,38.37,0.77,0,7.98,14.15,7.61,12.48,21.44,6.36,0.52,5.3,0,3.93,6.49,0.12,7.34,6.01,0,0.56,203.6,1.76,0,29.06,89.37,89.67,46.06,87.74,0.05,0,3.94,,0,0,,0,0,41.22,22.65,0,2.4,920.83,14.59,0,191.58,339.65,,,,,,,,
5/27/2031 0:00,3.92,12.48,18.15,2.95,0.5,4.33,0,2.83,0,0,6.75,2.6,0,0.53,40.38,0.77,0,0.96,7.14,7.61,12.48,21.44,6.36,0.52,5.3,0,3.93,6.49,0.12,7.34,6.01,0,0.56,203.6,1.76,0,29.06,89.37,90.14,36.73,178.31,0.21,0,6.35,,0,0,,0,0,43.26,21.4,0,2.4,969.23,14.92,0,22.99,171.42,,,,,,,,
5/28/2031 0:00,3.92,12.48,18.17,2.95,0.5,4.33,0,2.83,0,0,6.75,2.79,0,0.53,38.5,0.77,0,3.45,7.56,7.61,12.48,21.44,6.36,0.52,5.3,0,3.93,6.49,0.12,7.34,6.01,0,0.56,203.6,1.76,0,29.06,89.37,89.95,30.23,160.77,0.23,0,5.74,,0,0,,0,0,44.81,22.94,0,2.4,924.01,14.92,0,82.88,181.53,,,,,,,,
5/29/2031 0:00,3.9,12.48,18.18,2.95,0.5,4.34,0,2.83,0,0,6.75,2.62,0,0.53,38.21,0.77,0,9.66,13.04,7.61,12.48,21.44,6.36,0.52,5.3,0,3.93,6.49,0.12,7.34,6.01,0,0.56,203.6,1.76,0,29.06,89.37,88.79,17.69,107.57,0.09,0,3.2,,0,0,,0,0,43.25,21.55,0,2.4,917.08,14.26,0,231.77,313.08,,,,,,,,
5/30/2031 0:00,3.9,12.48,18.09,3.12,0.5,4.31,0,2.83,0,0,6.75,2.76,0,0.53,36.66,0.77,0,5.37,10.59,7.61,12.48,21.44,6.36,0.52,5.3,0,3.93,6.49,0.12,7.34,6.01,0,0.56,203.6,1.76,0,29.06,89.37,89.74,47.84,127.45,0.05,0,5.1,,0,0,,0,0,43.4,22.7,0,2.4,879.95,14.95,0,128.8,254.24,,,,,,,,
5/31/2031 0:00,3.92,12.48,17.71,3.3,0.5,4.2,0,2.83,0,0,6.75,3.06,0,0.53,40.93,0.77,0,8,12.55,7.61,12.48,21.44,6.36,0.52,5.3,0,3.93,6.49,0.12,7.34,6.01,0,0.56,203.6,1.76,0,29.06,89.37,89.44,29.52,77.81,0.13,0,2.21,,0,0,,0,0,42.84,24.68,0,2.4,982.39,13.93,0,192.07,301.1,,,,,,,,
6/1/2031 0:00,3.92,12.48,17.78,3.3,0.5,4.22,0,2.83,0,0,6.75,2.85,0,0.53,33.57,0.62,0,12.75,16.68,7.61,12.48,21.44,6.36,0.52,5.3,0,3.93,6.49,0.12,7.34,6.01,0,0.56,205.1,1.76,0,29.52,89.7,88.4,27.23,30.15,0,0,0.53,,0,0,,0,0,41.21,23.44,0,2.4,805.76,11.98,0,306,400.42,,,,,,,,
6/2/2031 0:00,3.92,12.48,18.16,3.12,0.5,4.33,0,2.83,0,0,6.75,2.8,0,0.53,33.76,0.62,0,8.14,13.9,7.61,12.48,21.44,6.36,0.52,5.3,0,3.93,6.49,0.12,7.34,6.01,0,0.56,205.1,1.76,0,29.52,89.7,89.16,13.29,38.18,0,0,1.31,,0,0,,0,0,42.44,23.01,0,2.4,810.25,12.37,0,195.38,333.7,,,,,,,,
6/3/2031 0:00,3.92,12.48,18.18,3.11,0.5,4.34,0,2.83,0,0,6.75,2.86,0,0.53,38.69,0.62,0,1.32,13.72,7.61,12.48,21.44,6.36,0.52,5.3,0,3.93,6.49,0.12,7.34,6.01,0,0.56,205.1,1.76,0,29.52,89.7,89.84,51.46,112.58,0.07,0,4.73,,0,0,,0,0,45,23.53,0,2.4,928.62,12.57,0,31.62,329.31,,,,,,,,
6/4/2031 0:00,3.92,12.48,18.2,3.1,0.5,4.34,0,2.83,0,0,6.75,2.55,0,0.53,37.74,0.62,0,1.76,8.45,7.61,12.48,21.44,6.36,0.52,5.3,0,3.93,6.49,0.12,7.34,6.01,0,0.56,205.1,1.76,0,29.52,89.7,90.59,32.93,160.22,0.24,0,6.09,,0,0,,0,0,47.66,20.94,0,2.4,905.64,12.97,0,42.35,202.69,,,,,,,,
6/5/2031 0:00,3.83,12.48,18.2,3.1,0.5,4.34,0,2.83,0,0,6.75,2.57,0,0.53,34.49,0.62,0,0.72,8.81,7.61,12.48,21.44,6.36,0.52,5.3,0,3.93,6.49,0.12,7.34,6.01,0,0.56,205.1,1.76,0,29.52,89.7,88.29,30.13,164.93,0.22,0,5.48,,0,0,,0,0,48.64,21.09,0,2.4,827.79,12.97,0,17.22,211.46,,,,,,,,
6/6/2031 0:00,3.83,12.48,18.11,3.1,0.5,4.31,0,2.83,0,0,6.75,2.85,0,0.53,28.07,0.62,0,3.97,7.34,7.61,12.48,21.44,6.36,0.52,5.3,0,3.93,6.49,0.12,7.34,6.01,0,0.56,205.1,1.76,0,29.52,89.7,88.47,26.16,167.57,0.23,0,6.64,,0,0,,0,0,48.38,23.38,0,2.4,673.79,13.16,0,95.19,176.23,,,,,,,,
6/7/2031 0:00,3.92,12.48,17.72,3.1,0.5,4.2,0,2.83,0,0,6.75,3.76,0,0.53,29.83,0.62,0,4.5,5.5,7.61,12.48,21.44,6.36,0.52,5.3,0,3.93,6.49,0.12,7.34,6.01,0,0.56,205.1,1.76,0,29.52,89.7,90.12,39.31,124.8,0.1,0,4.14,,0,0,,0,0,47.19,25.88,0,2.4,715.95,12.77,0,108.06,132.03,,,,,,,,
6/8/2031 0:00,3.92,12.48,17.79,3.38,0.5,4.22,0,2.83,0,0,6.75,3.89,0,0.53,30.42,0.62,0,7.08,7.9,7.61,12.48,21.44,6.36,0.52,5.3,0,3.93,6.49,0.12,7.34,6.01,0,0.56,205.1,1.76,0,29.52,89.7,89.16,12.89,50.37,0,0,2.11,,0,0,,0,0,46.2,24.67,0,2.4,730.18,12.37,0,169.92,189.68,,,,,,,,
6/9/2031 0:00,3.92,12.48,18.15,3.38,0.5,4.33,0,2.83,0,0,6.75,3.61,0,0.53,35.39,0.62,0,8.72,13.55,7.61,12.48,21.44,6.36,0.52,5.3,0,3.93,6.49,0.12,7.34,6.01,0,0.56,205.1,1.76,0,29.52,89.7,90.31,46.86,70.53,0,0,2.8,,0,0,,0,0,46.51,24.67,0,2.4,849.27,12.77,0,209.25,325.17,,,,,,,,
6/10/2031 0:00,3.92,12.48,18.17,3.38,0.5,4.33,0,2.83,0,0,6.75,3.01,0,0.53,34.17,0.62,0,13.76,18.55,7.61,12.48,21.44,6.36,0.52,5.3,0,3.93,6.49,0.12,7.34,6.01,0,0.56,205.1,1.76,0,29.52,89.7,89.84,34,44.72,0,0,2.78,,0,0,,0,0,46.25,24.67,0,2.4,820.04,12.57,0,330.29,445.16,,,,,,,,
6/11/2031 0:00,3.92,12.48,18.18,3.22,0.5,4.33,0,2.83,0,0,6.75,2.33,0,0.53,36.7,0.62,0,16.36,17.73,7.61,12.48,21.44,6.36,0.52,5.3,0,3.93,6.49,0.12,7.34,6.01,0,0.56,205.1,1.76,0,29.52,89.7,89.84,24.45,56.86,0.06,0,2.54,,0,0,,0,0,45.85,19.18,0,2.4,880.86,12.57,0,392.58,425.41,,,,,,,,
6/12/2031 0:00,3.83,12.48,18.17,3.22,0.5,4.33,0,2.83,0,0,6.75,2.12,0,0.53,37.69,0.62,0,12.79,17.13,7.61,12.48,21.44,6.36,0.52,5.3,0,3.93,6.49,0.12,7.34,6.01,0,0.56,205.1,1.76,0,29.52,89.7,87.52,30.51,78.92,0.11,0,3.37,,0,0,,0,0,45.66,17.41,0,2.4,904.65,12.61,0,306.91,411.16,,,,,,,,
6/13/2031 0:00,3.83,12.48,18.06,3.45,0.5,4.3,0,2.83,0,0,6.75,2.58,0,0.53,38.22,0.62,0,13.66,19.08,7.61,12.48,21.44,6.36,0.52,5.3,0,3.93,6.49,0.12,7.34,6.01,0,0.56,205.1,1.76,0,29.52,89.7,87.04,36.85,55.79,0,0,2.84,,0,0,,0,0,45.13,21.18,0,2.4,917.39,12.37,0,327.94,457.95,,,,,,,,
6/14/2031 0:00,3.92,12.48,17.66,3.44,0.5,4.18,0,2.83,0,0,6.75,2.7,0,0.53,34.1,0.62,0,7.76,14.91,7.61,12.48,21.44,6.36,0.52,5.3,0,3.93,6.49,0.12,7.34,6.01,0,0.56,205.1,1.76,0,29.52,89.7,89.82,23.1,54.56,0.05,0,2.12,,0,0,,0,0,44.17,22.21,0,2.4,818.37,12.57,0,186.2,357.76,,,,,,,,
6/15/2031 0:00,3.92,12.48,17.72,3.44,0.5,4.2,0,2.83,0,0,6.75,3.35,0,0.53,31.49,0.62,0,2.06,7.24,7.61,12.48,21.44,6.36,0.52,5.3,0,3.93,6.49,0.12,7.34,6.01,0,0.56,205.1,1.76,0,29.52,89.7,89.92,20.05,86.77,0.15,0,3.13,,0,0,,0,0,44.17,25.21,0,2.4,755.66,12.77,0,49.41,173.76,,,,,,,,
6/16/2031 0:00,3.92,12.48,18.08,3.44,0.5,4.31,0,2.83,0,0,6.75,3.95,0,0.53,27.17,0.62,0,4.02,7.73,7.61,12.48,21.44,6.36,0.52,5.3,0,3.93,6.49,0.12,7.34,6.01,0,0.56,205.1,1.76,0,29.52,89.7,93.22,47.61,166.08,0.29,0,6.95,,0,0,,0,0,47.8,36.1,0,2.4,652.1,14.35,0,96.57,185.55,,,,,,,,
6/17/2031 0:00,3.92,12.48,18.09,3.44,0.5,4.31,0,2.83,0,0,6.75,3.99,0,0.53,33.03,0.62,0,0.61,3.48,7.61,12.48,21.44,6.36,0.52,5.3,0,3.93,6.49,0.12,7.34,6.01,0,0.56,205.1,1.76,0,29.52,89.7,92.51,34.94,225,0.32,1.01,8.16,,0,0.11,,0,0,48.32,50.83,0,2.4,792.73,13.36,0,14.63,83.5,,,,,,,,
6/18/2031 0:00,3.92,12.48,18.09,3.38,0.5,4.31,0,2.83,0,0,6.75,3.68,0,0.53,33.73,0.62,0,2.43,2.62,7.61,12.48,21.44,6.36,0.52,5.3,0,3.93,6.49,0.12,7.34,6.01,0,0.56,205.1,1.76,0,29.52,89.7,93.22,32.51,226.35,0.31,0.06,8.07,,0,0,,0,0,48.15,39.36,0,2.4,809.45,14.35,0,58.3,62.86,,,,,,,,
6/19/2031 0:00,3.83,12.48,17.35,3.38,0.5,4.31,0,2.83,0,0,6.75,3.5,0,0.53,26.11,0.62,0,13.39,11.73,7.61,12.48,21.44,6.36,0.52,5.3,0,3.93,6.49,0.12,7.34,6.01,0,0.56,205.1,1.76,0,29.52,89.7,89.88,28.09,150.17,0.11,0,5.84,,0,0,,0,0,46.94,25.52,0,2.4,626.6,13.16,0,321.35,281.49,,,,,,,,
6/20/2031 0:00,3.83,12.48,17.25,3.45,0.5,4.27,0,2.83,0,0,6.75,3.67,0,0.53,29.16,0.62,0,8.86,7.16,7.61,12.48,21.44,6.36,0.52,5.3,0,3.93,6.49,0.12,7.34,6.01,0,0.56,205.1,1.76,0,29.52,89.7,90.16,32.51,167.39,0.14,0,6.65,,0,0,,0,0,47.07,25.52,0,2.4,699.94,13.56,0,212.67,171.91,,,,,,,,
6/21/2031 0:00,3.92,12.48,17.57,3.45,0.5,4.15,0,2.83,0,0,6.75,3.93,0,0.53,28.42,0.62,0,8,10.62,7.61,12.48,21.44,6.36,0.52,5.3,0,3.93,6.49,0.12,7.34,6.01,0,0.56,205.1,1.76,0,29.52,89.7,90.12,33.17,91.27,0,0,3.24,,0,0,,0,0,44.93,25.91,0,2.4,682.16,12.77,0,191.93,254.99,,,,,,,,
6/22/2031 0:00,3.92,12.48,17.63,3.45,0.5,4.17,0,2.83,0,0,6.75,3.89,0,0.53,27.89,0.62,0,2.19,13.07,7.61,12.48,21.44,6.36,0.52,5.3,0,3.93,6.49,0.12,7.34,6.01,0,0.56,205.1,1.76,0,29.52,89.7,90.12,4.49,100.58,0.12,0,4.11,,0,0,,0,0,44.38,25.09,0,2.4,669.39,12.77,0,52.55,313.71,,,,,,,,
6/23/2031 0:00,3.92,12.48,17.98,3.45,0.5,4.28,0,2.83,0,0,6.75,3.88,0,0.53,17.48,0.62,0,4.49,23.2,7.61,12.48,21.44,6.36,0.52,5.3,0,3.93,6.49,0.12,7.34,6.01,0,0.56,205.1,1.76,0,29.52,89.7,94.13,53.58,120.58,0.1,0,4.86,,0,0,,0,0,46.96,34.29,0,2.4,419.44,14.35,0,107.78,556.68,,,,,,,,
6/24/2031 0:00,3.92,12.48,17.99,3.45,0.5,4.28,0,2.83,0,0,6.75,3.69,0,0.53,35.16,0.62,0,2.58,4.19,7.61,12.48,21.44,6.36,0.52,5.3,0,3.93,6.49,0.12,7.34,6.01,0,0.56,205.1,1.76,0,29.52,89.7,92.02,30.57,220.74,0.32,1.16,8.37,,0,0.11,,0,0,48.21,48.63,0,2.4,843.95,13.14,0,61.94,100.46,,,,,,,,
6/25/2031 0:00,3.92,12.48,17.28,3.45,0.5,4.28,0,2.83,0,0,6.75,3.51,0,0.53,35.68,0.62,0,2.99,2.21,7.61,12.48,21.44,6.36,0.52,5.3,0,3.93,6.49,0.12,7.34,6.01,0,0.56,205.1,1.76,0,29.52,89.7,91.91,33.67,214.63,0.32,0.31,7.98,,0,0.07,,0,0,47.99,41.89,0,2.4,856.32,13.16,0,71.69,53.12,,,,,,,,
6/26/2031 0:00,3.83,12.48,17.99,3.45,0.5,4.28,0,2.83,0,0,6.75,3.3,0,0.53,31.5,0.62,0,14.45,23.29,7.61,12.48,21.44,6.36,0.52,5.3,0,3.93,6.49,0.12,7.34,6.01,0,0.56,205.1,1.76,0,29.52,89.7,87.52,17.23,102.96,0.11,0,3.51,,0,0,,0,0,45.75,24.67,0,2.4,755.93,12.57,0,346.73,558.95,,,,,,,,
6/27/2031 0:00,3.83,12.48,17.89,3.6,0.5,4.25,0,2.83,0,0,6.75,2.9,0,0.53,27.08,0.62,0,12.48,22.23,7.61,12.48,21.44,6.36,0.52,5.3,0,3.93,6.49,0.12,7.34,6.01,0,0.56,205.1,1.76,0,29.52,89.7,88.47,45.27,109.98,0.06,0,3.98,,0,0,,0,0,44.5,23.86,0,2.4,649.86,12.97,0,299.47,533.57,,,,,,,,
6/28/2031 0:00,3.92,12.48,17.5,3.6,0.5,4.13,0,2.83,0,0,6.75,3.24,0,0.53,28.1,0.62,0,6.11,9.42,7.61,12.48,21.44,6.36,0.52,5.3,0,3.93,6.49,0.12,7.34,6.01,0,0.56,205.1,1.76,0,29.52,89.7,90.59,31.25,96.16,0.09,0,4.39,,0,0,,0,0,44.32,25,0,2.4,674.41,12.97,0,146.7,226.17,,,,,,,,
6/29/2031 0:00,3.92,12.48,17.56,3.6,0.5,4.15,0,2.83,0,0,6.75,3.95,0,0.53,25.91,0.62,0,6.28,3.18,7.61,12.48,21.44,6.36,0.52,5.3,0,3.93,6.49,0.12,7.34,6.01,0,0.56,205.1,1.76,0,29.52,89.7,90.12,0,108.58,0.13,0,3.61,,0,0,,0,0,44.1,26.12,0,2.4,621.77,12.77,0,150.67,76.4,,,,,,,,
6/30/2031 0:00,3.92,12.48,17.93,3.6,0.5,4.26,0,2.83,0,0,6.75,4.39,0,0.53,18.65,0.62,0,5.18,5.28,7.61,12.48,21.44,6.36,0.52,5.3,0,3.93,6.49,0.12,7.34,6.01,0,0.56,205.1,1.76,0,29.52,89.7,94.13,59.72,200.1,0.33,0,8.45,,0,0,,0,0,46.49,29.37,0,2.4,447.53,14.35,0,124.31,126.61,,,,,,,,
7/1/2031 0:00,3.85,12.48,19.39,3.6,0.5,4.27,0,2.83,0,0,6.75,4.34,0,0.53,24.16,0.89,0,13.49,15.68,7.61,12.48,23.24,6.36,0.52,5.3,0,3.93,6.49,0.12,7.34,6.01,0,0.56,206.6,1.76,0,29.98,90.03,91.41,31.25,110.45,0,0,3.46,,0,0,,0,0,46.04,24.67,0,3.6,579.79,20.5,0,323.8,376.43,,,,,,,,
7/2/2031 0:00,3.85,12.48,19.41,3.69,0.5,4.27,0,2.83,0,0,6.75,3.19,0,0.53,30.87,0.89,0,11.42,19.19,7.61,12.48,23.24,6.36,0.52,5.3,0,3.93,6.49,0.12,7.34,6.01,0,0.56,206.6,1.76,0,29.98,90.03,88.21,31.25,85.33,0,0,2.98,,0,0,,0,0,44.91,24.67,0,3.6,740.78,17.19,0,274.11,460.52,,,,,,,,
7/3/2031 0:00,3.84,12.48,19.41,3.7,0.5,4.27,0,2.83,0,0,6.75,2.64,0,0.53,28.83,0.89,0,13.04,20.82,7.61,12.48,23.24,6.36,0.52,5.3,0,3.93,6.49,0.12,7.34,6.01,0,0.56,206.6,1.76,0,29.98,90.03,87.96,31.25,99.74,0,0,3.28,,0,0,,0,0,43.72,21.7,0,3.6,691.84,16.83,0,312.87,499.61,,,,,,,,
7/4/2031 0:00,3.84,12.48,19.31,3.7,0.5,4.25,0,2.87,0,0,6.75,3.01,0,0.53,35.01,0.89,0,10.83,16.66,7.61,12.48,23.24,6.36,0.52,5.3,0,3.98,6.49,0.12,7.34,6.01,0,0.56,206.6,1.76,0,29.98,90.03,87.96,31.25,124.41,0.08,0,4.72,,0,0,,0,0,41.31,24.68,0,3.6,840.23,16.83,0,259.84,399.74,,,,,,,,
7/5/2031 0:00,3.85,12.48,18.89,3.7,0.5,4.13,0,2.87,0,0,6.75,3.11,0,0.53,28.38,0.89,0,10.72,25.16,7.61,12.48,23.24,6.36,0.52,5.3,0,3.98,6.49,0.12,7.34,6.01,0,0.56,206.6,1.76,0,29.98,90.03,86.78,31.25,56.85,0.03,0,1.54,,0,0,,0,0,39.52,24.67,0,3.6,681.08,15.61,0,257.28,603.8,,,,,,,,
7/6/2031 0:00,3.85,12.48,18.98,3.7,0.5,4.16,0,2.87,0,0,6.75,3.11,0,0.53,37.76,0.89,0,6.36,7.26,7.61,12.48,23.24,6.36,0.52,5.3,0,3.98,6.49,0.12,7.34,6.01,0,0.56,206.6,1.76,0,29.98,90.03,87.53,23.11,85.4,0.06,0,3.04,,0,0,,0,0,37.66,24.82,0,3.6,906.32,16.42,0,152.65,174.2,,,,,,,,
7/7/2031 0:00,3.85,12.48,18.6,3.53,0.5,4.27,0,2.87,0,0,6.75,3.57,0,0.53,44.34,0.89,0,1.57,2.82,7.61,12.48,23.24,6.36,0.52,5.3,0,3.98,6.49,0.12,7.34,6.01,0,0.56,206.6,1.76,0,29.98,90.03,88.68,38.96,199.41,0.29,0,6.8,,0,0,,0,0,39.05,25.9,0,3.6,1064.22,17.66,0,37.78,67.76,,,,,,,,
7/8/2031 0:00,3.85,12.48,18.15,3.53,0.5,4.28,0,2.87,0,0,6.75,3.55,0,0.53,40.94,0.89,0,8.2,6.44,7.61,12.48,23.24,6.36,0.52,5.3,0,3.98,6.49,0.12,7.34,6.01,0,0.56,206.6,1.76,0,29.98,90.03,88.68,27.6,166.11,0.28,0,5.05,,0,0,,0,0,39.07,25.52,0,3.6,982.45,17.24,0,196.69,154.56,,,,,,,,
7/9/2031 0:00,3.85,12.48,18.02,3.53,0.5,4.28,0,2.87,0,0,6.75,3.1,0,0.53,39.14,0.89,0,6.17,5.15,7.61,12.48,23.24,6.36,0.52,5.3,0,3.98,6.49,0.12,7.34,6.01,0,0.56,206.6,1.76,0,29.98,90.03,90.57,35.34,195.78,0.3,0,6.21,,0,0.11,,0,0,38.17,30.98,0,3.6,939.45,18.05,0,148.15,123.59,,,,,,,,
7/10/2031 0:00,3.84,12.48,18.35,3.53,0.5,4.29,0,2.87,0,0,6.75,3.23,0,0.53,31.72,0.89,0,2.13,6.8,7.61,12.48,23.24,6.36,0.52,5.3,0,3.98,6.49,0.12,7.34,6.01,0,0.56,206.6,1.76,0,29.98,90.03,90.32,31.25,258.16,0.33,0.54,8.47,,0,0.11,,0,0,39.24,41.71,0,3.6,761.34,18.05,0,51.07,163.12,,,,,,,,
7/11/2031 0:00,3.84,12.48,18.1,3.7,0.5,4.26,0,2.87,0,0,6.75,3.92,0,0.53,40.01,0.89,0,8.08,6.14,7.61,12.48,23.24,6.36,0.52,5.3,0,3.98,6.49,0.12,7.34,6.01,0,0.56,206.6,1.76,0,29.98,90.03,88.04,31.25,206.53,0.3,0.23,7.16,,0,0.02,,0,0,38.15,35.25,0,3.6,960.2,16.83,0,194.02,147.28,,,,,,,,
7/12/2031 0:00,3.85,12.48,18.19,3.7,0.5,4.15,0,2.87,0,0,6.75,3.72,0,0.53,30.6,0.89,0,7.32,15.88,7.61,12.48,23.24,6.36,0.52,5.3,0,3.98,6.49,0.12,7.34,6.01,0,0.56,206.6,1.76,0,29.98,90.03,88.49,24.9,83.74,0,0,2.63,,0,0,,0,0,36.14,24.67,0,3.6,734.46,17.24,0,175.78,381,,,,,,,,
7/13/2031 0:00,3.85,12.48,19.05,3.69,0.5,4.18,0,2.87,0,0,6.75,3.64,0,0.53,32.27,0.89,0,9.06,10.24,7.61,12.48,23.24,6.36,0.52,5.3,0,3.98,6.49,0.12,7.34,6.01,0,0.56,206.6,1.76,0,29.98,90.03,88.01,27.31,108.91,0.06,0,2.72,,0,0,,0,0,35.54,25.53,0,3.6,774.48,16.83,0,217.49,245.82,,,,,,,,
7/14/2031 0:00,3.85,12.48,19.47,3.69,0.5,4.29,0,2.87,0,0,6.75,3.76,0,0.53,35.96,0.89,0,2.57,3.85,7.61,12.48,23.24,6.36,0.52,5.3,0,3.98,6.49,0.12,7.34,6.01,0,0.56,206.6,1.76,0,29.98,90.03,90.57,41.55,219.01,0.3,0,6.42,,0,0.01,,0,0,38.26,26.55,0,3.6,863.1,18.06,0,61.75,92.5,,,,,,,,
7/15/2031 0:00,3.85,12.48,18.23,3.69,0.5,4.3,0,2.87,0,0,6.75,3.79,0,0.53,32.99,0.89,0,10.31,15.46,7.61,12.48,23.24,6.36,0.52,5.3,0,3.98,6.49,0.12,7.34,6.01,0,0.56,206.6,1.76,0,29.98,90.03,88.68,31.25,114.52,0.07,0,3.92,,0,0,,0,0,38.93,25.19,0,3.6,791.66,17.24,0,247.41,370.94,,,,,,,,
7/16/2031 0:00,3.85,12.48,18.74,3.69,0.5,4.31,0,2.87,0,0,6.75,2.96,0,0.53,33.2,0.89,0,10.78,15.25,7.61,12.48,23.24,6.36,0.52,5.3,0,3.98,6.49,0.12,7.34,6.01,0,0.56,206.6,1.76,0,29.98,90.03,88.49,31.25,125.59,0.09,0,4.68,,0,0,,0,0,38.58,24.31,0,3.6,796.76,17.24,0,258.78,365.9,,,,,,,,
7/17/2031 0:00,3.84,12.48,19.56,3.69,0.5,4.31,0,2.87,0,0,6.75,2.78,0,0.53,33.82,0.89,0,10.61,13.73,7.61,12.48,23.24,6.36,0.52,5.3,0,3.98,6.49,0.12,7.34,6.01,0,0.56,206.6,1.76,0,29.98,90.03,87.96,26.89,160.65,0.26,0,4.38,,0,0,,0,0,38.59,22.8,0,3.6,811.78,16.83,0,254.66,329.6,,,,,,,,
7/18/2031 0:00,3.84,12.48,19.48,3.69,0.5,4.29,0,2.87,0,0,6.75,3.32,0,0.53,36.31,0.89,0,5.16,4.64,7.61,12.48,23.24,6.36,0.52,5.3,0,3.98,6.49,0.12,7.34,6.01,0,0.56,206.6,1.76,0,29.98,90.03,88.72,32.91,226.21,0.28,0,7.16,,0,0,,0,0,37.84,31.57,0,3.6,871.45,17.64,0,123.93,111.32,,,,,,,,
7/19/2031 0:00,3.85,12.48,19.07,3.69,0.5,4.18,0,2.87,0,0,6.75,3.88,0,0.53,29.83,0.89,0,1.54,4.75,7.61,12.48,23.24,6.36,0.52,5.3,0,3.98,6.49,0.12,7.34,6.01,0,0.56,206.6,1.76,0,29.98,90.03,88.97,33.96,190.31,0.13,0,6.25,,0,0,,0,0,38.44,38.14,0,3.6,715.85,17.64,0,36.93,114.06,,,,,,,,
7/20/2031 0:00,3.85,12.48,19.16,3.69,0.5,4.21,0,2.87,0,0,6.75,4.17,0,0.53,32.71,0.89,0,7.48,6.07,7.61,12.48,23.24,6.36,0.52,5.3,0,3.98,6.49,0.12,7.34,6.01,0,0.56,206.6,1.76,0,29.98,90.03,88.01,13.14,126.09,0.25,0,3.69,,0,0,,0,0,37.35,26.63,0,3.6,784.99,16.83,0,179.49,145.75,,,,,,,,
7/21/2031 0:00,3.85,12.48,19.59,3.69,0.5,4.32,0,2.87,0,0,6.75,4.01,0,0.53,23.8,0.89,0,2.77,3.33,7.61,12.48,23.24,6.36,0.52,5.3,0,3.98,6.49,0.12,7.34,6.01,0,0.56,206.6,1.76,0,29.98,90.03,92.5,46.67,241.11,0.35,0,8.04,,0,0,,0,0,40.74,27.86,0,3.6,571.19,20.5,0,66.46,80.01,,,,,,,,
7/22/2031 0:00,3.85,12.48,19.63,3.69,0.5,4.33,0,2.87,0,0,6.75,4.23,0,0.53,31.05,0.89,0,5.42,8.37,7.61,12.48,23.24,6.36,0.52,5.3,0,3.98,6.49,0.12,7.34,6.01,0,0.56,206.6,1.76,0,29.98,90.03,90.57,31.25,184.64,0.3,0,5.16,,0,0,,0,0,42.4,26.63,0,3.6,745.27,18.05,0,130.13,200.96,,,,,,,,
7/23/2031 0:00,3.85,12.48,19.67,3.69,0.5,4.34,0,2.87,0,0,6.75,3.4,0,0.53,24.39,0.89,0,12.45,17.17,7.61,12.48,23.24,6.36,0.52,5.3,0,3.98,6.49,0.12,7.34,6.01,0,0.56,206.6,1.76,0,29.98,90.03,88.97,25.81,113.08,0.08,0,3.54,,0,0,,0,0,41.13,24.87,0,3.6,585.37,17.64,0,298.83,412.16,,,,,,,,
7/24/2031 0:00,3.84,12.48,19.69,3.68,0.5,4.35,0,2.87,0,0,6.75,3.02,0,0.53,22.05,0.89,0,6.42,14.57,7.61,12.48,23.24,6.36,0.52,5.3,0,3.98,6.49,0.12,7.34,6.01,0,0.56,206.6,1.76,0,29.98,90.03,92.25,33.45,176.61,0.27,0,4.69,,0,0,,0,0,41.46,24.67,0,3.6,529.11,20.5,0,154.18,349.76,,,,,,,,
7/25/2031 0:00,3.84,12.48,19.61,3.68,0.5,4.32,0,2.87,0,0,6.75,3.75,0,0.53,21.73,0.89,0,9.67,8.24,7.61,12.48,23.24,6.36,0.52,5.3,0,3.98,6.49,0.12,7.34,6.01,0,0.56,206.6,1.76,0,29.98,90.03,91.89,31.78,195.25,0.29,0,6.16,,0,0,,0,0,40.34,24.67,0,3.6,521.62,20.5,0,232.03,197.78,,,,,,,,
7/26/2031 0:00,3.85,12.48,19.2,3.68,0.5,4.22,0,2.87,0,0,6.75,4.04,0,0.53,27.28,0.89,0,8.34,10,7.61,12.48,23.24,6.36,0.52,5.3,0,3.98,6.49,0.12,7.34,6.01,0,0.56,206.6,1.76,0,29.98,90.03,88.49,33.98,98.14,0.15,0,3.39,,0,0,,0,0,39.16,24.67,0,3.6,654.74,17.24,0,200.2,239.96,,,,,,,,
7/27/2031 0:00,3.85,12.48,19.3,3.68,0.5,4.24,0,2.87,0,0,6.75,3.92,0,0.53,15.25,0.89,0,4,12.96,7.61,12.48,23.24,6.36,0.52,5.3,0,3.98,6.49,0.12,7.34,6.01,0,0.56,206.6,1.76,0,29.98,90.03,89.69,22.64,69.71,0.07,0,1.93,,0,0,,0,0,39.4,24.67,0,3.6,366.02,18.03,0,96.03,310.96,,,,,,,,
7/28/2031 0:00,3.85,12.48,19.73,3.68,0.5,4.36,0,2.87,0,0,6.75,4.24,0,0.53,21.38,0.89,0,0.57,9.85,7.61,12.48,23.24,6.36,0.52,5.3,0,3.98,6.49,0.12,7.34,6.01,0,0.56,206.6,1.76,0,29.98,90.03,92.49,39.86,199.3,0.3,0,5.3,,0,0,,0,0,41.63,27.11,0,3.6,513.07,20.5,0,13.77,236.44,,,,,,,,
7/29/2031 0:00,3.85,12.48,19.78,3.68,0.5,4.37,0,2.87,0,0,6.75,4.14,0,0.53,24.09,0.89,0,5.31,8.57,7.61,12.48,23.24,6.36,0.52,5.3,0,3.98,6.49,0.12,7.34,6.01,0,0.56,206.6,1.76,0,29.98,90.03,90.89,31.25,202.48,0.33,0,7.08,,0,0,,0,0,42.76,27.26,0,3.6,578.11,18.46,0,127.39,205.57,,,,,,,,
7/30/2031 0:00,3.85,12.48,19.82,3.68,0.5,4.38,0,2.87,0,0,6.75,3.58,0,0.53,26.97,0.89,0,9.2,13.56,7.61,12.48,23.24,6.36,0.52,5.3,0,3.98,6.49,0.12,7.34,6.01,0,0.56,206.6,1.76,0,29.98,90.03,88.71,29.35,142.28,0.17,0,3.75,,0,0,,0,0,41.76,24.82,0,3.6,647.22,17.27,0,220.77,325.34,,,,,,,,
7/31/2031 0:00,3.84,12.48,19.84,3.68,0.5,4.39,0,2.87,0,0,6.75,3.09,0,0.53,19.33,0.89,0,6.45,20.8,7.61,12.48,23.24,6.36,0.52,5.3,0,3.98,6.49,0.12,7.34,6.01,0,0.56,206.6,1.76,0,29.98,90.03,91.71,33.16,158.07,0,0,5.14,,0,0,,0,0,40.72,24.72,0,3.6,463.83,20.5,0,154.84,499.28,,,,,,,,
8/1/2031 0:00,3.73,12.48,19.76,3.68,0.5,4.37,0,2.87,0,0,6.75,3.52,0,0.53,22.92,0.81,0,9.58,27.62,7.61,12.48,23.24,6.36,0.52,5.3,0,3.98,6.49,0.12,7.34,6.01,0,0.56,208.1,1.76,0,30.43,90.37,85.63,31.25,43.6,0,0,3.38,,0,0,,0,0,39.87,24.67,0,3.6,549.98,15.68,0,229.95,662.97,,,,,,,,
8/2/2031 0:00,3.73,12.48,19.36,3.64,0.5,4.26,0,2.87,0,0,6.75,3.22,0,0.53,18.94,0.81,0,11.79,26.01,7.61,12.48,23.24,6.36,0.52,5.3,0,3.98,6.49,0.12,7.34,6.01,0,0.56,208.1,1.76,0,30.43,90.37,82.37,1.17,45.51,0,0,1.4,,0,0,,0,0,38.07,24.67,0,3.6,454.62,13.85,0,282.99,624.23,,,,,,,,
8/3/2031 0:00,3.73,12.48,19.46,3.63,0.5,4.29,0,2.87,0,0,6.75,3.16,0,0.53,27.62,0.81,0,9.99,37.37,7.61,12.48,23.24,6.36,0.52,5.3,0,3.98,6.49,0.12,7.34,6.01,0,0.56,208.1,1.76,0,30.43,90.37,80.23,0,32.44,0,0,0.83,,0,0,,0,0,36.55,24.67,0,3.6,662.8,11.23,0,239.66,896.91,,,,,,,,
8/4/2031 0:00,3.73,12.48,19.89,3.63,0.5,4.4,0,2.87,0,0,6.75,2.71,0,0.53,25.54,0.81,0,10.25,8.47,7.61,12.48,23.24,6.36,0.52,5.3,0,3.98,6.49,0.12,7.34,6.01,0,0.56,208.1,1.76,0,30.43,90.37,87.68,51.49,134.67,0.13,0,5.23,,0,0,,0,0,37.1,22.25,0,3.6,612.97,16.42,0,246,203.19,,,,,,,,
8/5/2031 0:00,3.73,12.48,19.94,3.63,0.5,4.41,0,2.87,0,0,6.75,3.76,0,0.53,26.14,0.81,0,3.21,4.46,7.61,12.48,23.24,6.36,0.52,5.3,0,3.98,6.49,0.12,7.34,6.01,0,0.56,208.1,1.76,0,30.43,90.37,89.57,39.5,223.61,0.34,0,8.23,,0,0,,0,0,38.29,32.16,0,3.6,627.41,18.64,0,76.98,106.96,,,,,,,,
8/6/2031 0:00,3.73,12.48,19.98,3.63,0.5,4.43,0,2.87,0,0,6.75,3.86,0,0.53,19.32,0.81,0,5.11,13.77,7.61,12.48,23.24,6.36,0.52,5.3,0,3.98,6.49,0.12,7.34,6.01,0,0.56,208.1,1.76,0,30.43,90.37,89.57,29.35,175.32,0.17,0,5.98,,0,0,,0,0,38.23,29.53,0,3.6,463.78,18.64,0,122.74,330.49,,,,,,,,
8/7/2031 0:00,3.73,12.48,20.01,3.63,0.5,4.43,0,2.87,0,0,6.75,3.4,0,0.53,21.98,0.81,0,9.44,37.81,7.61,12.48,23.24,6.36,0.52,5.3,0,3.98,6.49,0.12,7.34,6.01,0,0.56,208.1,1.76,0,30.43,90.37,84.89,27.78,30.32,0,0,0.86,,0,0,,0,0,36.32,24.67,0,3.6,527.63,14.94,0,226.56,907.49,,,,,,,,
8/8/2031 0:00,3.73,12.48,19.92,3.63,0.5,4.41,0,2.87,0,0,6.75,2.59,0,0.53,29.6,0.81,0,13.73,32.87,7.61,12.48,23.24,6.36,0.52,5.3,0,3.98,6.49,0.12,7.34,6.01,0,0.56,208.1,1.76,0,30.43,90.37,84.31,33.21,32.84,0,0,1.91,,0,0,,0,0,34.74,21.28,0,3.6,710.37,14.57,0,329.56,788.87,,,,,,,,
8/9/2031 0:00,3.73,12.48,19.52,3.63,0.5,4.3,0,2.87,0,0,6.75,2.58,0,0.53,26.38,0.81,0,14.25,14.67,7.61,12.48,23.24,6.36,0.52,5.3,0,3.98,6.49,0.12,7.34,6.01,0,0.56,208.1,1.76,0,30.43,90.37,85.28,25.37,58.8,0.07,0,2.44,,0,0,,0,0,33.69,21.21,0,3.6,633.01,15.31,0,341.99,352.16,,,,,,,,
8/10/2031 0:00,3.73,12.48,19.62,3.63,0.5,4.33,0,2.87,0,0,6.75,3.43,0,0.53,40.23,0.81,0,6.74,3.63,7.61,12.48,23.24,6.36,0.52,5.3,0,3.98,6.49,0.12,7.34,6.01,0,0.56,208.1,1.76,0,30.43,90.37,85.18,29.72,107.98,0.25,0,4.1,,0,0,,0,0,33.32,25.25,0,3.6,965.47,15.31,0,161.85,87.1,,,,,,,,
8/11/2031 0:00,3.73,12.48,20.04,3.63,0.5,4.44,0,2.87,0,0,6.75,3.67,0,0.53,41.59,0.81,0,5.49,3.11,7.61,12.48,23.24,6.36,0.52,5.3,0,3.98,6.49,0.12,7.34,6.01,0,0.56,208.1,1.76,0,30.43,90.37,85.37,37.38,200.88,0.31,0,6.09,,0,0,,0,0,35.28,26.48,0,3.6,998.06,15.31,0,131.7,74.65,,,,,,,,
8/12/2031 0:00,3.73,12.48,20.08,3.63,0.5,4.45,0,2.87,0,0,6.75,3.64,0,0.53,24.84,0.81,0,9.03,8.82,7.61,12.48,23.24,6.36,0.52,5.3,0,3.98,6.49,0.12,7.34,6.01,0,0.56,208.1,1.76,0,30.43,90.37,87.68,29.95,166.84,0.3,0,5.41,,0,0,,0,0,36.11,26.05,0,3.6,596.25,16.42,0,216.7,211.74,,,,,,,,
8/13/2031 0:00,3.73,12.48,20.11,3.63,0.5,4.46,0,2.87,0,0,6.75,3.57,0,0.53,31.29,0.81,0,10.73,5.65,7.61,12.48,23.24,6.36,0.52,5.3,0,3.98,6.49,0.12,7.34,6.01,0,0.56,208.1,1.76,0,30.43,90.37,86.31,33.15,171.1,0.15,0,5.28,,0,0.06,,0,0,36.02,33.95,0,3.6,750.87,16.07,0,257.49,135.64,,,,,,,,
8/14/2031 0:00,3.73,12.48,19.29,3.63,0.5,4.46,0,2.87,0,0,6.75,3.32,0,0.53,34.96,0.81,0,5.36,3.25,7.61,12.48,23.24,6.36,0.52,5.3,0,3.98,6.49,0.12,7.34,6.01,0,0.56,208.1,1.76,0,30.43,90.37,87.37,33.47,241.16,0.32,0,8.04,,0,0.06,,0,0,36.85,34.05,0,3.6,838.99,16.43,0,128.71,77.95,,,,,,,,
8/15/2031 0:00,3.73,12.48,19.03,3.63,0.5,4.44,0,2.87,0,0,6.75,3.78,0,0.53,30.53,0.81,0,11.18,6.51,7.61,12.48,23.24,6.36,0.52,5.3,0,3.98,6.49,0.12,7.34,6.01,0,0.56,208.1,1.76,0,30.43,90.37,86.1,30.75,197.54,0.29,0,6.71,,0,0,,0,0,36.05,28.63,0,3.6,732.68,16.05,0,268.23,156.25,,,,,,,,
8/16/2031 0:00,3.73,12.48,18.8,3.69,0.5,4.32,0,2.87,0,0,6.75,3.89,0,0.53,32.27,0.81,0,3.98,3.77,7.61,12.48,23.24,6.36,0.52,5.3,0,3.98,6.49,0.12,7.34,6.01,0,0.56,208.1,1.76,0,30.43,90.37,86.31,31.76,164.57,0.28,0,6.22,,0,0,,0,0,35.17,26.29,0,3.6,774.54,16.05,0,95.62,90.52,,,,,,,,
8/17/2031 0:00,3.73,12.48,19.68,3.69,0.5,4.34,0,2.87,0,0,6.75,4.08,0,0.53,26.29,0.81,0,7.61,8.28,7.61,12.48,23.24,6.36,0.52,5.3,0,3.98,6.49,0.12,7.34,6.01,0,0.56,208.1,1.76,0,30.43,90.37,85.64,17.12,74.3,0.08,0,2.84,,0,0,,0,0,34.32,24.94,0,3.6,630.89,15.68,0,182.63,198.67,,,,,,,,
8/18/2031 0:00,3.73,12.48,19.09,3.69,0.5,4.45,0,2.87,0,0,6.75,3.96,0,0.53,38.2,0.81,0,12.04,4.97,7.61,12.48,23.24,6.36,0.52,5.3,0,3.98,6.49,0.12,7.34,6.01,0,0.56,208.1,1.76,0,30.43,90.37,86.31,41.03,148.15,0.3,0,4.83,,0,0,,0,0,35.78,26.27,0,3.6,916.85,16.07,0,288.88,119.21,,,,,,,,
8/19/2031 0:00,3.73,12.48,18.77,3.68,0.5,4.46,0,2.87,0,0,6.75,3.47,0,0.53,33.13,0.81,0,14.89,7.85,7.61,12.48,23.24,6.36,0.52,5.3,0,3.98,6.49,0.12,7.34,6.01,0,0.56,208.1,1.76,0,30.43,90.37,85.84,30.7,158.84,0.29,0,4.97,,0,0,,0,0,36.01,34.47,0,3.6,795.14,15.68,0,357.38,188.33,,,,,,,,
8/20/2031 0:00,3.73,12.48,18.95,3.68,0.5,4.46,0,2.87,0,0,6.75,3.16,0,0.53,37.49,0.81,0,3.21,2.92,7.61,12.48,23.24,6.36,0.52,5.3,0,3.98,6.49,0.12,7.34,6.01,0,0.56,208.1,1.76,0,30.43,90.37,86.31,34.48,249.58,14.77,1.16,10.84,,0,0.58,,0,0,36.74,45.44,0,3.6,899.65,16.12,0,77.05,69.98,,,,,,,,
8/21/2031 0:00,3.73,12.48,19.1,3.68,0.5,4.46,0,2.87,0,0,6.75,3.36,0,0.53,37.24,0.81,0,2.29,2.09,7.61,12.48,23.24,6.36,0.52,5.3,0,3.98,6.49,0.12,7.34,6.01,0,0.56,208.1,1.76,0,30.43,90.37,86.3,36.49,289.93,20.07,1.76,12.25,,0,0.52,,0,0,37.22,55.38,0,3.6,893.81,16.14,0,54.99,50.13,,,,,,,,
8/22/2031 0:00,3.73,12.48,18.98,3.68,0.5,4.42,0,2.87,0,0,6.75,3.9,0,0.53,34.93,0.81,0,3.18,3.02,7.61,12.48,23.24,6.36,0.52,5.3,0,3.98,6.49,0.12,7.34,6.01,0,0.56,208.1,1.76,0,30.43,90.37,86.3,33.94,261.04,5.6,0.31,8.92,,0,0,,0,0,37.04,58.83,0,3.6,838.3,16.06,0,76.29,72.38,,,,,,,,
8/23/2031 0:00,3.73,12.48,18.72,3.68,0.5,4.3,0,2.87,0,0,6.75,4.06,0,0.53,37.67,0.81,0,3.16,2.27,7.61,12.48,23.24,6.36,0.52,5.3,0,3.98,6.49,0.12,7.34,6.01,0,0.56,208.1,1.76,0,30.43,90.37,85.85,29.92,213.26,0.34,0,7.27,,0,0,,0,0,35.65,54.92,0,3.6,904.03,16.05,0,75.84,54.52,,,,,,,,
8/24/2031 0:00,3.73,12.48,18.78,3.68,0.5,4.32,0,2.87,0,0,6.75,4.04,0,0.53,32.53,0.81,0,3.54,3.8,7.61,12.48,23.24,6.36,0.52,5.3,0,3.98,6.49,0.12,7.34,6.01,0,0.56,208.1,1.76,0,30.43,90.37,86.11,14.37,184.52,0.33,0,6.59,,0,0,,0,0,35,35.58,0,3.6,780.69,15.68,0,84.86,91.23,,,,,,,,
8/25/2031 0:00,3.73,12.48,19.13,3.68,0.5,4.42,0,2.87,0,0,6.75,4.16,0,0.53,20.35,0.81,0,2.86,9.95,7.61,12.48,23.24,6.36,0.52,5.3,0,3.98,6.49,0.12,7.34,6.01,0,0.56,208.1,1.76,0,30.43,90.37,89.57,47.2,239.62,8.95,1.24,8.43,,0,0.11,,0,0,36.73,46.05,0,3.6,488.43,18.68,0,68.73,238.84,,,,,,,,
8/26/2031 0:00,3.73,12.48,19.95,3.68,0.5,4.42,0,2.87,0,0,6.75,4.17,0,0.53,26.98,0.81,0,4.64,10.93,7.61,12.48,23.24,6.36,0.52,5.3,0,3.98,6.49,0.12,7.34,6.01,0,0.56,208.1,1.76,0,30.43,90.37,87.67,26.54,247.84,2.71,0.7,8.62,,0,0.11,,0,0,37.36,58.31,0,3.6,647.56,16.44,0,111.41,262.31,,,,,,,,
8/27/2031 0:00,3.73,12.48,19.93,3.68,0.5,4.41,0,2.87,0,0,6.75,3.64,0,0.53,16.03,0.81,0,4.62,6.52,7.61,12.48,23.24,6.36,0.52,5.3,0,3.98,6.49,0.12,7.34,6.01,0,0.56,208.1,1.76,0,30.43,90.37,89.57,31.21,293.95,0.37,0.78,10.22,,0,0.15,,0,0,37.99,46.95,0,3.6,384.7,18.66,0,110.89,156.52,,,,,,,,
8/28/2031 0:00,3.73,12.48,19.9,3.68,0.5,4.4,0,2.87,0,0,6.75,4.01,0,0.53,16.66,0.81,0,6.05,7.28,7.61,12.48,23.24,6.36,0.52,5.3,0,3.98,6.49,0.12,7.34,6.01,0,0.56,208.1,1.76,0,30.43,90.37,89.56,28.75,314.69,13.42,1.24,12.09,,0,0.11,,0,0,37.54,52.87,0,3.6,399.76,18.69,0,145.18,174.82,,,,,,,,
8/29/2031 0:00,3.73,12.48,19.75,3.68,0.5,4.36,0,2.87,0,0,6.75,4.49,0,0.53,14.79,0.81,0,1.52,2.98,7.61,12.48,23.24,6.36,0.52,5.3,0,3.98,6.49,0.12,7.34,6.01,0,0.56,208.1,1.76,0,30.43,90.37,89.56,29.92,375.97,3.79,1.24,14.6,,0,0.14,,0,0,38.34,69.08,0,3.6,355,18.67,0,36.39,71.53,,,,,,,,
8/30/2031 0:00,3.73,12.48,19.29,3.68,0.5,4.24,0,2.87,0,0,6.75,4.83,0,0.53,23.12,0.81,0,5.37,6.31,7.61,12.48,23.24,6.36,0.52,5.3,0,3.98,6.49,0.12,7.34,6.01,0,0.56,208.1,1.76,0,30.43,90.37,87.39,31.25,148.98,0.27,0,5.02,,0,0,,0,0,36.69,38.75,0,3.6,554.88,16.57,0,128.98,151.52,,,,,,,,
8/31/2031 0:00,3.73,12.48,19.32,3.68,0.5,4.25,0,2.87,0,0,6.75,4.28,0,0.53,26.11,0.81,0,7.27,16.75,7.61,12.48,23.24,6.36,0.52,5.3,0,3.98,6.49,0.12,7.34,6.01,0,0.56,208.1,1.76,0,30.43,90.37,85.65,10.35,85.04,0.07,0,2.92,,0,0,,0,0,34.96,25.69,0,3.6,626.58,15.66,0,174.48,402,,,,,,,,
9/1/2031 0:00,3.78,12.48,19.69,3.67,0.5,4.35,0,2.87,0,0,6.75,3.74,0,0.53,17.07,0.78,0,5.59,11.67,7.61,12.48,23.24,6.36,0.52,5.3,0,3.98,6.49,0.12,7.34,6.01,0,0.56,209.6,1.76,0,30.89,90.7,90.71,38.65,191.06,0.3,0.39,7.28,,0,0.09,,0,0,36.11,40.62,0,3.6,409.66,18.01,0,134.11,280.18,,,,,,,,
9/2/2031 0:00,3.78,12.48,19.67,3.8,0.5,4.34,0,2.87,0,0,6.75,4.09,0,0.53,24.4,0.78,0,2.93,2.63,7.61,12.48,23.24,6.36,0.52,5.3,0,3.98,6.49,0.12,7.34,6.01,0,0.56,209.6,1.76,0,30.89,90.7,90.71,37.12,285.41,0.39,0.08,9.66,,0,0.07,,0,0,37.51,60.99,0,3.6,585.5,17.98,0,70.29,63.16,,,,,,,,
9/3/2031 0:00,3.78,12.48,19.64,3.81,0.5,4.33,0,2.87,0,0,6.75,3.94,0,0.53,22.28,0.78,0,7.4,6.19,7.61,12.48,23.24,6.36,0.52,5.3,0,3.98,6.49,0.12,7.34,6.01,0,0.56,209.6,1.76,0,30.89,90.7,90.71,33.55,255.11,0.39,0.08,9.42,,0,0.01,,0,0,36.51,49.14,0,3.6,534.72,17.98,0,177.61,148.63,,,,,,,,
9/4/2031 0:00,3.85,12.48,19.6,3.81,0.5,4.32,0,2.87,0,0,6.75,3.66,0,0.53,29.35,0.78,0,3.05,9.08,7.61,12.48,23.24,6.36,0.52,5.3,0,3.98,6.49,0.12,7.34,6.01,0,0.56,209.6,1.76,0,30.89,90.7,90.52,30.81,246.4,0.31,0,8.02,,0,0,,0,0,36.63,33.1,0,3.6,704.42,16.23,0,73.13,218,,,,,,,,
9/5/2031 0:00,3.85,12.48,19.46,3.81,0.5,4.28,0,2.87,0,0,6.75,3.8,0,0.53,28.62,0.78,0,2.47,13.19,7.61,12.48,23.24,6.36,0.52,5.3,0,3.98,6.49,0.12,7.34,6.01,0,0.56,209.6,1.76,0,30.89,90.7,90.7,23.42,197.98,0.28,0,7.28,,0,0,,0,0,35.95,25.92,0,3.6,686.84,16.23,0,59.35,316.67,,,,,,,,
9/6/2031 0:00,3.78,12.48,18.99,3.81,0.5,4.16,0,2.87,0,0,6.75,3.91,0,0.53,28.96,0.78,0,6.44,8.57,7.61,12.48,23.24,6.36,0.52,5.3,0,3.98,6.49,0.12,7.34,6.01,0,0.56,209.6,1.76,0,30.89,90.7,87.37,40.13,126.08,0.25,0,4.74,,0,0,,0,0,34.17,26.57,0,3.6,695.09,15.54,0,154.54,205.69,,,,,,,,
9/7/2031 0:00,3.78,12.48,19.03,3.81,0.5,4.17,0,2.87,0,0,6.75,3.9,0,0.53,29.71,0.78,0,13.29,17.56,7.61,12.48,23.24,6.36,0.52,5.3,0,3.98,6.49,0.12,7.34,6.01,0,0.56,209.6,1.76,0,30.89,90.7,86.22,2.54,39.67,0.01,0,1.78,,0,0,,0,0,31.95,24.67,0,3.6,712.94,14.84,0,318.95,421.47,,,,,,,,
9/8/2031 0:00,3.78,12.48,19.4,3.81,0.5,4.27,0,2.87,0,0,6.75,3.47,0,0.53,28.89,0.78,0,7.18,11.19,7.61,12.48,23.24,6.36,0.52,5.3,0,3.98,6.49,0.12,7.34,6.01,0,0.56,209.6,1.76,0,30.89,90.7,88.92,52.99,161.79,9.18,1.01,6.34,,0,0.09,,0,0,33.7,38.59,0,3.6,693.25,16.24,0,172.4,268.57,,,,,,,,
9/9/2031 0:00,3.78,12.48,19.39,3.81,0.5,4.27,0,2.87,0,0,6.75,3.76,0,0.53,28.04,0.78,0,1.26,3.59,7.61,12.48,23.24,6.36,0.52,5.3,0,3.98,6.49,0.12,7.34,6.01,0,0.56,209.6,1.76,0,30.89,90.7,90.71,36.11,293.4,28.63,2.2,12.17,,0,0.87,,0,0,35.72,63.51,0,3.6,672.93,18.06,0,30.33,86.22,,,,,,,,
9/10/2031 0:00,3.78,12.48,19.38,3.81,0.5,4.26,0,2.87,0,0,6.75,3.94,0,0.53,26.62,0.78,0,1.33,1.16,7.61,12.48,23.24,6.36,0.52,5.3,0,3.98,6.49,0.12,7.34,6.01,0,0.56,209.6,1.76,0,30.89,90.7,90.71,39.88,306.27,30.93,1.79,11.85,,0,0.55,,0,0,36.52,68.04,0,3.6,638.81,18.06,0,31.92,27.94,,,,,,,,
9/11/2031 0:00,3.85,12.48,19.36,3.81,0.5,4.26,0,2.87,0,0,6.75,4.01,0,0.53,26.81,0.78,0,9.38,3.24,7.61,12.48,23.24,6.36,0.52,5.3,0,3.98,6.49,0.12,7.34,6.01,0,0.56,209.6,1.76,0,30.89,90.7,91.51,31.53,262.93,16.44,1.24,11.2,,0,0.12,,0,0,36.06,57.77,0,3.6,643.49,16.61,0,225.09,77.74,,,,,,,,
9/12/2031 0:00,3.85,12.48,19.23,3.81,0.5,4.22,0,2.87,0,0,6.75,4.29,0,0.53,21.62,0.78,0,8.91,4.34,7.61,12.48,23.24,6.36,0.52,5.3,0,3.98,6.49,0.12,7.34,6.01,0,0.56,209.6,1.76,0,30.89,90.7,92.31,35.31,270.03,5.15,0.39,9.77,,0,0.04,,0,0,36.01,43.24,0,3.6,518.87,17.98,0,213.74,104.14,,,,,,,,
9/13/2031 0:00,3.78,12.48,18.79,3.81,0.5,4.11,0,2.87,0,0,6.75,4.48,0,0.53,12.11,0.78,0,17.31,15.94,7.61,12.48,23.24,6.36,0.52,5.3,0,3.98,6.49,0.12,7.34,6.01,0,0.56,209.6,1.76,0,30.89,90.7,89.62,31.25,57.47,0,0,2.05,,0,0,,0,0,34.25,24.67,0,3.6,290.53,17.98,0,415.35,382.58,,,,,,,,
9/14/2031 0:00,3.78,12.48,18.85,3.81,0.5,4.12,0,2.87,0,0,6.75,4.25,0,0.53,22.29,0.78,0,4.89,3.47,7.61,12.48,23.24,6.36,0.52,5.3,0,3.98,6.49,0.12,7.34,6.01,0,0.56,209.6,1.76,0,30.89,90.7,88.87,22.48,176.55,0.3,0,5.72,,0,0,,0,0,32.8,27.91,0,3.6,534.91,16.23,0,117.48,83.28,,,,,,,,
9/15/2031 0:00,3.78,12.48,19.25,3.81,0.5,4.23,0,2.87,0,0,6.75,4.48,0,0.53,26.7,0.78,0,6.44,11.13,7.61,12.48,23.24,6.36,0.52,5.3,0,3.98,6.49,0.12,7.34,6.01,0,0.56,209.6,1.76,0,30.89,90.7,89.75,35.53,217.7,0.33,0,7.5,,0,0,,0,0,34.18,39.65,0,3.6,640.77,16.93,0,154.67,267.13,,,,,,,,
9/16/2031 0:00,3.78,12.48,19.27,3.81,0.5,4.24,0,2.87,0,0,6.75,3.96,0,0.53,25.55,0.78,0,3.05,9.3,7.61,12.48,23.24,6.36,0.52,5.3,0,3.98,6.49,0.12,7.34,6.01,0,0.56,209.6,1.76,0,30.89,90.7,90.71,34.13,243.54,8.57,0.54,8.25,,0,0.2,,0,0,35.59,51.47,0,3.6,613.27,18.01,0,73.16,223.32,,,,,,,,
9/17/2031 0:00,3.78,12.48,19.29,3.64,0.5,4.24,0,2.87,0,0,6.75,3.7,0,0.53,22.34,0.78,0,7.97,9.31,7.61,12.48,23.24,6.36,0.52,5.3,0,3.98,6.49,0.12,7.34,6.01,0,0.56,209.6,1.76,0,30.89,90.7,90.71,31.92,236.15,1.87,0,8.34,,0,0,,0,0,36.24,44.15,0,3.6,536.27,17.98,0,191.35,223.33,,,,,,,,
9/18/2031 0:00,3.85,12.48,19.3,3.47,0.5,4.24,0,2.87,0,0,6.75,3.49,0,0.53,12.17,0.78,0,16.57,33.01,7.61,12.48,23.24,6.36,0.52,5.3,0,3.98,6.49,0.12,7.34,6.01,0,0.56,209.6,1.76,0,30.89,90.7,88.01,21.91,43.51,0,0,2.17,,0,0,,0,0,35.41,28.85,0,3.6,292.09,14.86,0,397.63,792.29,,,,,,,,
9/19/2031 0:00,3.85,12.48,19.21,3.47,0.5,4.22,0,2.87,0,0,6.75,3.1,0,0.53,19.02,0.78,0,12.11,37.44,7.61,12.48,23.24,6.36,0.52,5.3,0,3.98,6.49,0.12,7.34,6.01,0,0.56,209.6,1.76,0,30.89,90.7,86.15,33.95,36.41,0,0,0,,0,0,,0,0,34.67,24.67,0,3.6,456.36,14.14,0,290.53,898.59,,,,,,,,
9/20/2031 0:00,3.78,12.48,18.79,3.47,0.5,4.11,0,2.87,0,0,6.75,2.82,0,0.53,22.76,0.78,0,14.26,29.23,7.61,12.48,23.24,6.36,0.52,5.3,0,3.98,6.49,0.12,7.34,6.01,0,0.56,209.6,1.76,0,30.89,90.7,81.93,24.55,36.41,0,0,0,,0,0,,0,0,32.91,23.19,0,3.6,546.22,12.74,0,342.22,701.52,,,,,,,,
9/21/2031 0:00,3.78,12.48,18.89,3.47,0.5,4.13,0,2.87,0,0,6.75,3,0,0.53,18.93,0.78,0,8.35,27.69,7.61,12.48,23.24,6.36,0.52,5.3,0,3.98,6.49,0.12,7.34,6.01,0,0.56,209.6,1.76,0,30.89,90.7,83.08,12.14,46.34,0,0,1.15,,0,0,,0,0,31.02,24.67,0,3.6,454.3,12.74,0,200.46,664.66,,,,,,,,
9/22/2031 0:00,3.78,12.48,19.32,3.47,0.5,4.25,0,2.87,0,0,6.75,3.41,0,0.53,10.06,0.78,0,10.01,23.08,7.61,12.48,23.24,6.36,0.52,5.3,0,3.98,6.49,0.12,7.34,6.01,0,0.56,209.6,1.76,0,30.89,90.7,90.71,38.98,157.25,0.13,0,6.56,,0,0,,0,0,34.4,25.5,0,3.6,241.42,17.98,0,240.34,553.86,,,,,,,,
9/23/2031 0:00,3.78,12.48,19.38,3.46,0.5,4.26,0,2.87,0,0,6.75,3.75,0,0.53,16.46,0.78,0,8.02,23.02,7.61,12.48,23.24,6.36,0.52,5.3,0,3.98,6.49,0.12,7.34,6.01,0,0.56,209.6,1.76,0,30.89,90.7,90.71,30.84,166.4,0.26,0,6.61,,0,0,,0,0,37.67,26.36,0,3.6,395.09,17.98,0,192.44,552.44,,,,,,,,
9/24/2031 0:00,3.78,12.48,19.43,3.46,0.5,4.28,0,2.87,0,0,6.75,3.33,0,0.53,22.67,0.78,0,19.01,9.83,7.61,12.48,23.24,6.36,0.52,5.3,0,3.98,6.49,0.12,7.34,6.01,0,0.56,209.6,1.76,0,30.89,90.7,87.36,35.75,118.48,0.25,0,4.56,,0,0,,0,0,37.23,25.23,0,3.6,544.02,15.54,0,456.21,236,,,,,,,,
9/25/2031 0:00,3.85,12.48,19.47,3.46,0.5,4.29,0,2.87,0,0,6.75,3.25,0,0.53,24.75,0.78,0,15.78,18.88,7.61,12.48,23.24,6.36,0.52,5.3,0,3.98,6.49,0.12,7.34,6.01,0,0.56,209.6,1.76,0,30.89,90.7,86.04,34.92,155.18,6.96,1.01,6.93,,0,0.09,,0,0,36.9,36.52,0,3.6,593.97,13.84,0,378.81,453.18,,,,,,,,
9/26/2031 0:00,3.85,12.48,19.41,3.55,0.5,4.27,0,2.87,0,0,6.75,3.55,0,0.53,23.74,0.78,0,5.43,3.06,7.61,12.48,23.24,6.36,0.52,5.3,0,3.98,6.49,0.12,7.34,6.01,0,0.56,209.6,1.76,0,30.89,90.7,91.76,41.04,284.01,2.55,0.21,11.94,,0,0.06,,0,0,37.75,41.97,0,3.6,569.69,18.01,0,130.32,73.35,,,,,,,,
9/27/2031 0:00,3.78,12.48,19.02,3.8,0.5,4.17,0,2.87,0,0,6.75,4.5,0,0.53,22.07,0.78,0,7.66,6.49,7.61,12.48,23.24,6.36,0.52,5.3,0,3.98,6.49,0.12,7.34,6.01,0,0.56,209.6,1.76,0,30.89,90.7,87.98,35.75,122.37,0.26,0,4.28,,0,0,,0,0,36.24,27.52,0,3.6,529.67,15.63,0,183.87,155.8,,,,,,,,
9/28/2031 0:00,3.78,12.48,19.15,3.8,0.5,4.2,0,2.87,0,0,6.75,4.41,0,0.53,21.33,0.78,0,21.33,13.94,7.61,12.48,23.24,6.36,0.52,5.3,0,3.98,6.49,0.12,7.34,6.01,0,0.56,209.6,1.76,0,30.89,90.7,82.6,27.84,67.97,0.09,0,1.71,,0,0,,0,0,34.67,26.07,0,3.6,511.93,12.04,0,511.86,334.59,,,,,,,,
9/29/2031 0:00,3.78,12.48,19.6,3.8,0.5,4.32,0,2.87,0,0,6.75,3.8,0,0.53,14.86,0.78,0,19.6,25,7.61,12.48,23.24,6.36,0.52,5.3,0,3.98,6.49,0.12,7.34,6.01,0,0.56,209.6,1.76,0,30.89,90.7,87.37,5.92,50.11,0.01,0,2.49,,0,0,,0,0,36.21,24.89,0,3.6,356.61,15.54,0,470.29,599.88,,,,,,,,
9/30/2031 0:00,3.78,12.48,19.68,3.8,0.5,4.35,0,2.87,0,0,6.75,3.49,0,0.53,18.16,0.78,0,15.96,16.51,7.61,12.48,23.24,6.36,0.52,5.3,0,3.98,6.49,0.12,7.34,6.01,0,0.56,209.6,1.76,0,30.89,90.7,90.71,55.32,164.54,0.15,0.08,5.65,,0,0.05,,0,0,36.72,29.9,0,3.6,435.78,17.99,0,383.13,396.35,,,,,,,,
10/1/2031 0:00,4.02,12.48,19.75,3.63,0.5,4.36,0,2.87,0,0,6.75,3.23,0,0.53,6.79,0.81,0,20.88,41.36,7.61,12.48,23.24,6.36,0.52,5.3,0,3.98,6.49,0.12,7.34,6.01,0,0.56,211.1,1.76,0,31.35,91.03,87.5,28.15,41.21,0.01,0,0.37,,0,0,,0,0,35.9,35.71,0,7.2,163.04,14.17,0,501.19,992.62,,,,,,,,
10/2/2031 0:00,4.03,12.48,19.81,4.03,0.5,4.38,0,2.87,0,0,6.75,2.61,0,0.53,10.48,0.81,0,24.16,33.04,7.61,12.48,23.24,6.36,0.52,5.3,0,3.98,6.49,0.12,7.34,6.01,0,0.56,211.1,1.76,0,31.35,91.03,94.07,42.38,51.28,0,0,2.22,,0,0,,0,0,34.99,31.06,0,7.2,251.57,17.09,0,579.75,793.01,,,,,,,,
10/3/2031 0:00,4.03,12.48,19.76,4.07,0.5,4.37,0,2.87,0,0,6.75,3.1,0,0.53,15.21,0.81,0,11.22,22.71,7.61,12.48,23.24,6.36,0.52,5.3,0,3.98,6.49,0.12,7.34,6.01,0,0.56,211.1,1.76,0,31.35,91.03,94.7,43.47,86.88,0.1,0,3.85,,0,0,,0,0,33.54,35.87,0,7.2,365,16.54,0,269.35,545.02,,,,,,,,
10/4/2031 0:00,4.02,12.48,19.4,4.07,0.5,4.27,0,2.87,0,0,6.75,3.55,0,0.53,19.86,0.81,0,16.89,14.06,7.61,12.48,23.24,6.36,0.52,5.3,0,3.98,6.49,0.12,7.34,6.01,0,0.56,211.1,1.76,0,31.35,91.03,92.37,29.99,58.67,0.16,0,2.29,,0,0,,0,0,31.73,35.88,0,7.2,476.62,16.02,0,405.28,337.51,,,,,,,,
10/5/2031 0:00,4.02,12.48,19.53,4.26,0.5,4.31,0,2.87,0,0,6.75,3.69,0,0.53,18.95,0.81,0,21.58,37.26,7.61,12.48,23.24,6.36,0.52,5.3,0,3.98,6.49,0.12,7.34,6.01,0,0.56,211.1,1.76,0,31.35,91.03,85,0,41.21,0,0,0,,0,0,,0,0,30.05,35.71,0,7.2,454.8,10.09,0,517.94,894.29,,,,,,,,
10/6/2031 0:00,4.02,12.48,20,4.26,0.5,4.43,0,2.87,0,0,6.75,2.83,0,0.53,20.31,0.81,0,17.81,32.58,7.61,12.48,23.24,6.36,0.52,5.3,0,3.98,6.49,0.12,7.34,6.01,0,0.56,211.1,1.76,0,31.35,91.03,90.59,44.8,65.13,0.1,0,2.41,,0,0,,0,0,30.95,33.6,0,7.2,487.36,13.8,0,427.44,781.81,,,,,,,,
10/7/2031 0:00,4.02,12.48,20.08,4.26,0.5,4.45,0,2.87,0,0,6.75,2.89,0,0.53,20.11,0.81,0,19.07,20.48,7.61,12.48,23.24,6.36,0.52,5.3,0,3.98,6.49,0.12,7.34,6.01,0,0.56,211.1,1.76,0,31.35,91.03,94.23,36.95,61.68,0.01,0,4.02,,0,0,,0,0,32.33,34.31,0,7.2,482.54,16.39,0,457.8,491.51,,,,,,,,
10/8/2031 0:00,4.02,12.48,20.16,4.26,0.5,4.47,0,2.87,0,0,6.75,3.06,0,0.53,13.1,0.81,0,18.51,26.22,7.61,12.48,23.24,6.36,0.52,5.3,0,3.98,6.49,0.12,7.34,6.01,0,0.56,211.1,1.76,0,31.35,91.03,94.84,19.35,101.12,0.14,0,5.76,,0,0,,0,0,32.4,35.87,0,7.2,314.47,16.76,0,444.25,629.25,,,,,,,,
10/9/2031 0:00,4.03,12.48,20.22,4.26,0.5,4.49,0,2.87,0,0,6.75,3.16,0,0.53,21.26,0.81,0,10.35,15.1,7.61,12.48,23.24,6.36,0.52,5.3,0,3.98,6.49,0.12,7.34,6.01,0,0.56,211.1,1.76,0,31.35,91.03,95.49,46.72,191.85,0.33,0,9.1,,0,0,,0,0,32.8,36.23,0,7.2,510.22,18.61,0,248.45,362.31,,,,,,,,
10/10/2031 0:00,4.03,12.48,20.17,4.26,0.5,4.48,0,2.87,0,0,6.75,3.89,0,0.53,17.93,0.81,0,18.35,24.37,7.61,12.48,23.24,6.36,0.52,5.3,0,3.98,6.49,0.12,7.34,6.01,0,0.56,211.1,1.76,0,31.35,91.03,95.3,27.71,51.87,0,0,3.41,,0,0,,0,0,32.09,36.84,0,7.2,430.35,17.5,0,440.46,584.82,,,,,,,,
10/11/2031 0:00,4.02,12.48,19.8,4.26,0.5,4.38,0,2.87,0,0,6.75,3.84,0,0.53,15.57,0.81,0,11.13,9.94,7.61,12.48,23.24,6.36,0.52,5.3,0,3.98,6.49,0.12,7.34,6.01,0,0.56,211.1,1.76,0,31.35,91.03,95.9,43.78,150.84,0.16,0,6.24,,0,0,,0,0,30.61,40.98,0,7.2,373.73,18.61,0,267.02,238.61,,,,,,,,
10/12/2031 0:00,4.02,12.48,19.93,4.26,0.5,4.41,0,2.87,0,0,6.75,4.68,0,0.53,16.39,0.81,0,6.77,4.5,7.61,12.48,23.24,6.36,0.52,5.3,0,3.98,6.49,0.12,7.34,6.01,0,0.56,211.1,1.76,0,31.35,91.03,95.91,13.36,225.59,0.36,0,9.4,,0,0,,0,0,30.44,52.01,0,7.2,393.38,18.61,0,162.4,108.04,,,,,,,,
10/13/2031 0:00,4.02,12.48,20.39,4.26,0.5,4.54,0,2.87,0,0,6.75,5.1,0,0.53,9.34,0.81,0,6.99,10.8,7.61,12.48,23.24,6.36,0.52,5.3,0,3.98,6.49,0.12,7.34,6.01,0,0.56,211.1,1.76,0,31.35,91.03,96.45,22.08,338.62,20.46,1.28,13.84,,0,0.09,,0,0,31.75,69.36,0,7.2,224.1,18.67,0,167.77,259.28,,,,,,,,
10/14/2031 0:00,4.02,12.48,20.46,3.99,0.5,4.56,0,2.87,0,0,6.75,5.03,0,0.53,8.61,0.81,0,5.11,9.69,7.61,12.48,23.24,6.36,0.52,5.3,0,3.98,6.49,0.12,7.34,6.01,0,0.56,211.1,1.76,0,31.35,91.03,96.45,36.4,393.92,28.15,1.01,16.33,,0,0.09,,0,0,34.31,76.01,0,7.2,206.57,18.65,0,122.67,232.68,,,,,,,,
10/15/2031 0:00,4.02,12.48,20.53,3.99,0.5,4.57,0,2.87,0,0,6.75,4.63,0,0.53,8.82,0.81,0,12.16,19.47,7.61,12.48,23.24,6.36,0.52,5.3,0,3.98,6.49,0.12,7.34,6.01,0,0.56,211.1,1.76,0,31.35,91.03,96.45,15.39,217.51,1.38,0,9.07,,0,0,,0,0,34.29,52.19,0,7.2,211.68,18.61,0,291.87,467.24,,,,,,,,
10/16/2031 0:00,4.03,12.48,20.58,3.98,0.5,4.59,0,2.87,0,0,6.75,3.91,0,0.53,14.5,0.81,0,16.22,22.33,7.61,12.48,23.24,6.36,0.52,5.3,0,3.98,6.49,0.12,7.34,6.01,0,0.56,211.1,1.76,0,31.35,91.03,95.34,37.46,154.37,0.16,0,6.12,,0,0,,0,0,32.91,39.53,0,7.2,348.01,18.55,0,389.26,536.01,,,,,,,,
10/17/2031 0:00,4.03,12.48,20.52,4.26,0.5,4.57,0,2.87,0,0,6.75,3.89,0,0.53,16.11,0.81,0,14.28,20.51,7.61,12.48,23.24,6.36,0.52,5.3,0,3.98,6.49,0.12,7.34,6.01,0,0.56,211.1,1.76,0,31.35,91.03,95.87,19.37,109.21,0.15,0,6.12,,0,0,,0,0,31.84,37.7,0,7.2,386.56,18.61,0,342.61,492.22,,,,,,,,
10/18/2031 0:00,4.02,12.48,20.14,4.26,0.5,4.47,0,2.87,0,0,6.75,4.15,0,0.53,10.39,0.81,0,15.23,10.03,7.61,12.48,23.24,6.36,0.52,5.3,0,3.98,6.49,0.12,7.34,6.01,0,0.56,211.1,1.76,0,31.35,91.03,96.45,36.42,155.95,0.37,0,7.11,,0,0,,0,0,30.5,38.4,0,7.2,249.32,18.61,0,365.56,240.8,,,,,,,,
10/19/2031 0:00,4.02,12.48,20.25,4.26,0.5,4.5,0,2.87,0,0,6.75,4.8,0,0.53,11.94,0.81,0,6.9,11.45,7.61,12.48,23.24,6.36,0.52,5.3,0,3.98,6.49,0.12,7.34,6.01,0,0.56,211.1,1.76,0,31.35,91.03,95.91,33.06,88.33,0.17,0,3.94,,0,0,,0,0,29.83,38.53,0,7.2,286.59,18.61,0,165.56,274.74,,,,,,,,
10/20/2031 0:00,4.02,12.48,20.7,4.26,0.5,4.62,0,2.87,0,0,6.75,4.72,0,0.53,12.82,0.81,0,19.91,32.51,7.61,12.48,23.24,6.36,0.52,5.3,0,3.98,6.49,0.12,7.34,6.01,0,0.56,211.1,1.76,0,31.35,91.03,93.57,17.89,64.74,0.1,0,2.23,,0,0,,0,0,30.78,38.3,0,7.2,307.58,16.76,0,477.79,780.31,,,,,,,,
10/21/2031 0:00,4.02,12.48,20.76,4.25,0.5,4.63,0,2.87,0,0,6.75,3.71,0,0.53,6.07,0.81,0,4.44,18.06,7.61,12.48,23.24,6.36,0.52,5.3,0,3.98,6.49,0.12,7.34,6.01,0,0.56,211.1,1.76,0,31.35,91.03,96.45,31.25,338.63,0.44,0.39,12.34,,0,0.03,,0,0,33.18,58.06,0,7.2,145.59,18.61,0,106.46,433.4,,,,,,,,
10/22/2031 0:00,4.02,12.48,20.81,4.25,0.5,4.65,0,2.87,0,0,6.75,4.23,0,0.53,12.05,0.81,0,8.59,15.72,7.61,12.48,23.24,6.36,0.52,5.3,0,3.98,6.49,0.12,7.34,6.01,0,0.56,211.1,1.76,0,31.35,91.03,96.45,19.93,309.64,0.48,0,11.94,,0,0,,0,0,33.56,55.78,0,7.2,289.3,18.61,0,206.13,377.19,,,,,,,,
10/23/2031 0:00,4.03,12.48,20.84,4.25,0.5,4.66,0,2.87,0,0,6.75,4.05,0,0.53,11.63,0.81,0,10.42,19.58,7.61,12.48,23.24,6.36,0.52,5.3,0,3.98,6.49,0.12,7.34,6.01,0,0.56,211.1,1.76,0,31.35,91.03,96.63,22.16,255.01,0.38,0,10.7,,0,0.01,,0,0,33.53,53.85,0,7.2,279.15,18.61,0,250.05,470,,,,,,,,
10/24/2031 0:00,4.03,12.48,20.77,4.25,0.5,4.64,0,2.87,0,0,6.75,4.08,0,0.53,6.59,0.81,0,19.71,45.81,7.61,12.48,23.24,6.36,0.52,5.3,0,3.98,6.49,0.12,7.34,6.01,0,0.56,211.1,1.76,0,31.35,91.03,88.93,27.02,41.21,0.01,0,0,,0,0,,0,0,32.28,36.01,0,7.2,158.09,13.75,0,473.06,1099.32,,,,,,,,
10/25/2031 0:00,4.02,12.48,20.37,4.25,0.5,4.53,0,2.87,0,0,6.75,3.26,0,0.53,11.71,0.81,0,17.09,26.09,7.61,12.48,23.24,6.36,0.52,5.3,0,3.98,6.49,0.12,7.34,6.01,0,0.56,211.1,1.76,0,31.35,91.03,93.56,41.38,90.96,0,0,3.41,,0,0,,0,0,30.81,35.95,0,7.2,281.1,16.39,0,410.23,626.14,,,,,,,,
10/26/2031 0:00,4.02,12.48,20.47,4.25,0.5,4.56,0,2.87,0,0,6.75,3.91,0,0.53,11.67,0.81,0,12.19,14.83,7.61,12.48,23.24,6.36,0.52,5.3,0,3.98,6.49,0.12,7.34,6.01,0,0.56,211.1,1.76,0,31.35,91.03,95.54,1.4,81.98,0.11,0,3.68,,0,0,,0,0,29.71,36.12,0,7.2,279.97,18.61,0,292.45,355.95,,,,,,,,
10/27/2031 0:00,4.02,12.48,20.9,4.25,0.5,4.67,0,2.87,0,0,6.75,4.5,0,0.53,15.71,0.81,0,16.09,19.36,7.61,12.48,23.24,6.36,0.52,5.3,0,3.98,6.49,0.12,7.34,6.01,0,0.56,211.1,1.76,0,31.35,91.03,96.45,21.77,108.42,0.11,0,6.41,,0,0,,0,0,30.88,38.75,0,7.2,376.94,18.61,0,386.2,464.54,,,,,,,,
10/28/2031 0:00,4.02,12.48,20.95,4.25,0.5,4.69,0,2.87,0,0,6.75,4.01,0,0.53,12.3,0.81,0,11.75,26.41,7.61,12.48,23.24,6.36,0.52,5.3,0,3.98,6.49,0.12,7.34,6.01,0,0.56,211.1,1.76,0,31.35,91.03,96.45,8.4,153.03,0.38,0,7.1,,0,0,,0,0,31.76,38.84,0,7.2,295.14,18.61,0,282,633.86,,,,,,,,
10/29/2031 0:00,4.02,12.48,20.99,4.25,0.5,4.7,0,2.87,0,0,6.75,3.62,0,0.53,10.61,0.81,0,5.56,10.77,7.61,12.48,23.24,6.36,0.52,5.3,0,3.98,6.49,0.12,7.34,6.01,0,0.56,211.1,1.76,0,31.35,91.03,96.45,40.24,370.01,26.27,1.24,15.61,,0,0.27,,0,0,32.42,53.33,0,7.2,254.69,18.62,0,133.47,258.54,,,,,,,,
10/30/2031 0:00,4.03,12.48,21.01,4.25,0.5,4.7,0,2.87,0,0,6.75,4.29,0,0.53,14.58,0.81,0,5.19,10.1,7.61,12.48,23.24,6.36,0.52,5.3,0,3.98,6.49,0.12,7.34,6.01,0,0.56,211.1,1.76,0,31.35,91.03,96.63,33.16,360.9,25.66,1.68,16.37,,0,0.96,,0,0,32.8,68.67,0,7.36,349.95,18.67,0,124.62,242.41,,,,,,,,
10/31/2031 0:00,4.03,12.48,20.93,4.24,0.5,4.68,0,2.87,0,0,6.75,4.77,0,0.53,10.52,0.81,0,8.05,10.25,7.61,12.48,23.24,6.36,0.52,5.3,0,3.98,6.49,0.12,7.34,6.01,0,0.56,211.1,1.76,0,31.35,91.03,96.63,30.55,347.79,8.29,0.93,13.19,,0,0.11,,0,0,33.25,70.54,0,7.2,252.49,18.63,0,193.2,246.05,,,,,,,,
11/1/2031 0:00,4.36,12.48,20.52,4.24,0.5,4.57,0,2.87,0,0,6.75,4.77,0,0.53,9.15,0.78,0,19.31,29.48,7.61,12.48,23.24,6.36,0.52,5.3,0,3.98,6.49,0.12,7.34,6.01,0,0.56,212.6,1.76,0,31.81,91.37,97.31,28.56,60.7,12.67,0,0,,0,0,,0,0,31.25,39.57,0,7.2,219.6,13.38,0,463.55,707.64,,,,,,,,
11/2/2031 0:00,4.36,12.48,20.62,4.44,0.5,4.6,0,2.87,0,0,6.75,3.94,0,0.53,11.43,0.78,0,18.39,34.99,7.61,12.48,23.24,6.36,0.52,5.3,0,3.98,6.49,0.12,7.34,6.01,0,0.56,212.6,1.76,0,31.81,91.37,97.19,12.01,60.75,12.67,0,0.63,,0,0,,0,0,29.78,35.71,0,7.2,274.37,12.35,0,441.38,839.7,,,,,,,,
11/3/2031 0:00,4.36,12.48,21.05,4.45,0.5,4.71,0,2.87,0,0,6.75,3.58,0,0.53,9.18,0.78,0,18.61,30.59,7.61,12.48,23.24,6.36,0.52,5.3,0,3.98,6.49,0.12,7.34,6.01,0,0.56,212.6,1.76,0,31.81,91.37,104.66,4.49,121.89,12.78,0,6.21,,0,0,,0,0,30.97,36.21,0,7.2,220.33,17.85,0,446.65,734.19,,,,,,,,
11/4/2031 0:00,4.36,12.48,21.09,4.45,0.5,4.72,0,2.87,0,0,6.75,3.85,0,0.53,4.94,0.78,0,16.66,16.47,7.61,12.48,23.24,6.36,0.52,5.3,0,3.98,6.49,0.12,7.34,6.01,0,0.56,212.6,1.76,0,31.81,91.37,104.66,31.25,277.58,15.79,0,11.98,,0,0,,0,0,32.35,44.68,0,7.2,118.45,17.85,0,399.89,395.39,,,,,,,,
11/5/2031 0:00,4.36,12.48,21.13,4.45,0.5,4.74,0,2.87,0,0,6.75,4.28,0,0.53,9.06,0.78,0,13.61,16.61,7.61,12.48,23.24,6.36,0.52,5.3,0,3.98,6.49,0.12,7.34,6.01,0,0.56,212.6,1.76,0,31.81,91.37,104.66,1.98,274.49,14.71,0,12.66,,0,0,,0,0,32.88,43.1,0,7.2,217.46,17.85,0,326.73,398.62,,,,,,,,
11/6/2031 0:00,4.4,12.48,21.16,4.45,0.5,4.74,0,2.87,0,0,6.75,4.1,0,0.53,11.23,0.78,0,15.65,31.83,7.61,12.48,23.24,6.36,0.52,5.3,0,3.98,6.49,0.12,7.34,6.01,0,0.56,212.6,1.76,0,31.81,91.37,105.67,18.64,132.45,12.79,0,6.99,,0,0,,0,0,32.85,37.47,0,7.2,269.48,17.85,0,375.55,763.81,,,,,,,,
11/7/2031 0:00,4.4,12.48,21.08,4.45,0.5,4.72,0,2.87,0,0,6.75,3.83,0,0.53,8.14,0.78,0,16.07,37,7.61,12.48,23.24,6.36,0.52,5.3,0,3.98,6.49,0.12,7.34,6.01,0,0.56,212.6,1.76,0,31.81,91.37,105.65,37.65,87.42,12.67,0,3.06,,0,0,,0,0,32.24,35.71,0,7.2,195.36,17.85,0,385.65,887.98,,,,,,,,
11/8/2031 0:00,4.36,12.48,20.67,4.45,0.5,4.61,0,2.87,0,0,6.75,3.74,0,0.53,11.91,0.78,0,16.92,33.33,7.61,12.48,23.24,6.36,0.52,5.3,0,3.98,6.49,0.12,7.34,6.01,0,0.56,212.6,1.76,0,31.81,91.37,97.62,18.13,60.78,12.67,0,0,,0,0,,0,0,30.62,35.71,0,7.2,285.8,15.05,0,405.99,799.84,,,,,,,,
11/9/2031 0:00,4.36,12.48,20.78,4.45,0.5,4.64,0,2.87,0,0,6.75,3.75,0,0.53,6.7,0.78,0,17.35,34.68,7.61,12.48,23.24,6.36,0.52,5.3,0,3.98,6.49,0.12,7.34,6.01,0,0.56,212.6,1.76,0,31.81,91.37,97.46,0,60.83,12.67,0,1.32,,0,0,,0,0,29.53,35.71,0,7.2,160.83,13.01,0,416.32,832.34,,,,,,,,
11/10/2031 0:00,4.36,12.48,21.21,4.45,0.5,4.76,0,2.87,0,0,6.75,3.85,0,0.53,10.88,0.78,0,20.25,28.78,7.61,12.48,23.24,6.36,0.52,5.3,0,3.98,6.49,0.12,7.34,6.01,0,0.56,212.6,1.76,0,31.81,91.37,104.12,24.24,104.3,12.81,0,5.25,,0,0,,0,0,30.69,36.82,0,7.2,261.07,17.85,0,485.99,690.62,,,,,,,,
11/11/2031 0:00,4.36,12.48,21.26,4.45,0.5,4.77,0,2.87,0,0,6.75,3.84,0,0.53,8.58,0.78,0,20.54,22.93,7.61,12.48,23.24,6.36,0.52,5.3,0,3.98,6.49,0.12,7.34,6.01,0,0.56,212.6,1.76,0,31.81,91.37,104.66,8.54,214.85,13.65,0,9.58,,0,0,,0,0,32.37,40.26,0,7.2,206.04,17.85,0,493.07,550.29,,,,,,,,
11/12/2031 0:00,4.36,12.48,21.3,4.45,0.5,4.78,0,2.87,0,0,6.75,4,0,0.53,8.27,0.78,0,5.12,6.02,7.61,12.48,23.24,6.36,0.52,5.3,0,3.98,6.49,0.12,7.34,6.01,0,0.56,212.6,1.76,0,31.81,91.37,104.66,37.97,427.9,60.44,2.95,21.78,,0,3.56,,0,0,33.6,73.3,0,7.75,198.46,17.94,0,122.88,144.37,,,,,,,,
11/13/2031 0:00,4.4,12.48,21.33,4.45,0.5,4.79,0,2.87,0,0,6.75,4.86,0,0.53,11.01,0.78,0,6.12,14.81,7.61,12.48,23.24,6.36,0.52,5.3,0,3.98,6.49,0.12,7.34,6.01,0,0.56,212.6,1.76,0,31.81,91.37,105.67,12.98,402.66,32.9,0.23,13.93,,0,0.03,,0,0,34.25,65,0,7.2,264.33,17.87,0,146.99,355.53,,,,,,,,
11/14/2031 0:00,4.4,12.48,21.26,4.45,0.5,4.77,0,2.87,0,0,6.75,4.98,0,0.53,9.16,0.78,0,15,22.3,7.61,12.48,23.24,6.36,0.52,5.3,0,3.98,6.49,0.12,7.34,6.01,0,0.56,212.6,1.76,0,31.81,91.37,105.67,0,246.55,13.69,0,11.15,,0,0,,0,0,32.99,45.93,0,7.2,219.78,17.85,0,359.89,535.29,,,,,,,,
11/15/2031 0:00,4.36,12.48,20.86,4.45,0.5,4.66,0,2.87,0,0,6.75,4.68,0,0.53,10.03,0.78,0,13.39,18.14,7.61,12.48,23.24,6.36,0.52,5.3,0,3.98,6.49,0.12,7.34,6.01,0,0.56,212.6,1.76,0,31.81,91.37,104.66,4.35,138.99,12.83,0,6.27,,0,0,,0,0,32.05,37.19,0,7.2,240.71,17.85,0,321.42,435.34,,,,,,,,
11/16/2031 0:00,4.36,12.48,20.97,4.45,0.5,4.69,0,2.87,0,0,6.75,4.74,0,0.53,4.3,0.78,0,16.62,27.34,7.61,12.48,23.24,6.36,0.52,5.3,0,3.98,6.49,0.12,7.34,6.01,0,0.56,212.6,1.76,0,31.81,91.37,104.66,2.56,60.94,12.67,0,2.72,,0,0,,0,0,31.86,36.51,0,7.2,103.22,17.85,0,398.96,656.25,,,,,,,,
11/17/2031 0:00,4.36,12.48,21.41,4.45,0.5,4.81,0,2.87,0,0,6.75,4.41,0,0.53,3.55,0.78,0,10.52,43.11,7.61,12.48,23.24,6.36,0.52,5.3,0,3.98,6.49,0.12,7.34,6.01,0,0.56,212.6,1.76,0,31.81,91.37,104.66,0,177.12,12.98,0,7.43,,0,0,,0,0,33.81,38.53,0,7.2,85.14,17.85,0,252.49,1034.54,,,,,,,,
11/18/2031 0:00,4.36,12.48,21.47,4.44,0.5,4.82,0,2.87,0,0,6.75,3.93,0,0.53,3.34,0.78,0,17.13,20.6,7.61,12.48,23.24,6.36,0.52,5.3,0,3.98,6.49,0.12,7.34,6.01,0,0.56,212.6,1.76,0,31.81,91.37,104.66,11.8,308.17,15.28,0,12.57,,0,0,,0,0,35.81,45.5,0,7.2,80.13,17.85,0,411.06,494.44,,,,,,,,
11/19/2031 0:00,4.36,12.48,21.52,4.44,0.5,4.84,0,2.87,0,0,6.75,4.39,0,0.53,5.11,0.78,0,9.24,9.13,7.61,12.48,23.24,6.36,0.52,5.3,0,3.98,6.49,0.12,7.34,6.01,0,0.56,212.6,1.76,0,31.81,91.37,104.66,21.22,411.32,48.16,2.47,21.02,,0,4.09,,0,0,36.87,82.46,0,7.79,122.6,17.95,0,221.87,219.02,,,,,,,,
11/20/2031 0:00,4.4,12.48,21.55,4.44,0.5,4.85,0,2.87,0,0,6.75,5.05,0,0.53,4.38,0.78,0,3.03,9.08,7.61,12.48,23.24,6.36,0.52,5.3,0,3.98,6.49,0.12,7.34,6.01,0,0.56,212.6,1.76,0,31.81,91.37,105.67,19.81,483.58,70.97,3.03,24.8,,0,4.22,,0,0,38.4,109.1,0,7.83,105.04,17.96,0,72.68,218.01,,,,,,,,
11/21/2031 0:00,4.4,12.48,21.48,4.44,0.5,4.83,0,2.87,0,0,6.75,5.76,0,0.53,5.68,0.78,0,6.95,13.5,7.61,12.48,23.24,6.36,0.52,5.3,0,3.98,6.49,0.12,7.34,6.01,0,0.56,212.6,1.76,0,31.81,91.37,105.67,10.41,387.15,40.69,0.31,16.32,,0,0.32,,0,0,38.22,87.88,0,7.36,136.25,17.87,0,166.75,323.92,,,,,,,,
11/22/2031 0:00,4.36,12.48,21.08,4.44,0.5,4.72,0,2.87,0,0,6.75,5.49,0,0.53,3.66,0.78,0,20.81,23.11,7.61,12.48,23.24,6.36,0.52,5.3,0,3.98,6.49,0.12,7.34,6.01,0,0.56,212.6,1.76,0,31.81,91.37,104.66,0,99,12.67,0,5.2,,0,0,,0,0,35.48,42.07,0,7.2,87.73,17.85,0,499.36,554.67,,,,,,,,
11/23/2031 0:00,4.36,12.48,21.19,4.44,0.5,4.75,0,2.87,0,0,6.75,4.83,0,0.53,8.06,0.78,0,17.09,21.93,7.61,12.48,23.24,6.36,0.52,5.3,0,3.98,6.49,0.12,7.34,6.01,0,0.56,212.6,1.76,0,31.81,91.37,104.66,0,64.54,12.67,0,2.67,,0,0,,0,0,34.45,35.99,0,7.2,193.4,17.85,0,410.21,526.43,,,,,,,,
11/24/2031 0:00,4.36,12.48,21.62,4.44,0.5,4.87,0,2.87,0,0,6.75,4.77,0,0.53,4.44,0.78,0,13.39,16.96,7.61,12.48,23.24,6.36,0.52,5.3,0,3.98,6.49,0.12,7.34,6.01,0,0.56,212.6,1.76,0,31.81,91.37,104.66,12.76,306.44,15.71,0,12.58,,0,0.05,,0,0,36.84,59.95,0,7.2,106.51,17.85,0,321.34,407.08,,,,,,,,
11/25/2031 0:00,4.36,12.48,21.67,4.44,0.5,4.88,0,2.87,0,0,6.75,5.03,0,0.53,5.1,0.78,0,12.28,14.85,7.61,12.48,23.24,6.36,0.52,5.3,0,3.98,6.49,0.12,7.34,6.01,0,0.56,212.6,1.76,0,31.81,91.37,104.66,16.74,375.46,39.4,1.24,17.56,,0,0.57,,0,0,38.05,77.62,0,7.2,122.43,17.87,0,294.76,356.3,,,,,,,,
11/26/2031 0:00,4.36,12.48,21.71,4.44,0.5,4.89,0,2.87,0,0,6.75,4.87,0,0.53,4.49,0.78,0,7.87,9.7,7.61,12.48,23.24,6.36,0.52,5.3,0,3.98,6.49,0.12,7.34,6.01,0,0.56,212.6,1.76,0,31.81,91.37,104.66,23.89,437.66,58.72,2.25,19.83,,0,0.86,,0,0,39.19,86.27,0,7.2,107.65,17.89,0,188.92,232.7,,,,,,,,
11/27/2031 0:00,4.4,12.48,21.73,4.44,0.5,4.89,0,2.87,0,0,6.75,5.01,0,0.53,5.66,0.78,0,15.9,19.62,7.61,12.48,23.24,6.36,0.52,5.3,0,3.98,6.49,0.12,7.34,6.01,0,0.56,212.6,1.76,0,31.81,91.37,105.67,2.79,319.39,16.4,0,13.69,,0,0,,0,0,38.21,69.14,0,7.2,135.94,17.85,0,381.55,470.79,,,,,,,,
11/28/2031 0:00,4.4,12.48,21.64,4.44,0.5,4.87,0,2.87,0,0,6.75,5.03,0,0.53,2.52,0.78,0,11.83,18.93,7.61,12.48,23.24,6.36,0.52,5.3,0,3.98,6.49,0.12,7.34,6.01,0,0.56,212.6,1.76,0,31.81,91.37,105.67,8.22,360.43,44.74,1.86,17.76,,0,0.17,,0,0,37.44,89.83,0,7.36,60.46,17.91,0,283.96,454.3,,,,,,,,
11/29/2031 0:00,4.36,12.48,21.23,4.43,0.5,4.76,0,2.87,0,0,6.75,5.45,0,0.53,1.71,0.78,0,4.01,4.7,7.61,12.48,23.24,6.36,0.52,5.3,0,3.98,6.49,0.12,7.34,6.01,0,0.56,212.6,1.76,0,31.81,91.37,104.66,4.65,440.74,61.11,1.94,19.09,,0,0.81,,0,0,35.75,112.02,0,7.4,41.14,17.89,0,96.18,112.89,,,,,,,,
11/30/2031 0:00,4.36,12.48,21.32,4.43,0.5,4.78,0,2.87,0,0,6.75,6.24,0,0.53,2.04,0.78,0,3.96,3.92,7.61,12.48,23.24,6.36,0.52,5.3,0,3.98,6.49,0.12,7.34,6.01,0,0.56,212.6,1.76,0,31.81,91.37,104.66,1.4,413.78,36.51,1.09,16.09,,0,0.11,,0,0,35.13,119.7,0,7.2,48.9,17.89,0,95.06,94.07,,,,,,,,
12/1/2031 0:00,4.36,12.48,21.73,4.43,0.5,4.9,0,2.87,0,0,6.75,6.34,0,0.53,3.01,0.76,0,6.05,5.56,7.61,12.48,23.24,6.36,0.52,5.3,0,3.98,6.49,0.12,7.34,6.01,0,0.56,214.1,1.76,0,32.27,91.7,104.66,31.25,478.27,82.39,4,26.72,,0,3.7,,0,0,38.04,134.18,0,7.87,72.27,17.63,0,145.28,133.35,,,,,,,,
12/2/2031 0:00,4.36,12.48,21.76,4.32,0.5,4.9,0,2.87,0,0,6.75,5.94,0,0.53,1.47,0.76,0,17.64,16.33,7.61,12.48,23.24,6.36,0.52,5.3,0,3.98,6.49,0.12,7.34,6.01,0,0.56,214.1,1.76,0,32.27,91.7,104.66,0,381,17.88,0,14.17,,0,0,,0,0,39.49,87.51,0,7.2,35.27,17.5,0,423.34,391.81,,,,,,,,
12/3/2031 0:00,4.36,12.48,21.77,4.31,0.5,4.91,0,2.87,0,0,6.75,4.9,0,0.53,1.47,0.76,0,22.03,13.29,7.61,12.48,23.24,6.36,0.52,5.3,0,3.98,6.49,0.12,7.34,6.01,0,0.56,214.1,1.76,0,32.27,91.7,104.66,8.73,322.07,18.68,0,12.77,,0,0,,0,0,39.87,72.18,0,7.2,35.24,17.5,0,528.7,319.04,,,,,,,,
12/4/2031 0:00,4.4,12.48,21.77,4.31,0.5,4.91,0,2.87,0,0,6.75,4.76,0,0.53,1.93,0.76,0,20.37,15.41,7.61,12.48,23.24,6.36,0.52,5.3,0,3.98,6.49,0.12,7.34,6.01,0,0.56,214.1,1.76,0,32.27,91.7,105.67,0.69,349.78,18.41,0,13.51,,0,0,,0,0,39.17,59.75,0,7.2,46.31,17.5,0,488.94,369.81,,,,,,,,
12/5/2031 0:00,4.4,12.48,21.66,4.31,0.5,4.88,0,2.87,0,0,6.75,5.25,0,0.53,1.62,0.76,0,19.45,10.8,7.61,12.48,23.24,6.36,0.52,5.3,0,3.98,6.49,0.12,7.34,6.01,0,0.56,214.1,1.76,0,32.27,91.7,105.67,7.83,362.86,19.4,0,12.78,,0,0,,0,0,38.71,84.03,0,7.2,38.79,17.5,0,466.74,259.13,,,,,,,,
12/6/2031 0:00,4.36,12.48,21.23,4.31,0.5,4.76,0,2.87,0,0,6.75,5.63,0,0.53,2.66,0.76,0,8.88,8.57,7.61,12.48,23.24,6.36,0.52,5.3,0,3.98,6.49,0.12,7.34,6.01,0,0.56,214.1,1.76,0,32.27,91.7,104.66,15.1,365.17,19.8,0,13.13,,0,0,,0,0,37.04,91.5,0,7.2,63.79,17.5,0,213.07,205.59,,,,,,,,
12/7/2031 0:00,4.36,12.48,21.29,4.31,0.5,4.78,0,2.87,0,0,6.75,5.73,0,0.53,5.3,0.76,0,16.09,25.22,7.61,12.48,23.24,6.36,0.52,5.3,0,3.98,6.49,0.12,7.34,6.01,0,0.56,214.1,1.76,0,32.27,91.7,104.66,0,128.99,16.89,0,5.32,,0,0,,0,0,36.05,38.03,0,7.2,127.31,17.5,0,386.28,605.28,,,,,,,,
12/8/2031 0:00,4.36,12.48,21.68,4.31,0.5,4.88,0,2.87,0,0,6.75,4.97,0,0.53,4.95,0.76,0,4.97,13.55,7.61,12.48,23.24,6.36,0.52,5.3,0,3.98,6.49,0.12,7.34,6.01,0,0.56,214.1,1.76,0,32.27,91.7,104.66,31.25,384.14,54.04,4.04,29.99,,0,7.99,,0,0,39.18,87.66,0,7.91,118.81,17.73,0,119.34,325.22,,,,,,,,
12/9/2031 0:00,4.36,12.48,21.69,4.31,0.5,4.88,0,2.87,0,0,6.75,5.47,0,0.53,3.88,0.76,0,9.26,4.67,7.61,12.48,23.24,6.36,0.52,5.3,0,3.98,6.49,0.12,7.34,6.01,0,0.56,214.1,1.76,0,32.27,91.7,104.66,15.62,499.41,82.5,4.96,39.91,,0,7.32,,0,0,40.48,127.07,0,8.27,93.1,17.8,0,222.17,112.14,,,,,,,,
12/10/2031 0:00,4.36,12.48,21.69,4.31,0.5,4.88,0,2.87,0,0,6.75,5.57,0,0.53,2.71,0.76,0,7.69,3.02,7.61,12.48,23.24,6.36,0.52,5.3,0,3.98,6.49,0.12,7.34,6.01,0,0.56,214.1,1.76,0,32.27,91.7,104.66,24.26,501.91,88.6,6.9,46.04,,0,11.31,,0,0,40.41,131.76,0,8.46,65.13,17.87,0,184.6,72.43,,,,,,,,
12/11/2031 0:00,4.4,12.48,21.67,4.31,0.5,4.88,0,2.87,0,0,6.75,5.71,0,0.53,2.23,0.76,0,8.71,2.79,7.61,12.48,23.24,6.36,0.52,5.3,0,3.98,6.49,0.12,7.34,6.01,0,0.56,214.1,1.76,0,32.27,91.7,105.67,6.15,503.17,90.45,6.64,45.42,,0,10.38,,0,0,40.13,135.83,0,8.44,53.45,17.87,0,209.09,66.93,,,,,,,,
12/12/2031 0:00,4.4,12.48,21.54,4.31,0.5,4.84,0,2.87,0,0,6.75,6.2,0,0.53,4.78,0.76,0,6.9,6.13,7.61,12.48,23.24,6.36,0.52,5.3,0,3.98,6.49,0.12,7.34,6.01,0,0.56,214.1,1.76,0,32.27,91.7,105.67,14.33,493.27,78.1,4.05,37.5,,0,5.21,,0,0,39.17,141.82,0,8.03,114.65,17.72,0,165.67,147.11,,,,,,,,
12/13/2031 0:00,4.36,12.48,21.09,4.31,0.5,4.72,0,2.87,0,0,6.75,6.09,0,0.53,6.42,0.76,0,12.19,12.52,7.61,12.48,23.24,6.36,0.52,5.3,0,3.98,6.49,0.12,7.34,6.01,0,0.56,214.1,1.76,0,32.27,91.7,104.66,0.95,331.92,19.23,0,13.31,,0,0,,0,0,37.04,68.22,0,7.2,154.13,17.51,0,292.56,300.46,,,,,,,,
12/14/2031 0:00,4.36,12.48,21.14,4.31,0.5,4.74,0,2.87,0,0,6.75,5.68,0,0.53,2.98,0.76,0,12.26,13.4,7.61,12.48,23.24,6.36,0.52,5.3,0,3.98,6.49,0.12,7.34,6.01,0,0.56,214.1,1.76,0,32.27,91.7,104.66,16.46,301.79,24.49,0.08,11.95,,0,0,,0,0,36.13,64.8,0,7.2,71.49,17.51,0,294.15,321.69,,,,,,,,
12/15/2031 0:00,4.36,12.48,21.52,4.31,0.5,4.84,0,2.87,0,0,6.75,5.65,0,0.53,4.01,0.76,0,13.95,13.75,7.61,12.48,23.24,6.36,0.52,5.3,0,3.98,6.49,0.12,7.34,6.01,0,0.56,214.1,1.76,0,32.27,91.7,104.66,13.36,396.33,40.04,0.31,17.48,,0,0.11,,0,0,38.75,89.99,0,7.2,96.21,17.5,0,334.89,330.03,,,,,,,,
12/16/2031 0:00,4.36,12.48,21.52,4.31,0.5,4.84,0,2.87,0,0,6.75,5.57,0,0.53,3.22,0.76,0,5.52,6.12,7.61,12.48,23.24,6.36,0.52,5.3,0,3.98,6.49,0.12,7.34,6.01,0,0.56,214.1,1.76,0,32.27,91.7,104.66,31.25,468.72,88.68,7.93,54.43,,0,16.92,,0,0,40.79,115.59,0,9,77.24,17.92,0,132.48,146.82,,,,,,,,
12/17/2031 0:00,4.36,12.48,21.52,4.31,0.5,4.84,0,2.87,0,0,6.75,5.64,0,0.53,3.1,0.76,0,18.9,6.52,7.61,12.48,23.24,6.36,0.52,5.3,0,3.98,6.49,0.12,7.34,6.01,0,0.56,214.1,1.76,0,32.27,91.7,104.66,5.7,416.13,43.62,0.16,14.66,,0,0.02,,0,0,40.51,90.37,0,7.2,74.3,17.5,0,453.56,156.45,,,,,,,,
12/18/2031 0:00,4.4,12.48,21.5,4.31,0.5,4.83,0,2.87,0,0,6.75,5.18,0,0.53,3.2,0.76,0,19.54,27.43,7.61,12.48,23.24,6.36,0.52,5.3,0,3.98,6.49,0.12,7.34,6.01,0,0.56,214.1,1.76,0,32.27,91.7,105.47,0,254.19,18.31,0,10.38,,0,0,,0,0,38.8,52.2,0,7.2,76.71,17.5,0,468.92,658.29,,,,,,,,
12/19/2031 0:00,4.4,12.48,21.37,4.31,0.5,4.8,0,2.87,0,0,6.75,4.47,0,0.53,1.23,0.76,0,23.21,47.38,7.61,12.48,23.24,6.36,0.52,5.3,0,3.98,6.49,0.12,7.34,6.01,0,0.56,214.1,1.76,0,32.27,91.7,95.43,12.38,91.14,16.8,0,0,,0,0,,0,0,36.94,35.71,0,7.2,29.53,14.16,0,557.05,1137.13,,,,,,,,
12/20/2031 0:00,4.36,12.48,20.93,4.3,0.5,4.68,0,2.87,0,0,6.75,3.54,0,0.53,2.25,0.76,0,19.3,48.77,7.61,12.48,23.24,6.36,0.52,5.3,0,3.98,6.49,0.12,7.34,6.01,0,0.56,214.1,1.76,0,32.27,91.7,96.43,28.56,90.91,16.8,0,0,,0,0,,0,0,34.56,35.71,0,7.2,53.95,12.23,0,463.16,1170.42,,,,,,,,
12/21/2031 0:00,4.36,12.48,20.99,4.3,0.5,4.7,0,2.87,0,0,6.75,3.47,0,0.53,2.69,0.76,0,15.86,30.66,7.61,12.48,23.24,6.36,0.52,5.3,0,3.98,6.49,0.12,7.34,6.01,0,0.56,214.1,1.76,0,32.27,91.7,104.66,0,91.55,16.8,0,2.01,,0,0,,0,0,34.41,35.71,0,7.2,64.59,17.5,0,380.66,735.82,,,,,,,,
12/22/2031 0:00,4.36,12.48,21.39,4.3,0.5,4.8,0,2.87,0,0,6.75,4.09,0,0.53,3.55,0.76,0,17.08,35.62,7.61,12.48,23.24,6.36,0.52,5.3,0,3.98,6.49,0.12,7.34,6.01,0,0.56,214.1,1.76,0,32.27,91.7,104.66,14.45,141.46,16.89,0,5.15,,0,0,,0,0,36.45,37.26,0,7.2,85.32,17.5,0,410.02,854.79,,,,,,,,
12/23/2031 0:00,4.36,12.48,21.4,4.3,0.5,4.81,0,2.87,0,0,6.75,3.9,0,0.53,2.32,0.76,0,6.44,24.09,7.61,12.48,23.24,6.36,0.52,5.3,0,3.98,6.49,0.12,7.34,6.01,0,0.56,214.1,1.76,0,32.27,91.7,104.66,31.25,305.87,17.24,0,11.18,,0,0,,0,0,37.56,48.68,0,7.2,55.76,17.5,0,154.52,578.09,,,,,,,,
12/24/2031 0:00,4.36,12.48,21.41,4.3,0.5,4.81,0,2.87,0,0,6.75,4.1,0,0.53,5.28,0.76,0,8.67,32.39,7.61,12.48,23.24,6.36,0.52,5.3,0,3.98,6.49,0.12,7.34,6.01,0,0.56,214.1,1.76,0,32.27,91.7,104.66,20.52,99.21,16.8,0,2.73,,0,0,,0,0,35.93,36.01,0,7.2,126.83,17.5,0,208.15,777.46,,,,,,,,
12/25/2031 0:00,4.4,12.48,21.42,4.3,0.5,4.81,0,2.87,0,0,6.75,3.46,0,0.53,6.98,0.76,0,13.41,24.89,7.61,12.48,23.24,6.36,0.52,5.3,0,3.98,6.49,0.12,7.34,6.01,0,0.56,214.1,1.76,0,32.27,91.7,104.38,31.16,91.87,16.8,0,2.6,,0,0,,0,0,34.7,35.71,0,7.2,167.6,16.18,0,321.79,597.41,,,,,,,,
12/26/2031 0:00,4.4,12.48,21.31,4.3,0.5,4.78,0,2.87,0,0,6.75,3.25,0,0.53,2.92,0.76,0,19.6,48.54,7.61,12.48,23.24,6.36,0.52,5.3,0,3.98,6.49,0.12,7.34,6.01,0,0.56,214.1,1.76,0,32.27,91.7,94.21,0,91.11,16.8,0,0,,0,0,,0,0,33.64,35.71,0,7.2,70.17,9.6,0,470.51,1165.02,,,,,,,,
12/27/2031 0:00,4.36,12.48,20.89,4.3,0.5,4.67,0,2.87,0,0,6.75,2.42,0,0.53,9.5,0.76,0,22.94,47.53,7.61,12.48,23.24,6.36,0.52,5.3,0,3.98,6.49,0.12,7.34,6.01,0,0.56,214.1,1.76,0,32.27,91.7,93.21,0,90.89,16.8,0,0,,0,0,,0,0,32.3,28.76,0,7.2,227.91,9.6,0,550.63,1140.7,,,,,,,,
12/28/2031 0:00,4.36,12.48,20.98,4.3,0.5,4.69,0,2.87,0,0,6.75,2.3,0,0.53,5.89,0.76,0,23.33,55.54,7.61,12.48,23.24,6.36,0.52,5.3,0,3.98,6.49,0.12,7.34,6.01,0,0.56,214.1,1.76,0,32.27,91.7,93.21,0,90.94,16.8,0,0,,0,0,,0,0,31.52,27.31,0,7.2,141.44,9.6,0,559.85,1332.86,,,,,,,,
12/29/2031 0:00,4.36,12.48,21.4,4.29,0.5,4.81,0,2.87,0,0,6.75,2.1,0,0.53,5.92,0.76,0,18.39,58.49,7.61,12.48,23.24,6.36,0.52,5.3,0,3.98,6.49,0.12,7.34,6.01,0,0.56,214.1,1.76,0,32.27,91.7,93.21,0,91.16,16.8,0,0,,0,0,,0,0,33.1,24.97,0,7.2,142.15,9.6,0,441.26,1403.87,,,,,,,,
12/30/2031 0:00,4.36,12.48,21.44,4.29,0.5,4.82,0,2.87,0,0,6.75,1.99,0,0.53,9.32,0.76,0,20.73,49.67,7.61,12.48,23.24,6.36,0.52,5.3,0,3.98,6.49,0.12,7.34,6.01,0,0.56,214.1,1.76,0,32.27,91.7,93.21,0,91.18,16.8,0,0,,0,0,,0,0,33.72,23.63,0,7.2,223.59,9.6,0,497.51,1191.99,,,,,,,,
12/31/2031 0:00,4.36,12.48,21.47,4.29,0.5,4.83,0,2.87,0,0,6.75,2.04,0,0.53,6.42,0.76,0,17.07,47.09,7.61,12.48,23.24,6.36,0.52,5.3,0,3.98,6.49,0.12,7.34,5.99,0,0.56,214.1,1.76,0,32.27,91.7,93.26,0,91.2,16.8,0,0,,0,0,,0,0,33.71,24.37,0,7.2,154.13,9.6,0,409.74,1130.25,,,,,,,,
