date,bus,technology,production_gwh
2030-01-01 00:00:00,DE00,onwind,706.41000000
2030-01-02 00:00:00,DE00,onwind,731.45000000
2030-01-03 00:00:00,DE00,onwind,412.06000000
2030-01-04 00:00:00,DE00,onwind,1215.16000000
2030-01-05 00:00:00,DE00,onwind,800.76000000
2030-01-06 00:00:00,DE00,onwind,648.01000000
2030-01-07 00:00:00,DE00,onwind,556.81000000
2030-01-08 00:00:00,DE00,onwind,593.60000000
2030-01-09 00:00:00,DE00,onwind,558.63000000
2030-01-10 00:00:00,DE00,onwind,641.72000000
2030-01-11 00:00:00,DE00,onwind,872.11000000
2030-01-12 00:00:00,DE00,onwind,1203.68000000
2030-01-13 00:00:00,DE00,onwind,1180.62000000
2030-01-14 00:00:00,DE00,onwind,1070.13000000
2030-01-15 00:00:00,DE00,onwind,1122.77000000
2030-01-16 00:00:00,DE00,onwind,765.50000000
2030-01-17 00:00:00,DE00,onwind,548.86000000
2030-01-18 00:00:00,DE00,onwind,320.56000000
2030-01-19 00:00:00,DE00,onwind,519.83000000
2030-01-20 00:00:00,DE00,onwind,109.07000000
2030-01-21 00:00:00,DE00,onwind,383.49000000
2030-01-22 00:00:00,DE00,onwind,281.85000000
2030-01-23 00:00:00,DE00,onwind,150.17000000
2030-01-24 00:00:00,DE00,onwind,105.55000000
2030-01-25 00:00:00,DE00,onwind,51.45000000
2030-01-26 00:00:00,DE00,onwind,71.29000000
2030-01-27 00:00:00,DE00,onwind,218.08000000
2030-01-28 00:00:00,DE00,onwind,105.75000000
2030-01-29 00:00:00,DE00,onwind,518.32000000
2030-01-30 00:00:00,DE00,onwind,973.48000000
2030-01-31 00:00:00,DE00,onwind,974.60000000
2030-02-01 00:00:00,DE00,onwind,1343.40000000
2030-02-02 00:00:00,DE00,onwind,888.58000000
2030-02-03 00:00:00,DE00,onwind,1317.42000000
2030-02-04 00:00:00,DE00,onwind,261.94000000
2030-02-05 00:00:00,DE00,onwind,276.71000000
2030-02-06 00:00:00,DE00,onwind,168.44000000
2030-02-07 00:00:00,DE00,onwind,156.91000000
2030-02-08 00:00:00,DE00,onwind,339.22000000
2030-02-09 00:00:00,DE00,onwind,527.74000000
2030-02-10 00:00:00,DE00,onwind,650.62000000
2030-02-11 00:00:00,DE00,onwind,832.54000000
2030-02-12 00:00:00,DE00,onwind,151.77000000
2030-02-13 00:00:00,DE00,onwind,123.53000000
2030-02-14 00:00:00,DE00,onwind,94.82000000
2030-02-15 00:00:00,DE00,onwind,175.47000000
2030-02-16 00:00:00,DE00,onwind,567.56000000
2030-02-17 00:00:00,DE00,onwind,1338.63000000
2030-02-18 00:00:00,DE00,onwind,1086.78000000
2030-02-19 00:00:00,DE00,onwind,597.94000000
2030-02-20 00:00:00,DE00,onwind,1233.50000000
2030-02-21 00:00:00,DE00,onwind,577.08000000
2030-02-22 00:00:00,DE00,onwind,181.20000000
2030-02-23 00:00:00,DE00,onwind,198.38000000
2030-02-24 00:00:00,DE00,onwind,790.62000000
2030-02-25 00:00:00,DE00,onwind,912.95000000
2030-02-26 00:00:00,DE00,onwind,514.04000000
2030-02-27 00:00:00,DE00,onwind,291.83000000
2030-02-28 00:00:00,DE00,onwind,242.70000000
2030-03-01 00:00:00,DE00,onwind,210.37000000
2030-03-02 00:00:00,DE00,onwind,181.69000000
2030-03-03 00:00:00,DE00,onwind,176.75000000
2030-03-04 00:00:00,DE00,onwind,502.23000000
2030-03-05 00:00:00,DE00,onwind,315.17000000
2030-03-06 00:00:00,DE00,onwind,245.48000000
2030-03-07 00:00:00,DE00,onwind,759.59000000
2030-03-08 00:00:00,DE00,onwind,241.11000000
2030-03-09 00:00:00,DE00,onwind,320.98000000
2030-03-10 00:00:00,DE00,onwind,617.83000000
2030-03-11 00:00:00,DE00,onwind,469.08000000
2030-03-12 00:00:00,DE00,onwind,478.34000000
2030-03-13 00:00:00,DE00,onwind,1023.62000000
2030-03-14 00:00:00,DE00,onwind,927.16000000
2030-03-15 00:00:00,DE00,onwind,375.88000000
2030-03-16 00:00:00,DE00,onwind,514.28000000
2030-03-17 00:00:00,DE00,onwind,481.81000000
2030-03-18 00:00:00,DE00,onwind,224.31000000
2030-03-19 00:00:00,DE00,onwind,144.63000000
2030-03-20 00:00:00,DE00,onwind,255.87000000
2030-03-21 00:00:00,DE00,onwind,234.91000000
2030-03-22 00:00:00,DE00,onwind,663.55000000
2030-03-23 00:00:00,DE00,onwind,752.09000000
2030-03-24 00:00:00,DE00,onwind,825.32000000
2030-03-25 00:00:00,DE00,onwind,844.12000000
2030-03-26 00:00:00,DE00,onwind,457.54000000
2030-03-27 00:00:00,DE00,onwind,609.97000000
2030-03-28 00:00:00,DE00,onwind,323.62000000
2030-03-29 00:00:00,DE00,onwind,292.50000000
2030-03-30 00:00:00,DE00,onwind,770.24000000
2030-03-31 00:00:00,DE00,onwind,511.93000000
2030-04-01 00:00:00,DE00,onwind,767.64000000
2030-04-02 00:00:00,DE00,onwind,593.19000000
2030-04-03 00:00:00,DE00,onwind,363.68000000
2030-04-04 00:00:00,DE00,onwind,114.27000000
2030-04-05 00:00:00,DE00,onwind,46.65000000
2030-04-06 00:00:00,DE00,onwind,210.81000000
2030-04-07 00:00:00,DE00,onwind,278.90000000
2030-04-08 00:00:00,DE00,onwind,112.29000000
2030-04-09 00:00:00,DE00,onwind,83.09000000
2030-04-10 00:00:00,DE00,onwind,529.44000000
2030-04-11 00:00:00,DE00,onwind,687.59000000
2030-04-12 00:00:00,DE00,onwind,571.14000000
2030-04-13 00:00:00,DE00,onwind,498.81000000
2030-04-14 00:00:00,DE00,onwind,133.06000000
2030-04-15 00:00:00,DE00,onwind,330.68000000
2030-04-16 00:00:00,DE00,onwind,213.01000000
2030-04-17 00:00:00,DE00,onwind,263.27000000
2030-04-18 00:00:00,DE00,onwind,495.14000000
2030-04-19 00:00:00,DE00,onwind,641.30000000
2030-04-20 00:00:00,DE00,onwind,488.77000000
2030-04-21 00:00:00,DE00,onwind,574.88000000
2030-04-22 00:00:00,DE00,onwind,446.54000000
2030-04-23 00:00:00,DE00,onwind,274.48000000
2030-04-24 00:00:00,DE00,onwind,739.53000000
2030-04-25 00:00:00,DE00,onwind,563.37000000
2030-04-26 00:00:00,DE00,onwind,349.23000000
2030-04-27 00:00:00,DE00,onwind,125.70000000
2030-04-28 00:00:00,DE00,onwind,285.20000000
2030-04-29 00:00:00,DE00,onwind,311.47000000
2030-04-30 00:00:00,DE00,onwind,138.74000000
2030-05-01 00:00:00,DE00,onwind,181.71000000
2030-05-02 00:00:00,DE00,onwind,376.93000000
2030-05-03 00:00:00,DE00,onwind,141.89000000
2030-05-04 00:00:00,DE00,onwind,270.37000000
2030-05-05 00:00:00,DE00,onwind,495.62000000
2030-05-06 00:00:00,DE00,onwind,233.63000000
2030-05-07 00:00:00,DE00,onwind,409.43000000
2030-05-08 00:00:00,DE00,onwind,393.92000000
2030-05-09 00:00:00,DE00,onwind,519.98000000
2030-05-10 00:00:00,DE00,onwind,306.55000000
2030-05-11 00:00:00,DE00,onwind,128.89000000
2030-05-12 00:00:00,DE00,onwind,332.18000000
2030-05-13 00:00:00,DE00,onwind,284.29000000
2030-05-14 00:00:00,DE00,onwind,118.82000000
2030-05-15 00:00:00,DE00,onwind,220.00000000
2030-05-16 00:00:00,DE00,onwind,650.38000000
2030-05-17 00:00:00,DE00,onwind,474.68000000
2030-05-18 00:00:00,DE00,onwind,190.02000000
2030-05-19 00:00:00,DE00,onwind,312.77000000
2030-05-20 00:00:00,DE00,onwind,466.24000000
2030-05-21 00:00:00,DE00,onwind,348.88000000
2030-05-22 00:00:00,DE00,onwind,295.86000000
2030-05-23 00:00:00,DE00,onwind,618.67000000
2030-05-24 00:00:00,DE00,onwind,215.39000000
2030-05-25 00:00:00,DE00,onwind,258.07000000
2030-05-26 00:00:00,DE00,onwind,322.08000000
2030-05-27 00:00:00,DE00,onwind,162.55000000
2030-05-28 00:00:00,DE00,onwind,172.14000000
2030-05-29 00:00:00,DE00,onwind,296.92000000
2030-05-30 00:00:00,DE00,onwind,241.11000000
2030-05-31 00:00:00,DE00,onwind,285.55000000
2030-06-01 00:00:00,DE00,onwind,380.12000000
2030-06-02 00:00:00,DE00,onwind,316.46000000
2030-06-03 00:00:00,DE00,onwind,312.27000000
2030-06-04 00:00:00,DE00,onwind,192.14000000
2030-06-05 00:00:00,DE00,onwind,200.46000000
2030-06-06 00:00:00,DE00,onwind,167.06000000
2030-06-07 00:00:00,DE00,onwind,125.15000000
2030-06-08 00:00:00,DE00,onwind,179.81000000
2030-06-09 00:00:00,DE00,onwind,308.51000000
2030-06-10 00:00:00,DE00,onwind,422.18000000
2030-06-11 00:00:00,DE00,onwind,403.42000000
2030-06-12 00:00:00,DE00,onwind,389.92000000
2030-06-13 00:00:00,DE00,onwind,434.11000000
2030-06-14 00:00:00,DE00,onwind,339.14000000
2030-06-15 00:00:00,DE00,onwind,164.72000000
2030-06-16 00:00:00,DE00,onwind,175.89000000
2030-06-17 00:00:00,DE00,onwind,79.15000000
2030-06-18 00:00:00,DE00,onwind,59.61000000
2030-06-19 00:00:00,DE00,onwind,266.93000000
2030-06-20 00:00:00,DE00,onwind,162.97000000
2030-06-21 00:00:00,DE00,onwind,241.71000000
2030-06-22 00:00:00,DE00,onwind,297.49000000
2030-06-23 00:00:00,DE00,onwind,527.94000000
2030-06-24 00:00:00,DE00,onwind,95.23000000
2030-06-25 00:00:00,DE00,onwind,50.35000000
2030-06-26 00:00:00,DE00,onwind,530.65000000
2030-06-27 00:00:00,DE00,onwind,506.17000000
2030-06-28 00:00:00,DE00,onwind,214.40000000
2030-06-29 00:00:00,DE00,onwind,72.42000000
2030-06-30 00:00:00,DE00,onwind,120.02000000
2030-07-01 00:00:00,DE00,onwind,357.31000000
2030-07-02 00:00:00,DE00,onwind,437.13000000
2030-07-03 00:00:00,DE00,onwind,474.23000000
2030-07-04 00:00:00,DE00,onwind,379.44000000
2030-07-05 00:00:00,DE00,onwind,573.13000000
2030-07-06 00:00:00,DE00,onwind,165.35000000
2030-07-07 00:00:00,DE00,onwind,64.31000000
2030-07-08 00:00:00,DE00,onwind,146.71000000
2030-07-09 00:00:00,DE00,onwind,117.31000000
2030-07-10 00:00:00,DE00,onwind,154.84000000
2030-07-11 00:00:00,DE00,onwind,139.80000000
2030-07-12 00:00:00,DE00,onwind,361.65000000
2030-07-13 00:00:00,DE00,onwind,233.33000000
2030-07-14 00:00:00,DE00,onwind,87.80000000
2030-07-15 00:00:00,DE00,onwind,352.10000000
2030-07-16 00:00:00,DE00,onwind,347.31000000
2030-07-17 00:00:00,DE00,onwind,312.86000000
2030-07-18 00:00:00,DE00,onwind,105.66000000
2030-07-19 00:00:00,DE00,onwind,108.26000000
2030-07-20 00:00:00,DE00,onwind,138.35000000
2030-07-21 00:00:00,DE00,onwind,75.95000000
2030-07-22 00:00:00,DE00,onwind,190.75000000
2030-07-23 00:00:00,DE00,onwind,391.22000000
2030-07-24 00:00:00,DE00,onwind,331.99000000
2030-07-25 00:00:00,DE00,onwind,187.73000000
2030-07-26 00:00:00,DE00,onwind,227.77000000
2030-07-27 00:00:00,DE00,onwind,295.16000000
2030-07-28 00:00:00,DE00,onwind,224.43000000
2030-07-29 00:00:00,DE00,onwind,195.13000000
2030-07-30 00:00:00,DE00,onwind,308.81000000
2030-07-31 00:00:00,DE00,onwind,473.92000000
2030-08-01 00:00:00,DE00,onwind,631.55000000
2030-08-02 00:00:00,DE00,onwind,594.65000000
2030-08-03 00:00:00,DE00,onwind,854.41000000
2030-08-04 00:00:00,DE00,onwind,193.56000000
2030-08-05 00:00:00,DE00,onwind,101.89000000
2030-08-06 00:00:00,DE00,onwind,314.83000000
2030-08-07 00:00:00,DE00,onwind,864.49000000
2030-08-08 00:00:00,DE00,onwind,751.49000000
2030-08-09 00:00:00,DE00,onwind,335.48000000
2030-08-10 00:00:00,DE00,onwind,82.97000000
2030-08-11 00:00:00,DE00,onwind,71.11000000
2030-08-12 00:00:00,DE00,onwind,201.70000000
2030-08-13 00:00:00,DE00,onwind,129.21000000
2030-08-14 00:00:00,DE00,onwind,74.26000000
2030-08-15 00:00:00,DE00,onwind,148.85000000
2030-08-16 00:00:00,DE00,onwind,86.23000000
2030-08-17 00:00:00,DE00,onwind,189.26000000
2030-08-18 00:00:00,DE00,onwind,113.56000000
2030-08-19 00:00:00,DE00,onwind,179.41000000
2030-08-20 00:00:00,DE00,onwind,66.67000000
2030-08-21 00:00:00,DE00,onwind,47.75000000
2030-08-22 00:00:00,DE00,onwind,68.95000000
2030-08-23 00:00:00,DE00,onwind,51.93000000
2030-08-24 00:00:00,DE00,onwind,86.91000000
2030-08-25 00:00:00,DE00,onwind,227.52000000
2030-08-26 00:00:00,DE00,onwind,249.88000000
2030-08-27 00:00:00,DE00,onwind,149.11000000
2030-08-28 00:00:00,DE00,onwind,166.53000000
2030-08-29 00:00:00,DE00,onwind,68.14000000
2030-08-30 00:00:00,DE00,onwind,144.34000000
2030-08-31 00:00:00,DE00,onwind,382.95000000
2030-09-01 00:00:00,DE00,onwind,268.41000000
2030-09-02 00:00:00,DE00,onwind,60.51000000
2030-09-03 00:00:00,DE00,onwind,142.38000000
2030-09-04 00:00:00,DE00,onwind,208.75000000
2030-09-05 00:00:00,DE00,onwind,302.79000000
2030-09-06 00:00:00,DE00,onwind,196.67000000
2030-09-07 00:00:00,DE00,onwind,402.35000000
2030-09-08 00:00:00,DE00,onwind,256.95000000
2030-09-09 00:00:00,DE00,onwind,82.60000000
2030-09-10 00:00:00,DE00,onwind,26.77000000
2030-09-11 00:00:00,DE00,onwind,74.48000000
2030-09-12 00:00:00,DE00,onwind,99.76000000
2030-09-13 00:00:00,DE00,onwind,366.51000000
2030-09-14 00:00:00,DE00,onwind,79.78000000
2030-09-15 00:00:00,DE00,onwind,255.90000000
2030-09-16 00:00:00,DE00,onwind,213.94000000
2030-09-17 00:00:00,DE00,onwind,213.94000000
2030-09-18 00:00:00,DE00,onwind,756.81000000
2030-09-19 00:00:00,DE00,onwind,856.49000000
2030-09-20 00:00:00,DE00,onwind,668.65000000
2030-09-21 00:00:00,DE00,onwind,635.96000000
2030-09-22 00:00:00,DE00,onwind,530.40000000
2030-09-23 00:00:00,DE00,onwind,528.68000000
2030-09-24 00:00:00,DE00,onwind,226.09000000
2030-09-25 00:00:00,DE00,onwind,434.14000000
2030-09-26 00:00:00,DE00,onwind,70.27000000
2030-09-27 00:00:00,DE00,onwind,149.26000000
2030-09-28 00:00:00,DE00,onwind,320.54000000
2030-09-29 00:00:00,DE00,onwind,574.68000000
2030-09-30 00:00:00,DE00,onwind,379.70000000
2030-10-01 00:00:00,DE00,onwind,947.22000000
2030-10-02 00:00:00,DE00,onwind,757.05000000
2030-10-03 00:00:00,DE00,onwind,520.46000000
2030-10-04 00:00:00,DE00,onwind,322.30000000
2030-10-05 00:00:00,DE00,onwind,853.85000000
2030-10-06 00:00:00,DE00,onwind,746.42000000
2030-10-07 00:00:00,DE00,onwind,469.34000000
2030-10-08 00:00:00,DE00,onwind,600.81000000
2030-10-09 00:00:00,DE00,onwind,345.91000000
2030-10-10 00:00:00,DE00,onwind,558.46000000
2030-10-11 00:00:00,DE00,onwind,227.85000000
2030-10-12 00:00:00,DE00,onwind,103.17000000
2030-10-13 00:00:00,DE00,onwind,247.60000000
2030-10-14 00:00:00,DE00,onwind,222.19000000
2030-10-15 00:00:00,DE00,onwind,446.14000000
2030-10-16 00:00:00,DE00,onwind,511.85000000
2030-10-17 00:00:00,DE00,onwind,469.85000000
2030-10-18 00:00:00,DE00,onwind,229.95000000
2030-10-19 00:00:00,DE00,onwind,262.36000000
2030-10-20 00:00:00,DE00,onwind,745.14000000
2030-10-21 00:00:00,DE00,onwind,413.87000000
2030-10-22 00:00:00,DE00,onwind,360.19000000
2030-10-23 00:00:00,DE00,onwind,448.82000000
2030-10-24 00:00:00,DE00,onwind,1049.78000000
2030-10-25 00:00:00,DE00,onwind,597.92000000
2030-10-26 00:00:00,DE00,onwind,327.93000000
2030-10-27 00:00:00,DE00,onwind,449.47000000
2030-10-28 00:00:00,DE00,onwind,605.29000000
2030-10-29 00:00:00,DE00,onwind,246.89000000
2030-10-30 00:00:00,DE00,onwind,231.48000000
2030-10-31 00:00:00,DE00,onwind,234.96000000
2030-11-01 00:00:00,DE00,onwind,675.99000000
2030-11-02 00:00:00,DE00,onwind,802.15000000
2030-11-03 00:00:00,DE00,onwind,701.36000000
2030-11-04 00:00:00,DE00,onwind,377.71000000
2030-11-05 00:00:00,DE00,onwind,380.79000000
2030-11-06 00:00:00,DE00,onwind,729.65000000
2030-11-07 00:00:00,DE00,onwind,848.27000000
2030-11-08 00:00:00,DE00,onwind,764.07000000
2030-11-09 00:00:00,DE00,onwind,795.12000000
2030-11-10 00:00:00,DE00,onwind,659.74000000
2030-11-11 00:00:00,DE00,onwind,525.69000000
2030-11-12 00:00:00,DE00,onwind,137.91000000
2030-11-13 00:00:00,DE00,onwind,339.64000000
2030-11-14 00:00:00,DE00,onwind,511.35000000
2030-11-15 00:00:00,DE00,onwind,415.87000000
2030-11-16 00:00:00,DE00,onwind,626.90000000
2030-11-17 00:00:00,DE00,onwind,988.28000000
2030-11-18 00:00:00,DE00,onwind,472.33000000
2030-11-19 00:00:00,DE00,onwind,209.23000000
2030-11-20 00:00:00,DE00,onwind,208.27000000
2030-11-21 00:00:00,DE00,onwind,309.44000000
2030-11-22 00:00:00,DE00,onwind,529.87000000
2030-11-23 00:00:00,DE00,onwind,502.89000000
2030-11-24 00:00:00,DE00,onwind,388.87000000
2030-11-25 00:00:00,DE00,onwind,340.36000000
2030-11-26 00:00:00,DE00,onwind,222.30000000
2030-11-27 00:00:00,DE00,onwind,449.74000000
2030-11-28 00:00:00,DE00,onwind,433.98000000
2030-11-29 00:00:00,DE00,onwind,107.84000000
2030-11-30 00:00:00,DE00,onwind,89.87000000
2030-12-01 00:00:00,DE00,onwind,127.99000000
2030-12-02 00:00:00,DE00,onwind,376.06000000
2030-12-03 00:00:00,DE00,onwind,306.22000000
2030-12-04 00:00:00,DE00,onwind,354.95000000
2030-12-05 00:00:00,DE00,onwind,248.72000000
2030-12-06 00:00:00,DE00,onwind,197.32000000
2030-12-07 00:00:00,DE00,onwind,580.95000000
2030-12-08 00:00:00,DE00,onwind,312.15000000
2030-12-09 00:00:00,DE00,onwind,107.63000000
2030-12-10 00:00:00,DE00,onwind,69.52000000
2030-12-11 00:00:00,DE00,onwind,64.24000000
2030-12-12 00:00:00,DE00,onwind,141.20000000
2030-12-13 00:00:00,DE00,onwind,288.38000000
2030-12-14 00:00:00,DE00,onwind,308.76000000
2030-12-15 00:00:00,DE00,onwind,316.77000000
2030-12-16 00:00:00,DE00,onwind,140.91000000
2030-12-17 00:00:00,DE00,onwind,150.16000000
2030-12-18 00:00:00,DE00,onwind,631.83000000
2030-12-19 00:00:00,DE00,onwind,1090.01000000
2030-12-20 00:00:00,DE00,onwind,1121.62000000
2030-12-21 00:00:00,DE00,onwind,706.24000000
2030-12-22 00:00:00,DE00,onwind,820.43000000
2030-12-23 00:00:00,DE00,onwind,554.85000000
2030-12-24 00:00:00,DE00,onwind,746.21000000
2030-12-25 00:00:00,DE00,onwind,573.40000000
2030-12-26 00:00:00,DE00,onwind,1116.37000000
2030-12-27 00:00:00,DE00,onwind,1094.64000000
2030-12-28 00:00:00,DE00,onwind,1275.89000000
2030-12-29 00:00:00,DE00,onwind,1342.82000000
2030-12-30 00:00:00,DE00,onwind,1141.97000000
2030-12-31 00:00:00,DE00,onwind,1080.94000000
2030-01-01 00:00:00,DE00,offwind,284.64000000
2030-01-02 00:00:00,DE00,offwind,225.87000000
2030-01-03 00:00:00,DE00,offwind,269.28000000
2030-01-04 00:00:00,DE00,offwind,325.34000000
2030-01-05 00:00:00,DE00,offwind,163.77000000
2030-01-06 00:00:00,DE00,offwind,353.36000000
2030-01-07 00:00:00,DE00,offwind,366.32000000
2030-01-08 00:00:00,DE00,offwind,386.21000000
2030-01-09 00:00:00,DE00,offwind,250.27000000
2030-01-10 00:00:00,DE00,offwind,246.54000000
2030-01-11 00:00:00,DE00,offwind,308.43000000
2030-01-12 00:00:00,DE00,offwind,302.61000000
2030-01-13 00:00:00,DE00,offwind,271.92000000
2030-01-14 00:00:00,DE00,offwind,367.37000000
2030-01-15 00:00:00,DE00,offwind,290.57000000
2030-01-16 00:00:00,DE00,offwind,212.03000000
2030-01-17 00:00:00,DE00,offwind,316.93000000
2030-01-18 00:00:00,DE00,offwind,299.09000000
2030-01-19 00:00:00,DE00,offwind,270.40000000
2030-01-20 00:00:00,DE00,offwind,61.93000000
2030-01-21 00:00:00,DE00,offwind,88.18000000
2030-01-22 00:00:00,DE00,offwind,120.13000000
2030-01-23 00:00:00,DE00,offwind,24.10000000
2030-01-24 00:00:00,DE00,offwind,17.47000000
2030-01-25 00:00:00,DE00,offwind,177.12000000
2030-01-26 00:00:00,DE00,offwind,250.47000000
2030-01-27 00:00:00,DE00,offwind,111.89000000
2030-01-28 00:00:00,DE00,offwind,108.35000000
2030-01-29 00:00:00,DE00,offwind,266.04000000
2030-01-30 00:00:00,DE00,offwind,233.19000000
2030-01-31 00:00:00,DE00,offwind,208.95000000
2030-02-01 00:00:00,DE00,offwind,309.46000000
2030-02-02 00:00:00,DE00,offwind,303.61000000
2030-02-03 00:00:00,DE00,offwind,254.47000000
2030-02-04 00:00:00,DE00,offwind,136.09000000
2030-02-05 00:00:00,DE00,offwind,378.77000000
2030-02-06 00:00:00,DE00,offwind,45.21000000
2030-02-07 00:00:00,DE00,offwind,136.92000000
2030-02-08 00:00:00,DE00,offwind,232.70000000
2030-02-09 00:00:00,DE00,offwind,401.69000000
2030-02-10 00:00:00,DE00,offwind,337.30000000
2030-02-11 00:00:00,DE00,offwind,312.58000000
2030-02-12 00:00:00,DE00,offwind,119.58000000
2030-02-13 00:00:00,DE00,offwind,95.47000000
2030-02-14 00:00:00,DE00,offwind,73.84000000
2030-02-15 00:00:00,DE00,offwind,142.49000000
2030-02-16 00:00:00,DE00,offwind,264.11000000
2030-02-17 00:00:00,DE00,offwind,273.56000000
2030-02-18 00:00:00,DE00,offwind,236.72000000
2030-02-19 00:00:00,DE00,offwind,209.52000000
2030-02-20 00:00:00,DE00,offwind,331.66000000
2030-02-21 00:00:00,DE00,offwind,210.52000000
2030-02-22 00:00:00,DE00,offwind,109.77000000
2030-02-23 00:00:00,DE00,offwind,258.84000000
2030-02-24 00:00:00,DE00,offwind,386.09000000
2030-02-25 00:00:00,DE00,offwind,373.95000000
2030-02-26 00:00:00,DE00,offwind,285.33000000
2030-02-27 00:00:00,DE00,offwind,45.95000000
2030-02-28 00:00:00,DE00,offwind,31.66000000
2030-03-01 00:00:00,DE00,offwind,18.41000000
2030-03-02 00:00:00,DE00,offwind,47.88000000
2030-03-03 00:00:00,DE00,offwind,174.76000000
2030-03-04 00:00:00,DE00,offwind,230.39000000
2030-03-05 00:00:00,DE00,offwind,191.11000000
2030-03-06 00:00:00,DE00,offwind,168.33000000
2030-03-07 00:00:00,DE00,offwind,215.08000000
2030-03-08 00:00:00,DE00,offwind,58.50000000
2030-03-09 00:00:00,DE00,offwind,39.02000000
2030-03-10 00:00:00,DE00,offwind,291.42000000
2030-03-11 00:00:00,DE00,offwind,205.89000000
2030-03-12 00:00:00,DE00,offwind,227.06000000
2030-03-13 00:00:00,DE00,offwind,274.76000000
2030-03-14 00:00:00,DE00,offwind,224.28000000
2030-03-15 00:00:00,DE00,offwind,279.05000000
2030-03-16 00:00:00,DE00,offwind,304.16000000
2030-03-17 00:00:00,DE00,offwind,223.44000000
2030-03-18 00:00:00,DE00,offwind,61.87000000
2030-03-19 00:00:00,DE00,offwind,126.77000000
2030-03-20 00:00:00,DE00,offwind,135.72000000
2030-03-21 00:00:00,DE00,offwind,251.47000000
2030-03-22 00:00:00,DE00,offwind,298.33000000
2030-03-23 00:00:00,DE00,offwind,266.81000000
2030-03-24 00:00:00,DE00,offwind,251.45000000
2030-03-25 00:00:00,DE00,offwind,295.29000000
2030-03-26 00:00:00,DE00,offwind,258.34000000
2030-03-27 00:00:00,DE00,offwind,281.36000000
2030-03-28 00:00:00,DE00,offwind,209.40000000
2030-03-29 00:00:00,DE00,offwind,211.64000000
2030-03-30 00:00:00,DE00,offwind,334.99000000
2030-03-31 00:00:00,DE00,offwind,142.63000000
2030-04-01 00:00:00,DE00,offwind,357.22000000
2030-04-02 00:00:00,DE00,offwind,270.73000000
2030-04-03 00:00:00,DE00,offwind,64.39000000
2030-04-04 00:00:00,DE00,offwind,20.29000000
2030-04-05 00:00:00,DE00,offwind,25.89000000
2030-04-06 00:00:00,DE00,offwind,187.66000000
2030-04-07 00:00:00,DE00,offwind,261.78000000
2030-04-08 00:00:00,DE00,offwind,69.97000000
2030-04-09 00:00:00,DE00,offwind,71.53000000
2030-04-10 00:00:00,DE00,offwind,348.73000000
2030-04-11 00:00:00,DE00,offwind,279.59000000
2030-04-12 00:00:00,DE00,offwind,157.44000000
2030-04-13 00:00:00,DE00,offwind,285.87000000
2030-04-14 00:00:00,DE00,offwind,144.23000000
2030-04-15 00:00:00,DE00,offwind,245.13000000
2030-04-16 00:00:00,DE00,offwind,60.74000000
2030-04-17 00:00:00,DE00,offwind,65.83000000
2030-04-18 00:00:00,DE00,offwind,169.66000000
2030-04-19 00:00:00,DE00,offwind,160.90000000
2030-04-20 00:00:00,DE00,offwind,227.16000000
2030-04-21 00:00:00,DE00,offwind,197.34000000
2030-04-22 00:00:00,DE00,offwind,154.09000000
2030-04-23 00:00:00,DE00,offwind,113.27000000
2030-04-24 00:00:00,DE00,offwind,180.34000000
2030-04-25 00:00:00,DE00,offwind,216.83000000
2030-04-26 00:00:00,DE00,offwind,217.28000000
2030-04-27 00:00:00,DE00,offwind,118.10000000
2030-04-28 00:00:00,DE00,offwind,173.44000000
2030-04-29 00:00:00,DE00,offwind,98.11000000
2030-04-30 00:00:00,DE00,offwind,43.99000000
2030-05-01 00:00:00,DE00,offwind,92.22000000
2030-05-02 00:00:00,DE00,offwind,177.22000000
2030-05-03 00:00:00,DE00,offwind,33.10000000
2030-05-04 00:00:00,DE00,offwind,138.90000000
2030-05-05 00:00:00,DE00,offwind,229.33000000
2030-05-06 00:00:00,DE00,offwind,226.92000000
2030-05-07 00:00:00,DE00,offwind,293.48000000
2030-05-08 00:00:00,DE00,offwind,151.73000000
2030-05-09 00:00:00,DE00,offwind,106.67000000
2030-05-10 00:00:00,DE00,offwind,90.16000000
2030-05-11 00:00:00,DE00,offwind,83.81000000
2030-05-12 00:00:00,DE00,offwind,144.87000000
2030-05-13 00:00:00,DE00,offwind,105.07000000
2030-05-14 00:00:00,DE00,offwind,43.77000000
2030-05-15 00:00:00,DE00,offwind,133.85000000
2030-05-16 00:00:00,DE00,offwind,253.14000000
2030-05-17 00:00:00,DE00,offwind,201.01000000
2030-05-18 00:00:00,DE00,offwind,15.68000000
2030-05-19 00:00:00,DE00,offwind,82.58000000
2030-05-20 00:00:00,DE00,offwind,194.74000000
2030-05-21 00:00:00,DE00,offwind,180.71000000
2030-05-22 00:00:00,DE00,offwind,185.29000000
2030-05-23 00:00:00,DE00,offwind,259.55000000
2030-05-24 00:00:00,DE00,offwind,169.84000000
2030-05-25 00:00:00,DE00,offwind,193.28000000
2030-05-26 00:00:00,DE00,offwind,151.63000000
2030-05-27 00:00:00,DE00,offwind,18.20000000
2030-05-28 00:00:00,DE00,offwind,65.60000000
2030-05-29 00:00:00,DE00,offwind,183.44000000
2030-05-30 00:00:00,DE00,offwind,101.95000000
2030-05-31 00:00:00,DE00,offwind,152.00000000
2030-06-01 00:00:00,DE00,offwind,243.67000000
2030-06-02 00:00:00,DE00,offwind,155.53000000
2030-06-03 00:00:00,DE00,offwind,25.16000000
2030-06-04 00:00:00,DE00,offwind,33.70000000
2030-06-05 00:00:00,DE00,offwind,13.71000000
2030-06-06 00:00:00,DE00,offwind,75.75000000
2030-06-07 00:00:00,DE00,offwind,85.99000000
2030-06-08 00:00:00,DE00,offwind,135.22000000
2030-06-09 00:00:00,DE00,offwind,166.54000000
2030-06-10 00:00:00,DE00,offwind,262.92000000
2030-06-11 00:00:00,DE00,offwind,312.58000000
2030-06-12 00:00:00,DE00,offwind,244.31000000
2030-06-13 00:00:00,DE00,offwind,261.08000000
2030-06-14 00:00:00,DE00,offwind,148.18000000
2030-06-15 00:00:00,DE00,offwind,39.32000000
2030-06-16 00:00:00,DE00,offwind,76.85000000
2030-06-17 00:00:00,DE00,offwind,11.64000000
2030-06-18 00:00:00,DE00,offwind,46.40000000
2030-06-19 00:00:00,DE00,offwind,255.98000000
2030-06-20 00:00:00,DE00,offwind,169.30000000
2030-06-21 00:00:00,DE00,offwind,152.79000000
2030-06-22 00:00:00,DE00,offwind,41.82000000
2030-06-23 00:00:00,DE00,offwind,85.77000000
2030-06-24 00:00:00,DE00,offwind,49.29000000
2030-06-25 00:00:00,DE00,offwind,57.05000000
2030-06-26 00:00:00,DE00,offwind,276.16000000
2030-06-27 00:00:00,DE00,offwind,238.35000000
2030-06-28 00:00:00,DE00,offwind,116.74000000
2030-06-29 00:00:00,DE00,offwind,119.90000000
2030-06-30 00:00:00,DE00,offwind,98.93000000
2030-07-01 00:00:00,DE00,offwind,259.40000000
2030-07-02 00:00:00,DE00,offwind,219.59000000
2030-07-03 00:00:00,DE00,offwind,250.65000000
2030-07-04 00:00:00,DE00,offwind,208.16000000
2030-07-05 00:00:00,DE00,offwind,206.11000000
2030-07-06 00:00:00,DE00,offwind,122.29000000
2030-07-07 00:00:00,DE00,offwind,30.27000000
2030-07-08 00:00:00,DE00,offwind,157.57000000
2030-07-09 00:00:00,DE00,offwind,118.68000000
2030-07-10 00:00:00,DE00,offwind,40.91000000
2030-07-11 00:00:00,DE00,offwind,155.43000000
2030-07-12 00:00:00,DE00,offwind,140.82000000
2030-07-13 00:00:00,DE00,offwind,174.23000000
2030-07-14 00:00:00,DE00,offwind,49.47000000
2030-07-15 00:00:00,DE00,offwind,198.20000000
2030-07-16 00:00:00,DE00,offwind,207.31000000
2030-07-17 00:00:00,DE00,offwind,204.01000000
2030-07-18 00:00:00,DE00,offwind,99.28000000
2030-07-19 00:00:00,DE00,offwind,29.59000000
2030-07-20 00:00:00,DE00,offwind,143.79000000
2030-07-21 00:00:00,DE00,offwind,53.24000000
2030-07-22 00:00:00,DE00,offwind,104.25000000
2030-07-23 00:00:00,DE00,offwind,239.39000000
2030-07-24 00:00:00,DE00,offwind,123.51000000
2030-07-25 00:00:00,DE00,offwind,185.88000000
2030-07-26 00:00:00,DE00,offwind,160.38000000
2030-07-27 00:00:00,DE00,offwind,76.93000000
2030-07-28 00:00:00,DE00,offwind,11.03000000
2030-07-29 00:00:00,DE00,offwind,102.05000000
2030-07-30 00:00:00,DE00,offwind,176.86000000
2030-07-31 00:00:00,DE00,offwind,124.04000000
2030-08-01 00:00:00,DE00,offwind,185.88000000
2030-08-02 00:00:00,DE00,offwind,228.76000000
2030-08-03 00:00:00,DE00,offwind,193.73000000
2030-08-04 00:00:00,DE00,offwind,198.86000000
2030-08-05 00:00:00,DE00,offwind,62.23000000
2030-08-06 00:00:00,DE00,offwind,99.22000000
2030-08-07 00:00:00,DE00,offwind,183.14000000
2030-08-08 00:00:00,DE00,offwind,266.40000000
2030-08-09 00:00:00,DE00,offwind,276.45000000
2030-08-10 00:00:00,DE00,offwind,130.84000000
2030-08-11 00:00:00,DE00,offwind,106.46000000
2030-08-12 00:00:00,DE00,offwind,175.18000000
2030-08-13 00:00:00,DE00,offwind,208.14000000
2030-08-14 00:00:00,DE00,offwind,104.05000000
2030-08-15 00:00:00,DE00,offwind,216.83000000
2030-08-16 00:00:00,DE00,offwind,77.30000000
2030-08-17 00:00:00,DE00,offwind,147.64000000
2030-08-18 00:00:00,DE00,offwind,233.52000000
2030-08-19 00:00:00,DE00,offwind,288.89000000
2030-08-20 00:00:00,DE00,offwind,62.29000000
2030-08-21 00:00:00,DE00,offwind,44.45000000
2030-08-22 00:00:00,DE00,offwind,61.67000000
2030-08-23 00:00:00,DE00,offwind,61.31000000
2030-08-24 00:00:00,DE00,offwind,68.60000000
2030-08-25 00:00:00,DE00,offwind,55.56000000
2030-08-26 00:00:00,DE00,offwind,90.06000000
2030-08-27 00:00:00,DE00,offwind,89.64000000
2030-08-28 00:00:00,DE00,offwind,117.36000000
2030-08-29 00:00:00,DE00,offwind,29.41000000
2030-08-30 00:00:00,DE00,offwind,104.27000000
2030-08-31 00:00:00,DE00,offwind,141.05000000
2030-09-01 00:00:00,DE00,offwind,109.74000000
2030-09-02 00:00:00,DE00,offwind,57.54000000
2030-09-03 00:00:00,DE00,offwind,145.40000000
2030-09-04 00:00:00,DE00,offwind,59.87000000
2030-09-05 00:00:00,DE00,offwind,48.59000000
2030-09-06 00:00:00,DE00,offwind,126.51000000
2030-09-07 00:00:00,DE00,offwind,259.96000000
2030-09-08 00:00:00,DE00,offwind,140.96000000
2030-09-09 00:00:00,DE00,offwind,24.83000000
2030-09-10 00:00:00,DE00,offwind,26.13000000
2030-09-11 00:00:00,DE00,offwind,184.27000000
2030-09-12 00:00:00,DE00,offwind,174.76000000
2030-09-13 00:00:00,DE00,offwind,339.18000000
2030-09-14 00:00:00,DE00,offwind,96.17000000
2030-09-15 00:00:00,DE00,offwind,126.62000000
2030-09-16 00:00:00,DE00,offwind,59.89000000
2030-09-17 00:00:00,DE00,offwind,156.65000000
2030-09-18 00:00:00,DE00,offwind,324.99000000
2030-09-19 00:00:00,DE00,offwind,237.84000000
2030-09-20 00:00:00,DE00,offwind,279.32000000
2030-09-21 00:00:00,DE00,offwind,164.11000000
2030-09-22 00:00:00,DE00,offwind,196.75000000
2030-09-23 00:00:00,DE00,offwind,157.54000000
2030-09-24 00:00:00,DE00,offwind,372.00000000
2030-09-25 00:00:00,DE00,offwind,308.52000000
2030-09-26 00:00:00,DE00,offwind,106.69000000
2030-09-27 00:00:00,DE00,offwind,150.30000000
2030-09-28 00:00:00,DE00,offwind,417.32000000
2030-09-29 00:00:00,DE00,offwind,383.54000000
2030-09-30 00:00:00,DE00,offwind,312.96000000
2030-10-01 00:00:00,DE00,offwind,410.51000000
2030-10-02 00:00:00,DE00,offwind,474.90000000
2030-10-03 00:00:00,DE00,offwind,220.58000000
2030-10-04 00:00:00,DE00,offwind,331.92000000
2030-10-05 00:00:00,DE00,offwind,424.22000000
2030-10-06 00:00:00,DE00,offwind,350.08000000
2030-10-07 00:00:00,DE00,offwind,374.97000000
2030-10-08 00:00:00,DE00,offwind,363.84000000
2030-10-09 00:00:00,DE00,offwind,203.47000000
2030-10-10 00:00:00,DE00,offwind,360.74000000
2030-10-11 00:00:00,DE00,offwind,218.68000000
2030-10-12 00:00:00,DE00,offwind,133.00000000
2030-10-13 00:00:00,DE00,offwind,137.39000000
2030-10-14 00:00:00,DE00,offwind,100.46000000
2030-10-15 00:00:00,DE00,offwind,239.03000000
2030-10-16 00:00:00,DE00,offwind,318.84000000
2030-10-17 00:00:00,DE00,offwind,280.65000000
2030-10-18 00:00:00,DE00,offwind,299.40000000
2030-10-19 00:00:00,DE00,offwind,135.59000000
2030-10-20 00:00:00,DE00,offwind,391.30000000
2030-10-21 00:00:00,DE00,offwind,87.19000000
2030-10-22 00:00:00,DE00,offwind,168.81000000
2030-10-23 00:00:00,DE00,offwind,204.79000000
2030-10-24 00:00:00,DE00,offwind,387.44000000
2030-10-25 00:00:00,DE00,offwind,335.96000000
2030-10-26 00:00:00,DE00,offwind,226.41000000
2030-10-27 00:00:00,DE00,offwind,323.02000000
2030-10-28 00:00:00,DE00,offwind,230.97000000
2030-10-29 00:00:00,DE00,offwind,109.30000000
2030-10-30 00:00:00,DE00,offwind,102.06000000
2030-10-31 00:00:00,DE00,offwind,158.22000000
2030-11-01 00:00:00,DE00,offwind,382.16000000
2030-11-02 00:00:00,DE00,offwind,363.88000000
2030-11-03 00:00:00,DE00,offwind,368.22000000
2030-11-04 00:00:00,DE00,offwind,329.68000000
2030-11-05 00:00:00,DE00,offwind,269.36000000
2030-11-06 00:00:00,DE00,offwind,309.61000000
2030-11-07 00:00:00,DE00,offwind,317.94000000
2030-11-08 00:00:00,DE00,offwind,334.70000000
2030-11-09 00:00:00,DE00,offwind,343.22000000
2030-11-10 00:00:00,DE00,offwind,400.66000000
2030-11-11 00:00:00,DE00,offwind,406.49000000
2030-11-12 00:00:00,DE00,offwind,101.31000000
2030-11-13 00:00:00,DE00,offwind,121.18000000
2030-11-14 00:00:00,DE00,offwind,296.70000000
2030-11-15 00:00:00,DE00,offwind,264.99000000
2030-11-16 00:00:00,DE00,offwind,328.91000000
2030-11-17 00:00:00,DE00,offwind,208.15000000
2030-11-18 00:00:00,DE00,offwind,338.89000000
2030-11-19 00:00:00,DE00,offwind,182.91000000
2030-11-20 00:00:00,DE00,offwind,59.91000000
2030-11-21 00:00:00,DE00,offwind,137.47000000
2030-11-22 00:00:00,DE00,offwind,411.68000000
2030-11-23 00:00:00,DE00,offwind,338.19000000
2030-11-24 00:00:00,DE00,offwind,264.92000000
2030-11-25 00:00:00,DE00,offwind,243.01000000
2030-11-26 00:00:00,DE00,offwind,155.75000000
2030-11-27 00:00:00,DE00,offwind,314.56000000
2030-11-28 00:00:00,DE00,offwind,234.10000000
2030-11-29 00:00:00,DE00,offwind,79.30000000
2030-11-30 00:00:00,DE00,offwind,78.37000000
2030-12-01 00:00:00,DE00,offwind,120.69000000
2030-12-02 00:00:00,DE00,offwind,351.42000000
2030-12-03 00:00:00,DE00,offwind,439.06000000
2030-12-04 00:00:00,DE00,offwind,406.06000000
2030-12-05 00:00:00,DE00,offwind,387.74000000
2030-12-06 00:00:00,DE00,offwind,176.93000000
2030-12-07 00:00:00,DE00,offwind,320.89000000
2030-12-08 00:00:00,DE00,offwind,99.14000000
2030-12-09 00:00:00,DE00,offwind,184.57000000
2030-12-10 00:00:00,DE00,offwind,153.36000000
2030-12-11 00:00:00,DE00,offwind,173.70000000
2030-12-12 00:00:00,DE00,offwind,137.63000000
2030-12-13 00:00:00,DE00,offwind,243.04000000
2030-12-14 00:00:00,DE00,offwind,244.37000000
2030-12-15 00:00:00,DE00,offwind,278.20000000
2030-12-16 00:00:00,DE00,offwind,110.05000000
2030-12-17 00:00:00,DE00,offwind,376.70000000
2030-12-18 00:00:00,DE00,offwind,389.49000000
2030-12-19 00:00:00,DE00,offwind,462.70000000
2030-12-20 00:00:00,DE00,offwind,384.77000000
2030-12-21 00:00:00,DE00,offwind,316.12000000
2030-12-22 00:00:00,DE00,offwind,340.60000000
2030-12-23 00:00:00,DE00,offwind,128.37000000
2030-12-24 00:00:00,DE00,offwind,172.92000000
2030-12-25 00:00:00,DE00,offwind,267.33000000
2030-12-26 00:00:00,DE00,offwind,390.68000000
2030-12-27 00:00:00,DE00,offwind,456.98000000
2030-12-28 00:00:00,DE00,offwind,464.43000000
2030-12-29 00:00:00,DE00,offwind,366.55000000
2030-12-30 00:00:00,DE00,offwind,413.12000000
2030-12-31 00:00:00,DE00,offwind,340.38000000
2030-01-01 00:00:00,DE00,solar,158.61000000
2030-01-02 00:00:00,DE00,solar,123.10000000
2030-01-03 00:00:00,DE00,solar,165.05000000
2030-01-04 00:00:00,DE00,solar,48.37000000
2030-01-05 00:00:00,DE00,solar,82.88000000
2030-01-06 00:00:00,DE00,solar,108.54000000
2030-01-07 00:00:00,DE00,solar,169.62000000
2030-01-08 00:00:00,DE00,solar,84.62000000
2030-01-09 00:00:00,DE00,solar,94.71000000
2030-01-10 00:00:00,DE00,solar,106.59000000
2030-01-11 00:00:00,DE00,solar,68.58000000
2030-01-12 00:00:00,DE00,solar,68.61000000
2030-01-13 00:00:00,DE00,solar,131.21000000
2030-01-14 00:00:00,DE00,solar,109.42000000
2030-01-15 00:00:00,DE00,solar,90.12000000
2030-01-16 00:00:00,DE00,solar,186.83000000
2030-01-17 00:00:00,DE00,solar,219.54000000
2030-01-18 00:00:00,DE00,solar,121.96000000
2030-01-19 00:00:00,DE00,solar,131.42000000
2030-01-20 00:00:00,DE00,solar,90.64000000
2030-01-21 00:00:00,DE00,solar,60.90000000
2030-01-22 00:00:00,DE00,solar,28.06000000
2030-01-23 00:00:00,DE00,solar,50.77000000
2030-01-24 00:00:00,DE00,solar,48.48000000
2030-01-25 00:00:00,DE00,solar,28.79000000
2030-01-26 00:00:00,DE00,solar,40.18000000
2030-01-27 00:00:00,DE00,solar,64.77000000
2030-01-28 00:00:00,DE00,solar,90.78000000
2030-01-29 00:00:00,DE00,solar,114.77000000
2030-01-30 00:00:00,DE00,solar,116.11000000
2030-01-31 00:00:00,DE00,solar,98.52000000
2030-02-01 00:00:00,DE00,solar,68.73000000
2030-02-02 00:00:00,DE00,solar,79.66000000
2030-02-03 00:00:00,DE00,solar,57.18000000
2030-02-04 00:00:00,DE00,solar,201.14000000
2030-02-05 00:00:00,DE00,solar,119.12000000
2030-02-06 00:00:00,DE00,solar,130.24000000
2030-02-07 00:00:00,DE00,solar,353.54000000
2030-02-08 00:00:00,DE00,solar,402.19000000
2030-02-09 00:00:00,DE00,solar,367.87000000
2030-02-10 00:00:00,DE00,solar,281.21000000
2030-02-11 00:00:00,DE00,solar,135.56000000
2030-02-12 00:00:00,DE00,solar,145.98000000
2030-02-13 00:00:00,DE00,solar,208.65000000
2030-02-14 00:00:00,DE00,solar,237.63000000
2030-02-15 00:00:00,DE00,solar,285.70000000
2030-02-16 00:00:00,DE00,solar,281.11000000
2030-02-17 00:00:00,DE00,solar,95.17000000
2030-02-18 00:00:00,DE00,solar,116.26000000
2030-02-19 00:00:00,DE00,solar,190.27000000
2030-02-20 00:00:00,DE00,solar,290.40000000
2030-02-21 00:00:00,DE00,solar,281.58000000
2030-02-22 00:00:00,DE00,solar,307.25000000
2030-02-23 00:00:00,DE00,solar,141.22000000
2030-02-24 00:00:00,DE00,solar,129.74000000
2030-02-25 00:00:00,DE00,solar,203.16000000
2030-02-26 00:00:00,DE00,solar,260.27000000
2030-02-27 00:00:00,DE00,solar,326.94000000
2030-02-28 00:00:00,DE00,solar,462.32000000
2030-03-01 00:00:00,DE00,solar,615.92000000
2030-03-02 00:00:00,DE00,solar,540.68000000
2030-03-03 00:00:00,DE00,solar,384.10000000
2030-03-04 00:00:00,DE00,solar,256.86000000
2030-03-05 00:00:00,DE00,solar,205.86000000
2030-03-06 00:00:00,DE00,solar,231.86000000
2030-03-07 00:00:00,DE00,solar,296.49000000
2030-03-08 00:00:00,DE00,solar,148.74000000
2030-03-09 00:00:00,DE00,solar,238.98000000
2030-03-10 00:00:00,DE00,solar,249.71000000
2030-03-11 00:00:00,DE00,solar,387.31000000
2030-03-12 00:00:00,DE00,solar,270.21000000
2030-03-13 00:00:00,DE00,solar,333.84000000
2030-03-14 00:00:00,DE00,solar,272.22000000
2030-03-15 00:00:00,DE00,solar,481.10000000
2030-03-16 00:00:00,DE00,solar,682.05000000
2030-03-17 00:00:00,DE00,solar,584.29000000
2030-03-18 00:00:00,DE00,solar,611.67000000
2030-03-19 00:00:00,DE00,solar,418.65000000
2030-03-20 00:00:00,DE00,solar,280.58000000
2030-03-21 00:00:00,DE00,solar,406.48000000
2030-03-22 00:00:00,DE00,solar,578.55000000
2030-03-23 00:00:00,DE00,solar,301.59000000
2030-03-24 00:00:00,DE00,solar,317.98000000
2030-03-25 00:00:00,DE00,solar,459.97000000
2030-03-26 00:00:00,DE00,solar,344.85000000
2030-03-27 00:00:00,DE00,solar,587.73000000
2030-03-28 00:00:00,DE00,solar,671.02000000
2030-03-29 00:00:00,DE00,solar,390.36000000
2030-03-30 00:00:00,DE00,solar,337.34000000
2030-03-31 00:00:00,DE00,solar,348.00000000
2030-04-01 00:00:00,DE00,solar,251.66000000
2030-04-02 00:00:00,DE00,solar,366.63000000
2030-04-03 00:00:00,DE00,solar,669.71000000
2030-04-04 00:00:00,DE00,solar,813.27000000
2030-04-05 00:00:00,DE00,solar,819.67000000
2030-04-06 00:00:00,DE00,solar,841.82000000
2030-04-07 00:00:00,DE00,solar,551.34000000
2030-04-08 00:00:00,DE00,solar,282.58000000
2030-04-09 00:00:00,DE00,solar,681.83000000
2030-04-10 00:00:00,DE00,solar,805.58000000
2030-04-11 00:00:00,DE00,solar,541.63000000
2030-04-12 00:00:00,DE00,solar,399.20000000
2030-04-13 00:00:00,DE00,solar,495.14000000
2030-04-14 00:00:00,DE00,solar,532.45000000
2030-04-15 00:00:00,DE00,solar,276.45000000
2030-04-16 00:00:00,DE00,solar,278.28000000
2030-04-17 00:00:00,DE00,solar,516.38000000
2030-04-18 00:00:00,DE00,solar,450.76000000
2030-04-19 00:00:00,DE00,solar,632.70000000
2030-04-20 00:00:00,DE00,solar,426.15000000
2030-04-21 00:00:00,DE00,solar,861.70000000
2030-04-22 00:00:00,DE00,solar,819.91000000
2030-04-23 00:00:00,DE00,solar,619.93000000
2030-04-24 00:00:00,DE00,solar,473.85000000
2030-04-25 00:00:00,DE00,solar,492.43000000
2030-04-26 00:00:00,DE00,solar,699.43000000
2030-04-27 00:00:00,DE00,solar,809.53000000
2030-04-28 00:00:00,DE00,solar,372.58000000
2030-04-29 00:00:00,DE00,solar,499.79000000
2030-04-30 00:00:00,DE00,solar,915.94000000
2030-05-01 00:00:00,DE00,solar,551.71000000
2030-05-02 00:00:00,DE00,solar,462.02000000
2030-05-03 00:00:00,DE00,solar,765.68000000
2030-05-04 00:00:00,DE00,solar,789.05000000
2030-05-05 00:00:00,DE00,solar,581.85000000
2030-05-06 00:00:00,DE00,solar,518.15000000
2030-05-07 00:00:00,DE00,solar,560.66000000
2030-05-08 00:00:00,DE00,solar,581.99000000
2030-05-09 00:00:00,DE00,solar,668.38000000
2030-05-10 00:00:00,DE00,solar,412.46000000
2030-05-11 00:00:00,DE00,solar,348.93000000
2030-05-12 00:00:00,DE00,solar,507.34000000
2030-05-13 00:00:00,DE00,solar,585.61000000
2030-05-14 00:00:00,DE00,solar,573.22000000
2030-05-15 00:00:00,DE00,solar,583.43000000
2030-05-16 00:00:00,DE00,solar,418.50000000
2030-05-17 00:00:00,DE00,solar,638.31000000
2030-05-18 00:00:00,DE00,solar,746.34000000
2030-05-19 00:00:00,DE00,solar,644.25000000
2030-05-20 00:00:00,DE00,solar,601.78000000
2030-05-21 00:00:00,DE00,solar,681.87000000
2030-05-22 00:00:00,DE00,solar,713.07000000
2030-05-23 00:00:00,DE00,solar,405.19000000
2030-05-24 00:00:00,DE00,solar,512.63000000
2030-05-25 00:00:00,DE00,solar,752.24000000
2030-05-26 00:00:00,DE00,solar,840.11000000
2030-05-27 00:00:00,DE00,solar,884.26000000
2030-05-28 00:00:00,DE00,solar,843.01000000
2030-05-29 00:00:00,DE00,solar,836.69000000
2030-05-30 00:00:00,DE00,solar,802.81000000
2030-05-31 00:00:00,DE00,solar,896.27000000
2030-06-01 00:00:00,DE00,solar,735.48000000
2030-06-02 00:00:00,DE00,solar,739.59000000
2030-06-03 00:00:00,DE00,solar,847.63000000
2030-06-04 00:00:00,DE00,solar,826.66000000
2030-06-05 00:00:00,DE00,solar,755.60000000
2030-06-06 00:00:00,DE00,solar,615.02000000
2030-06-07 00:00:00,DE00,solar,653.51000000
2030-06-08 00:00:00,DE00,solar,666.50000000
2030-06-09 00:00:00,DE00,solar,775.20000000
2030-06-10 00:00:00,DE00,solar,748.52000000
2030-06-11 00:00:00,DE00,solar,804.04000000
2030-06-12 00:00:00,DE00,solar,825.75000000
2030-06-13 00:00:00,DE00,solar,837.38000000
2030-06-14 00:00:00,DE00,solar,747.00000000
2030-06-15 00:00:00,DE00,solar,689.76000000
2030-06-16 00:00:00,DE00,solar,595.23000000
2030-06-17 00:00:00,DE00,solar,723.59000000
2030-06-18 00:00:00,DE00,solar,738.85000000
2030-06-19 00:00:00,DE00,solar,571.96000000
2030-06-20 00:00:00,DE00,solar,638.90000000
2030-06-21 00:00:00,DE00,solar,622.67000000
2030-06-22 00:00:00,DE00,solar,611.01000000
2030-06-23 00:00:00,DE00,solar,382.86000000
2030-06-24 00:00:00,DE00,solar,770.35000000
2030-06-25 00:00:00,DE00,solar,781.64000000
2030-06-26 00:00:00,DE00,solar,690.01000000
2030-06-27 00:00:00,DE00,solar,593.18000000
2030-06-28 00:00:00,DE00,solar,615.59000000
2030-06-29 00:00:00,DE00,solar,567.54000000
2030-06-30 00:00:00,DE00,solar,408.50000000
2030-07-01 00:00:00,DE00,solar,529.00000000
2030-07-02 00:00:00,DE00,solar,675.88000000
2030-07-03 00:00:00,DE00,solar,631.22000000
2030-07-04 00:00:00,DE00,solar,766.62000000
2030-07-05 00:00:00,DE00,solar,621.40000000
2030-07-06 00:00:00,DE00,solar,826.91000000
2030-07-07 00:00:00,DE00,solar,970.98000000
2030-07-08 00:00:00,DE00,solar,896.37000000
2030-07-09 00:00:00,DE00,solar,857.14000000
2030-07-10 00:00:00,DE00,solar,694.63000000
2030-07-11 00:00:00,DE00,solar,876.07000000
2030-07-12 00:00:00,DE00,solar,670.11000000
2030-07-13 00:00:00,DE00,solar,706.62000000
2030-07-14 00:00:00,DE00,solar,787.48000000
2030-07-15 00:00:00,DE00,solar,722.29000000
2030-07-16 00:00:00,DE00,solar,726.95000000
2030-07-17 00:00:00,DE00,solar,740.65000000
2030-07-18 00:00:00,DE00,solar,795.10000000
2030-07-19 00:00:00,DE00,solar,653.13000000
2030-07-20 00:00:00,DE00,solar,716.21000000
2030-07-21 00:00:00,DE00,solar,521.15000000
2030-07-22 00:00:00,DE00,solar,679.97000000
2030-07-23 00:00:00,DE00,solar,534.08000000
2030-07-24 00:00:00,DE00,solar,482.75000000
2030-07-25 00:00:00,DE00,solar,475.92000000
2030-07-26 00:00:00,DE00,solar,597.38000000
2030-07-27 00:00:00,DE00,solar,333.95000000
2030-07-28 00:00:00,DE00,solar,468.12000000
2030-07-29 00:00:00,DE00,solar,527.46000000
2030-07-30 00:00:00,DE00,solar,590.51000000
2030-07-31 00:00:00,DE00,solar,423.19000000
2030-08-01 00:00:00,DE00,solar,501.28000000
2030-08-02 00:00:00,DE00,solar,414.36000000
2030-08-03 00:00:00,DE00,solar,604.10000000
2030-08-04 00:00:00,DE00,solar,558.68000000
2030-08-05 00:00:00,DE00,solar,571.85000000
2030-08-06 00:00:00,DE00,solar,422.70000000
2030-08-07 00:00:00,DE00,solar,480.90000000
2030-08-08 00:00:00,DE00,solar,647.46000000
2030-08-09 00:00:00,DE00,solar,576.95000000
2030-08-10 00:00:00,DE00,solar,879.97000000
2030-08-11 00:00:00,DE00,solar,909.67000000
2030-08-12 00:00:00,DE00,solar,543.45000000
2030-08-13 00:00:00,DE00,solar,684.38000000
2030-08-14 00:00:00,DE00,solar,764.69000000
2030-08-15 00:00:00,DE00,solar,667.79000000
2030-08-16 00:00:00,DE00,solar,705.94000000
2030-08-17 00:00:00,DE00,solar,575.02000000
2030-08-18 00:00:00,DE00,solar,835.66000000
2030-08-19 00:00:00,DE00,solar,724.73000000
2030-08-20 00:00:00,DE00,solar,819.98000000
2030-08-21 00:00:00,DE00,solar,814.66000000
2030-08-22 00:00:00,DE00,solar,764.06000000
2030-08-23 00:00:00,DE00,solar,823.97000000
2030-08-24 00:00:00,DE00,solar,711.55000000
2030-08-25 00:00:00,DE00,solar,445.18000000
2030-08-26 00:00:00,DE00,solar,590.21000000
2030-08-27 00:00:00,DE00,solar,350.63000000
2030-08-28 00:00:00,DE00,solar,364.36000000
2030-08-29 00:00:00,DE00,solar,323.56000000
2030-08-30 00:00:00,DE00,solar,505.74000000
2030-08-31 00:00:00,DE00,solar,571.09000000
2030-09-01 00:00:00,DE00,solar,373.26000000
2030-09-02 00:00:00,DE00,solar,533.48000000
2030-09-03 00:00:00,DE00,solar,487.21000000
2030-09-04 00:00:00,DE00,solar,641.83000000
2030-09-05 00:00:00,DE00,solar,625.82000000
2030-09-06 00:00:00,DE00,solar,633.33000000
2030-09-07 00:00:00,DE00,solar,649.59000000
2030-09-08 00:00:00,DE00,solar,631.65000000
2030-09-09 00:00:00,DE00,solar,613.14000000
2030-09-10 00:00:00,DE00,solar,582.05000000
2030-09-11 00:00:00,DE00,solar,586.32000000
2030-09-12 00:00:00,DE00,solar,472.77000000
2030-09-13 00:00:00,DE00,solar,264.72000000
2030-09-14 00:00:00,DE00,solar,487.39000000
2030-09-15 00:00:00,DE00,solar,583.83000000
2030-09-16 00:00:00,DE00,solar,558.78000000
2030-09-17 00:00:00,DE00,solar,488.62000000
2030-09-18 00:00:00,DE00,solar,266.13000000
2030-09-19 00:00:00,DE00,solar,415.81000000
2030-09-20 00:00:00,DE00,solar,497.69000000
2030-09-21 00:00:00,DE00,solar,413.93000000
2030-09-22 00:00:00,DE00,solar,219.97000000
2030-09-23 00:00:00,DE00,solar,359.98000000
2030-09-24 00:00:00,DE00,solar,495.68000000
2030-09-25 00:00:00,DE00,solar,541.20000000
2030-09-26 00:00:00,DE00,solar,519.07000000
2030-09-27 00:00:00,DE00,solar,482.61000000
2030-09-28 00:00:00,DE00,solar,466.44000000
2030-09-29 00:00:00,DE00,solar,324.93000000
2030-09-30 00:00:00,DE00,solar,397.06000000
2030-10-01 00:00:00,DE00,solar,148.49000000
2030-10-02 00:00:00,DE00,solar,229.12000000
2030-10-03 00:00:00,DE00,solar,332.43000000
2030-10-04 00:00:00,DE00,solar,434.10000000
2030-10-05 00:00:00,DE00,solar,414.22000000
2030-10-06 00:00:00,DE00,solar,443.87000000
2030-10-07 00:00:00,DE00,solar,439.48000000
2030-10-08 00:00:00,DE00,solar,286.41000000
2030-10-09 00:00:00,DE00,solar,464.70000000
2030-10-10 00:00:00,DE00,solar,391.95000000
2030-10-11 00:00:00,DE00,solar,340.38000000
2030-10-12 00:00:00,DE00,solar,358.28000000
2030-10-13 00:00:00,DE00,solar,204.10000000
2030-10-14 00:00:00,DE00,solar,188.14000000
2030-10-15 00:00:00,DE00,solar,192.79000000
2030-10-16 00:00:00,DE00,solar,316.96000000
2030-10-17 00:00:00,DE00,solar,352.07000000
2030-10-18 00:00:00,DE00,solar,227.07000000
2030-10-19 00:00:00,DE00,solar,261.02000000
2030-10-20 00:00:00,DE00,solar,280.14000000
2030-10-21 00:00:00,DE00,solar,132.60000000
2030-10-22 00:00:00,DE00,solar,263.49000000
2030-10-23 00:00:00,DE00,solar,254.24000000
2030-10-24 00:00:00,DE00,solar,143.99000000
2030-10-25 00:00:00,DE00,solar,256.02000000
2030-10-26 00:00:00,DE00,solar,254.98000000
2030-10-27 00:00:00,DE00,solar,343.31000000
2030-10-28 00:00:00,DE00,solar,268.80000000
2030-10-29 00:00:00,DE00,solar,231.96000000
2030-10-30 00:00:00,DE00,solar,318.72000000
2030-10-31 00:00:00,DE00,solar,229.96000000
2030-11-01 00:00:00,DE00,solar,198.96000000
2030-11-02 00:00:00,DE00,solar,248.58000000
2030-11-03 00:00:00,DE00,solar,199.62000000
2030-11-04 00:00:00,DE00,solar,107.31000000
2030-11-05 00:00:00,DE00,solar,197.02000000
2030-11-06 00:00:00,DE00,solar,244.15000000
2030-11-07 00:00:00,DE00,solar,177.00000000
2030-11-08 00:00:00,DE00,solar,258.94000000
2030-11-09 00:00:00,DE00,solar,145.71000000
2030-11-10 00:00:00,DE00,solar,236.53000000
2030-11-11 00:00:00,DE00,solar,186.67000000
2030-11-12 00:00:00,DE00,solar,179.80000000
2030-11-13 00:00:00,DE00,solar,239.49000000
2030-11-14 00:00:00,DE00,solar,199.13000000
2030-11-15 00:00:00,DE00,solar,218.09000000
2030-11-16 00:00:00,DE00,solar,93.52000000
2030-11-17 00:00:00,DE00,solar,77.14000000
2030-11-18 00:00:00,DE00,solar,72.60000000
2030-11-19 00:00:00,DE00,solar,111.08000000
2030-11-20 00:00:00,DE00,solar,95.16000000
2030-11-21 00:00:00,DE00,solar,123.45000000
2030-11-22 00:00:00,DE00,solar,79.48000000
2030-11-23 00:00:00,DE00,solar,175.22000000
2030-11-24 00:00:00,DE00,solar,96.50000000
2030-11-25 00:00:00,DE00,solar,110.92000000
2030-11-26 00:00:00,DE00,solar,97.53000000
2030-11-27 00:00:00,DE00,solar,123.16000000
2030-11-28 00:00:00,DE00,solar,54.78000000
2030-11-29 00:00:00,DE00,solar,37.27000000
2030-11-30 00:00:00,DE00,solar,44.30000000
2030-12-01 00:00:00,DE00,solar,66.14000000
2030-12-02 00:00:00,DE00,solar,32.28000000
2030-12-03 00:00:00,DE00,solar,32.25000000
2030-12-04 00:00:00,DE00,solar,42.38000000
2030-12-05 00:00:00,DE00,solar,35.50000000
2030-12-06 00:00:00,DE00,solar,58.38000000
2030-12-07 00:00:00,DE00,solar,116.51000000
2030-12-08 00:00:00,DE00,solar,108.73000000
2030-12-09 00:00:00,DE00,solar,85.19000000
2030-12-10 00:00:00,DE00,solar,59.61000000
2030-12-11 00:00:00,DE00,solar,48.92000000
2030-12-12 00:00:00,DE00,solar,104.92000000
2030-12-13 00:00:00,DE00,solar,141.05000000
2030-12-14 00:00:00,DE00,solar,65.42000000
2030-12-15 00:00:00,DE00,solar,88.04000000
2030-12-16 00:00:00,DE00,solar,70.69000000
2030-12-17 00:00:00,DE00,solar,68.00000000
2030-12-18 00:00:00,DE00,solar,70.20000000
2030-12-19 00:00:00,DE00,solar,27.02000000
2030-12-20 00:00:00,DE00,solar,49.37000000
2030-12-21 00:00:00,DE00,solar,59.11000000
2030-12-22 00:00:00,DE00,solar,78.08000000
2030-12-23 00:00:00,DE00,solar,51.03000000
2030-12-24 00:00:00,DE00,solar,116.07000000
2030-12-25 00:00:00,DE00,solar,153.37000000
2030-12-26 00:00:00,DE00,solar,64.21000000
2030-12-27 00:00:00,DE00,solar,208.57000000
2030-12-28 00:00:00,DE00,solar,129.44000000
2030-12-29 00:00:00,DE00,solar,130.08000000
2030-12-30 00:00:00,DE00,solar,204.61000000
2030-12-31 00:00:00,DE00,solar,141.05000000
2030-01-01 00:00:00,DE00,gas-ccgt,93.60000000
2030-01-02 00:00:00,DE00,gas-ccgt,157.63000000
2030-01-03 00:00:00,DE00,gas-ccgt,254.10000000
2030-01-04 00:00:00,DE00,gas-ccgt,93.60000000
2030-01-05 00:00:00,DE00,gas-ccgt,140.99000000
2030-01-06 00:00:00,DE00,gas-ccgt,103.64000000
2030-01-07 00:00:00,DE00,gas-ccgt,196.71000000
2030-01-08 00:00:00,DE00,gas-ccgt,223.26000000
2030-01-09 00:00:00,DE00,gas-ccgt,259.09000000
2030-01-10 00:00:00,DE00,gas-ccgt,250.06000000
2030-01-11 00:00:00,DE00,gas-ccgt,164.61000000
2030-01-12 00:00:00,DE00,gas-ccgt,93.51000000
2030-01-13 00:00:00,DE00,gas-ccgt,93.57000000
2030-01-14 00:00:00,DE00,gas-ccgt,134.65000000
2030-01-15 00:00:00,DE00,gas-ccgt,152.21000000
2030-01-16 00:00:00,DE00,gas-ccgt,245.45000000
2030-01-17 00:00:00,DE00,gas-ccgt,262.45000000
2030-01-18 00:00:00,DE00,gas-ccgt,322.28000000
2030-01-19 00:00:00,DE00,gas-ccgt,168.89000000
2030-01-20 00:00:00,DE00,gas-ccgt,365.92000000
2030-01-21 00:00:00,DE00,gas-ccgt,411.40000000
2030-01-22 00:00:00,DE00,gas-ccgt,421.27000000
2030-01-23 00:00:00,DE00,gas-ccgt,447.12000000
2030-01-24 00:00:00,DE00,gas-ccgt,447.42000000
2030-01-25 00:00:00,DE00,gas-ccgt,445.47000000
2030-01-26 00:00:00,DE00,gas-ccgt,372.16000000
2030-01-27 00:00:00,DE00,gas-ccgt,339.19000000
2030-01-28 00:00:00,DE00,gas-ccgt,437.79000000
2030-01-29 00:00:00,DE00,gas-ccgt,337.79000000
2030-01-30 00:00:00,DE00,gas-ccgt,195.09000000
2030-01-31 00:00:00,DE00,gas-ccgt,196.53000000
2030-02-01 00:00:00,DE00,gas-ccgt,93.83000000
2030-02-02 00:00:00,DE00,gas-ccgt,119.10000000
2030-02-03 00:00:00,DE00,gas-ccgt,93.64000000
2030-02-04 00:00:00,DE00,gas-ccgt,354.80000000
2030-02-05 00:00:00,DE00,gas-ccgt,314.69000000
2030-02-06 00:00:00,DE00,gas-ccgt,424.13000000
2030-02-07 00:00:00,DE00,gas-ccgt,389.93000000
2030-02-08 00:00:00,DE00,gas-ccgt,300.01000000
2030-02-09 00:00:00,DE00,gas-ccgt,125.70000000
2030-02-10 00:00:00,DE00,gas-ccgt,93.61000000
2030-02-11 00:00:00,DE00,gas-ccgt,230.17000000
2030-02-12 00:00:00,DE00,gas-ccgt,415.97000000
2030-02-13 00:00:00,DE00,gas-ccgt,408.75000000
2030-02-14 00:00:00,DE00,gas-ccgt,406.96000000
2030-02-15 00:00:00,DE00,gas-ccgt,333.81000000
2030-02-16 00:00:00,DE00,gas-ccgt,108.74000000
2030-02-17 00:00:00,DE00,gas-ccgt,93.59000000
2030-02-18 00:00:00,DE00,gas-ccgt,142.61000000
2030-02-19 00:00:00,DE00,gas-ccgt,200.10000000
2030-02-20 00:00:00,DE00,gas-ccgt,93.80000000
2030-02-21 00:00:00,DE00,gas-ccgt,234.98000000
2030-02-22 00:00:00,DE00,gas-ccgt,352.86000000
2030-02-23 00:00:00,DE00,gas-ccgt,241.09000000
2030-02-24 00:00:00,DE00,gas-ccgt,95.37000000
2030-02-25 00:00:00,DE00,gas-ccgt,141.44000000
2030-02-26 00:00:00,DE00,gas-ccgt,201.93000000
2030-02-27 00:00:00,DE00,gas-ccgt,332.04000000
2030-02-28 00:00:00,DE00,gas-ccgt,328.59000000
2030-03-01 00:00:00,DE00,gas-ccgt,291.94000000
2030-03-02 00:00:00,DE00,gas-ccgt,214.08000000
2030-03-03 00:00:00,DE00,gas-ccgt,188.05000000
2030-03-04 00:00:00,DE00,gas-ccgt,236.68000000
2030-03-05 00:00:00,DE00,gas-ccgt,333.61000000
2030-03-06 00:00:00,DE00,gas-ccgt,321.63000000
2030-03-07 00:00:00,DE00,gas-ccgt,184.59000000
2030-03-08 00:00:00,DE00,gas-ccgt,362.59000000
2030-03-09 00:00:00,DE00,gas-ccgt,245.05000000
2030-03-10 00:00:00,DE00,gas-ccgt,61.34000000
2030-03-11 00:00:00,DE00,gas-ccgt,201.00000000
2030-03-12 00:00:00,DE00,gas-ccgt,179.17000000
2030-03-13 00:00:00,DE00,gas-ccgt,68.28000000
2030-03-14 00:00:00,DE00,gas-ccgt,104.24000000
2030-03-15 00:00:00,DE00,gas-ccgt,193.41000000
2030-03-16 00:00:00,DE00,gas-ccgt,69.02000000
2030-03-17 00:00:00,DE00,gas-ccgt,106.35000000
2030-03-18 00:00:00,DE00,gas-ccgt,223.92000000
2030-03-19 00:00:00,DE00,gas-ccgt,285.06000000
2030-03-20 00:00:00,DE00,gas-ccgt,264.46000000
2030-03-21 00:00:00,DE00,gas-ccgt,180.79000000
2030-03-22 00:00:00,DE00,gas-ccgt,59.69000000
2030-03-23 00:00:00,DE00,gas-ccgt,52.56000000
2030-03-24 00:00:00,DE00,gas-ccgt,52.32000000
2030-03-25 00:00:00,DE00,gas-ccgt,61.50000000
2030-03-26 00:00:00,DE00,gas-ccgt,140.93000000
2030-03-27 00:00:00,DE00,gas-ccgt,104.61000000
2030-03-28 00:00:00,DE00,gas-ccgt,157.77000000
2030-03-29 00:00:00,DE00,gas-ccgt,185.12000000
2030-03-30 00:00:00,DE00,gas-ccgt,52.56000000
2030-03-31 00:00:00,DE00,gas-ccgt,66.66000000
2030-04-01 00:00:00,DE00,gas-ccgt,63.60000000
2030-04-02 00:00:00,DE00,gas-ccgt,98.65000000
2030-04-03 00:00:00,DE00,gas-ccgt,198.97000000
2030-04-04 00:00:00,DE00,gas-ccgt,248.31000000
2030-04-05 00:00:00,DE00,gas-ccgt,250.62000000
2030-04-06 00:00:00,DE00,gas-ccgt,133.85000000
2030-04-07 00:00:00,DE00,gas-ccgt,98.96000000
2030-04-08 00:00:00,DE00,gas-ccgt,316.53000000
2030-04-09 00:00:00,DE00,gas-ccgt,241.64000000
2030-04-10 00:00:00,DE00,gas-ccgt,80.73000000
2030-04-11 00:00:00,DE00,gas-ccgt,112.82000000
2030-04-12 00:00:00,DE00,gas-ccgt,113.72000000
2030-04-13 00:00:00,DE00,gas-ccgt,73.38000000
2030-04-14 00:00:00,DE00,gas-ccgt,103.75000000
2030-04-15 00:00:00,DE00,gas-ccgt,176.29000000
2030-04-16 00:00:00,DE00,gas-ccgt,275.14000000
2030-04-17 00:00:00,DE00,gas-ccgt,215.60000000
2030-04-18 00:00:00,DE00,gas-ccgt,103.13000000
2030-04-19 00:00:00,DE00,gas-ccgt,44.37000000
2030-04-20 00:00:00,DE00,gas-ccgt,44.31000000
2030-04-21 00:00:00,DE00,gas-ccgt,43.73000000
2030-04-22 00:00:00,DE00,gas-ccgt,52.33000000
2030-04-23 00:00:00,DE00,gas-ccgt,119.80000000
2030-04-24 00:00:00,DE00,gas-ccgt,72.15000000
2030-04-25 00:00:00,DE00,gas-ccgt,92.32000000
2030-04-26 00:00:00,DE00,gas-ccgt,100.38000000
2030-04-27 00:00:00,DE00,gas-ccgt,113.62000000
2030-04-28 00:00:00,DE00,gas-ccgt,59.31000000
2030-04-29 00:00:00,DE00,gas-ccgt,160.76000000
2030-04-30 00:00:00,DE00,gas-ccgt,168.70000000
2030-05-01 00:00:00,DE00,gas-ccgt,103.80000000
2030-05-02 00:00:00,DE00,gas-ccgt,138.42000000
2030-05-03 00:00:00,DE00,gas-ccgt,162.13000000
2030-05-04 00:00:00,DE00,gas-ccgt,67.43000000
2030-05-05 00:00:00,DE00,gas-ccgt,47.49000000
2030-05-06 00:00:00,DE00,gas-ccgt,141.07000000
2030-05-07 00:00:00,DE00,gas-ccgt,118.69000000
2030-05-08 00:00:00,DE00,gas-ccgt,153.25000000
2030-05-09 00:00:00,DE00,gas-ccgt,129.34000000
2030-05-10 00:00:00,DE00,gas-ccgt,152.32000000
2030-05-11 00:00:00,DE00,gas-ccgt,152.78000000
2030-05-12 00:00:00,DE00,gas-ccgt,55.32000000
2030-05-13 00:00:00,DE00,gas-ccgt,134.08000000
2030-05-14 00:00:00,DE00,gas-ccgt,214.63000000
2030-05-15 00:00:00,DE00,gas-ccgt,189.78000000
2030-05-16 00:00:00,DE00,gas-ccgt,71.62000000
2030-05-17 00:00:00,DE00,gas-ccgt,79.47000000
2030-05-18 00:00:00,DE00,gas-ccgt,127.16000000
2030-05-19 00:00:00,DE00,gas-ccgt,69.58000000
2030-05-20 00:00:00,DE00,gas-ccgt,82.64000000
2030-05-21 00:00:00,DE00,gas-ccgt,124.82000000
2030-05-22 00:00:00,DE00,gas-ccgt,156.33000000
2030-05-23 00:00:00,DE00,gas-ccgt,92.20000000
2030-05-24 00:00:00,DE00,gas-ccgt,138.06000000
2030-05-25 00:00:00,DE00,gas-ccgt,90.05000000
2030-05-26 00:00:00,DE00,gas-ccgt,56.99000000
2030-05-27 00:00:00,DE00,gas-ccgt,158.69000000
2030-05-28 00:00:00,DE00,gas-ccgt,165.40000000
2030-05-29 00:00:00,DE00,gas-ccgt,104.93000000
2030-05-30 00:00:00,DE00,gas-ccgt,66.50000000
2030-05-31 00:00:00,DE00,gas-ccgt,77.52000000
2030-06-01 00:00:00,DE00,gas-ccgt,31.99000000
2030-06-02 00:00:00,DE00,gas-ccgt,39.41000000
2030-06-03 00:00:00,DE00,gas-ccgt,107.84000000
2030-06-04 00:00:00,DE00,gas-ccgt,154.48000000
2030-06-05 00:00:00,DE00,gas-ccgt,171.11000000
2030-06-06 00:00:00,DE00,gas-ccgt,195.66000000
2030-06-07 00:00:00,DE00,gas-ccgt,177.33000000
2030-06-08 00:00:00,DE00,gas-ccgt,99.62000000
2030-06-09 00:00:00,DE00,gas-ccgt,30.87000000
2030-06-10 00:00:00,DE00,gas-ccgt,32.60000000
2030-06-11 00:00:00,DE00,gas-ccgt,65.17000000
2030-06-12 00:00:00,DE00,gas-ccgt,104.63000000
2030-06-13 00:00:00,DE00,gas-ccgt,89.92000000
2030-06-14 00:00:00,DE00,gas-ccgt,101.17000000
2030-06-15 00:00:00,DE00,gas-ccgt,113.25000000
2030-06-16 00:00:00,DE00,gas-ccgt,100.00000000
2030-06-17 00:00:00,DE00,gas-ccgt,189.58000000
2030-06-18 00:00:00,DE00,gas-ccgt,212.33000000
2030-06-19 00:00:00,DE00,gas-ccgt,156.40000000
2030-06-20 00:00:00,DE00,gas-ccgt,181.81000000
2030-06-21 00:00:00,DE00,gas-ccgt,154.32000000
2030-06-22 00:00:00,DE00,gas-ccgt,120.96000000
2030-06-23 00:00:00,DE00,gas-ccgt,61.12000000
2030-06-24 00:00:00,DE00,gas-ccgt,183.49000000
2030-06-25 00:00:00,DE00,gas-ccgt,201.27000000
2030-06-26 00:00:00,DE00,gas-ccgt,106.44000000
2030-06-27 00:00:00,DE00,gas-ccgt,144.07000000
2030-06-28 00:00:00,DE00,gas-ccgt,167.03000000
2030-06-29 00:00:00,DE00,gas-ccgt,124.27000000
2030-06-30 00:00:00,DE00,gas-ccgt,113.70000000
2030-07-01 00:00:00,DE00,gas-ccgt,96.85000000
2030-07-02 00:00:00,DE00,gas-ccgt,93.45000000
2030-07-03 00:00:00,DE00,gas-ccgt,101.72000000
2030-07-04 00:00:00,DE00,gas-ccgt,132.48000000
2030-07-05 00:00:00,DE00,gas-ccgt,86.31000000
2030-07-06 00:00:00,DE00,gas-ccgt,99.72000000
2030-07-07 00:00:00,DE00,gas-ccgt,112.79000000
2030-07-08 00:00:00,DE00,gas-ccgt,146.59000000
2030-07-09 00:00:00,DE00,gas-ccgt,192.83000000
2030-07-10 00:00:00,DE00,gas-ccgt,229.88000000
2030-07-11 00:00:00,DE00,gas-ccgt,206.57000000
2030-07-12 00:00:00,DE00,gas-ccgt,143.06000000
2030-07-13 00:00:00,DE00,gas-ccgt,133.79000000
2030-07-14 00:00:00,DE00,gas-ccgt,137.67000000
2030-07-15 00:00:00,DE00,gas-ccgt,91.60000000
2030-07-16 00:00:00,DE00,gas-ccgt,129.52000000
2030-07-17 00:00:00,DE00,gas-ccgt,158.59000000
2030-07-18 00:00:00,DE00,gas-ccgt,214.08000000
2030-07-19 00:00:00,DE00,gas-ccgt,224.82000000
2030-07-20 00:00:00,DE00,gas-ccgt,153.12000000
2030-07-21 00:00:00,DE00,gas-ccgt,143.69000000
2030-07-22 00:00:00,DE00,gas-ccgt,165.79000000
2030-07-23 00:00:00,DE00,gas-ccgt,125.53000000
2030-07-24 00:00:00,DE00,gas-ccgt,178.67000000
2030-07-25 00:00:00,DE00,gas-ccgt,197.20000000
2030-07-26 00:00:00,DE00,gas-ccgt,144.75000000
2030-07-27 00:00:00,DE00,gas-ccgt,88.50000000
2030-07-28 00:00:00,DE00,gas-ccgt,100.99000000
2030-07-29 00:00:00,DE00,gas-ccgt,178.12000000
2030-07-30 00:00:00,DE00,gas-ccgt,137.50000000
2030-07-31 00:00:00,DE00,gas-ccgt,152.67000000
2030-08-01 00:00:00,DE00,gas-ccgt,79.84000000
2030-08-02 00:00:00,DE00,gas-ccgt,77.15000000
2030-08-03 00:00:00,DE00,gas-ccgt,31.09000000
2030-08-04 00:00:00,DE00,gas-ccgt,72.18000000
2030-08-05 00:00:00,DE00,gas-ccgt,198.36000000
2030-08-06 00:00:00,DE00,gas-ccgt,167.87000000
2030-08-07 00:00:00,DE00,gas-ccgt,39.67000000
2030-08-08 00:00:00,DE00,gas-ccgt,51.64000000
2030-08-09 00:00:00,DE00,gas-ccgt,95.16000000
2030-08-10 00:00:00,DE00,gas-ccgt,123.63000000
2030-08-11 00:00:00,DE00,gas-ccgt,120.39000000
2030-08-12 00:00:00,DE00,gas-ccgt,142.52000000
2030-08-13 00:00:00,DE00,gas-ccgt,161.86000000
2030-08-14 00:00:00,DE00,gas-ccgt,224.97000000
2030-08-15 00:00:00,DE00,gas-ccgt,202.39000000
2030-08-16 00:00:00,DE00,gas-ccgt,190.48000000
2030-08-17 00:00:00,DE00,gas-ccgt,96.06000000
2030-08-18 00:00:00,DE00,gas-ccgt,65.43000000
2030-08-19 00:00:00,DE00,gas-ccgt,121.75000000
2030-08-20 00:00:00,DE00,gas-ccgt,224.07000000
2030-08-21 00:00:00,DE00,gas-ccgt,253.86000000
2030-08-22 00:00:00,DE00,gas-ccgt,251.36000000
2030-08-23 00:00:00,DE00,gas-ccgt,230.29000000
2030-08-24 00:00:00,DE00,gas-ccgt,172.37000000
2030-08-25 00:00:00,DE00,gas-ccgt,126.46000000
2030-08-26 00:00:00,DE00,gas-ccgt,219.73000000
2030-08-27 00:00:00,DE00,gas-ccgt,267.56000000
2030-08-28 00:00:00,DE00,gas-ccgt,295.78000000
2030-08-29 00:00:00,DE00,gas-ccgt,349.63000000
2030-08-30 00:00:00,DE00,gas-ccgt,221.33000000
2030-08-31 00:00:00,DE00,gas-ccgt,94.85000000
2030-09-01 00:00:00,DE00,gas-ccgt,98.19000000
2030-09-02 00:00:00,DE00,gas-ccgt,232.60000000
2030-09-03 00:00:00,DE00,gas-ccgt,234.55000000
2030-09-04 00:00:00,DE00,gas-ccgt,224.81000000
2030-09-05 00:00:00,DE00,gas-ccgt,207.31000000
2030-09-06 00:00:00,DE00,gas-ccgt,175.30000000
2030-09-07 00:00:00,DE00,gas-ccgt,66.23000000
2030-09-08 00:00:00,DE00,gas-ccgt,97.63000000
2030-09-09 00:00:00,DE00,gas-ccgt,244.81000000
2030-09-10 00:00:00,DE00,gas-ccgt,265.42000000
2030-09-11 00:00:00,DE00,gas-ccgt,247.99000000
2030-09-12 00:00:00,DE00,gas-ccgt,279.33000000
2030-09-13 00:00:00,DE00,gas-ccgt,143.43000000
2030-09-14 00:00:00,DE00,gas-ccgt,184.99000000
2030-09-15 00:00:00,DE00,gas-ccgt,93.08000000
2030-09-16 00:00:00,DE00,gas-ccgt,199.42000000
2030-09-17 00:00:00,DE00,gas-ccgt,210.50000000
2030-09-18 00:00:00,DE00,gas-ccgt,56.49000000
2030-09-19 00:00:00,DE00,gas-ccgt,46.37000000
2030-09-20 00:00:00,DE00,gas-ccgt,55.31000000
2030-09-21 00:00:00,DE00,gas-ccgt,46.43000000
2030-09-22 00:00:00,DE00,gas-ccgt,70.12000000
2030-09-23 00:00:00,DE00,gas-ccgt,142.58000000
2030-09-24 00:00:00,DE00,gas-ccgt,144.54000000
2030-09-25 00:00:00,DE00,gas-ccgt,136.70000000
2030-09-26 00:00:00,DE00,gas-ccgt,277.24000000
2030-09-27 00:00:00,DE00,gas-ccgt,196.85000000
2030-09-28 00:00:00,DE00,gas-ccgt,62.09000000
2030-09-29 00:00:00,DE00,gas-ccgt,37.21000000
2030-09-30 00:00:00,DE00,gas-ccgt,157.93000000
2030-10-01 00:00:00,DE00,gas-ccgt,41.21000000
2030-10-02 00:00:00,DE00,gas-ccgt,68.68000000
2030-10-03 00:00:00,DE00,gas-ccgt,111.03000000
2030-10-04 00:00:00,DE00,gas-ccgt,97.55000000
2030-10-05 00:00:00,DE00,gas-ccgt,41.21000000
2030-10-06 00:00:00,DE00,gas-ccgt,41.21000000
2030-10-07 00:00:00,DE00,gas-ccgt,75.56000000
2030-10-08 00:00:00,DE00,gas-ccgt,118.75000000
2030-10-09 00:00:00,DE00,gas-ccgt,186.24000000
2030-10-10 00:00:00,DE00,gas-ccgt,104.65000000
2030-10-11 00:00:00,DE00,gas-ccgt,243.50000000
2030-10-12 00:00:00,DE00,gas-ccgt,237.34000000
2030-10-13 00:00:00,DE00,gas-ccgt,186.80000000
2030-10-14 00:00:00,DE00,gas-ccgt,339.03000000
2030-10-15 00:00:00,DE00,gas-ccgt,206.94000000
2030-10-16 00:00:00,DE00,gas-ccgt,156.09000000
2030-10-17 00:00:00,DE00,gas-ccgt,150.44000000
2030-10-18 00:00:00,DE00,gas-ccgt,255.13000000
2030-10-19 00:00:00,DE00,gas-ccgt,150.77000000
2030-10-20 00:00:00,DE00,gas-ccgt,41.21000000
2030-10-21 00:00:00,DE00,gas-ccgt,286.88000000
2030-10-22 00:00:00,DE00,gas-ccgt,278.04000000
2030-10-23 00:00:00,DE00,gas-ccgt,256.41000000
2030-10-24 00:00:00,DE00,gas-ccgt,51.08000000
2030-10-25 00:00:00,DE00,gas-ccgt,148.12000000
2030-10-26 00:00:00,DE00,gas-ccgt,135.20000000
2030-10-27 00:00:00,DE00,gas-ccgt,48.96000000
2030-10-28 00:00:00,DE00,gas-ccgt,132.87000000
2030-10-29 00:00:00,DE00,gas-ccgt,330.56000000
2030-10-30 00:00:00,DE00,gas-ccgt,316.78000000
2030-10-31 00:00:00,DE00,gas-ccgt,328.46000000
2030-11-01 00:00:00,DE00,gas-ccgt,69.51000000
2030-11-02 00:00:00,DE00,gas-ccgt,60.72000000
2030-11-03 00:00:00,DE00,gas-ccgt,60.77000000
2030-11-04 00:00:00,DE00,gas-ccgt,237.59000000
2030-11-05 00:00:00,DE00,gas-ccgt,258.02000000
2030-11-06 00:00:00,DE00,gas-ccgt,138.20000000
2030-11-07 00:00:00,DE00,gas-ccgt,135.44000000
2030-11-08 00:00:00,DE00,gas-ccgt,101.82000000
2030-11-09 00:00:00,DE00,gas-ccgt,60.80000000
2030-11-10 00:00:00,DE00,gas-ccgt,60.85000000
2030-11-11 00:00:00,DE00,gas-ccgt,194.62000000
2030-11-12 00:00:00,DE00,gas-ccgt,367.15000000
2030-11-13 00:00:00,DE00,gas-ccgt,355.75000000
2030-11-14 00:00:00,DE00,gas-ccgt,273.86000000
2030-11-15 00:00:00,DE00,gas-ccgt,269.19000000
2030-11-16 00:00:00,DE00,gas-ccgt,109.79000000
2030-11-17 00:00:00,DE00,gas-ccgt,71.03000000
2030-11-18 00:00:00,DE00,gas-ccgt,247.02000000
2030-11-19 00:00:00,DE00,gas-ccgt,375.10000000
2030-11-20 00:00:00,DE00,gas-ccgt,413.48000000
2030-11-21 00:00:00,DE00,gas-ccgt,375.65000000
2030-11-22 00:00:00,DE00,gas-ccgt,220.01000000
2030-11-23 00:00:00,DE00,gas-ccgt,109.04000000
2030-11-24 00:00:00,DE00,gas-ccgt,165.99000000
2030-11-25 00:00:00,DE00,gas-ccgt,309.82000000
2030-11-26 00:00:00,DE00,gas-ccgt,389.45000000
2030-11-27 00:00:00,DE00,gas-ccgt,305.36000000
2030-11-28 00:00:00,DE00,gas-ccgt,347.13000000
2030-11-29 00:00:00,DE00,gas-ccgt,424.59000000
2030-11-30 00:00:00,DE00,gas-ccgt,393.64000000
2030-12-01 00:00:00,DE00,gas-ccgt,317.26000000
2030-12-02 00:00:00,DE00,gas-ccgt,317.89000000
2030-12-03 00:00:00,DE00,gas-ccgt,305.24000000
2030-12-04 00:00:00,DE00,gas-ccgt,329.38000000
2030-12-05 00:00:00,DE00,gas-ccgt,352.05000000
2030-12-06 00:00:00,DE00,gas-ccgt,384.15000000
2030-12-07 00:00:00,DE00,gas-ccgt,151.35000000
2030-12-08 00:00:00,DE00,gas-ccgt,284.19000000
2030-12-09 00:00:00,DE00,gas-ccgt,417.12000000
2030-12-10 00:00:00,DE00,gas-ccgt,424.97000000
2030-12-11 00:00:00,DE00,gas-ccgt,427.56000000
2030-12-12 00:00:00,DE00,gas-ccgt,424.44000000
2030-12-13 00:00:00,DE00,gas-ccgt,383.32000000
2030-12-14 00:00:00,DE00,gas-ccgt,318.47000000
2030-12-15 00:00:00,DE00,gas-ccgt,270.07000000
2030-12-16 00:00:00,DE00,gas-ccgt,394.48000000
2030-12-17 00:00:00,DE00,gas-ccgt,389.18000000
2030-12-18 00:00:00,DE00,gas-ccgt,264.96000000
2030-12-19 00:00:00,DE00,gas-ccgt,92.40000000
2030-12-20 00:00:00,DE00,gas-ccgt,125.66000000
2030-12-21 00:00:00,DE00,gas-ccgt,113.08000000
2030-12-22 00:00:00,DE00,gas-ccgt,100.22000000
2030-12-23 00:00:00,DE00,gas-ccgt,275.24000000
2030-12-24 00:00:00,DE00,gas-ccgt,116.20000000
2030-12-25 00:00:00,DE00,gas-ccgt,95.28000000
2030-12-26 00:00:00,DE00,gas-ccgt,91.17000000
2030-12-27 00:00:00,DE00,gas-ccgt,91.12000000
2030-12-28 00:00:00,DE00,gas-ccgt,90.90000000
2030-12-29 00:00:00,DE00,gas-ccgt,90.95000000
2030-12-30 00:00:00,DE00,gas-ccgt,91.17000000
2030-12-31 00:00:00,DE00,gas-ccgt,91.19000000
2030-01-01 00:00:00,DE00,gas-ocgt,0.00000000
2030-01-02 00:00:00,DE00,gas-ocgt,0.00000000
2030-01-03 00:00:00,DE00,gas-ocgt,0.00000000
2030-01-04 00:00:00,DE00,gas-ocgt,0.00000000
2030-01-05 00:00:00,DE00,gas-ocgt,0.00000000
2030-01-06 00:00:00,DE00,gas-ocgt,0.00000000
2030-01-07 00:00:00,DE00,gas-ocgt,0.00000000
2030-01-08 00:00:00,DE00,gas-ocgt,0.00000000
2030-01-09 00:00:00,DE00,gas-ocgt,0.00000000
2030-01-10 00:00:00,DE00,gas-ocgt,0.00000000
2030-01-11 00:00:00,DE00,gas-ocgt,0.00000000
2030-01-12 00:00:00,DE00,gas-ocgt,0.00000000
2030-01-13 00:00:00,DE00,gas-ocgt,0.00000000
2030-01-14 00:00:00,DE00,gas-ocgt,0.00000000
2030-01-15 00:00:00,DE00,gas-ocgt,0.00000000
2030-01-16 00:00:00,DE00,gas-ocgt,0.00000000
2030-01-17 00:00:00,DE00,gas-ocgt,0.00000000
2030-01-18 00:00:00,DE00,gas-ocgt,0.00000000
2030-01-19 00:00:00,DE00,gas-ocgt,0.00000000
2030-01-20 00:00:00,DE00,gas-ocgt,0.11000000
2030-01-21 00:00:00,DE00,gas-ocgt,1.87000000
2030-01-22 00:00:00,DE00,gas-ocgt,12.54000000
2030-01-23 00:00:00,DE00,gas-ocgt,32.38000000
2030-01-24 00:00:00,DE00,gas-ocgt,49.40000000
2030-01-25 00:00:00,DE00,gas-ocgt,21.55000000
2030-01-26 00:00:00,DE00,gas-ocgt,0.09000000
2030-01-27 00:00:00,DE00,gas-ocgt,0.15000000
2030-01-28 00:00:00,DE00,gas-ocgt,16.35000000
2030-01-29 00:00:00,DE00,gas-ocgt,0.05000000
2030-01-30 00:00:00,DE00,gas-ocgt,0.00000000
2030-01-31 00:00:00,DE00,gas-ocgt,0.00000000
2030-02-01 00:00:00,DE00,gas-ocgt,0.00000000
2030-02-02 00:00:00,DE00,gas-ocgt,0.00000000
2030-02-03 00:00:00,DE00,gas-ocgt,0.00000000
2030-02-04 00:00:00,DE00,gas-ocgt,3.03000000
2030-02-05 00:00:00,DE00,gas-ocgt,0.00000000
2030-02-06 00:00:00,DE00,gas-ocgt,10.32000000
2030-02-07 00:00:00,DE00,gas-ocgt,7.59000000
2030-02-08 00:00:00,DE00,gas-ocgt,0.52000000
2030-02-09 00:00:00,DE00,gas-ocgt,0.00000000
2030-02-10 00:00:00,DE00,gas-ocgt,0.00000000
2030-02-11 00:00:00,DE00,gas-ocgt,0.00000000
2030-02-12 00:00:00,DE00,gas-ocgt,6.37000000
2030-02-13 00:00:00,DE00,gas-ocgt,5.90000000
2030-02-14 00:00:00,DE00,gas-ocgt,6.95000000
2030-02-15 00:00:00,DE00,gas-ocgt,1.42000000
2030-02-16 00:00:00,DE00,gas-ocgt,0.00000000
2030-02-17 00:00:00,DE00,gas-ocgt,0.00000000
2030-02-18 00:00:00,DE00,gas-ocgt,0.00000000
2030-02-19 00:00:00,DE00,gas-ocgt,0.00000000
2030-02-20 00:00:00,DE00,gas-ocgt,0.00000000
2030-02-21 00:00:00,DE00,gas-ocgt,3.17000000
2030-02-22 00:00:00,DE00,gas-ocgt,0.36000000
2030-02-23 00:00:00,DE00,gas-ocgt,0.00000000
2030-02-24 00:00:00,DE00,gas-ocgt,0.00000000
2030-02-25 00:00:00,DE00,gas-ocgt,0.00000000
2030-02-26 00:00:00,DE00,gas-ocgt,0.00000000
2030-02-27 00:00:00,DE00,gas-ocgt,0.13000000
2030-02-28 00:00:00,DE00,gas-ocgt,1.75000000
2030-03-01 00:00:00,DE00,gas-ocgt,0.07000000
2030-03-02 00:00:00,DE00,gas-ocgt,0.00000000
2030-03-03 00:00:00,DE00,gas-ocgt,0.00000000
2030-03-04 00:00:00,DE00,gas-ocgt,0.03000000
2030-03-05 00:00:00,DE00,gas-ocgt,2.11000000
2030-03-06 00:00:00,DE00,gas-ocgt,0.07000000
2030-03-07 00:00:00,DE00,gas-ocgt,0.00000000
2030-03-08 00:00:00,DE00,gas-ocgt,0.14000000
2030-03-09 00:00:00,DE00,gas-ocgt,0.00000000
2030-03-10 00:00:00,DE00,gas-ocgt,0.00000000
2030-03-11 00:00:00,DE00,gas-ocgt,0.00000000
2030-03-12 00:00:00,DE00,gas-ocgt,0.00000000
2030-03-13 00:00:00,DE00,gas-ocgt,0.00000000
2030-03-14 00:00:00,DE00,gas-ocgt,0.00000000
2030-03-15 00:00:00,DE00,gas-ocgt,0.00000000
2030-03-16 00:00:00,DE00,gas-ocgt,0.00000000
2030-03-17 00:00:00,DE00,gas-ocgt,0.00000000
2030-03-18 00:00:00,DE00,gas-ocgt,0.12000000
2030-03-19 00:00:00,DE00,gas-ocgt,0.12000000
2030-03-20 00:00:00,DE00,gas-ocgt,0.00000000
2030-03-21 00:00:00,DE00,gas-ocgt,0.00000000
2030-03-22 00:00:00,DE00,gas-ocgt,0.00000000
2030-03-23 00:00:00,DE00,gas-ocgt,0.00000000
2030-03-24 00:00:00,DE00,gas-ocgt,0.00000000
2030-03-25 00:00:00,DE00,gas-ocgt,0.00000000
2030-03-26 00:00:00,DE00,gas-ocgt,0.00000000
2030-03-27 00:00:00,DE00,gas-ocgt,0.00000000
2030-03-28 00:00:00,DE00,gas-ocgt,0.00000000
2030-03-29 00:00:00,DE00,gas-ocgt,0.00000000
2030-03-30 00:00:00,DE00,gas-ocgt,0.00000000
2030-03-31 00:00:00,DE00,gas-ocgt,0.00000000
2030-04-01 00:00:00,DE00,gas-ocgt,0.00000000
2030-04-02 00:00:00,DE00,gas-ocgt,0.00000000
2030-04-03 00:00:00,DE00,gas-ocgt,0.00000000
2030-04-04 00:00:00,DE00,gas-ocgt,0.10000000
2030-04-05 00:00:00,DE00,gas-ocgt,0.19000000
2030-04-06 00:00:00,DE00,gas-ocgt,0.00000000
2030-04-07 00:00:00,DE00,gas-ocgt,0.00000000
2030-04-08 00:00:00,DE00,gas-ocgt,0.20000000
2030-04-09 00:00:00,DE00,gas-ocgt,0.06000000
2030-04-10 00:00:00,DE00,gas-ocgt,0.00000000
2030-04-11 00:00:00,DE00,gas-ocgt,0.00000000
2030-04-12 00:00:00,DE00,gas-ocgt,0.00000000
2030-04-13 00:00:00,DE00,gas-ocgt,0.00000000
2030-04-14 00:00:00,DE00,gas-ocgt,0.00000000
2030-04-15 00:00:00,DE00,gas-ocgt,0.00000000
2030-04-16 00:00:00,DE00,gas-ocgt,0.00000000
2030-04-17 00:00:00,DE00,gas-ocgt,0.00000000
2030-04-18 00:00:00,DE00,gas-ocgt,0.00000000
2030-04-19 00:00:00,DE00,gas-ocgt,0.00000000
2030-04-20 00:00:00,DE00,gas-ocgt,0.00000000
2030-04-21 00:00:00,DE00,gas-ocgt,0.00000000
2030-04-22 00:00:00,DE00,gas-ocgt,0.00000000
2030-04-23 00:00:00,DE00,gas-ocgt,0.00000000
2030-04-24 00:00:00,DE00,gas-ocgt,0.00000000
2030-04-25 00:00:00,DE00,gas-ocgt,0.00000000
2030-04-26 00:00:00,DE00,gas-ocgt,0.00000000
2030-04-27 00:00:00,DE00,gas-ocgt,0.00000000
2030-04-28 00:00:00,DE00,gas-ocgt,0.00000000
2030-04-29 00:00:00,DE00,gas-ocgt,0.00000000
2030-04-30 00:00:00,DE00,gas-ocgt,0.00000000
2030-05-01 00:00:00,DE00,gas-ocgt,0.00000000
2030-05-02 00:00:00,DE00,gas-ocgt,0.00000000
2030-05-03 00:00:00,DE00,gas-ocgt,0.00000000
2030-05-04 00:00:00,DE00,gas-ocgt,0.00000000
2030-05-05 00:00:00,DE00,gas-ocgt,0.00000000
2030-05-06 00:00:00,DE00,gas-ocgt,0.00000000
2030-05-07 00:00:00,DE00,gas-ocgt,0.00000000
2030-05-08 00:00:00,DE00,gas-ocgt,0.00000000
2030-05-09 00:00:00,DE00,gas-ocgt,0.00000000
2030-05-10 00:00:00,DE00,gas-ocgt,0.01000000
2030-05-11 00:00:00,DE00,gas-ocgt,0.00000000
2030-05-12 00:00:00,DE00,gas-ocgt,0.00000000
2030-05-13 00:00:00,DE00,gas-ocgt,0.00000000
2030-05-14 00:00:00,DE00,gas-ocgt,0.10000000
2030-05-15 00:00:00,DE00,gas-ocgt,0.00000000
2030-05-16 00:00:00,DE00,gas-ocgt,0.00000000
2030-05-17 00:00:00,DE00,gas-ocgt,0.00000000
2030-05-18 00:00:00,DE00,gas-ocgt,0.00000000
2030-05-19 00:00:00,DE00,gas-ocgt,0.00000000
2030-05-20 00:00:00,DE00,gas-ocgt,0.00000000
2030-05-21 00:00:00,DE00,gas-ocgt,0.00000000
2030-05-22 00:00:00,DE00,gas-ocgt,0.00000000
2030-05-23 00:00:00,DE00,gas-ocgt,0.00000000
2030-05-24 00:00:00,DE00,gas-ocgt,0.00000000
2030-05-25 00:00:00,DE00,gas-ocgt,0.00000000
2030-05-26 00:00:00,DE00,gas-ocgt,0.00000000
2030-05-27 00:00:00,DE00,gas-ocgt,0.10000000
2030-05-28 00:00:00,DE00,gas-ocgt,0.00000000
2030-05-29 00:00:00,DE00,gas-ocgt,0.00000000
2030-05-30 00:00:00,DE00,gas-ocgt,0.00000000
2030-05-31 00:00:00,DE00,gas-ocgt,0.00000000
2030-06-01 00:00:00,DE00,gas-ocgt,0.00000000
2030-06-02 00:00:00,DE00,gas-ocgt,0.00000000
2030-06-03 00:00:00,DE00,gas-ocgt,0.00000000
2030-06-04 00:00:00,DE00,gas-ocgt,0.00000000
2030-06-05 00:00:00,DE00,gas-ocgt,0.00000000
2030-06-06 00:00:00,DE00,gas-ocgt,0.00000000
2030-06-07 00:00:00,DE00,gas-ocgt,0.00000000
2030-06-08 00:00:00,DE00,gas-ocgt,0.00000000
2030-06-09 00:00:00,DE00,gas-ocgt,0.00000000
2030-06-10 00:00:00,DE00,gas-ocgt,0.00000000
2030-06-11 00:00:00,DE00,gas-ocgt,0.00000000
2030-06-12 00:00:00,DE00,gas-ocgt,0.00000000
2030-06-13 00:00:00,DE00,gas-ocgt,0.00000000
2030-06-14 00:00:00,DE00,gas-ocgt,0.00000000
2030-06-15 00:00:00,DE00,gas-ocgt,0.00000000
2030-06-16 00:00:00,DE00,gas-ocgt,0.00000000
2030-06-17 00:00:00,DE00,gas-ocgt,0.12000000
2030-06-18 00:00:00,DE00,gas-ocgt,0.00000000
2030-06-19 00:00:00,DE00,gas-ocgt,0.00000000
2030-06-20 00:00:00,DE00,gas-ocgt,0.00000000
2030-06-21 00:00:00,DE00,gas-ocgt,0.00000000
2030-06-22 00:00:00,DE00,gas-ocgt,0.00000000
2030-06-23 00:00:00,DE00,gas-ocgt,0.00000000
2030-06-24 00:00:00,DE00,gas-ocgt,0.12000000
2030-06-25 00:00:00,DE00,gas-ocgt,0.05000000
2030-06-26 00:00:00,DE00,gas-ocgt,0.00000000
2030-06-27 00:00:00,DE00,gas-ocgt,0.00000000
2030-06-28 00:00:00,DE00,gas-ocgt,0.00000000
2030-06-29 00:00:00,DE00,gas-ocgt,0.00000000
2030-06-30 00:00:00,DE00,gas-ocgt,0.00000000
2030-07-01 00:00:00,DE00,gas-ocgt,0.00000000
2030-07-02 00:00:00,DE00,gas-ocgt,0.00000000
2030-07-03 00:00:00,DE00,gas-ocgt,0.00000000
2030-07-04 00:00:00,DE00,gas-ocgt,0.00000000
2030-07-05 00:00:00,DE00,gas-ocgt,0.00000000
2030-07-06 00:00:00,DE00,gas-ocgt,0.00000000
2030-07-07 00:00:00,DE00,gas-ocgt,0.00000000
2030-07-08 00:00:00,DE00,gas-ocgt,0.00000000
2030-07-09 00:00:00,DE00,gas-ocgt,0.12000000
2030-07-10 00:00:00,DE00,gas-ocgt,0.13000000
2030-07-11 00:00:00,DE00,gas-ocgt,0.13000000
2030-07-12 00:00:00,DE00,gas-ocgt,0.00000000
2030-07-13 00:00:00,DE00,gas-ocgt,0.00000000
2030-07-14 00:00:00,DE00,gas-ocgt,0.00000000
2030-07-15 00:00:00,DE00,gas-ocgt,0.00000000
2030-07-16 00:00:00,DE00,gas-ocgt,0.00000000
2030-07-17 00:00:00,DE00,gas-ocgt,0.00000000
2030-07-18 00:00:00,DE00,gas-ocgt,0.12000000
2030-07-19 00:00:00,DE00,gas-ocgt,0.23000000
2030-07-20 00:00:00,DE00,gas-ocgt,0.00000000
2030-07-21 00:00:00,DE00,gas-ocgt,0.00000000
2030-07-22 00:00:00,DE00,gas-ocgt,0.00000000
2030-07-23 00:00:00,DE00,gas-ocgt,0.00000000
2030-07-24 00:00:00,DE00,gas-ocgt,0.00000000
2030-07-25 00:00:00,DE00,gas-ocgt,0.00000000
2030-07-26 00:00:00,DE00,gas-ocgt,0.00000000
2030-07-27 00:00:00,DE00,gas-ocgt,0.00000000
2030-07-28 00:00:00,DE00,gas-ocgt,0.00000000
2030-07-29 00:00:00,DE00,gas-ocgt,0.00000000
2030-07-30 00:00:00,DE00,gas-ocgt,0.00000000
2030-07-31 00:00:00,DE00,gas-ocgt,0.00000000
2030-08-01 00:00:00,DE00,gas-ocgt,0.00000000
2030-08-02 00:00:00,DE00,gas-ocgt,0.00000000
2030-08-03 00:00:00,DE00,gas-ocgt,0.00000000
2030-08-04 00:00:00,DE00,gas-ocgt,0.00000000
2030-08-05 00:00:00,DE00,gas-ocgt,0.00000000
2030-08-06 00:00:00,DE00,gas-ocgt,0.00000000
2030-08-07 00:00:00,DE00,gas-ocgt,0.00000000
2030-08-08 00:00:00,DE00,gas-ocgt,0.00000000
2030-08-09 00:00:00,DE00,gas-ocgt,0.00000000
2030-08-10 00:00:00,DE00,gas-ocgt,0.00000000
2030-08-11 00:00:00,DE00,gas-ocgt,0.00000000
2030-08-12 00:00:00,DE00,gas-ocgt,0.00000000
2030-08-13 00:00:00,DE00,gas-ocgt,0.10000000
2030-08-14 00:00:00,DE00,gas-ocgt,0.07000000
2030-08-15 00:00:00,DE00,gas-ocgt,0.00000000
2030-08-16 00:00:00,DE00,gas-ocgt,0.00000000
2030-08-17 00:00:00,DE00,gas-ocgt,0.00000000
2030-08-18 00:00:00,DE00,gas-ocgt,0.00000000
2030-08-19 00:00:00,DE00,gas-ocgt,0.00000000
2030-08-20 00:00:00,DE00,gas-ocgt,1.64000000
2030-08-21 00:00:00,DE00,gas-ocgt,1.72000000
2030-08-22 00:00:00,DE00,gas-ocgt,0.59000000
2030-08-23 00:00:00,DE00,gas-ocgt,0.20000000
2030-08-24 00:00:00,DE00,gas-ocgt,0.00000000
2030-08-25 00:00:00,DE00,gas-ocgt,0.00000000
2030-08-26 00:00:00,DE00,gas-ocgt,0.53000000
2030-08-27 00:00:00,DE00,gas-ocgt,0.14000000
2030-08-28 00:00:00,DE00,gas-ocgt,2.29000000
2030-08-29 00:00:00,DE00,gas-ocgt,2.08000000
2030-08-30 00:00:00,DE00,gas-ocgt,0.00000000
2030-08-31 00:00:00,DE00,gas-ocgt,0.00000000
2030-09-01 00:00:00,DE00,gas-ocgt,0.00000000
2030-09-02 00:00:00,DE00,gas-ocgt,0.10000000
2030-09-03 00:00:00,DE00,gas-ocgt,0.08000000
2030-09-04 00:00:00,DE00,gas-ocgt,0.01000000
2030-09-05 00:00:00,DE00,gas-ocgt,0.01000000
2030-09-06 00:00:00,DE00,gas-ocgt,0.00000000
2030-09-07 00:00:00,DE00,gas-ocgt,0.00000000
2030-09-08 00:00:00,DE00,gas-ocgt,0.00000000
2030-09-09 00:00:00,DE00,gas-ocgt,1.73000000
2030-09-10 00:00:00,DE00,gas-ocgt,1.63000000
2030-09-11 00:00:00,DE00,gas-ocgt,0.98000000
2030-09-12 00:00:00,DE00,gas-ocgt,0.11000000
2030-09-13 00:00:00,DE00,gas-ocgt,0.00000000
2030-09-14 00:00:00,DE00,gas-ocgt,0.00000000
2030-09-15 00:00:00,DE00,gas-ocgt,0.00000000
2030-09-16 00:00:00,DE00,gas-ocgt,0.86000000
2030-09-17 00:00:00,DE00,gas-ocgt,0.02000000
2030-09-18 00:00:00,DE00,gas-ocgt,0.00000000
2030-09-19 00:00:00,DE00,gas-ocgt,0.00000000
2030-09-20 00:00:00,DE00,gas-ocgt,0.00000000
2030-09-21 00:00:00,DE00,gas-ocgt,0.00000000
2030-09-22 00:00:00,DE00,gas-ocgt,0.00000000
2030-09-23 00:00:00,DE00,gas-ocgt,0.00000000
2030-09-24 00:00:00,DE00,gas-ocgt,0.00000000
2030-09-25 00:00:00,DE00,gas-ocgt,1.64000000
2030-09-26 00:00:00,DE00,gas-ocgt,1.69000000
2030-09-27 00:00:00,DE00,gas-ocgt,0.07000000
2030-09-28 00:00:00,DE00,gas-ocgt,0.00000000
2030-09-29 00:00:00,DE00,gas-ocgt,0.00000000
2030-09-30 00:00:00,DE00,gas-ocgt,0.07000000
2030-10-01 00:00:00,DE00,gas-ocgt,0.00000000
2030-10-02 00:00:00,DE00,gas-ocgt,0.00000000
2030-10-03 00:00:00,DE00,gas-ocgt,0.00000000
2030-10-04 00:00:00,DE00,gas-ocgt,0.00000000
2030-10-05 00:00:00,DE00,gas-ocgt,0.00000000
2030-10-06 00:00:00,DE00,gas-ocgt,0.00000000
2030-10-07 00:00:00,DE00,gas-ocgt,0.00000000
2030-10-08 00:00:00,DE00,gas-ocgt,0.00000000
2030-10-09 00:00:00,DE00,gas-ocgt,0.00000000
2030-10-10 00:00:00,DE00,gas-ocgt,0.00000000
2030-10-11 00:00:00,DE00,gas-ocgt,0.14000000
2030-10-12 00:00:00,DE00,gas-ocgt,0.00000000
2030-10-13 00:00:00,DE00,gas-ocgt,0.00000000
2030-10-14 00:00:00,DE00,gas-ocgt,0.17000000
2030-10-15 00:00:00,DE00,gas-ocgt,0.02000000
2030-10-16 00:00:00,DE00,gas-ocgt,0.00000000
2030-10-17 00:00:00,DE00,gas-ocgt,0.00000000
2030-10-18 00:00:00,DE00,gas-ocgt,0.00000000
2030-10-19 00:00:00,DE00,gas-ocgt,0.00000000
2030-10-20 00:00:00,DE00,gas-ocgt,0.00000000
2030-10-21 00:00:00,DE00,gas-ocgt,0.12000000
2030-10-22 00:00:00,DE00,gas-ocgt,0.00000000
2030-10-23 00:00:00,DE00,gas-ocgt,0.03000000
2030-10-24 00:00:00,DE00,gas-ocgt,0.00000000
2030-10-25 00:00:00,DE00,gas-ocgt,0.00000000
2030-10-26 00:00:00,DE00,gas-ocgt,0.00000000
2030-10-27 00:00:00,DE00,gas-ocgt,0.00000000
2030-10-28 00:00:00,DE00,gas-ocgt,0.00000000
2030-10-29 00:00:00,DE00,gas-ocgt,1.22000000
2030-10-30 00:00:00,DE00,gas-ocgt,1.14000000
2030-10-31 00:00:00,DE00,gas-ocgt,0.56000000
2030-11-01 00:00:00,DE00,gas-ocgt,0.00000000
2030-11-02 00:00:00,DE00,gas-ocgt,0.00000000
2030-11-03 00:00:00,DE00,gas-ocgt,0.00000000
2030-11-04 00:00:00,DE00,gas-ocgt,0.00000000
2030-11-05 00:00:00,DE00,gas-ocgt,0.00000000
2030-11-06 00:00:00,DE00,gas-ocgt,0.00000000
2030-11-07 00:00:00,DE00,gas-ocgt,0.00000000
2030-11-08 00:00:00,DE00,gas-ocgt,0.00000000
2030-11-09 00:00:00,DE00,gas-ocgt,0.00000000
2030-11-10 00:00:00,DE00,gas-ocgt,0.00000000
2030-11-11 00:00:00,DE00,gas-ocgt,0.00000000
2030-11-12 00:00:00,DE00,gas-ocgt,5.14000000
2030-11-13 00:00:00,DE00,gas-ocgt,0.12000000
2030-11-14 00:00:00,DE00,gas-ocgt,0.00000000
2030-11-15 00:00:00,DE00,gas-ocgt,0.00000000
2030-11-16 00:00:00,DE00,gas-ocgt,0.00000000
2030-11-17 00:00:00,DE00,gas-ocgt,0.00000000
2030-11-18 00:00:00,DE00,gas-ocgt,0.01000000
2030-11-19 00:00:00,DE00,gas-ocgt,4.92000000
2030-11-20 00:00:00,DE00,gas-ocgt,5.66000000
2030-11-21 00:00:00,DE00,gas-ocgt,2.65000000
2030-11-22 00:00:00,DE00,gas-ocgt,0.00000000
2030-11-23 00:00:00,DE00,gas-ocgt,0.00000000
2030-11-24 00:00:00,DE00,gas-ocgt,0.00000000
2030-11-25 00:00:00,DE00,gas-ocgt,1.09000000
2030-11-26 00:00:00,DE00,gas-ocgt,4.91000000
2030-11-27 00:00:00,DE00,gas-ocgt,0.06000000
2030-11-28 00:00:00,DE00,gas-ocgt,5.96000000
2030-11-29 00:00:00,DE00,gas-ocgt,21.04000000
2030-11-30 00:00:00,DE00,gas-ocgt,1.30000000
2030-12-01 00:00:00,DE00,gas-ocgt,0.07000000
2030-12-02 00:00:00,DE00,gas-ocgt,0.00000000
2030-12-03 00:00:00,DE00,gas-ocgt,0.12000000
2030-12-04 00:00:00,DE00,gas-ocgt,0.00000000
2030-12-05 00:00:00,DE00,gas-ocgt,0.52000000
2030-12-06 00:00:00,DE00,gas-ocgt,6.13000000
2030-12-07 00:00:00,DE00,gas-ocgt,0.00000000
2030-12-08 00:00:00,DE00,gas-ocgt,0.93000000
2030-12-09 00:00:00,DE00,gas-ocgt,10.57000000
2030-12-10 00:00:00,DE00,gas-ocgt,17.97000000
2030-12-11 00:00:00,DE00,gas-ocgt,17.86000000
2030-12-12 00:00:00,DE00,gas-ocgt,12.42000000
2030-12-13 00:00:00,DE00,gas-ocgt,2.32000000
2030-12-14 00:00:00,DE00,gas-ocgt,0.10000000
2030-12-15 00:00:00,DE00,gas-ocgt,0.00000000
2030-12-16 00:00:00,DE00,gas-ocgt,29.91000000
2030-12-17 00:00:00,DE00,gas-ocgt,0.48000000
2030-12-18 00:00:00,DE00,gas-ocgt,0.00000000
2030-12-19 00:00:00,DE00,gas-ocgt,0.00000000
2030-12-20 00:00:00,DE00,gas-ocgt,0.00000000
2030-12-21 00:00:00,DE00,gas-ocgt,0.00000000
2030-12-22 00:00:00,DE00,gas-ocgt,0.00000000
2030-12-23 00:00:00,DE00,gas-ocgt,0.00000000
2030-12-24 00:00:00,DE00,gas-ocgt,0.00000000
2030-12-25 00:00:00,DE00,gas-ocgt,0.00000000
2030-12-26 00:00:00,DE00,gas-ocgt,0.00000000
2030-12-27 00:00:00,DE00,gas-ocgt,0.00000000
2030-12-28 00:00:00,DE00,gas-ocgt,0.00000000
2030-12-29 00:00:00,DE00,gas-ocgt,0.00000000
2030-12-30 00:00:00,DE00,gas-ocgt,0.00000000
2030-12-31 00:00:00,DE00,gas-ocgt,0.00000000
2030-01-01 00:00:00,DE00,gas-conventional,2.19000000
2030-01-02 00:00:00,DE00,gas-conventional,11.51000000
2030-01-03 00:00:00,DE00,gas-conventional,13.72000000
2030-01-04 00:00:00,DE00,gas-conventional,0.00000000
2030-01-05 00:00:00,DE00,gas-conventional,6.28000000
2030-01-06 00:00:00,DE00,gas-conventional,4.63000000
2030-01-07 00:00:00,DE00,gas-conventional,11.46000000
2030-01-08 00:00:00,DE00,gas-conventional,12.35000000
2030-01-09 00:00:00,DE00,gas-conventional,13.74000000
2030-01-10 00:00:00,DE00,gas-conventional,14.14000000
2030-01-11 00:00:00,DE00,gas-conventional,10.34000000
2030-01-12 00:00:00,DE00,gas-conventional,0.00000000
2030-01-13 00:00:00,DE00,gas-conventional,0.74000000
2030-01-14 00:00:00,DE00,gas-conventional,9.68000000
2030-01-15 00:00:00,DE00,gas-conventional,9.91000000
2030-01-16 00:00:00,DE00,gas-conventional,14.15000000
2030-01-17 00:00:00,DE00,gas-conventional,15.20000000
2030-01-18 00:00:00,DE00,gas-conventional,15.31000000
2030-01-19 00:00:00,DE00,gas-conventional,13.21000000
2030-01-20 00:00:00,DE00,gas-conventional,18.55000000
2030-01-21 00:00:00,DE00,gas-conventional,32.63000000
2030-01-22 00:00:00,DE00,gas-conventional,50.87000000
2030-01-23 00:00:00,DE00,gas-conventional,95.64000000
2030-01-24 00:00:00,DE00,gas-conventional,104.61000000
2030-01-25 00:00:00,DE00,gas-conventional,88.30000000
2030-01-26 00:00:00,DE00,gas-conventional,15.32000000
2030-01-27 00:00:00,DE00,gas-conventional,19.27000000
2030-01-28 00:00:00,DE00,gas-conventional,59.41000000
2030-01-29 00:00:00,DE00,gas-conventional,17.54000000
2030-01-30 00:00:00,DE00,gas-conventional,12.74000000
2030-01-31 00:00:00,DE00,gas-conventional,13.69000000
2030-02-01 00:00:00,DE00,gas-conventional,0.00000000
2030-02-02 00:00:00,DE00,gas-conventional,4.35000000
2030-02-03 00:00:00,DE00,gas-conventional,0.69000000
2030-02-04 00:00:00,DE00,gas-conventional,29.35000000
2030-02-05 00:00:00,DE00,gas-conventional,15.07000000
2030-02-06 00:00:00,DE00,gas-conventional,51.95000000
2030-02-07 00:00:00,DE00,gas-conventional,39.40000000
2030-02-08 00:00:00,DE00,gas-conventional,17.92000000
2030-02-09 00:00:00,DE00,gas-conventional,8.14000000
2030-02-10 00:00:00,DE00,gas-conventional,4.45000000
2030-02-11 00:00:00,DE00,gas-conventional,11.06000000
2030-02-12 00:00:00,DE00,gas-conventional,46.16000000
2030-02-13 00:00:00,DE00,gas-conventional,42.23000000
2030-02-14 00:00:00,DE00,gas-conventional,39.88000000
2030-02-15 00:00:00,DE00,gas-conventional,20.17000000
2030-02-16 00:00:00,DE00,gas-conventional,7.90000000
2030-02-17 00:00:00,DE00,gas-conventional,0.00000000
2030-02-18 00:00:00,DE00,gas-conventional,6.04000000
2030-02-19 00:00:00,DE00,gas-conventional,12.53000000
2030-02-20 00:00:00,DE00,gas-conventional,1.51000000
2030-02-21 00:00:00,DE00,gas-conventional,18.61000000
2030-02-22 00:00:00,DE00,gas-conventional,19.52000000
2030-02-23 00:00:00,DE00,gas-conventional,13.89000000
2030-02-24 00:00:00,DE00,gas-conventional,1.52000000
2030-02-25 00:00:00,DE00,gas-conventional,6.41000000
2030-02-26 00:00:00,DE00,gas-conventional,11.41000000
2030-02-27 00:00:00,DE00,gas-conventional,17.58000000
2030-02-28 00:00:00,DE00,gas-conventional,21.16000000
2030-03-01 00:00:00,DE00,gas-conventional,15.40000000
2030-03-02 00:00:00,DE00,gas-conventional,10.50000000
2030-03-03 00:00:00,DE00,gas-conventional,11.23000000
2030-03-04 00:00:00,DE00,gas-conventional,13.57000000
2030-03-05 00:00:00,DE00,gas-conventional,22.05000000
2030-03-06 00:00:00,DE00,gas-conventional,18.35000000
2030-03-07 00:00:00,DE00,gas-conventional,9.98000000
2030-03-08 00:00:00,DE00,gas-conventional,16.24000000
2030-03-09 00:00:00,DE00,gas-conventional,13.83000000
2030-03-10 00:00:00,DE00,gas-conventional,3.81000000
2030-03-11 00:00:00,DE00,gas-conventional,10.77000000
2030-03-12 00:00:00,DE00,gas-conventional,10.51000000
2030-03-13 00:00:00,DE00,gas-conventional,3.70000000
2030-03-14 00:00:00,DE00,gas-conventional,7.31000000
2030-03-15 00:00:00,DE00,gas-conventional,10.97000000
2030-03-16 00:00:00,DE00,gas-conventional,3.18000000
2030-03-17 00:00:00,DE00,gas-conventional,4.40000000
2030-03-18 00:00:00,DE00,gas-conventional,12.17000000
2030-03-19 00:00:00,DE00,gas-conventional,14.50000000
2030-03-20 00:00:00,DE00,gas-conventional,13.33000000
2030-03-21 00:00:00,DE00,gas-conventional,9.87000000
2030-03-22 00:00:00,DE00,gas-conventional,3.52000000
2030-03-23 00:00:00,DE00,gas-conventional,0.71000000
2030-03-24 00:00:00,DE00,gas-conventional,0.00000000
2030-03-25 00:00:00,DE00,gas-conventional,2.65000000
2030-03-26 00:00:00,DE00,gas-conventional,10.40000000
2030-03-27 00:00:00,DE00,gas-conventional,7.61000000
2030-03-28 00:00:00,DE00,gas-conventional,9.27000000
2030-03-29 00:00:00,DE00,gas-conventional,10.57000000
2030-03-30 00:00:00,DE00,gas-conventional,0.73000000
2030-03-31 00:00:00,DE00,gas-conventional,3.19000000
2030-04-01 00:00:00,DE00,gas-conventional,4.09000000
2030-04-02 00:00:00,DE00,gas-conventional,6.72000000
2030-04-03 00:00:00,DE00,gas-conventional,9.40000000
2030-04-04 00:00:00,DE00,gas-conventional,12.65000000
2030-04-05 00:00:00,DE00,gas-conventional,11.97000000
2030-04-06 00:00:00,DE00,gas-conventional,7.07000000
2030-04-07 00:00:00,DE00,gas-conventional,5.12000000
2030-04-08 00:00:00,DE00,gas-conventional,18.67000000
2030-04-09 00:00:00,DE00,gas-conventional,10.81000000
2030-04-10 00:00:00,DE00,gas-conventional,4.70000000
2030-04-11 00:00:00,DE00,gas-conventional,4.04000000
2030-04-12 00:00:00,DE00,gas-conventional,5.81000000
2030-04-13 00:00:00,DE00,gas-conventional,2.91000000
2030-04-14 00:00:00,DE00,gas-conventional,5.90000000
2030-04-15 00:00:00,DE00,gas-conventional,9.46000000
2030-04-16 00:00:00,DE00,gas-conventional,13.34000000
2030-04-17 00:00:00,DE00,gas-conventional,9.80000000
2030-04-18 00:00:00,DE00,gas-conventional,6.56000000
2030-04-19 00:00:00,DE00,gas-conventional,1.06000000
2030-04-20 00:00:00,DE00,gas-conventional,1.39000000
2030-04-21 00:00:00,DE00,gas-conventional,1.21000000
2030-04-22 00:00:00,DE00,gas-conventional,2.41000000
2030-04-23 00:00:00,DE00,gas-conventional,6.64000000
2030-04-24 00:00:00,DE00,gas-conventional,3.98000000
2030-04-25 00:00:00,DE00,gas-conventional,5.82000000
2030-04-26 00:00:00,DE00,gas-conventional,4.91000000
2030-04-27 00:00:00,DE00,gas-conventional,5.93000000
2030-04-28 00:00:00,DE00,gas-conventional,3.13000000
2030-04-29 00:00:00,DE00,gas-conventional,8.39000000
2030-04-30 00:00:00,DE00,gas-conventional,7.81000000
2030-05-01 00:00:00,DE00,gas-conventional,5.81000000
2030-05-02 00:00:00,DE00,gas-conventional,7.02000000
2030-05-03 00:00:00,DE00,gas-conventional,8.02000000
2030-05-04 00:00:00,DE00,gas-conventional,2.63000000
2030-05-05 00:00:00,DE00,gas-conventional,1.59000000
2030-05-06 00:00:00,DE00,gas-conventional,7.72000000
2030-05-07 00:00:00,DE00,gas-conventional,6.73000000
2030-05-08 00:00:00,DE00,gas-conventional,7.74000000
2030-05-09 00:00:00,DE00,gas-conventional,7.04000000
2030-05-10 00:00:00,DE00,gas-conventional,7.27000000
2030-05-11 00:00:00,DE00,gas-conventional,7.30000000
2030-05-12 00:00:00,DE00,gas-conventional,2.53000000
2030-05-13 00:00:00,DE00,gas-conventional,6.63000000
2030-05-14 00:00:00,DE00,gas-conventional,10.38000000
2030-05-15 00:00:00,DE00,gas-conventional,8.03000000
2030-05-16 00:00:00,DE00,gas-conventional,3.95000000
2030-05-17 00:00:00,DE00,gas-conventional,4.17000000
2030-05-18 00:00:00,DE00,gas-conventional,6.58000000
2030-05-19 00:00:00,DE00,gas-conventional,3.30000000
2030-05-20 00:00:00,DE00,gas-conventional,4.61000000
2030-05-21 00:00:00,DE00,gas-conventional,6.63000000
2030-05-22 00:00:00,DE00,gas-conventional,8.32000000
2030-05-23 00:00:00,DE00,gas-conventional,4.27000000
2030-05-24 00:00:00,DE00,gas-conventional,7.48000000
2030-05-25 00:00:00,DE00,gas-conventional,4.11000000
2030-05-26 00:00:00,DE00,gas-conventional,2.30000000
2030-05-27 00:00:00,DE00,gas-conventional,7.31000000
2030-05-28 00:00:00,DE00,gas-conventional,7.32000000
2030-05-29 00:00:00,DE00,gas-conventional,5.34000000
2030-05-30 00:00:00,DE00,gas-conventional,4.25000000
2030-05-31 00:00:00,DE00,gas-conventional,3.77000000
2030-06-01 00:00:00,DE00,gas-conventional,1.45000000
2030-06-02 00:00:00,DE00,gas-conventional,1.85000000
2030-06-03 00:00:00,DE00,gas-conventional,5.61000000
2030-06-04 00:00:00,DE00,gas-conventional,7.53000000
2030-06-05 00:00:00,DE00,gas-conventional,8.29000000
2030-06-06 00:00:00,DE00,gas-conventional,8.62000000
2030-06-07 00:00:00,DE00,gas-conventional,7.71000000
2030-06-08 00:00:00,DE00,gas-conventional,4.84000000
2030-06-09 00:00:00,DE00,gas-conventional,1.13000000
2030-06-10 00:00:00,DE00,gas-conventional,1.23000000
2030-06-11 00:00:00,DE00,gas-conventional,4.05000000
2030-06-12 00:00:00,DE00,gas-conventional,5.18000000
2030-06-13 00:00:00,DE00,gas-conventional,4.71000000
2030-06-14 00:00:00,DE00,gas-conventional,5.82000000
2030-06-15 00:00:00,DE00,gas-conventional,6.19000000
2030-06-16 00:00:00,DE00,gas-conventional,5.11000000
2030-06-17 00:00:00,DE00,gas-conventional,8.99000000
2030-06-18 00:00:00,DE00,gas-conventional,8.60000000
2030-06-19 00:00:00,DE00,gas-conventional,7.59000000
2030-06-20 00:00:00,DE00,gas-conventional,8.65000000
2030-06-21 00:00:00,DE00,gas-conventional,7.01000000
2030-06-22 00:00:00,DE00,gas-conventional,5.32000000
2030-06-23 00:00:00,DE00,gas-conventional,3.01000000
2030-06-24 00:00:00,DE00,gas-conventional,8.97000000
2030-06-25 00:00:00,DE00,gas-conventional,8.12000000
2030-06-26 00:00:00,DE00,gas-conventional,6.06000000
2030-06-27 00:00:00,DE00,gas-conventional,7.25000000
2030-06-28 00:00:00,DE00,gas-conventional,7.60000000
2030-06-29 00:00:00,DE00,gas-conventional,6.60000000
2030-06-30 00:00:00,DE00,gas-conventional,5.83000000
2030-07-01 00:00:00,DE00,gas-conventional,4.72000000
2030-07-02 00:00:00,DE00,gas-conventional,3.88000000
2030-07-03 00:00:00,DE00,gas-conventional,3.95000000
2030-07-04 00:00:00,DE00,gas-conventional,5.55000000
2030-07-05 00:00:00,DE00,gas-conventional,3.56000000
2030-07-06 00:00:00,DE00,gas-conventional,3.97000000
2030-07-07 00:00:00,DE00,gas-conventional,5.02000000
2030-07-08 00:00:00,DE00,gas-conventional,6.39000000
2030-07-09 00:00:00,DE00,gas-conventional,8.45000000
2030-07-10 00:00:00,DE00,gas-conventional,12.03000000
2030-07-11 00:00:00,DE00,gas-conventional,8.51000000
2030-07-12 00:00:00,DE00,gas-conventional,6.66000000
2030-07-13 00:00:00,DE00,gas-conventional,5.25000000
2030-07-14 00:00:00,DE00,gas-conventional,5.66000000
2030-07-15 00:00:00,DE00,gas-conventional,4.76000000
2030-07-16 00:00:00,DE00,gas-conventional,5.09000000
2030-07-17 00:00:00,DE00,gas-conventional,6.84000000
2030-07-18 00:00:00,DE00,gas-conventional,10.86000000
2030-07-19 00:00:00,DE00,gas-conventional,9.35000000
2030-07-20 00:00:00,DE00,gas-conventional,6.03000000
2030-07-21 00:00:00,DE00,gas-conventional,6.27000000
2030-07-22 00:00:00,DE00,gas-conventional,7.06000000
2030-07-23 00:00:00,DE00,gas-conventional,5.54000000
2030-07-24 00:00:00,DE00,gas-conventional,8.20000000
2030-07-25 00:00:00,DE00,gas-conventional,9.32000000
2030-07-26 00:00:00,DE00,gas-conventional,6.27000000
2030-07-27 00:00:00,DE00,gas-conventional,4.53000000
2030-07-28 00:00:00,DE00,gas-conventional,4.73000000
2030-07-29 00:00:00,DE00,gas-conventional,7.76000000
2030-07-30 00:00:00,DE00,gas-conventional,6.51000000
2030-07-31 00:00:00,DE00,gas-conventional,6.13000000
2030-08-01 00:00:00,DE00,gas-conventional,3.87000000
2030-08-02 00:00:00,DE00,gas-conventional,3.74000000
2030-08-03 00:00:00,DE00,gas-conventional,1.17000000
2030-08-04 00:00:00,DE00,gas-conventional,3.94000000
2030-08-05 00:00:00,DE00,gas-conventional,8.64000000
2030-08-06 00:00:00,DE00,gas-conventional,7.11000000
2030-08-07 00:00:00,DE00,gas-conventional,2.57000000
2030-08-08 00:00:00,DE00,gas-conventional,3.10000000
2030-08-09 00:00:00,DE00,gas-conventional,5.64000000
2030-08-10 00:00:00,DE00,gas-conventional,5.61000000
2030-08-11 00:00:00,DE00,gas-conventional,6.14000000
2030-08-12 00:00:00,DE00,gas-conventional,7.54000000
2030-08-13 00:00:00,DE00,gas-conventional,7.94000000
2030-08-14 00:00:00,DE00,gas-conventional,9.21000000
2030-08-15 00:00:00,DE00,gas-conventional,8.71000000
2030-08-16 00:00:00,DE00,gas-conventional,8.21000000
2030-08-17 00:00:00,DE00,gas-conventional,5.29000000
2030-08-18 00:00:00,DE00,gas-conventional,3.08000000
2030-08-19 00:00:00,DE00,gas-conventional,6.14000000
2030-08-20 00:00:00,DE00,gas-conventional,12.54000000
2030-08-21 00:00:00,DE00,gas-conventional,17.00000000
2030-08-22 00:00:00,DE00,gas-conventional,12.87000000
2030-08-23 00:00:00,DE00,gas-conventional,11.04000000
2030-08-24 00:00:00,DE00,gas-conventional,7.74000000
2030-08-25 00:00:00,DE00,gas-conventional,6.17000000
2030-08-26 00:00:00,DE00,gas-conventional,10.81000000
2030-08-27 00:00:00,DE00,gas-conventional,13.15000000
2030-08-28 00:00:00,DE00,gas-conventional,18.19000000
2030-08-29 00:00:00,DE00,gas-conventional,23.83000000
2030-08-30 00:00:00,DE00,gas-conventional,9.73000000
2030-08-31 00:00:00,DE00,gas-conventional,5.22000000
2030-09-01 00:00:00,DE00,gas-conventional,5.11000000
2030-09-02 00:00:00,DE00,gas-conventional,10.65000000
2030-09-03 00:00:00,DE00,gas-conventional,10.47000000
2030-09-04 00:00:00,DE00,gas-conventional,9.70000000
2030-09-05 00:00:00,DE00,gas-conventional,10.11000000
2030-09-06 00:00:00,DE00,gas-conventional,8.47000000
2030-09-07 00:00:00,DE00,gas-conventional,3.32000000
2030-09-08 00:00:00,DE00,gas-conventional,4.62000000
2030-09-09 00:00:00,DE00,gas-conventional,13.32000000
2030-09-10 00:00:00,DE00,gas-conventional,15.52000000
2030-09-11 00:00:00,DE00,gas-conventional,15.60000000
2030-09-12 00:00:00,DE00,gas-conventional,13.45000000
2030-09-13 00:00:00,DE00,gas-conventional,8.61000000
2030-09-14 00:00:00,DE00,gas-conventional,8.55000000
2030-09-15 00:00:00,DE00,gas-conventional,6.28000000
2030-09-16 00:00:00,DE00,gas-conventional,11.19000000
2030-09-17 00:00:00,DE00,gas-conventional,10.15000000
2030-09-18 00:00:00,DE00,gas-conventional,3.61000000
2030-09-19 00:00:00,DE00,gas-conventional,2.83000000
2030-09-20 00:00:00,DE00,gas-conventional,3.04000000
2030-09-21 00:00:00,DE00,gas-conventional,2.17000000
2030-09-22 00:00:00,DE00,gas-conventional,3.82000000
2030-09-23 00:00:00,DE00,gas-conventional,7.32000000
2030-09-24 00:00:00,DE00,gas-conventional,7.70000000
2030-09-25 00:00:00,DE00,gas-conventional,10.61000000
2030-09-26 00:00:00,DE00,gas-conventional,18.42000000
2030-09-27 00:00:00,DE00,gas-conventional,11.57000000
2030-09-28 00:00:00,DE00,gas-conventional,2.53000000
2030-09-29 00:00:00,DE00,gas-conventional,1.30000000
2030-09-30 00:00:00,DE00,gas-conventional,8.54000000
2030-10-01 00:00:00,DE00,gas-conventional,2.26000000
2030-10-02 00:00:00,DE00,gas-conventional,4.67000000
2030-10-03 00:00:00,DE00,gas-conventional,7.18000000
2030-10-04 00:00:00,DE00,gas-conventional,7.43000000
2030-10-05 00:00:00,DE00,gas-conventional,0.00000000
2030-10-06 00:00:00,DE00,gas-conventional,1.03000000
2030-10-07 00:00:00,DE00,gas-conventional,4.84000000
2030-10-08 00:00:00,DE00,gas-conventional,7.72000000
2030-10-09 00:00:00,DE00,gas-conventional,10.11000000
2030-10-10 00:00:00,DE00,gas-conventional,7.34000000
2030-10-11 00:00:00,DE00,gas-conventional,12.95000000
2030-10-12 00:00:00,DE00,gas-conventional,10.76000000
2030-10-13 00:00:00,DE00,gas-conventional,11.45000000
2030-10-14 00:00:00,DE00,gas-conventional,15.91000000
2030-10-15 00:00:00,DE00,gas-conventional,11.77000000
2030-10-16 00:00:00,DE00,gas-conventional,8.85000000
2030-10-17 00:00:00,DE00,gas-conventional,9.95000000
2030-10-18 00:00:00,DE00,gas-conventional,13.00000000
2030-10-19 00:00:00,DE00,gas-conventional,10.37000000
2030-10-20 00:00:00,DE00,gas-conventional,1.21000000
2030-10-21 00:00:00,DE00,gas-conventional,12.72000000
2030-10-22 00:00:00,DE00,gas-conventional,13.44000000
2030-10-23 00:00:00,DE00,gas-conventional,13.12000000
2030-10-24 00:00:00,DE00,gas-conventional,3.37000000
2030-10-25 00:00:00,DE00,gas-conventional,8.38000000
2030-10-26 00:00:00,DE00,gas-conventional,7.94000000
2030-10-27 00:00:00,DE00,gas-conventional,3.27000000
2030-10-28 00:00:00,DE00,gas-conventional,10.19000000
2030-10-29 00:00:00,DE00,gas-conventional,19.34000000
2030-10-30 00:00:00,DE00,gas-conventional,19.77000000
2030-10-31 00:00:00,DE00,gas-conventional,21.98000000
2030-11-01 00:00:00,DE00,gas-conventional,3.28000000
2030-11-02 00:00:00,DE00,gas-conventional,0.70000000
2030-11-03 00:00:00,DE00,gas-conventional,1.18000000
2030-11-04 00:00:00,DE00,gas-conventional,11.12000000
2030-11-05 00:00:00,DE00,gas-conventional,13.64000000
2030-11-06 00:00:00,DE00,gas-conventional,10.11000000
2030-11-07 00:00:00,DE00,gas-conventional,8.88000000
2030-11-08 00:00:00,DE00,gas-conventional,8.52000000
2030-11-09 00:00:00,DE00,gas-conventional,1.89000000
2030-11-10 00:00:00,DE00,gas-conventional,1.40000000
2030-11-11 00:00:00,DE00,gas-conventional,10.52000000
2030-11-12 00:00:00,DE00,gas-conventional,36.95000000
2030-11-13 00:00:00,DE00,gas-conventional,18.23000000
2030-11-14 00:00:00,DE00,gas-conventional,14.56000000
2030-11-15 00:00:00,DE00,gas-conventional,14.12000000
2030-11-16 00:00:00,DE00,gas-conventional,9.57000000
2030-11-17 00:00:00,DE00,gas-conventional,3.31000000
2030-11-18 00:00:00,DE00,gas-conventional,11.97000000
2030-11-19 00:00:00,DE00,gas-conventional,34.16000000
2030-11-20 00:00:00,DE00,gas-conventional,38.40000000
2030-11-21 00:00:00,DE00,gas-conventional,26.24000000
2030-11-22 00:00:00,DE00,gas-conventional,12.63000000
2030-11-23 00:00:00,DE00,gas-conventional,10.16000000
2030-11-24 00:00:00,DE00,gas-conventional,10.60000000
2030-11-25 00:00:00,DE00,gas-conventional,21.04000000
2030-11-26 00:00:00,DE00,gas-conventional,29.14000000
2030-11-27 00:00:00,DE00,gas-conventional,14.87000000
2030-11-28 00:00:00,DE00,gas-conventional,34.26000000
2030-11-29 00:00:00,DE00,gas-conventional,60.72000000
2030-11-30 00:00:00,DE00,gas-conventional,22.28000000
2030-12-01 00:00:00,DE00,gas-conventional,15.79000000
2030-12-02 00:00:00,DE00,gas-conventional,14.49000000
2030-12-03 00:00:00,DE00,gas-conventional,13.85000000
2030-12-04 00:00:00,DE00,gas-conventional,14.91000000
2030-12-05 00:00:00,DE00,gas-conventional,21.33000000
2030-12-06 00:00:00,DE00,gas-conventional,29.80000000
2030-12-07 00:00:00,DE00,gas-conventional,10.01000000
2030-12-08 00:00:00,DE00,gas-conventional,20.23000000
2030-12-09 00:00:00,DE00,gas-conventional,47.99000000
2030-12-10 00:00:00,DE00,gas-conventional,58.15000000
2030-12-11 00:00:00,DE00,gas-conventional,61.61000000
2030-12-12 00:00:00,DE00,gas-conventional,50.94000000
2030-12-13 00:00:00,DE00,gas-conventional,28.53000000
2030-12-14 00:00:00,DE00,gas-conventional,16.89000000
2030-12-15 00:00:00,DE00,gas-conventional,14.37000000
2030-12-16 00:00:00,DE00,gas-conventional,84.48000000
2030-12-17 00:00:00,DE00,gas-conventional,23.02000000
2030-12-18 00:00:00,DE00,gas-conventional,13.30000000
2030-12-19 00:00:00,DE00,gas-conventional,3.43000000
2030-12-20 00:00:00,DE00,gas-conventional,7.15000000
2030-12-21 00:00:00,DE00,gas-conventional,7.25000000
2030-12-22 00:00:00,DE00,gas-conventional,3.04000000
2030-12-23 00:00:00,DE00,gas-conventional,13.36000000
2030-12-24 00:00:00,DE00,gas-conventional,5.13000000
2030-12-25 00:00:00,DE00,gas-conventional,3.83000000
2030-12-26 00:00:00,DE00,gas-conventional,0.00000000
2030-12-27 00:00:00,DE00,gas-conventional,0.00000000
2030-12-28 00:00:00,DE00,gas-conventional,0.00000000
2030-12-29 00:00:00,DE00,gas-conventional,0.00000000
2030-12-30 00:00:00,DE00,gas-conventional,0.00000000
2030-12-31 00:00:00,DE00,gas-conventional,0.00000000
2030-01-01 00:00:00,DE00,coal,32.60000000
2030-01-02 00:00:00,DE00,coal,35.22000000
2030-01-03 00:00:00,DE00,coal,36.06000000
2030-01-04 00:00:00,DE00,coal,32.40000000
2030-01-05 00:00:00,DE00,coal,34.20000000
2030-01-06 00:00:00,DE00,coal,32.62000000
2030-01-07 00:00:00,DE00,coal,35.53000000
2030-01-08 00:00:00,DE00,coal,36.25000000
2030-01-09 00:00:00,DE00,coal,46.79000000
2030-01-10 00:00:00,DE00,coal,35.81000000
2030-01-11 00:00:00,DE00,coal,35.19000000
2030-01-12 00:00:00,DE00,coal,32.40000000
2030-01-13 00:00:00,DE00,coal,32.40000000
2030-01-14 00:00:00,DE00,coal,34.87000000
2030-01-15 00:00:00,DE00,coal,34.94000000
2030-01-16 00:00:00,DE00,coal,36.07000000
2030-01-17 00:00:00,DE00,coal,57.39000000
2030-01-18 00:00:00,DE00,coal,58.40000000
2030-01-19 00:00:00,DE00,coal,35.25000000
2030-01-20 00:00:00,DE00,coal,60.88000000
2030-01-21 00:00:00,DE00,coal,91.23000000
2030-01-22 00:00:00,DE00,coal,96.33000000
2030-01-23 00:00:00,DE00,coal,107.48000000
2030-01-24 00:00:00,DE00,coal,107.65000000
2030-01-25 00:00:00,DE00,coal,107.16000000
2030-01-26 00:00:00,DE00,coal,70.78000000
2030-01-27 00:00:00,DE00,coal,59.93000000
2030-01-28 00:00:00,DE00,coal,104.69000000
2030-01-29 00:00:00,DE00,coal,59.30000000
2030-01-30 00:00:00,DE00,coal,35.71000000
2030-01-31 00:00:00,DE00,coal,35.77000000
2030-02-01 00:00:00,DE00,coal,32.40000000
2030-02-02 00:00:00,DE00,coal,33.54000000
2030-02-03 00:00:00,DE00,coal,32.40000000
2030-02-04 00:00:00,DE00,coal,84.23000000
2030-02-05 00:00:00,DE00,coal,40.10000000
2030-02-06 00:00:00,DE00,coal,99.75000000
2030-02-07 00:00:00,DE00,coal,92.78000000
2030-02-08 00:00:00,DE00,coal,61.72000000
2030-02-09 00:00:00,DE00,coal,33.77000000
2030-02-10 00:00:00,DE00,coal,32.49000000
2030-02-11 00:00:00,DE00,coal,51.40000000
2030-02-12 00:00:00,DE00,coal,92.97000000
2030-02-13 00:00:00,DE00,coal,85.98000000
2030-02-14 00:00:00,DE00,coal,92.48000000
2030-02-15 00:00:00,DE00,coal,69.69000000
2030-02-16 00:00:00,DE00,coal,33.26000000
2030-02-17 00:00:00,DE00,coal,32.40000000
2030-02-18 00:00:00,DE00,coal,34.37000000
2030-02-19 00:00:00,DE00,coal,35.62000000
2030-02-20 00:00:00,DE00,coal,33.38000000
2030-02-21 00:00:00,DE00,coal,58.34000000
2030-02-22 00:00:00,DE00,coal,85.45000000
2030-02-23 00:00:00,DE00,coal,38.06000000
2030-02-24 00:00:00,DE00,coal,32.43000000
2030-02-25 00:00:00,DE00,coal,34.32000000
2030-02-26 00:00:00,DE00,coal,36.33000000
2030-02-27 00:00:00,DE00,coal,73.71000000
2030-02-28 00:00:00,DE00,coal,72.85000000
2030-03-01 00:00:00,DE00,coal,54.37000000
2030-03-02 00:00:00,DE00,coal,22.94000000
2030-03-03 00:00:00,DE00,coal,22.59000000
2030-03-04 00:00:00,DE00,coal,32.63000000
2030-03-05 00:00:00,DE00,coal,48.15000000
2030-03-06 00:00:00,DE00,coal,52.57000000
2030-03-07 00:00:00,DE00,coal,30.90000000
2030-03-08 00:00:00,DE00,coal,63.93000000
2030-03-09 00:00:00,DE00,coal,24.21000000
2030-03-10 00:00:00,DE00,coal,16.92000000
2030-03-11 00:00:00,DE00,coal,21.02000000
2030-03-12 00:00:00,DE00,coal,19.76000000
2030-03-13 00:00:00,DE00,coal,17.27000000
2030-03-14 00:00:00,DE00,coal,19.12000000
2030-03-15 00:00:00,DE00,coal,20.83000000
2030-03-16 00:00:00,DE00,coal,17.23000000
2030-03-17 00:00:00,DE00,coal,18.83000000
2030-03-18 00:00:00,DE00,coal,43.37000000
2030-03-19 00:00:00,DE00,coal,48.15000000
2030-03-20 00:00:00,DE00,coal,37.13000000
2030-03-21 00:00:00,DE00,coal,20.83000000
2030-03-22 00:00:00,DE00,coal,16.89000000
2030-03-23 00:00:00,DE00,coal,16.83000000
2030-03-24 00:00:00,DE00,coal,16.80000000
2030-03-25 00:00:00,DE00,coal,17.63000000
2030-03-26 00:00:00,DE00,coal,19.72000000
2030-03-27 00:00:00,DE00,coal,18.99000000
2030-03-28 00:00:00,DE00,coal,20.09000000
2030-03-29 00:00:00,DE00,coal,20.47000000
2030-03-30 00:00:00,DE00,coal,16.80000000
2030-03-31 00:00:00,DE00,coal,17.66000000
2030-04-01 00:00:00,DE00,coal,14.48000000
2030-04-02 00:00:00,DE00,coal,17.28000000
2030-04-03 00:00:00,DE00,coal,17.50000000
2030-04-04 00:00:00,DE00,coal,37.07000000
2030-04-05 00:00:00,DE00,coal,59.88000000
2030-04-06 00:00:00,DE00,coal,17.16000000
2030-04-07 00:00:00,DE00,coal,16.49000000
2030-04-08 00:00:00,DE00,coal,68.00000000
2030-04-09 00:00:00,DE00,coal,35.78000000
2030-04-10 00:00:00,DE00,coal,13.93000000
2030-04-11 00:00:00,DE00,coal,14.91000000
2030-04-12 00:00:00,DE00,coal,16.79000000
2030-04-13 00:00:00,DE00,coal,13.87000000
2030-04-14 00:00:00,DE00,coal,17.22000000
2030-04-15 00:00:00,DE00,coal,19.43000000
2030-04-16 00:00:00,DE00,coal,27.31000000
2030-04-17 00:00:00,DE00,coal,21.75000000
2030-04-18 00:00:00,DE00,coal,14.14000000
2030-04-19 00:00:00,DE00,coal,12.67000000
2030-04-20 00:00:00,DE00,coal,12.67000000
2030-04-21 00:00:00,DE00,coal,12.67000000
2030-04-22 00:00:00,DE00,coal,13.07000000
2030-04-23 00:00:00,DE00,coal,17.31000000
2030-04-24 00:00:00,DE00,coal,14.68000000
2030-04-25 00:00:00,DE00,coal,15.73000000
2030-04-26 00:00:00,DE00,coal,17.24000000
2030-04-27 00:00:00,DE00,coal,16.46000000
2030-04-28 00:00:00,DE00,coal,14.38000000
2030-04-29 00:00:00,DE00,coal,18.98000000
2030-04-30 00:00:00,DE00,coal,17.78000000
2030-05-01 00:00:00,DE00,coal,0.37000000
2030-05-02 00:00:00,DE00,coal,0.28000000
2030-05-03 00:00:00,DE00,coal,0.28000000
2030-05-04 00:00:00,DE00,coal,0.11000000
2030-05-05 00:00:00,DE00,coal,0.03000000
2030-05-06 00:00:00,DE00,coal,0.29000000
2030-05-07 00:00:00,DE00,coal,0.27000000
2030-05-08 00:00:00,DE00,coal,0.28000000
2030-05-09 00:00:00,DE00,coal,0.27000000
2030-05-10 00:00:00,DE00,coal,0.29000000
2030-05-11 00:00:00,DE00,coal,0.29000000
2030-05-12 00:00:00,DE00,coal,0.19000000
2030-05-13 00:00:00,DE00,coal,0.28000000
2030-05-14 00:00:00,DE00,coal,6.85000000
2030-05-15 00:00:00,DE00,coal,1.22000000
2030-05-16 00:00:00,DE00,coal,0.18000000
2030-05-17 00:00:00,DE00,coal,0.09000000
2030-05-18 00:00:00,DE00,coal,0.24000000
2030-05-19 00:00:00,DE00,coal,0.13000000
2030-05-20 00:00:00,DE00,coal,0.25000000
2030-05-21 00:00:00,DE00,coal,0.25000000
2030-05-22 00:00:00,DE00,coal,0.25000000
2030-05-23 00:00:00,DE00,coal,0.25000000
2030-05-24 00:00:00,DE00,coal,0.28000000
2030-05-25 00:00:00,DE00,coal,0.11000000
2030-05-26 00:00:00,DE00,coal,0.04000000
2030-05-27 00:00:00,DE00,coal,0.25000000
2030-05-28 00:00:00,DE00,coal,0.25000000
2030-05-29 00:00:00,DE00,coal,0.15000000
2030-05-30 00:00:00,DE00,coal,0.06000000
2030-05-31 00:00:00,DE00,coal,0.15000000
2030-06-01 00:00:00,DE00,coal,0.09000000
2030-06-02 00:00:00,DE00,coal,0.04000000
2030-06-03 00:00:00,DE00,coal,0.27000000
2030-06-04 00:00:00,DE00,coal,0.27000000
2030-06-05 00:00:00,DE00,coal,0.27000000
2030-06-06 00:00:00,DE00,coal,0.28000000
2030-06-07 00:00:00,DE00,coal,0.28000000
2030-06-08 00:00:00,DE00,coal,0.14000000
2030-06-09 00:00:00,DE00,coal,0.00000000
2030-06-10 00:00:00,DE00,coal,0.04000000
2030-06-11 00:00:00,DE00,coal,0.14000000
2030-06-12 00:00:00,DE00,coal,0.29000000
2030-06-13 00:00:00,DE00,coal,0.31000000
2030-06-14 00:00:00,DE00,coal,0.32000000
2030-06-15 00:00:00,DE00,coal,0.31000000
2030-06-16 00:00:00,DE00,coal,0.30000000
2030-06-17 00:00:00,DE00,coal,9.21000000
2030-06-18 00:00:00,DE00,coal,6.96000000
2030-06-19 00:00:00,DE00,coal,0.32000000
2030-06-20 00:00:00,DE00,coal,0.33000000
2030-06-21 00:00:00,DE00,coal,0.32000000
2030-06-22 00:00:00,DE00,coal,0.28000000
2030-06-23 00:00:00,DE00,coal,0.07000000
2030-06-24 00:00:00,DE00,coal,12.08000000
2030-06-25 00:00:00,DE00,coal,4.92000000
2030-06-26 00:00:00,DE00,coal,0.32000000
2030-06-27 00:00:00,DE00,coal,0.34000000
2030-06-28 00:00:00,DE00,coal,0.36000000
2030-06-29 00:00:00,DE00,coal,0.34000000
2030-06-30 00:00:00,DE00,coal,0.34000000
2030-07-01 00:00:00,DE00,coal,0.34000000
2030-07-02 00:00:00,DE00,coal,0.35000000
2030-07-03 00:00:00,DE00,coal,0.35000000
2030-07-04 00:00:00,DE00,coal,0.34000000
2030-07-05 00:00:00,DE00,coal,0.33000000
2030-07-06 00:00:00,DE00,coal,0.23000000
2030-07-07 00:00:00,DE00,coal,0.30000000
2030-07-08 00:00:00,DE00,coal,0.33000000
2030-07-09 00:00:00,DE00,coal,8.69000000
2030-07-10 00:00:00,DE00,coal,21.10000000
2030-07-11 00:00:00,DE00,coal,10.27000000
2030-07-12 00:00:00,DE00,coal,0.36000000
2030-07-13 00:00:00,DE00,coal,0.33000000
2030-07-14 00:00:00,DE00,coal,0.34000000
2030-07-15 00:00:00,DE00,coal,0.29000000
2030-07-16 00:00:00,DE00,coal,0.35000000
2030-07-17 00:00:00,DE00,coal,0.35000000
2030-07-18 00:00:00,DE00,coal,14.01000000
2030-07-19 00:00:00,DE00,coal,12.94000000
2030-07-20 00:00:00,DE00,coal,2.68000000
2030-07-21 00:00:00,DE00,coal,0.35000000
2030-07-22 00:00:00,DE00,coal,0.36000000
2030-07-23 00:00:00,DE00,coal,0.35000000
2030-07-24 00:00:00,DE00,coal,0.38000000
2030-07-25 00:00:00,DE00,coal,0.38000000
2030-07-26 00:00:00,DE00,coal,0.36000000
2030-07-27 00:00:00,DE00,coal,0.35000000
2030-07-28 00:00:00,DE00,coal,0.34000000
2030-07-29 00:00:00,DE00,coal,0.36000000
2030-07-30 00:00:00,DE00,coal,0.35000000
2030-07-31 00:00:00,DE00,coal,0.36000000
2030-08-01 00:00:00,DE00,coal,0.28000000
2030-08-02 00:00:00,DE00,coal,0.17000000
2030-08-03 00:00:00,DE00,coal,0.00000000
2030-08-04 00:00:00,DE00,coal,0.32000000
2030-08-05 00:00:00,DE00,coal,0.38000000
2030-08-06 00:00:00,DE00,coal,0.38000000
2030-08-07 00:00:00,DE00,coal,0.04000000
2030-08-08 00:00:00,DE00,coal,0.04000000
2030-08-09 00:00:00,DE00,coal,0.35000000
2030-08-10 00:00:00,DE00,coal,0.33000000
2030-08-11 00:00:00,DE00,coal,0.22000000
2030-08-12 00:00:00,DE00,coal,0.35000000
2030-08-13 00:00:00,DE00,coal,0.35000000
2030-08-14 00:00:00,DE00,coal,0.36000000
2030-08-15 00:00:00,DE00,coal,0.35000000
2030-08-16 00:00:00,DE00,coal,0.37000000
2030-08-17 00:00:00,DE00,coal,0.33000000
2030-08-18 00:00:00,DE00,coal,0.28000000
2030-08-19 00:00:00,DE00,coal,0.30000000
2030-08-20 00:00:00,DE00,coal,22.12000000
2030-08-21 00:00:00,DE00,coal,41.56000000
2030-08-22 00:00:00,DE00,coal,35.85000000
2030-08-23 00:00:00,DE00,coal,26.63000000
2030-08-24 00:00:00,DE00,coal,3.49000000
2030-08-25 00:00:00,DE00,coal,0.36000000
2030-08-26 00:00:00,DE00,coal,17.92000000
2030-08-27 00:00:00,DE00,coal,24.22000000
2030-08-28 00:00:00,DE00,coal,24.27000000
2030-08-29 00:00:00,DE00,coal,61.54000000
2030-08-30 00:00:00,DE00,coal,3.07000000
2030-08-31 00:00:00,DE00,coal,0.33000000
2030-09-01 00:00:00,DE00,coal,0.13000000
2030-09-02 00:00:00,DE00,coal,18.06000000
2030-09-03 00:00:00,DE00,coal,14.09000000
2030-09-04 00:00:00,DE00,coal,2.87000000
2030-09-05 00:00:00,DE00,coal,0.40000000
2030-09-06 00:00:00,DE00,coal,0.39000000
2030-09-07 00:00:00,DE00,coal,0.32000000
2030-09-08 00:00:00,DE00,coal,0.27000000
2030-09-09 00:00:00,DE00,coal,22.58000000
2030-09-10 00:00:00,DE00,coal,59.71000000
2030-09-11 00:00:00,DE00,coal,27.53000000
2030-09-12 00:00:00,DE00,coal,39.78000000
2030-09-13 00:00:00,DE00,coal,1.18000000
2030-09-14 00:00:00,DE00,coal,0.39000000
2030-09-15 00:00:00,DE00,coal,0.38000000
2030-09-16 00:00:00,DE00,coal,23.32000000
2030-09-17 00:00:00,DE00,coal,7.15000000
2030-09-18 00:00:00,DE00,coal,0.25000000
2030-09-19 00:00:00,DE00,coal,0.03000000
2030-09-20 00:00:00,DE00,coal,0.09000000
2030-09-21 00:00:00,DE00,coal,0.14000000
2030-09-22 00:00:00,DE00,coal,0.13000000
2030-09-23 00:00:00,DE00,coal,0.32000000
2030-09-24 00:00:00,DE00,coal,0.32000000
2030-09-25 00:00:00,DE00,coal,21.97000000
2030-09-26 00:00:00,DE00,coal,53.66000000
2030-09-27 00:00:00,DE00,coal,26.75000000
2030-09-28 00:00:00,DE00,coal,0.14000000
2030-09-29 00:00:00,DE00,coal,0.00000000
2030-09-30 00:00:00,DE00,coal,0.31000000
2030-10-01 00:00:00,DE00,coal,0.10000000
2030-10-02 00:00:00,DE00,coal,0.16000000
2030-10-03 00:00:00,DE00,coal,0.34000000
2030-10-04 00:00:00,DE00,coal,0.34000000
2030-10-05 00:00:00,DE00,coal,0.00000000
2030-10-06 00:00:00,DE00,coal,0.00000000
2030-10-07 00:00:00,DE00,coal,0.16000000
2030-10-08 00:00:00,DE00,coal,0.37000000
2030-10-09 00:00:00,DE00,coal,0.45000000
2030-10-10 00:00:00,DE00,coal,0.38000000
2030-10-11 00:00:00,DE00,coal,31.00000000
2030-10-12 00:00:00,DE00,coal,4.35000000
2030-10-13 00:00:00,DE00,coal,0.48000000
2030-10-14 00:00:00,DE00,coal,55.92000000
2030-10-15 00:00:00,DE00,coal,25.43000000
2030-10-16 00:00:00,DE00,coal,14.75000000
2030-10-17 00:00:00,DE00,coal,4.61000000
2030-10-18 00:00:00,DE00,coal,4.59000000
2030-10-19 00:00:00,DE00,coal,0.42000000
2030-10-20 00:00:00,DE00,coal,0.00000000
2030-10-21 00:00:00,DE00,coal,29.03000000
2030-10-22 00:00:00,DE00,coal,36.53000000
2030-10-23 00:00:00,DE00,coal,24.66000000
2030-10-24 00:00:00,DE00,coal,0.12000000
2030-10-25 00:00:00,DE00,coal,0.36000000
2030-10-26 00:00:00,DE00,coal,0.38000000
2030-10-27 00:00:00,DE00,coal,0.16000000
2030-10-28 00:00:00,DE00,coal,0.45000000
2030-10-29 00:00:00,DE00,coal,59.89000000
2030-10-30 00:00:00,DE00,coal,58.54000000
2030-10-31 00:00:00,DE00,coal,60.70000000
2030-11-01 00:00:00,DE00,coal,14.36000000
2030-11-02 00:00:00,DE00,coal,12.67000000
2030-11-03 00:00:00,DE00,coal,12.67000000
2030-11-04 00:00:00,DE00,coal,37.65000000
2030-11-05 00:00:00,DE00,coal,18.49000000
2030-11-06 00:00:00,DE00,coal,17.66000000
2030-11-07 00:00:00,DE00,coal,17.81000000
2030-11-08 00:00:00,DE00,coal,14.63000000
2030-11-09 00:00:00,DE00,coal,12.67000000
2030-11-10 00:00:00,DE00,coal,12.67000000
2030-11-11 00:00:00,DE00,coal,18.11000000
2030-11-12 00:00:00,DE00,coal,76.20000000
2030-11-13 00:00:00,DE00,coal,67.89000000
2030-11-14 00:00:00,DE00,coal,32.66000000
2030-11-15 00:00:00,DE00,coal,25.71000000
2030-11-16 00:00:00,DE00,coal,14.74000000
2030-11-17 00:00:00,DE00,coal,13.37000000
2030-11-18 00:00:00,DE00,coal,33.41000000
2030-11-19 00:00:00,DE00,coal,74.41000000
2030-11-20 00:00:00,DE00,coal,95.51000000
2030-11-21 00:00:00,DE00,coal,76.48000000
2030-11-22 00:00:00,DE00,coal,19.82000000
2030-11-23 00:00:00,DE00,coal,14.53000000
2030-11-24 00:00:00,DE00,coal,16.29000000
2030-11-25 00:00:00,DE00,coal,49.28000000
2030-11-26 00:00:00,DE00,coal,78.60000000
2030-11-27 00:00:00,DE00,coal,37.74000000
2030-11-28 00:00:00,DE00,coal,73.79000000
2030-11-29 00:00:00,DE00,coal,96.48000000
2030-11-30 00:00:00,DE00,coal,82.56000000
2030-12-01 00:00:00,DE00,coal,51.09000000
2030-12-02 00:00:00,DE00,coal,32.82000000
2030-12-03 00:00:00,DE00,coal,55.68000000
2030-12-04 00:00:00,DE00,coal,41.50000000
2030-12-05 00:00:00,DE00,coal,61.13000000
2030-12-06 00:00:00,DE00,coal,76.02000000
2030-12-07 00:00:00,DE00,coal,18.97000000
2030-12-08 00:00:00,DE00,coal,46.69000000
2030-12-09 00:00:00,DE00,coal,88.62000000
2030-12-10 00:00:00,DE00,coal,99.36000000
2030-12-11 00:00:00,DE00,coal,101.57000000
2030-12-12 00:00:00,DE00,coal,98.11000000
2030-12-13 00:00:00,DE00,coal,77.60000000
2030-12-14 00:00:00,DE00,coal,49.04000000
2030-12-15 00:00:00,DE00,coal,19.90000000
2030-12-16 00:00:00,DE00,coal,81.48000000
2030-12-17 00:00:00,DE00,coal,76.38000000
2030-12-18 00:00:00,DE00,coal,23.64000000
2030-12-19 00:00:00,DE00,coal,19.25000000
2030-12-20 00:00:00,DE00,coal,18.82000000
2030-12-21 00:00:00,DE00,coal,18.16000000
2030-12-22 00:00:00,DE00,coal,16.96000000
2030-12-23 00:00:00,DE00,coal,34.50000000
2030-12-24 00:00:00,DE00,coal,17.03000000
2030-12-25 00:00:00,DE00,coal,16.97000000
2030-12-26 00:00:00,DE00,coal,16.80000000
2030-12-27 00:00:00,DE00,coal,16.80000000
2030-12-28 00:00:00,DE00,coal,16.80000000
2030-12-29 00:00:00,DE00,coal,16.80000000
2030-12-30 00:00:00,DE00,coal,16.80000000
2030-12-31 00:00:00,DE00,coal,16.80000000
2030-01-01 00:00:00,DE00,lignite,57.16000000
2030-01-02 00:00:00,DE00,lignite,62.74000000
2030-01-03 00:00:00,DE00,lignite,77.32000000
2030-01-04 00:00:00,DE00,lignite,59.70000000
2030-01-05 00:00:00,DE00,lignite,64.12000000
2030-01-06 00:00:00,DE00,lignite,62.60000000
2030-01-07 00:00:00,DE00,lignite,68.19000000
2030-01-08 00:00:00,DE00,lignite,84.31000000
2030-01-09 00:00:00,DE00,lignite,90.90000000
2030-01-10 00:00:00,DE00,lignite,91.61000000
2030-01-11 00:00:00,DE00,lignite,66.58000000
2030-01-12 00:00:00,DE00,lignite,61.15000000
2030-01-13 00:00:00,DE00,lignite,61.15000000
2030-01-14 00:00:00,DE00,lignite,61.67000000
2030-01-15 00:00:00,DE00,lignite,60.09000000
2030-01-16 00:00:00,DE00,lignite,72.14000000
2030-01-17 00:00:00,DE00,lignite,104.49000000
2030-01-18 00:00:00,DE00,lignite,142.53000000
2030-01-19 00:00:00,DE00,lignite,106.93000000
2030-01-20 00:00:00,DE00,lignite,188.60000000
2030-01-21 00:00:00,DE00,lignite,189.99000000
2030-01-22 00:00:00,DE00,lignite,182.76000000
2030-01-23 00:00:00,DE00,lignite,198.17000000
2030-01-24 00:00:00,DE00,lignite,218.50000000
2030-01-25 00:00:00,DE00,lignite,221.73000000
2030-01-26 00:00:00,DE00,lignite,204.44000000
2030-01-27 00:00:00,DE00,lignite,189.16000000
2030-01-28 00:00:00,DE00,lignite,205.61000000
2030-01-29 00:00:00,DE00,lignite,131.23000000
2030-01-30 00:00:00,DE00,lignite,70.33000000
2030-01-31 00:00:00,DE00,lignite,65.95000000
2030-02-01 00:00:00,DE00,lignite,61.15000000
2030-02-02 00:00:00,DE00,lignite,63.33000000
2030-02-03 00:00:00,DE00,lignite,61.49000000
2030-02-04 00:00:00,DE00,lignite,140.71000000
2030-02-05 00:00:00,DE00,lignite,146.35000000
2030-02-06 00:00:00,DE00,lignite,177.35000000
2030-02-07 00:00:00,DE00,lignite,162.04000000
2030-02-08 00:00:00,DE00,lignite,119.05000000
2030-02-09 00:00:00,DE00,lignite,69.18000000
2030-02-10 00:00:00,DE00,lignite,61.67000000
2030-02-11 00:00:00,DE00,lignite,87.57000000
2030-02-12 00:00:00,DE00,lignite,166.79000000
2030-02-13 00:00:00,DE00,lignite,165.06000000
2030-02-14 00:00:00,DE00,lignite,179.61000000
2030-02-15 00:00:00,DE00,lignite,145.38000000
2030-02-16 00:00:00,DE00,lignite,71.65000000
2030-02-17 00:00:00,DE00,lignite,59.12000000
2030-02-18 00:00:00,DE00,lignite,62.12000000
2030-02-19 00:00:00,DE00,lignite,64.07000000
2030-02-20 00:00:00,DE00,lignite,46.50000000
2030-02-21 00:00:00,DE00,lignite,92.58000000
2030-02-22 00:00:00,DE00,lignite,150.58000000
2030-02-23 00:00:00,DE00,lignite,110.00000000
2030-02-24 00:00:00,DE00,lignite,63.45000000
2030-02-25 00:00:00,DE00,lignite,62.80000000
2030-02-26 00:00:00,DE00,lignite,79.87000000
2030-02-27 00:00:00,DE00,lignite,125.59000000
2030-02-28 00:00:00,DE00,lignite,140.02000000
2030-03-01 00:00:00,DE00,lignite,138.03000000
2030-03-02 00:00:00,DE00,lignite,111.06000000
2030-03-03 00:00:00,DE00,lignite,117.97000000
2030-03-04 00:00:00,DE00,lignite,107.08000000
2030-03-05 00:00:00,DE00,lignite,110.37000000
2030-03-06 00:00:00,DE00,lignite,118.97000000
2030-03-07 00:00:00,DE00,lignite,103.71000000
2030-03-08 00:00:00,DE00,lignite,114.94000000
2030-03-09 00:00:00,DE00,lignite,127.24000000
2030-03-10 00:00:00,DE00,lignite,67.25000000
2030-03-11 00:00:00,DE00,lignite,75.60000000
2030-03-12 00:00:00,DE00,lignite,71.61000000
2030-03-13 00:00:00,DE00,lignite,58.34000000
2030-03-14 00:00:00,DE00,lignite,59.21000000
2030-03-15 00:00:00,DE00,lignite,67.92000000
2030-03-16 00:00:00,DE00,lignite,59.02000000
2030-03-17 00:00:00,DE00,lignite,72.75000000
2030-03-18 00:00:00,DE00,lignite,87.85000000
2030-03-19 00:00:00,DE00,lignite,102.67000000
2030-03-20 00:00:00,DE00,lignite,110.30000000
2030-03-21 00:00:00,DE00,lignite,90.04000000
2030-03-22 00:00:00,DE00,lignite,58.80000000
2030-03-23 00:00:00,DE00,lignite,56.35000000
2030-03-24 00:00:00,DE00,lignite,56.35000000
2030-03-25 00:00:00,DE00,lignite,56.96000000
2030-03-26 00:00:00,DE00,lignite,51.13000000
2030-03-27 00:00:00,DE00,lignite,58.28000000
2030-03-28 00:00:00,DE00,lignite,62.21000000
2030-03-29 00:00:00,DE00,lignite,66.58000000
2030-03-30 00:00:00,DE00,lignite,56.35000000
2030-03-31 00:00:00,DE00,lignite,36.37000000
2030-04-01 00:00:00,DE00,lignite,33.78000000
2030-04-02 00:00:00,DE00,lignite,33.72000000
2030-04-03 00:00:00,DE00,lignite,38.47000000
2030-04-04 00:00:00,DE00,lignite,54.98000000
2030-04-05 00:00:00,DE00,lignite,69.19000000
2030-04-06 00:00:00,DE00,lignite,48.01000000
2030-04-07 00:00:00,DE00,lignite,43.56000000
2030-04-08 00:00:00,DE00,lignite,72.27000000
2030-04-09 00:00:00,DE00,lignite,65.77000000
2030-04-10 00:00:00,DE00,lignite,36.15000000
2030-04-11 00:00:00,DE00,lignite,31.11000000
2030-04-12 00:00:00,DE00,lignite,33.45000000
2030-04-13 00:00:00,DE00,lignite,33.70000000
2030-04-14 00:00:00,DE00,lignite,35.12000000
2030-04-15 00:00:00,DE00,lignite,42.34000000
2030-04-16 00:00:00,DE00,lignite,56.44000000
2030-04-17 00:00:00,DE00,lignite,49.30000000
2030-04-18 00:00:00,DE00,lignite,33.31000000
2030-04-19 00:00:00,DE00,lignite,31.87000000
2030-04-20 00:00:00,DE00,lignite,31.87000000
2030-04-21 00:00:00,DE00,lignite,31.87000000
2030-04-22 00:00:00,DE00,lignite,29.24000000
2030-04-23 00:00:00,DE00,lignite,29.49000000
2030-04-24 00:00:00,DE00,lignite,32.91000000
2030-04-25 00:00:00,DE00,lignite,32.85000000
2030-04-26 00:00:00,DE00,lignite,34.34000000
2030-04-27 00:00:00,DE00,lignite,34.91000000
2030-04-28 00:00:00,DE00,lignite,34.00000000
2030-04-29 00:00:00,DE00,lignite,44.13000000
2030-04-30 00:00:00,DE00,lignite,39.19000000
2030-05-01 00:00:00,DE00,lignite,24.76000000
2030-05-02 00:00:00,DE00,lignite,25.71000000
2030-05-03 00:00:00,DE00,lignite,27.38000000
2030-05-04 00:00:00,DE00,lignite,25.09000000
2030-05-05 00:00:00,DE00,lignite,24.82000000
2030-05-06 00:00:00,DE00,lignite,25.21000000
2030-05-07 00:00:00,DE00,lignite,25.21000000
2030-05-08 00:00:00,DE00,lignite,23.44000000
2030-05-09 00:00:00,DE00,lignite,25.20000000
2030-05-10 00:00:00,DE00,lignite,33.90000000
2030-05-11 00:00:00,DE00,lignite,35.60000000
2030-05-12 00:00:00,DE00,lignite,26.44000000
2030-05-13 00:00:00,DE00,lignite,35.16000000
2030-05-14 00:00:00,DE00,lignite,48.89000000
2030-05-15 00:00:00,DE00,lignite,41.42000000
2030-05-16 00:00:00,DE00,lignite,24.67000000
2030-05-17 00:00:00,DE00,lignite,25.00000000
2030-05-18 00:00:00,DE00,lignite,25.56000000
2030-05-19 00:00:00,DE00,lignite,25.20000000
2030-05-20 00:00:00,DE00,lignite,25.41000000
2030-05-21 00:00:00,DE00,lignite,23.66000000
2030-05-22 00:00:00,DE00,lignite,23.27000000
2030-05-23 00:00:00,DE00,lignite,24.78000000
2030-05-24 00:00:00,DE00,lignite,33.26000000
2030-05-25 00:00:00,DE00,lignite,30.85000000
2030-05-26 00:00:00,DE00,lignite,22.65000000
2030-05-27 00:00:00,DE00,lignite,29.98000000
2030-05-28 00:00:00,DE00,lignite,34.23000000
2030-05-29 00:00:00,DE00,lignite,21.55000000
2030-05-30 00:00:00,DE00,lignite,22.70000000
2030-05-31 00:00:00,DE00,lignite,24.72000000
2030-06-01 00:00:00,DE00,lignite,23.44000000
2030-06-02 00:00:00,DE00,lignite,23.01000000
2030-06-03 00:00:00,DE00,lignite,23.53000000
2030-06-04 00:00:00,DE00,lignite,27.06000000
2030-06-05 00:00:00,DE00,lignite,28.38000000
2030-06-06 00:00:00,DE00,lignite,33.02000000
2030-06-07 00:00:00,DE00,lignite,38.92000000
2030-06-08 00:00:00,DE00,lignite,28.06000000
2030-06-09 00:00:00,DE00,lignite,24.67000000
2030-06-10 00:00:00,DE00,lignite,24.67000000
2030-06-11 00:00:00,DE00,lignite,19.18000000
2030-06-12 00:00:00,DE00,lignite,17.41000000
2030-06-13 00:00:00,DE00,lignite,21.18000000
2030-06-14 00:00:00,DE00,lignite,22.21000000
2030-06-15 00:00:00,DE00,lignite,25.58000000
2030-06-16 00:00:00,DE00,lignite,26.31000000
2030-06-17 00:00:00,DE00,lignite,41.63000000
2030-06-18 00:00:00,DE00,lignite,50.51000000
2030-06-19 00:00:00,DE00,lignite,40.85000000
2030-06-20 00:00:00,DE00,lignite,36.93000000
2030-06-21 00:00:00,DE00,lignite,33.64000000
2030-06-22 00:00:00,DE00,lignite,38.58000000
2030-06-23 00:00:00,DE00,lignite,25.84000000
2030-06-24 00:00:00,DE00,lignite,37.20000000
2030-06-25 00:00:00,DE00,lignite,51.04000000
2030-06-26 00:00:00,DE00,lignite,31.34000000
2030-06-27 00:00:00,DE00,lignite,23.86000000
2030-06-28 00:00:00,DE00,lignite,32.33000000
2030-06-29 00:00:00,DE00,lignite,33.49000000
2030-06-30 00:00:00,DE00,lignite,28.21000000
2030-07-01 00:00:00,DE00,lignite,27.18000000
2030-07-02 00:00:00,DE00,lignite,24.92000000
2030-07-03 00:00:00,DE00,lignite,21.70000000
2030-07-04 00:00:00,DE00,lignite,24.68000000
2030-07-05 00:00:00,DE00,lignite,24.70000000
2030-07-06 00:00:00,DE00,lignite,24.86000000
2030-07-07 00:00:00,DE00,lignite,39.65000000
2030-07-08 00:00:00,DE00,lignite,41.50000000
2030-07-09 00:00:00,DE00,lignite,43.61000000
2030-07-10 00:00:00,DE00,lignite,55.94000000
2030-07-11 00:00:00,DE00,lignite,52.79000000
2030-07-12 00:00:00,DE00,lignite,30.72000000
2030-07-13 00:00:00,DE00,lignite,26.70000000
2030-07-14 00:00:00,DE00,lignite,26.99000000
2030-07-15 00:00:00,DE00,lignite,26.32000000
2030-07-16 00:00:00,DE00,lignite,24.31000000
2030-07-17 00:00:00,DE00,lignite,22.80000000
2030-07-18 00:00:00,DE00,lignite,35.30000000
2030-07-19 00:00:00,DE00,lignite,61.50000000
2030-07-20 00:00:00,DE00,lignite,37.69000000
2030-07-21 00:00:00,DE00,lignite,28.33000000
2030-07-22 00:00:00,DE00,lignite,27.74000000
2030-07-23 00:00:00,DE00,lignite,25.14000000
2030-07-24 00:00:00,DE00,lignite,24.71000000
2030-07-25 00:00:00,DE00,lignite,26.45000000
2030-07-26 00:00:00,DE00,lignite,27.31000000
2030-07-27 00:00:00,DE00,lignite,25.99000000
2030-07-28 00:00:00,DE00,lignite,26.81000000
2030-07-29 00:00:00,DE00,lignite,27.82000000
2030-07-30 00:00:00,DE00,lignite,26.13000000
2030-07-31 00:00:00,DE00,lignite,24.80000000
2030-08-01 00:00:00,DE00,lignite,25.22000000
2030-08-02 00:00:00,DE00,lignite,24.90000000
2030-08-03 00:00:00,DE00,lignite,24.67000000
2030-08-04 00:00:00,DE00,lignite,22.25000000
2030-08-05 00:00:00,DE00,lignite,36.78000000
2030-08-06 00:00:00,DE00,lignite,35.51000000
2030-08-07 00:00:00,DE00,lignite,24.67000000
2030-08-08 00:00:00,DE00,lignite,21.28000000
2030-08-09 00:00:00,DE00,lignite,21.21000000
2030-08-10 00:00:00,DE00,lignite,25.75000000
2030-08-11 00:00:00,DE00,lignite,26.63000000
2030-08-12 00:00:00,DE00,lignite,26.72000000
2030-08-13 00:00:00,DE00,lignite,40.77000000
2030-08-14 00:00:00,DE00,lignite,50.95000000
2030-08-15 00:00:00,DE00,lignite,46.90000000
2030-08-16 00:00:00,DE00,lignite,38.37000000
2030-08-17 00:00:00,DE00,lignite,26.21000000
2030-08-18 00:00:00,DE00,lignite,26.06000000
2030-08-19 00:00:00,DE00,lignite,34.25000000
2030-08-20 00:00:00,DE00,lignite,53.02000000
2030-08-21 00:00:00,DE00,lignite,61.45000000
2030-08-22 00:00:00,DE00,lignite,69.04000000
2030-08-23 00:00:00,DE00,lignite,70.22000000
2030-08-24 00:00:00,DE00,lignite,48.17000000
2030-08-25 00:00:00,DE00,lignite,37.18000000
2030-08-26 00:00:00,DE00,lignite,57.76000000
2030-08-27 00:00:00,DE00,lignite,52.87000000
2030-08-28 00:00:00,DE00,lignite,55.30000000
2030-08-29 00:00:00,DE00,lignite,83.87000000
2030-08-30 00:00:00,DE00,lignite,64.02000000
2030-08-31 00:00:00,DE00,lignite,33.73000000
2030-09-01 00:00:00,DE00,lignite,43.09000000
2030-09-02 00:00:00,DE00,lignite,58.68000000
2030-09-03 00:00:00,DE00,lignite,61.37000000
2030-09-04 00:00:00,DE00,lignite,51.06000000
2030-09-05 00:00:00,DE00,lignite,50.99000000
2030-09-06 00:00:00,DE00,lignite,39.28000000
2030-09-07 00:00:00,DE00,lignite,24.75000000
2030-09-08 00:00:00,DE00,lignite,35.24000000
2030-09-09 00:00:00,DE00,lignite,60.69000000
2030-09-10 00:00:00,DE00,lignite,74.53000000
2030-09-11 00:00:00,DE00,lignite,64.96000000
2030-09-12 00:00:00,DE00,lignite,58.52000000
2030-09-13 00:00:00,DE00,lignite,48.99000000
2030-09-14 00:00:00,DE00,lignite,39.82000000
2030-09-15 00:00:00,DE00,lignite,27.67000000
2030-09-16 00:00:00,DE00,lignite,47.37000000
2030-09-17 00:00:00,DE00,lignite,49.39000000
2030-09-18 00:00:00,DE00,lignite,31.58000000
2030-09-19 00:00:00,DE00,lignite,24.67000000
2030-09-20 00:00:00,DE00,lignite,23.19000000
2030-09-21 00:00:00,DE00,lignite,24.67000000
2030-09-22 00:00:00,DE00,lignite,25.23000000
2030-09-23 00:00:00,DE00,lignite,36.05000000
2030-09-24 00:00:00,DE00,lignite,29.43000000
2030-09-25 00:00:00,DE00,lignite,39.66000000
2030-09-26 00:00:00,DE00,lignite,63.16000000
2030-09-27 00:00:00,DE00,lignite,49.39000000
2030-09-28 00:00:00,DE00,lignite,26.84000000
2030-09-29 00:00:00,DE00,lignite,24.77000000
2030-09-30 00:00:00,DE00,lignite,39.57000000
2030-10-01 00:00:00,DE00,lignite,40.03000000
2030-10-02 00:00:00,DE00,lignite,31.06000000
2030-10-03 00:00:00,DE00,lignite,36.03000000
2030-10-04 00:00:00,DE00,lignite,36.79000000
2030-10-05 00:00:00,DE00,lignite,35.71000000
2030-10-06 00:00:00,DE00,lignite,33.60000000
2030-10-07 00:00:00,DE00,lignite,34.31000000
2030-10-08 00:00:00,DE00,lignite,39.50000000
2030-10-09 00:00:00,DE00,lignite,39.42000000
2030-10-10 00:00:00,DE00,lignite,38.32000000
2030-10-11 00:00:00,DE00,lignite,55.17000000
2030-10-12 00:00:00,DE00,lignite,66.78000000
2030-10-13 00:00:00,DE00,lignite,71.89000000
2030-10-14 00:00:00,DE00,lignite,82.50000000
2030-10-15 00:00:00,DE00,lignite,57.62000000
2030-10-16 00:00:00,DE00,lignite,54.09000000
2030-10-17 00:00:00,DE00,lignite,48.47000000
2030-10-18 00:00:00,DE00,lignite,58.49000000
2030-10-19 00:00:00,DE00,lignite,45.55000000
2030-10-20 00:00:00,DE00,lignite,36.30000000
2030-10-21 00:00:00,DE00,lignite,58.96000000
2030-10-22 00:00:00,DE00,lignite,66.30000000
2030-10-23 00:00:00,DE00,lignite,54.28000000
2030-10-24 00:00:00,DE00,lignite,36.97000000
2030-10-25 00:00:00,DE00,lignite,39.28000000
2030-10-26 00:00:00,DE00,lignite,44.97000000
2030-10-27 00:00:00,DE00,lignite,35.71000000
2030-10-28 00:00:00,DE00,lignite,42.71000000
2030-10-29 00:00:00,DE00,lignite,63.78000000
2030-10-30 00:00:00,DE00,lignite,73.57000000
2030-10-31 00:00:00,DE00,lignite,79.10000000
2030-11-01 00:00:00,DE00,lignite,38.87000000
2030-11-02 00:00:00,DE00,lignite,35.71000000
2030-11-03 00:00:00,DE00,lignite,36.50000000
2030-11-04 00:00:00,DE00,lignite,57.25000000
2030-11-05 00:00:00,DE00,lignite,53.04000000
2030-11-06 00:00:00,DE00,lignite,39.85000000
2030-11-07 00:00:00,DE00,lignite,38.51000000
2030-11-08 00:00:00,DE00,lignite,36.90000000
2030-11-09 00:00:00,DE00,lignite,35.71000000
2030-11-10 00:00:00,DE00,lignite,35.71000000
2030-11-11 00:00:00,DE00,lignite,44.58000000
2030-11-12 00:00:00,DE00,lignite,77.98000000
2030-11-13 00:00:00,DE00,lignite,83.36000000
2030-11-14 00:00:00,DE00,lignite,65.39000000
2030-11-15 00:00:00,DE00,lignite,56.44000000
2030-11-16 00:00:00,DE00,lignite,42.29000000
2030-11-17 00:00:00,DE00,lignite,37.22000000
2030-11-18 00:00:00,DE00,lignite,58.37000000
2030-11-19 00:00:00,DE00,lignite,86.44000000
2030-11-20 00:00:00,DE00,lignite,113.74000000
2030-11-21 00:00:00,DE00,lignite,107.50000000
2030-11-22 00:00:00,DE00,lignite,59.17000000
2030-11-23 00:00:00,DE00,lignite,37.45000000
2030-11-24 00:00:00,DE00,lignite,49.37000000
2030-11-25 00:00:00,DE00,lignite,77.74000000
2030-11-26 00:00:00,DE00,lignite,99.57000000
2030-11-27 00:00:00,DE00,lignite,80.70000000
2030-11-28 00:00:00,DE00,lignite,101.10000000
2030-11-29 00:00:00,DE00,lignite,127.74000000
2030-11-30 00:00:00,DE00,lignite,139.26000000
2030-12-01 00:00:00,DE00,lignite,122.45000000
2030-12-02 00:00:00,DE00,lignite,103.00000000
2030-12-03 00:00:00,DE00,lignite,86.63000000
2030-12-04 00:00:00,DE00,lignite,79.85000000
2030-12-05 00:00:00,DE00,lignite,101.23000000
2030-12-06 00:00:00,DE00,lignite,111.06000000
2030-12-07 00:00:00,DE00,lignite,41.18000000
2030-12-08 00:00:00,DE00,lignite,80.99000000
2030-12-09 00:00:00,DE00,lignite,119.59000000
2030-12-10 00:00:00,DE00,lignite,132.99000000
2030-12-11 00:00:00,DE00,lignite,136.44000000
2030-12-12 00:00:00,DE00,lignite,146.88000000
2030-12-13 00:00:00,DE00,lignite,127.01000000
2030-12-14 00:00:00,DE00,lignite,98.29000000
2030-12-15 00:00:00,DE00,lignite,78.84000000
2030-12-16 00:00:00,DE00,lignite,116.83000000
2030-12-17 00:00:00,DE00,lignite,109.77000000
2030-12-18 00:00:00,DE00,lignite,75.54000000
2030-12-19 00:00:00,DE00,lignite,38.37000000
2030-12-20 00:00:00,DE00,lignite,36.44000000
2030-12-21 00:00:00,DE00,lignite,36.07000000
2030-12-22 00:00:00,DE00,lignite,35.88000000
2030-12-23 00:00:00,DE00,lignite,62.35000000
2030-12-24 00:00:00,DE00,lignite,37.02000000
2030-12-25 00:00:00,DE00,lignite,35.85000000
2030-12-26 00:00:00,DE00,lignite,35.71000000
2030-12-27 00:00:00,DE00,lignite,28.76000000
2030-12-28 00:00:00,DE00,lignite,27.31000000
2030-12-29 00:00:00,DE00,lignite,24.97000000
2030-12-30 00:00:00,DE00,lignite,23.63000000
2030-12-31 00:00:00,DE00,lignite,24.37000000
2030-01-01 00:00:00,DE00,oil-light,7.20000000
2030-01-02 00:00:00,DE00,oil-light,7.20000000
2030-01-03 00:00:00,DE00,oil-light,7.20000000
2030-01-04 00:00:00,DE00,oil-light,7.20000000
2030-01-05 00:00:00,DE00,oil-light,7.20000000
2030-01-06 00:00:00,DE00,oil-light,7.20000000
2030-01-07 00:00:00,DE00,oil-light,7.20000000
2030-01-08 00:00:00,DE00,oil-light,7.20000000
2030-01-09 00:00:00,DE00,oil-light,7.20000000
2030-01-10 00:00:00,DE00,oil-light,7.20000000
2030-01-11 00:00:00,DE00,oil-light,7.20000000
2030-01-12 00:00:00,DE00,oil-light,7.20000000
2030-01-13 00:00:00,DE00,oil-light,7.20000000
2030-01-14 00:00:00,DE00,oil-light,7.20000000
2030-01-15 00:00:00,DE00,oil-light,7.20000000
2030-01-16 00:00:00,DE00,oil-light,7.20000000
2030-01-17 00:00:00,DE00,oil-light,7.20000000
2030-01-18 00:00:00,DE00,oil-light,7.20000000
2030-01-19 00:00:00,DE00,oil-light,7.20000000
2030-01-20 00:00:00,DE00,oil-light,7.36000000
2030-01-21 00:00:00,DE00,oil-light,8.11000000
2030-01-22 00:00:00,DE00,oil-light,9.00000000
2030-01-23 00:00:00,DE00,oil-light,10.92000000
2030-01-24 00:00:00,DE00,oil-light,11.31000000
2030-01-25 00:00:00,DE00,oil-light,10.09000000
2030-01-26 00:00:00,DE00,oil-light,7.28000000
2030-01-27 00:00:00,DE00,oil-light,7.59000000
2030-01-28 00:00:00,DE00,oil-light,8.64000000
2030-01-29 00:00:00,DE00,oil-light,7.20000000
2030-01-30 00:00:00,DE00,oil-light,7.20000000
2030-01-31 00:00:00,DE00,oil-light,7.20000000
2030-02-01 00:00:00,DE00,oil-light,7.20000000
2030-02-02 00:00:00,DE00,oil-light,7.20000000
2030-02-03 00:00:00,DE00,oil-light,7.20000000
2030-02-04 00:00:00,DE00,oil-light,7.75000000
2030-02-05 00:00:00,DE00,oil-light,7.20000000
2030-02-06 00:00:00,DE00,oil-light,8.19000000
2030-02-07 00:00:00,DE00,oil-light,8.03000000
2030-02-08 00:00:00,DE00,oil-light,7.32000000
2030-02-09 00:00:00,DE00,oil-light,7.20000000
2030-02-10 00:00:00,DE00,oil-light,7.20000000
2030-02-11 00:00:00,DE00,oil-light,7.20000000
2030-02-12 00:00:00,DE00,oil-light,8.11000000
2030-02-13 00:00:00,DE00,oil-light,7.99000000
2030-02-14 00:00:00,DE00,oil-light,8.03000000
2030-02-15 00:00:00,DE00,oil-light,7.40000000
2030-02-16 00:00:00,DE00,oil-light,7.20000000
2030-02-17 00:00:00,DE00,oil-light,7.20000000
2030-02-18 00:00:00,DE00,oil-light,7.20000000
2030-02-19 00:00:00,DE00,oil-light,7.20000000
2030-02-20 00:00:00,DE00,oil-light,7.20000000
2030-02-21 00:00:00,DE00,oil-light,7.75000000
2030-02-22 00:00:00,DE00,oil-light,7.32000000
2030-02-23 00:00:00,DE00,oil-light,7.20000000
2030-02-24 00:00:00,DE00,oil-light,7.20000000
2030-02-25 00:00:00,DE00,oil-light,7.20000000
2030-02-26 00:00:00,DE00,oil-light,7.20000000
2030-02-27 00:00:00,DE00,oil-light,7.20000000
2030-02-28 00:00:00,DE00,oil-light,7.67000000
2030-03-01 00:00:00,DE00,oil-light,7.20000000
2030-03-02 00:00:00,DE00,oil-light,7.20000000
2030-03-03 00:00:00,DE00,oil-light,7.20000000
2030-03-04 00:00:00,DE00,oil-light,7.20000000
2030-03-05 00:00:00,DE00,oil-light,7.62000000
2030-03-06 00:00:00,DE00,oil-light,7.20000000
2030-03-07 00:00:00,DE00,oil-light,7.20000000
2030-03-08 00:00:00,DE00,oil-light,7.32000000
2030-03-09 00:00:00,DE00,oil-light,7.20000000
2030-03-10 00:00:00,DE00,oil-light,7.20000000
2030-03-11 00:00:00,DE00,oil-light,7.20000000
2030-03-12 00:00:00,DE00,oil-light,7.20000000
2030-03-13 00:00:00,DE00,oil-light,7.20000000
2030-03-14 00:00:00,DE00,oil-light,7.20000000
2030-03-15 00:00:00,DE00,oil-light,7.20000000
2030-03-16 00:00:00,DE00,oil-light,7.20000000
2030-03-17 00:00:00,DE00,oil-light,7.20000000
2030-03-18 00:00:00,DE00,oil-light,7.20000000
2030-03-19 00:00:00,DE00,oil-light,7.20000000
2030-03-20 00:00:00,DE00,oil-light,7.20000000
2030-03-21 00:00:00,DE00,oil-light,7.20000000
2030-03-22 00:00:00,DE00,oil-light,7.20000000
2030-03-23 00:00:00,DE00,oil-light,7.20000000
2030-03-24 00:00:00,DE00,oil-light,7.20000000
2030-03-25 00:00:00,DE00,oil-light,7.20000000
2030-03-26 00:00:00,DE00,oil-light,7.20000000
2030-03-27 00:00:00,DE00,oil-light,7.20000000
2030-03-28 00:00:00,DE00,oil-light,7.20000000
2030-03-29 00:00:00,DE00,oil-light,7.20000000
2030-03-30 00:00:00,DE00,oil-light,7.20000000
2030-03-31 00:00:00,DE00,oil-light,7.20000000
2030-04-01 00:00:00,DE00,oil-light,3.60000000
2030-04-02 00:00:00,DE00,oil-light,3.60000000
2030-04-03 00:00:00,DE00,oil-light,3.60000000
2030-04-04 00:00:00,DE00,oil-light,3.60000000
2030-04-05 00:00:00,DE00,oil-light,3.60000000
2030-04-06 00:00:00,DE00,oil-light,3.60000000
2030-04-07 00:00:00,DE00,oil-light,3.60000000
2030-04-08 00:00:00,DE00,oil-light,3.80000000
2030-04-09 00:00:00,DE00,oil-light,3.60000000
2030-04-10 00:00:00,DE00,oil-light,3.60000000
2030-04-11 00:00:00,DE00,oil-light,3.60000000
2030-04-12 00:00:00,DE00,oil-light,3.60000000
2030-04-13 00:00:00,DE00,oil-light,3.60000000
2030-04-14 00:00:00,DE00,oil-light,3.60000000
2030-04-15 00:00:00,DE00,oil-light,3.60000000
2030-04-16 00:00:00,DE00,oil-light,3.60000000
2030-04-17 00:00:00,DE00,oil-light,3.60000000
2030-04-18 00:00:00,DE00,oil-light,3.60000000
2030-04-19 00:00:00,DE00,oil-light,3.60000000
2030-04-20 00:00:00,DE00,oil-light,3.60000000
2030-04-21 00:00:00,DE00,oil-light,3.60000000
2030-04-22 00:00:00,DE00,oil-light,3.60000000
2030-04-23 00:00:00,DE00,oil-light,3.60000000
2030-04-24 00:00:00,DE00,oil-light,3.60000000
2030-04-25 00:00:00,DE00,oil-light,3.60000000
2030-04-26 00:00:00,DE00,oil-light,3.60000000
2030-04-27 00:00:00,DE00,oil-light,3.60000000
2030-04-28 00:00:00,DE00,oil-light,3.60000000
2030-04-29 00:00:00,DE00,oil-light,3.60000000
2030-04-30 00:00:00,DE00,oil-light,3.60000000
2030-05-01 00:00:00,DE00,oil-light,2.40000000
2030-05-02 00:00:00,DE00,oil-light,2.40000000
2030-05-03 00:00:00,DE00,oil-light,2.40000000
2030-05-04 00:00:00,DE00,oil-light,2.40000000
2030-05-05 00:00:00,DE00,oil-light,2.40000000
2030-05-06 00:00:00,DE00,oil-light,2.40000000
2030-05-07 00:00:00,DE00,oil-light,2.40000000
2030-05-08 00:00:00,DE00,oil-light,2.40000000
2030-05-09 00:00:00,DE00,oil-light,2.40000000
2030-05-10 00:00:00,DE00,oil-light,2.40000000
2030-05-11 00:00:00,DE00,oil-light,2.40000000
2030-05-12 00:00:00,DE00,oil-light,2.40000000
2030-05-13 00:00:00,DE00,oil-light,2.40000000
2030-05-14 00:00:00,DE00,oil-light,2.40000000
2030-05-15 00:00:00,DE00,oil-light,2.40000000
2030-05-16 00:00:00,DE00,oil-light,2.40000000
2030-05-17 00:00:00,DE00,oil-light,2.40000000
2030-05-18 00:00:00,DE00,oil-light,2.40000000
2030-05-19 00:00:00,DE00,oil-light,2.40000000
2030-05-20 00:00:00,DE00,oil-light,2.40000000
2030-05-21 00:00:00,DE00,oil-light,2.40000000
2030-05-22 00:00:00,DE00,oil-light,2.40000000
2030-05-23 00:00:00,DE00,oil-light,2.40000000
2030-05-24 00:00:00,DE00,oil-light,2.40000000
2030-05-25 00:00:00,DE00,oil-light,2.40000000
2030-05-26 00:00:00,DE00,oil-light,2.40000000
2030-05-27 00:00:00,DE00,oil-light,2.40000000
2030-05-28 00:00:00,DE00,oil-light,2.40000000
2030-05-29 00:00:00,DE00,oil-light,2.40000000
2030-05-30 00:00:00,DE00,oil-light,2.40000000
2030-05-31 00:00:00,DE00,oil-light,2.40000000
2030-06-01 00:00:00,DE00,oil-light,2.40000000
2030-06-02 00:00:00,DE00,oil-light,2.40000000
2030-06-03 00:00:00,DE00,oil-light,2.40000000
2030-06-04 00:00:00,DE00,oil-light,2.40000000
2030-06-05 00:00:00,DE00,oil-light,2.40000000
2030-06-06 00:00:00,DE00,oil-light,2.40000000
2030-06-07 00:00:00,DE00,oil-light,2.40000000
2030-06-08 00:00:00,DE00,oil-light,2.40000000
2030-06-09 00:00:00,DE00,oil-light,2.40000000
2030-06-10 00:00:00,DE00,oil-light,2.40000000
2030-06-11 00:00:00,DE00,oil-light,2.40000000
2030-06-12 00:00:00,DE00,oil-light,2.40000000
2030-06-13 00:00:00,DE00,oil-light,2.40000000
2030-06-14 00:00:00,DE00,oil-light,2.40000000
2030-06-15 00:00:00,DE00,oil-light,2.40000000
2030-06-16 00:00:00,DE00,oil-light,2.40000000
2030-06-17 00:00:00,DE00,oil-light,2.40000000
2030-06-18 00:00:00,DE00,oil-light,2.40000000
2030-06-19 00:00:00,DE00,oil-light,2.40000000
2030-06-20 00:00:00,DE00,oil-light,2.40000000
2030-06-21 00:00:00,DE00,oil-light,2.40000000
2030-06-22 00:00:00,DE00,oil-light,2.40000000
2030-06-23 00:00:00,DE00,oil-light,2.40000000
2030-06-24 00:00:00,DE00,oil-light,2.40000000
2030-06-25 00:00:00,DE00,oil-light,2.40000000
2030-06-26 00:00:00,DE00,oil-light,2.40000000
2030-06-27 00:00:00,DE00,oil-light,2.40000000
2030-06-28 00:00:00,DE00,oil-light,2.40000000
2030-06-29 00:00:00,DE00,oil-light,2.40000000
2030-06-30 00:00:00,DE00,oil-light,2.40000000
2030-07-01 00:00:00,DE00,oil-light,3.60000000
2030-07-02 00:00:00,DE00,oil-light,3.60000000
2030-07-03 00:00:00,DE00,oil-light,3.60000000
2030-07-04 00:00:00,DE00,oil-light,3.60000000
2030-07-05 00:00:00,DE00,oil-light,3.60000000
2030-07-06 00:00:00,DE00,oil-light,3.60000000
2030-07-07 00:00:00,DE00,oil-light,3.60000000
2030-07-08 00:00:00,DE00,oil-light,3.60000000
2030-07-09 00:00:00,DE00,oil-light,3.60000000
2030-07-10 00:00:00,DE00,oil-light,3.60000000
2030-07-11 00:00:00,DE00,oil-light,3.60000000
2030-07-12 00:00:00,DE00,oil-light,3.60000000
2030-07-13 00:00:00,DE00,oil-light,3.60000000
2030-07-14 00:00:00,DE00,oil-light,3.60000000
2030-07-15 00:00:00,DE00,oil-light,3.60000000
2030-07-16 00:00:00,DE00,oil-light,3.60000000
2030-07-17 00:00:00,DE00,oil-light,3.60000000
2030-07-18 00:00:00,DE00,oil-light,3.60000000
2030-07-19 00:00:00,DE00,oil-light,3.60000000
2030-07-20 00:00:00,DE00,oil-light,3.60000000
2030-07-21 00:00:00,DE00,oil-light,3.60000000
2030-07-22 00:00:00,DE00,oil-light,3.60000000
2030-07-23 00:00:00,DE00,oil-light,3.60000000
2030-07-24 00:00:00,DE00,oil-light,3.60000000
2030-07-25 00:00:00,DE00,oil-light,3.60000000
2030-07-26 00:00:00,DE00,oil-light,3.60000000
2030-07-27 00:00:00,DE00,oil-light,3.60000000
2030-07-28 00:00:00,DE00,oil-light,3.60000000
2030-07-29 00:00:00,DE00,oil-light,3.60000000
2030-07-30 00:00:00,DE00,oil-light,3.60000000
2030-07-31 00:00:00,DE00,oil-light,3.60000000
2030-08-01 00:00:00,DE00,oil-light,3.60000000
2030-08-02 00:00:00,DE00,oil-light,3.60000000
2030-08-03 00:00:00,DE00,oil-light,3.60000000
2030-08-04 00:00:00,DE00,oil-light,3.60000000
2030-08-05 00:00:00,DE00,oil-light,3.60000000
2030-08-06 00:00:00,DE00,oil-light,3.60000000
2030-08-07 00:00:00,DE00,oil-light,3.60000000
2030-08-08 00:00:00,DE00,oil-light,3.60000000
2030-08-09 00:00:00,DE00,oil-light,3.60000000
2030-08-10 00:00:00,DE00,oil-light,3.60000000
2030-08-11 00:00:00,DE00,oil-light,3.60000000
2030-08-12 00:00:00,DE00,oil-light,3.60000000
2030-08-13 00:00:00,DE00,oil-light,3.60000000
2030-08-14 00:00:00,DE00,oil-light,3.60000000
2030-08-15 00:00:00,DE00,oil-light,3.60000000
2030-08-16 00:00:00,DE00,oil-light,3.60000000
2030-08-17 00:00:00,DE00,oil-light,3.60000000
2030-08-18 00:00:00,DE00,oil-light,3.60000000
2030-08-19 00:00:00,DE00,oil-light,3.60000000
2030-08-20 00:00:00,DE00,oil-light,3.76000000
2030-08-21 00:00:00,DE00,oil-light,3.76000000
2030-08-22 00:00:00,DE00,oil-light,3.60000000
2030-08-23 00:00:00,DE00,oil-light,3.60000000
2030-08-24 00:00:00,DE00,oil-light,3.60000000
2030-08-25 00:00:00,DE00,oil-light,3.60000000
2030-08-26 00:00:00,DE00,oil-light,3.60000000
2030-08-27 00:00:00,DE00,oil-light,3.60000000
2030-08-28 00:00:00,DE00,oil-light,3.80000000
2030-08-29 00:00:00,DE00,oil-light,3.99000000
2030-08-30 00:00:00,DE00,oil-light,3.60000000
2030-08-31 00:00:00,DE00,oil-light,3.60000000
2030-09-01 00:00:00,DE00,oil-light,3.60000000
2030-09-02 00:00:00,DE00,oil-light,3.60000000
2030-09-03 00:00:00,DE00,oil-light,3.60000000
2030-09-04 00:00:00,DE00,oil-light,3.60000000
2030-09-05 00:00:00,DE00,oil-light,3.60000000
2030-09-06 00:00:00,DE00,oil-light,3.60000000
2030-09-07 00:00:00,DE00,oil-light,3.60000000
2030-09-08 00:00:00,DE00,oil-light,3.60000000
2030-09-09 00:00:00,DE00,oil-light,3.84000000
2030-09-10 00:00:00,DE00,oil-light,3.64000000
2030-09-11 00:00:00,DE00,oil-light,3.64000000
2030-09-12 00:00:00,DE00,oil-light,3.60000000
2030-09-13 00:00:00,DE00,oil-light,3.60000000
2030-09-14 00:00:00,DE00,oil-light,3.60000000
2030-09-15 00:00:00,DE00,oil-light,3.60000000
2030-09-16 00:00:00,DE00,oil-light,3.60000000
2030-09-17 00:00:00,DE00,oil-light,3.60000000
2030-09-18 00:00:00,DE00,oil-light,3.60000000
2030-09-19 00:00:00,DE00,oil-light,3.60000000
2030-09-20 00:00:00,DE00,oil-light,3.60000000
2030-09-21 00:00:00,DE00,oil-light,3.60000000
2030-09-22 00:00:00,DE00,oil-light,3.60000000
2030-09-23 00:00:00,DE00,oil-light,3.60000000
2030-09-24 00:00:00,DE00,oil-light,3.60000000
2030-09-25 00:00:00,DE00,oil-light,3.72000000
2030-09-26 00:00:00,DE00,oil-light,3.60000000
2030-09-27 00:00:00,DE00,oil-light,3.60000000
2030-09-28 00:00:00,DE00,oil-light,3.60000000
2030-09-29 00:00:00,DE00,oil-light,3.60000000
2030-09-30 00:00:00,DE00,oil-light,3.60000000
2030-10-01 00:00:00,DE00,oil-light,7.20000000
2030-10-02 00:00:00,DE00,oil-light,7.20000000
2030-10-03 00:00:00,DE00,oil-light,7.20000000
2030-10-04 00:00:00,DE00,oil-light,7.20000000
2030-10-05 00:00:00,DE00,oil-light,7.20000000
2030-10-06 00:00:00,DE00,oil-light,7.20000000
2030-10-07 00:00:00,DE00,oil-light,7.20000000
2030-10-08 00:00:00,DE00,oil-light,7.20000000
2030-10-09 00:00:00,DE00,oil-light,7.20000000
2030-10-10 00:00:00,DE00,oil-light,7.20000000
2030-10-11 00:00:00,DE00,oil-light,7.59000000
2030-10-12 00:00:00,DE00,oil-light,7.20000000
2030-10-13 00:00:00,DE00,oil-light,7.20000000
2030-10-14 00:00:00,DE00,oil-light,7.20000000
2030-10-15 00:00:00,DE00,oil-light,7.20000000
2030-10-16 00:00:00,DE00,oil-light,7.20000000
2030-10-17 00:00:00,DE00,oil-light,7.20000000
2030-10-18 00:00:00,DE00,oil-light,7.20000000
2030-10-19 00:00:00,DE00,oil-light,7.20000000
2030-10-20 00:00:00,DE00,oil-light,7.20000000
2030-10-21 00:00:00,DE00,oil-light,7.20000000
2030-10-22 00:00:00,DE00,oil-light,7.20000000
2030-10-23 00:00:00,DE00,oil-light,7.20000000
2030-10-24 00:00:00,DE00,oil-light,7.20000000
2030-10-25 00:00:00,DE00,oil-light,7.20000000
2030-10-26 00:00:00,DE00,oil-light,7.20000000
2030-10-27 00:00:00,DE00,oil-light,7.20000000
2030-10-28 00:00:00,DE00,oil-light,7.20000000
2030-10-29 00:00:00,DE00,oil-light,7.48000000
2030-10-30 00:00:00,DE00,oil-light,7.52000000
2030-10-31 00:00:00,DE00,oil-light,7.32000000
2030-11-01 00:00:00,DE00,oil-light,7.20000000
2030-11-02 00:00:00,DE00,oil-light,7.20000000
2030-11-03 00:00:00,DE00,oil-light,7.20000000
2030-11-04 00:00:00,DE00,oil-light,7.20000000
2030-11-05 00:00:00,DE00,oil-light,7.20000000
2030-11-06 00:00:00,DE00,oil-light,7.20000000
2030-11-07 00:00:00,DE00,oil-light,7.20000000
2030-11-08 00:00:00,DE00,oil-light,7.20000000
2030-11-09 00:00:00,DE00,oil-light,7.20000000
2030-11-10 00:00:00,DE00,oil-light,7.20000000
2030-11-11 00:00:00,DE00,oil-light,7.20000000
2030-11-12 00:00:00,DE00,oil-light,7.95000000
2030-11-13 00:00:00,DE00,oil-light,7.28000000
2030-11-14 00:00:00,DE00,oil-light,7.20000000
2030-11-15 00:00:00,DE00,oil-light,7.20000000
2030-11-16 00:00:00,DE00,oil-light,7.20000000
2030-11-17 00:00:00,DE00,oil-light,7.20000000
2030-11-18 00:00:00,DE00,oil-light,7.20000000
2030-11-19 00:00:00,DE00,oil-light,7.95000000
2030-11-20 00:00:00,DE00,oil-light,7.99000000
2030-11-21 00:00:00,DE00,oil-light,7.61000000
2030-11-22 00:00:00,DE00,oil-light,7.20000000
2030-11-23 00:00:00,DE00,oil-light,7.20000000
2030-11-24 00:00:00,DE00,oil-light,7.20000000
2030-11-25 00:00:00,DE00,oil-light,7.44000000
2030-11-26 00:00:00,DE00,oil-light,7.91000000
2030-11-27 00:00:00,DE00,oil-light,7.20000000
2030-11-28 00:00:00,DE00,oil-light,7.99000000
2030-11-29 00:00:00,DE00,oil-light,8.54000000
2030-11-30 00:00:00,DE00,oil-light,7.63000000
2030-12-01 00:00:00,DE00,oil-light,7.20000000
2030-12-02 00:00:00,DE00,oil-light,7.20000000
2030-12-03 00:00:00,DE00,oil-light,7.20000000
2030-12-04 00:00:00,DE00,oil-light,7.20000000
2030-12-05 00:00:00,DE00,oil-light,7.52000000
2030-12-06 00:00:00,DE00,oil-light,8.11000000
2030-12-07 00:00:00,DE00,oil-light,7.20000000
2030-12-08 00:00:00,DE00,oil-light,7.44000000
2030-12-09 00:00:00,DE00,oil-light,8.46000000
2030-12-10 00:00:00,DE00,oil-light,8.54000000
2030-12-11 00:00:00,DE00,oil-light,8.62000000
2030-12-12 00:00:00,DE00,oil-light,8.27000000
2030-12-13 00:00:00,DE00,oil-light,7.56000000
2030-12-14 00:00:00,DE00,oil-light,7.32000000
2030-12-15 00:00:00,DE00,oil-light,7.20000000
2030-12-16 00:00:00,DE00,oil-light,10.22000000
2030-12-17 00:00:00,DE00,oil-light,7.28000000
2030-12-18 00:00:00,DE00,oil-light,7.20000000
2030-12-19 00:00:00,DE00,oil-light,7.20000000
2030-12-20 00:00:00,DE00,oil-light,7.20000000
2030-12-21 00:00:00,DE00,oil-light,7.20000000
2030-12-22 00:00:00,DE00,oil-light,7.20000000
2030-12-23 00:00:00,DE00,oil-light,7.20000000
2030-12-24 00:00:00,DE00,oil-light,7.20000000
2030-12-25 00:00:00,DE00,oil-light,7.20000000
2030-12-26 00:00:00,DE00,oil-light,7.20000000
2030-12-27 00:00:00,DE00,oil-light,7.20000000
2030-12-28 00:00:00,DE00,oil-light,7.20000000
2030-12-29 00:00:00,DE00,oil-light,7.20000000
2030-12-30 00:00:00,DE00,oil-light,7.20000000
2030-12-31 00:00:00,DE00,oil-light,7.20000000
2030-01-01 00:00:00,DE00,other-res,109.53000000
2030-01-02 00:00:00,DE00,other-res,121.04000000
2030-01-03 00:00:00,DE00,other-res,121.04000000
2030-01-04 00:00:00,DE00,other-res,105.19000000
2030-01-05 00:00:00,DE00,other-res,113.46000000
2030-01-06 00:00:00,DE00,other-res,116.57000000
2030-01-07 00:00:00,DE00,other-res,120.71000000
2030-01-08 00:00:00,DE00,other-res,120.71000000
2030-01-09 00:00:00,DE00,other-res,121.04000000
2030-01-10 00:00:00,DE00,other-res,121.04000000
2030-01-11 00:00:00,DE00,other-res,120.71000000
2030-01-12 00:00:00,DE00,other-res,104.67000000
2030-01-13 00:00:00,DE00,other-res,106.82000000
2030-01-14 00:00:00,DE00,other-res,120.70000000
2030-01-15 00:00:00,DE00,other-res,120.71000000
2030-01-16 00:00:00,DE00,other-res,121.04000000
2030-01-17 00:00:00,DE00,other-res,121.06000000
2030-01-18 00:00:00,DE00,other-res,120.72000000
2030-01-19 00:00:00,DE00,other-res,120.71000000
2030-01-20 00:00:00,DE00,other-res,120.72000000
2030-01-21 00:00:00,DE00,other-res,120.75000000
2030-01-22 00:00:00,DE00,other-res,121.01000000
2030-01-23 00:00:00,DE00,other-res,121.58000000
2030-01-24 00:00:00,DE00,other-res,121.68000000
2030-01-25 00:00:00,DE00,other-res,121.25000000
2030-01-26 00:00:00,DE00,other-res,120.76000000
2030-01-27 00:00:00,DE00,other-res,120.75000000
2030-01-28 00:00:00,DE00,other-res,121.11000000
2030-01-29 00:00:00,DE00,other-res,120.73000000
2030-01-30 00:00:00,DE00,other-res,121.04000000
2030-01-31 00:00:00,DE00,other-res,121.04000000
2030-02-01 00:00:00,DE00,other-res,112.96000000
2030-02-02 00:00:00,DE00,other-res,116.47000000
2030-02-03 00:00:00,DE00,other-res,108.87000000
2030-02-04 00:00:00,DE00,other-res,123.41000000
2030-02-05 00:00:00,DE00,other-res,123.33000000
2030-02-06 00:00:00,DE00,other-res,124.40000000
2030-02-07 00:00:00,DE00,other-res,124.38000000
2030-02-08 00:00:00,DE00,other-res,123.39000000
2030-02-09 00:00:00,DE00,other-res,120.72000000
2030-02-10 00:00:00,DE00,other-res,122.73000000
2030-02-11 00:00:00,DE00,other-res,123.34000000
2030-02-12 00:00:00,DE00,other-res,123.44000000
2030-02-13 00:00:00,DE00,other-res,124.34000000
2030-02-14 00:00:00,DE00,other-res,124.38000000
2030-02-15 00:00:00,DE00,other-res,123.39000000
2030-02-16 00:00:00,DE00,other-res,122.40000000
2030-02-17 00:00:00,DE00,other-res,104.10000000
2030-02-18 00:00:00,DE00,other-res,115.33000000
2030-02-19 00:00:00,DE00,other-res,123.33000000
2030-02-20 00:00:00,DE00,other-res,115.05000000
2030-02-21 00:00:00,DE00,other-res,124.24000000
2030-02-22 00:00:00,DE00,other-res,123.35000000
2030-02-23 00:00:00,DE00,other-res,123.33000000
2030-02-24 00:00:00,DE00,other-res,118.80000000
2030-02-25 00:00:00,DE00,other-res,119.65000000
2030-02-26 00:00:00,DE00,other-res,123.33000000
2030-02-27 00:00:00,DE00,other-res,124.17000000
2030-02-28 00:00:00,DE00,other-res,124.23000000
2030-03-01 00:00:00,DE00,other-res,116.04000000
2030-03-02 00:00:00,DE00,other-res,116.02000000
2030-03-03 00:00:00,DE00,other-res,118.22000000
2030-03-04 00:00:00,DE00,other-res,118.57000000
2030-03-05 00:00:00,DE00,other-res,118.62000000
2030-03-06 00:00:00,DE00,other-res,117.26000000
2030-03-07 00:00:00,DE00,other-res,117.22000000
2030-03-08 00:00:00,DE00,other-res,118.57000000
2030-03-09 00:00:00,DE00,other-res,118.57000000
2030-03-10 00:00:00,DE00,other-res,117.48000000
2030-03-11 00:00:00,DE00,other-res,118.57000000
2030-03-12 00:00:00,DE00,other-res,118.57000000
2030-03-13 00:00:00,DE00,other-res,111.55000000
2030-03-14 00:00:00,DE00,other-res,114.32000000
2030-03-15 00:00:00,DE00,other-res,115.37000000
2030-03-16 00:00:00,DE00,other-res,111.54000000
2030-03-17 00:00:00,DE00,other-res,112.70000000
2030-03-18 00:00:00,DE00,other-res,115.43000000
2030-03-19 00:00:00,DE00,other-res,118.59000000
2030-03-20 00:00:00,DE00,other-res,117.22000000
2030-03-21 00:00:00,DE00,other-res,117.22000000
2030-03-22 00:00:00,DE00,other-res,112.47000000
2030-03-23 00:00:00,DE00,other-res,106.42000000
2030-03-24 00:00:00,DE00,other-res,104.61000000
2030-03-25 00:00:00,DE00,other-res,106.02000000
2030-03-26 00:00:00,DE00,other-res,118.57000000
2030-03-27 00:00:00,DE00,other-res,110.98000000
2030-03-28 00:00:00,DE00,other-res,112.02000000
2030-03-29 00:00:00,DE00,other-res,118.57000000
2030-03-30 00:00:00,DE00,other-res,109.38000000
2030-03-31 00:00:00,DE00,other-res,114.41000000
2030-04-01 00:00:00,DE00,other-res,115.87000000
2030-04-02 00:00:00,DE00,other-res,115.15000000
2030-04-03 00:00:00,DE00,other-res,111.39000000
2030-04-04 00:00:00,DE00,other-res,112.90000000
2030-04-05 00:00:00,DE00,other-res,111.98000000
2030-04-06 00:00:00,DE00,other-res,109.38000000
2030-04-07 00:00:00,DE00,other-res,110.01000000
2030-04-08 00:00:00,DE00,other-res,115.93000000
2030-04-09 00:00:00,DE00,other-res,115.35000000
2030-04-10 00:00:00,DE00,other-res,109.77000000
2030-04-11 00:00:00,DE00,other-res,111.01000000
2030-04-12 00:00:00,DE00,other-res,114.78000000
2030-04-13 00:00:00,DE00,other-res,106.49000000
2030-04-14 00:00:00,DE00,other-res,110.01000000
2030-04-15 00:00:00,DE00,other-res,115.87000000
2030-04-16 00:00:00,DE00,other-res,115.87000000
2030-04-17 00:00:00,DE00,other-res,116.70000000
2030-04-18 00:00:00,DE00,other-res,113.72000000
2030-04-19 00:00:00,DE00,other-res,107.77000000
2030-04-20 00:00:00,DE00,other-res,108.58000000
2030-04-21 00:00:00,DE00,other-res,106.96000000
2030-04-22 00:00:00,DE00,other-res,108.46000000
2030-04-23 00:00:00,DE00,other-res,112.14000000
2030-04-24 00:00:00,DE00,other-res,110.67000000
2030-04-25 00:00:00,DE00,other-res,112.85000000
2030-04-26 00:00:00,DE00,other-res,109.38000000
2030-04-27 00:00:00,DE00,other-res,109.38000000
2030-04-28 00:00:00,DE00,other-res,111.26000000
2030-04-29 00:00:00,DE00,other-res,115.15000000
2030-04-30 00:00:00,DE00,other-res,109.38000000
2030-05-01 00:00:00,DE00,other-res,106.28000000
2030-05-02 00:00:00,DE00,other-res,110.43000000
2030-05-03 00:00:00,DE00,other-res,107.34000000
2030-05-04 00:00:00,DE00,other-res,104.26000000
2030-05-05 00:00:00,DE00,other-res,104.06000000
2030-05-06 00:00:00,DE00,other-res,111.55000000
2030-05-07 00:00:00,DE00,other-res,107.62000000
2030-05-08 00:00:00,DE00,other-res,110.25000000
2030-05-09 00:00:00,DE00,other-res,106.74000000
2030-05-10 00:00:00,DE00,other-res,111.55000000
2030-05-11 00:00:00,DE00,other-res,111.55000000
2030-05-12 00:00:00,DE00,other-res,104.85000000
2030-05-13 00:00:00,DE00,other-res,108.09000000
2030-05-14 00:00:00,DE00,other-res,111.61000000
2030-05-15 00:00:00,DE00,other-res,111.17000000
2030-05-16 00:00:00,DE00,other-res,110.78000000
2030-05-17 00:00:00,DE00,other-res,105.68000000
2030-05-18 00:00:00,DE00,other-res,105.40000000
2030-05-19 00:00:00,DE00,other-res,104.26000000
2030-05-20 00:00:00,DE00,other-res,104.88000000
2030-05-21 00:00:00,DE00,other-res,106.41000000
2030-05-22 00:00:00,DE00,other-res,107.42000000
2030-05-23 00:00:00,DE00,other-res,105.94000000
2030-05-24 00:00:00,DE00,other-res,111.55000000
2030-05-25 00:00:00,DE00,other-res,103.71000000
2030-05-26 00:00:00,DE00,other-res,103.37000000
2030-05-27 00:00:00,DE00,other-res,106.35000000
2030-05-28 00:00:00,DE00,other-res,106.43000000
2030-05-29 00:00:00,DE00,other-res,103.74000000
2030-05-30 00:00:00,DE00,other-res,104.31000000
2030-05-31 00:00:00,DE00,other-res,103.45000000
2030-06-01 00:00:00,DE00,other-res,101.05000000
2030-06-02 00:00:00,DE00,other-res,101.93000000
2030-06-03 00:00:00,DE00,other-res,103.56000000
2030-06-04 00:00:00,DE00,other-res,103.76000000
2030-06-05 00:00:00,DE00,other-res,102.57000000
2030-06-06 00:00:00,DE00,other-res,105.62000000
2030-06-07 00:00:00,DE00,other-res,107.76000000
2030-06-08 00:00:00,DE00,other-res,102.89000000
2030-06-09 00:00:00,DE00,other-res,101.05000000
2030-06-10 00:00:00,DE00,other-res,100.85000000
2030-06-11 00:00:00,DE00,other-res,102.41000000
2030-06-12 00:00:00,DE00,other-res,100.96000000
2030-06-13 00:00:00,DE00,other-res,100.56000000
2030-06-14 00:00:00,DE00,other-res,103.76000000
2030-06-15 00:00:00,DE00,other-res,103.56000000
2030-06-16 00:00:00,DE00,other-res,102.69000000
2030-06-17 00:00:00,DE00,other-res,107.59000000
2030-06-18 00:00:00,DE00,other-res,107.94000000
2030-06-19 00:00:00,DE00,other-res,104.08000000
2030-06-20 00:00:00,DE00,other-res,103.72000000
2030-06-21 00:00:00,DE00,other-res,107.39000000
2030-06-22 00:00:00,DE00,other-res,104.88000000
2030-06-23 00:00:00,DE00,other-res,103.07000000
2030-06-24 00:00:00,DE00,other-res,105.90000000
2030-06-25 00:00:00,DE00,other-res,106.59000000
2030-06-26 00:00:00,DE00,other-res,100.25000000
2030-06-27 00:00:00,DE00,other-res,102.76000000
2030-06-28 00:00:00,DE00,other-res,107.94000000
2030-06-29 00:00:00,DE00,other-res,104.88000000
2030-06-30 00:00:00,DE00,other-res,105.07000000
2030-07-01 00:00:00,DE00,other-res,111.91000000
2030-07-02 00:00:00,DE00,other-res,106.54000000
2030-07-03 00:00:00,DE00,other-res,104.79000000
2030-07-04 00:00:00,DE00,other-res,106.25000000
2030-07-05 00:00:00,DE00,other-res,104.84000000
2030-07-06 00:00:00,DE00,other-res,106.10000000
2030-07-07 00:00:00,DE00,other-res,104.77000000
2030-07-08 00:00:00,DE00,other-res,107.33000000
2030-07-09 00:00:00,DE00,other-res,108.82000000
2030-07-10 00:00:00,DE00,other-res,109.91000000
2030-07-11 00:00:00,DE00,other-res,106.92000000
2030-07-12 00:00:00,DE00,other-res,108.86000000
2030-07-13 00:00:00,DE00,other-res,105.69000000
2030-07-14 00:00:00,DE00,other-res,106.30000000
2030-07-15 00:00:00,DE00,other-res,107.09000000
2030-07-16 00:00:00,DE00,other-res,106.80000000
2030-07-17 00:00:00,DE00,other-res,106.55000000
2030-07-18 00:00:00,DE00,other-res,108.64000000
2030-07-19 00:00:00,DE00,other-res,112.66000000
2030-07-20 00:00:00,DE00,other-res,107.13000000
2030-07-21 00:00:00,DE00,other-res,107.56000000
2030-07-22 00:00:00,DE00,other-res,111.91000000
2030-07-23 00:00:00,DE00,other-res,111.91000000
2030-07-24 00:00:00,DE00,other-res,112.76000000
2030-07-25 00:00:00,DE00,other-res,112.76000000
2030-07-26 00:00:00,DE00,other-res,111.91000000
2030-07-27 00:00:00,DE00,other-res,111.43000000
2030-07-28 00:00:00,DE00,other-res,108.23000000
2030-07-29 00:00:00,DE00,other-res,112.27000000
2030-07-30 00:00:00,DE00,other-res,108.86000000
2030-07-31 00:00:00,DE00,other-res,112.76000000
2030-08-01 00:00:00,DE00,other-res,102.27000000
2030-08-02 00:00:00,DE00,other-res,101.24000000
2030-08-03 00:00:00,DE00,other-res,98.05000000
2030-08-04 00:00:00,DE00,other-res,101.60000000
2030-08-05 00:00:00,DE00,other-res,108.23000000
2030-08-06 00:00:00,DE00,other-res,108.21000000
2030-08-07 00:00:00,DE00,other-res,100.38000000
2030-08-08 00:00:00,DE00,other-res,99.73000000
2030-08-09 00:00:00,DE00,other-res,103.78000000
2030-08-10 00:00:00,DE00,other-res,100.59000000
2030-08-11 00:00:00,DE00,other-res,100.08000000
2030-08-12 00:00:00,DE00,other-res,104.89000000
2030-08-13 00:00:00,DE00,other-res,104.10000000
2030-08-14 00:00:00,DE00,other-res,104.09000000
2030-08-15 00:00:00,DE00,other-res,103.50000000
2030-08-16 00:00:00,DE00,other-res,105.26000000
2030-08-17 00:00:00,DE00,other-res,103.78000000
2030-08-18 00:00:00,DE00,other-res,100.58000000
2030-08-19 00:00:00,DE00,other-res,101.73000000
2030-08-20 00:00:00,DE00,other-res,103.58000000
2030-08-21 00:00:00,DE00,other-res,104.10000000
2030-08-22 00:00:00,DE00,other-res,104.81000000
2030-08-23 00:00:00,DE00,other-res,103.28000000
2030-08-24 00:00:00,DE00,other-res,104.01000000
2030-08-25 00:00:00,DE00,other-res,104.29000000
2030-08-26 00:00:00,DE00,other-res,105.01000000
2030-08-27 00:00:00,DE00,other-res,108.27000000
2030-08-28 00:00:00,DE00,other-res,108.27000000
2030-08-29 00:00:00,DE00,other-res,108.28000000
2030-08-30 00:00:00,DE00,other-res,108.21000000
2030-08-31 00:00:00,DE00,other-res,102.28000000
2030-09-01 00:00:00,DE00,other-res,107.32000000
2030-09-02 00:00:00,DE00,other-res,108.72000000
2030-09-03 00:00:00,DE00,other-res,108.71000000
2030-09-04 00:00:00,DE00,other-res,107.60000000
2030-09-05 00:00:00,DE00,other-res,109.62000000
2030-09-06 00:00:00,DE00,other-res,106.33000000
2030-09-07 00:00:00,DE00,other-res,101.98000000
2030-09-08 00:00:00,DE00,other-res,102.17000000
2030-09-09 00:00:00,DE00,other-res,108.74000000
2030-09-10 00:00:00,DE00,other-res,108.77000000
2030-09-11 00:00:00,DE00,other-res,110.32000000
2030-09-12 00:00:00,DE00,other-res,110.33000000
2030-09-13 00:00:00,DE00,other-res,108.69000000
2030-09-14 00:00:00,DE00,other-res,107.79000000
2030-09-15 00:00:00,DE00,other-res,104.08000000
2030-09-16 00:00:00,DE00,other-res,108.74000000
2030-09-17 00:00:00,DE00,other-res,108.73000000
2030-09-18 00:00:00,DE00,other-res,103.85000000
2030-09-19 00:00:00,DE00,other-res,103.77000000
2030-09-20 00:00:00,DE00,other-res,102.99000000
2030-09-21 00:00:00,DE00,other-res,103.02000000
2030-09-22 00:00:00,DE00,other-res,105.38000000
2030-09-23 00:00:00,DE00,other-res,108.72000000
2030-09-24 00:00:00,DE00,other-res,103.69000000
2030-09-25 00:00:00,DE00,other-res,106.34000000
2030-09-26 00:00:00,DE00,other-res,110.35000000
2030-09-27 00:00:00,DE00,other-res,108.74000000
2030-09-28 00:00:00,DE00,other-res,98.94000000
2030-09-29 00:00:00,DE00,other-res,100.53000000
2030-09-30 00:00:00,DE00,other-res,108.73000000
2030-10-01 00:00:00,DE00,other-res,113.61000000
2030-10-02 00:00:00,DE00,other-res,115.24000000
2030-10-03 00:00:00,DE00,other-res,111.74000000
2030-10-04 00:00:00,DE00,other-res,111.42000000
2030-10-05 00:00:00,DE00,other-res,96.60000000
2030-10-06 00:00:00,DE00,other-res,100.20000000
2030-10-07 00:00:00,DE00,other-res,111.60000000
2030-10-08 00:00:00,DE00,other-res,115.05000000
2030-10-09 00:00:00,DE00,other-res,115.24000000
2030-10-10 00:00:00,DE00,other-res,115.24000000
2030-10-11 00:00:00,DE00,other-res,115.14000000
2030-10-12 00:00:00,DE00,other-res,115.07000000
2030-10-13 00:00:00,DE00,other-res,115.06000000
2030-10-14 00:00:00,DE00,other-res,115.06000000
2030-10-15 00:00:00,DE00,other-res,115.06000000
2030-10-16 00:00:00,DE00,other-res,115.24000000
2030-10-17 00:00:00,DE00,other-res,115.24000000
2030-10-18 00:00:00,DE00,other-res,115.06000000
2030-10-19 00:00:00,DE00,other-res,115.06000000
2030-10-20 00:00:00,DE00,other-res,103.79000000
2030-10-21 00:00:00,DE00,other-res,115.06000000
2030-10-22 00:00:00,DE00,other-res,115.06000000
2030-10-23 00:00:00,DE00,other-res,115.24000000
2030-10-24 00:00:00,DE00,other-res,111.09000000
2030-10-25 00:00:00,DE00,other-res,115.06000000
2030-10-26 00:00:00,DE00,other-res,115.06000000
2030-10-27 00:00:00,DE00,other-res,110.91000000
2030-10-28 00:00:00,DE00,other-res,115.06000000
2030-10-29 00:00:00,DE00,other-res,115.10000000
2030-10-30 00:00:00,DE00,other-res,115.29000000
2030-10-31 00:00:00,DE00,other-res,115.25000000
2030-11-01 00:00:00,DE00,other-res,119.30000000
2030-11-02 00:00:00,DE00,other-res,109.77000000
2030-11-03 00:00:00,DE00,other-res,111.44000000
2030-11-04 00:00:00,DE00,other-res,122.51000000
2030-11-05 00:00:00,DE00,other-res,122.51000000
2030-11-06 00:00:00,DE00,other-res,123.52000000
2030-11-07 00:00:00,DE00,other-res,123.52000000
2030-11-08 00:00:00,DE00,other-res,122.51000000
2030-11-09 00:00:00,DE00,other-res,119.96000000
2030-11-10 00:00:00,DE00,other-res,117.64000000
2030-11-11 00:00:00,DE00,other-res,122.51000000
2030-11-12 00:00:00,DE00,other-res,122.69000000
2030-11-13 00:00:00,DE00,other-res,123.54000000
2030-11-14 00:00:00,DE00,other-res,123.52000000
2030-11-15 00:00:00,DE00,other-res,122.52000000
2030-11-16 00:00:00,DE00,other-res,122.51000000
2030-11-17 00:00:00,DE00,other-res,111.02000000
2030-11-18 00:00:00,DE00,other-res,122.51000000
2030-11-19 00:00:00,DE00,other-res,122.61000000
2030-11-20 00:00:00,DE00,other-res,123.64000000
2030-11-21 00:00:00,DE00,other-res,123.60000000
2030-11-22 00:00:00,DE00,other-res,122.51000000
2030-11-23 00:00:00,DE00,other-res,122.51000000
2030-11-24 00:00:00,DE00,other-res,122.51000000
2030-11-25 00:00:00,DE00,other-res,122.54000000
2030-11-26 00:00:00,DE00,other-res,122.63000000
2030-11-27 00:00:00,DE00,other-res,123.52000000
2030-11-28 00:00:00,DE00,other-res,123.67000000
2030-11-29 00:00:00,DE00,other-res,123.00000000
2030-11-30 00:00:00,DE00,other-res,122.58000000
2030-12-01 00:00:00,DE00,other-res,122.18000000
2030-12-02 00:00:00,DE00,other-res,122.16000000
2030-12-03 00:00:00,DE00,other-res,122.16000000
2030-12-04 00:00:00,DE00,other-res,123.17000000
2030-12-05 00:00:00,DE00,other-res,123.19000000
2030-12-06 00:00:00,DE00,other-res,122.28000000
2030-12-07 00:00:00,DE00,other-res,122.16000000
2030-12-08 00:00:00,DE00,other-res,122.17000000
2030-12-09 00:00:00,DE00,other-res,122.48000000
2030-12-10 00:00:00,DE00,other-res,122.59000000
2030-12-11 00:00:00,DE00,other-res,123.60000000
2030-12-12 00:00:00,DE00,other-res,123.48000000
2030-12-13 00:00:00,DE00,other-res,122.25000000
2030-12-14 00:00:00,DE00,other-res,122.18000000
2030-12-15 00:00:00,DE00,other-res,122.16000000
2030-12-16 00:00:00,DE00,other-res,122.62000000
2030-12-17 00:00:00,DE00,other-res,122.25000000
2030-12-18 00:00:00,DE00,other-res,123.17000000
2030-12-19 00:00:00,DE00,other-res,121.21000000
2030-12-20 00:00:00,DE00,other-res,116.51000000
2030-12-21 00:00:00,DE00,other-res,122.16000000
2030-12-22 00:00:00,DE00,other-res,122.16000000
2030-12-23 00:00:00,DE00,other-res,122.16000000
2030-12-24 00:00:00,DE00,other-res,122.16000000
2030-12-25 00:00:00,DE00,other-res,123.17000000
2030-12-26 00:00:00,DE00,other-res,104.01000000
2030-12-27 00:00:00,DE00,other-res,103.25000000
2030-12-28 00:00:00,DE00,other-res,102.81000000
2030-12-29 00:00:00,DE00,other-res,102.81000000
2030-12-30 00:00:00,DE00,other-res,102.81000000
2030-12-31 00:00:00,DE00,other-res,102.81000000
2030-01-01 00:00:00,DE00,hydro-ror,36.57000000
2030-01-02 00:00:00,DE00,hydro-ror,36.98000000
2030-01-03 00:00:00,DE00,hydro-ror,37.46000000
2030-01-04 00:00:00,DE00,hydro-ror,36.44000000
2030-01-05 00:00:00,DE00,hydro-ror,34.70000000
2030-01-06 00:00:00,DE00,hydro-ror,34.29000000
2030-01-07 00:00:00,DE00,hydro-ror,36.03000000
2030-01-08 00:00:00,DE00,hydro-ror,37.84000000
2030-01-09 00:00:00,DE00,hydro-ror,37.78000000
2030-01-10 00:00:00,DE00,hydro-ror,37.27000000
2030-01-11 00:00:00,DE00,hydro-ror,35.77000000
2030-01-12 00:00:00,DE00,hydro-ror,34.01000000
2030-01-13 00:00:00,DE00,hydro-ror,32.67000000
2030-01-14 00:00:00,DE00,hydro-ror,33.70000000
2030-01-15 00:00:00,DE00,hydro-ror,34.17000000
2030-01-16 00:00:00,DE00,hydro-ror,34.58000000
2030-01-17 00:00:00,DE00,hydro-ror,34.78000000
2030-01-18 00:00:00,DE00,hydro-ror,34.26000000
2030-01-19 00:00:00,DE00,hydro-ror,33.43000000
2030-01-20 00:00:00,DE00,hydro-ror,33.20000000
2030-01-21 00:00:00,DE00,hydro-ror,34.93000000
2030-01-22 00:00:00,DE00,hydro-ror,36.53000000
2030-01-23 00:00:00,DE00,hydro-ror,37.96000000
2030-01-24 00:00:00,DE00,hydro-ror,39.89000000
2030-01-25 00:00:00,DE00,hydro-ror,39.43000000
2030-01-26 00:00:00,DE00,hydro-ror,37.25000000
2030-01-27 00:00:00,DE00,hydro-ror,36.43000000
2030-01-28 00:00:00,DE00,hydro-ror,39.04000000
2030-01-29 00:00:00,DE00,hydro-ror,38.17000000
2030-01-30 00:00:00,DE00,hydro-ror,36.24000000
2030-01-31 00:00:00,DE00,hydro-ror,35.34000000
2030-02-01 00:00:00,DE00,hydro-ror,33.88000000
2030-02-02 00:00:00,DE00,hydro-ror,32.49000000
2030-02-03 00:00:00,DE00,hydro-ror,31.59000000
2030-02-04 00:00:00,DE00,hydro-ror,34.64000000
2030-02-05 00:00:00,DE00,hydro-ror,36.75000000
2030-02-06 00:00:00,DE00,hydro-ror,39.47000000
2030-02-07 00:00:00,DE00,hydro-ror,40.45000000
2030-02-08 00:00:00,DE00,hydro-ror,40.33000000
2030-02-09 00:00:00,DE00,hydro-ror,37.21000000
2030-02-10 00:00:00,DE00,hydro-ror,35.78000000
2030-02-11 00:00:00,DE00,hydro-ror,37.32000000
2030-02-12 00:00:00,DE00,hydro-ror,40.34000000
2030-02-13 00:00:00,DE00,hydro-ror,41.77000000
2030-02-14 00:00:00,DE00,hydro-ror,43.55000000
2030-02-15 00:00:00,DE00,hydro-ror,43.42000000
2030-02-16 00:00:00,DE00,hydro-ror,40.01000000
2030-02-17 00:00:00,DE00,hydro-ror,37.61000000
2030-02-18 00:00:00,DE00,hydro-ror,37.97000000
2030-02-19 00:00:00,DE00,hydro-ror,39.11000000
2030-02-20 00:00:00,DE00,hydro-ror,37.47000000
2030-02-21 00:00:00,DE00,hydro-ror,37.35000000
2030-02-22 00:00:00,DE00,hydro-ror,38.56000000
2030-02-23 00:00:00,DE00,hydro-ror,37.25000000
2030-02-24 00:00:00,DE00,hydro-ror,35.78000000
2030-02-25 00:00:00,DE00,hydro-ror,36.44000000
2030-02-26 00:00:00,DE00,hydro-ror,37.32000000
2030-02-27 00:00:00,DE00,hydro-ror,38.39000000
2030-02-28 00:00:00,DE00,hydro-ror,39.16000000
2030-03-01 00:00:00,DE00,hydro-ror,39.10000000
2030-03-02 00:00:00,DE00,hydro-ror,37.22000000
2030-03-03 00:00:00,DE00,hydro-ror,35.74000000
2030-03-04 00:00:00,DE00,hydro-ror,36.65000000
2030-03-05 00:00:00,DE00,hydro-ror,36.94000000
2030-03-06 00:00:00,DE00,hydro-ror,37.87000000
2030-03-07 00:00:00,DE00,hydro-ror,35.81000000
2030-03-08 00:00:00,DE00,hydro-ror,36.54000000
2030-03-09 00:00:00,DE00,hydro-ror,36.13000000
2030-03-10 00:00:00,DE00,hydro-ror,34.58000000
2030-03-11 00:00:00,DE00,hydro-ror,35.82000000
2030-03-12 00:00:00,DE00,hydro-ror,36.45000000
2030-03-13 00:00:00,DE00,hydro-ror,35.22000000
2030-03-14 00:00:00,DE00,hydro-ror,34.37000000
2030-03-15 00:00:00,DE00,hydro-ror,33.89000000
2030-03-16 00:00:00,DE00,hydro-ror,32.74000000
2030-03-17 00:00:00,DE00,hydro-ror,32.03000000
2030-03-18 00:00:00,DE00,hydro-ror,34.12000000
2030-03-19 00:00:00,DE00,hydro-ror,34.79000000
2030-03-20 00:00:00,DE00,hydro-ror,34.65000000
2030-03-21 00:00:00,DE00,hydro-ror,34.64000000
2030-03-22 00:00:00,DE00,hydro-ror,33.24000000
2030-03-23 00:00:00,DE00,hydro-ror,32.38000000
2030-03-24 00:00:00,DE00,hydro-ror,31.92000000
2030-03-25 00:00:00,DE00,hydro-ror,32.95000000
2030-03-26 00:00:00,DE00,hydro-ror,33.76000000
2030-03-27 00:00:00,DE00,hydro-ror,33.19000000
2030-03-28 00:00:00,DE00,hydro-ror,33.74000000
2030-03-29 00:00:00,DE00,hydro-ror,33.79000000
2030-03-30 00:00:00,DE00,hydro-ror,32.48000000
2030-03-31 00:00:00,DE00,hydro-ror,31.78000000
2030-04-01 00:00:00,DE00,hydro-ror,33.82000000
2030-04-02 00:00:00,DE00,hydro-ror,34.46000000
2030-04-03 00:00:00,DE00,hydro-ror,35.14000000
2030-04-04 00:00:00,DE00,hydro-ror,36.43000000
2030-04-05 00:00:00,DE00,hydro-ror,37.06000000
2030-04-06 00:00:00,DE00,hydro-ror,35.81000000
2030-04-07 00:00:00,DE00,hydro-ror,34.72000000
2030-04-08 00:00:00,DE00,hydro-ror,37.26000000
2030-04-09 00:00:00,DE00,hydro-ror,38.72000000
2030-04-10 00:00:00,DE00,hydro-ror,36.60000000
2030-04-11 00:00:00,DE00,hydro-ror,35.99000000
2030-04-12 00:00:00,DE00,hydro-ror,36.28000000
2030-04-13 00:00:00,DE00,hydro-ror,35.33000000
2030-04-14 00:00:00,DE00,hydro-ror,35.13000000
2030-04-15 00:00:00,DE00,hydro-ror,37.38000000
2030-04-16 00:00:00,DE00,hydro-ror,39.46000000
2030-04-17 00:00:00,DE00,hydro-ror,39.74000000
2030-04-18 00:00:00,DE00,hydro-ror,38.80000000
2030-04-19 00:00:00,DE00,hydro-ror,36.89000000
2030-04-20 00:00:00,DE00,hydro-ror,35.84000000
2030-04-21 00:00:00,DE00,hydro-ror,34.62000000
2030-04-22 00:00:00,DE00,hydro-ror,36.08000000
2030-04-23 00:00:00,DE00,hydro-ror,38.25000000
2030-04-24 00:00:00,DE00,hydro-ror,38.39000000
2030-04-25 00:00:00,DE00,hydro-ror,38.32000000
2030-04-26 00:00:00,DE00,hydro-ror,38.16000000
2030-04-27 00:00:00,DE00,hydro-ror,37.69000000
2030-04-28 00:00:00,DE00,hydro-ror,37.74000000
2030-04-29 00:00:00,DE00,hydro-ror,39.95000000
2030-04-30 00:00:00,DE00,hydro-ror,41.14000000
2030-05-01 00:00:00,DE00,hydro-ror,41.52000000
2030-05-02 00:00:00,DE00,hydro-ror,41.84000000
2030-05-03 00:00:00,DE00,hydro-ror,42.25000000
2030-05-04 00:00:00,DE00,hydro-ror,41.33000000
2030-05-05 00:00:00,DE00,hydro-ror,39.29000000
2030-05-06 00:00:00,DE00,hydro-ror,40.83000000
2030-05-07 00:00:00,DE00,hydro-ror,41.24000000
2030-05-08 00:00:00,DE00,hydro-ror,40.53000000
2030-05-09 00:00:00,DE00,hydro-ror,41.91000000
2030-05-10 00:00:00,DE00,hydro-ror,42.99000000
2030-05-11 00:00:00,DE00,hydro-ror,43.45000000
2030-05-12 00:00:00,DE00,hydro-ror,42.34000000
2030-05-13 00:00:00,DE00,hydro-ror,44.34000000
2030-05-14 00:00:00,DE00,hydro-ror,45.61000000
2030-05-15 00:00:00,DE00,hydro-ror,45.47000000
2030-05-16 00:00:00,DE00,hydro-ror,43.24000000
2030-05-17 00:00:00,DE00,hydro-ror,41.99000000
2030-05-18 00:00:00,DE00,hydro-ror,41.84000000
2030-05-19 00:00:00,DE00,hydro-ror,41.02000000
2030-05-20 00:00:00,DE00,hydro-ror,41.01000000
2030-05-21 00:00:00,DE00,hydro-ror,42.51000000
2030-05-22 00:00:00,DE00,hydro-ror,42.18000000
2030-05-23 00:00:00,DE00,hydro-ror,42.73000000
2030-05-24 00:00:00,DE00,hydro-ror,42.96000000
2030-05-25 00:00:00,DE00,hydro-ror,42.01000000
2030-05-26 00:00:00,DE00,hydro-ror,40.53000000
2030-05-27 00:00:00,DE00,hydro-ror,42.80000000
2030-05-28 00:00:00,DE00,hydro-ror,45.30000000
2030-05-29 00:00:00,DE00,hydro-ror,45.44000000
2030-05-30 00:00:00,DE00,hydro-ror,45.83000000
2030-05-31 00:00:00,DE00,hydro-ror,45.86000000
2030-06-01 00:00:00,DE00,hydro-ror,44.50000000
2030-06-02 00:00:00,DE00,hydro-ror,44.35000000
2030-06-03 00:00:00,DE00,hydro-ror,47.21000000
2030-06-04 00:00:00,DE00,hydro-ror,48.79000000
2030-06-05 00:00:00,DE00,hydro-ror,49.34000000
2030-06-06 00:00:00,DE00,hydro-ror,49.67000000
2030-06-07 00:00:00,DE00,hydro-ror,49.18000000
2030-06-08 00:00:00,DE00,hydro-ror,47.21000000
2030-06-09 00:00:00,DE00,hydro-ror,45.43000000
2030-06-10 00:00:00,DE00,hydro-ror,45.10000000
2030-06-11 00:00:00,DE00,hydro-ror,45.57000000
2030-06-12 00:00:00,DE00,hydro-ror,46.05000000
2030-06-13 00:00:00,DE00,hydro-ror,45.87000000
2030-06-14 00:00:00,DE00,hydro-ror,46.20000000
2030-06-15 00:00:00,DE00,hydro-ror,46.05000000
2030-06-16 00:00:00,DE00,hydro-ror,46.09000000
2030-06-17 00:00:00,DE00,hydro-ror,47.93000000
2030-06-18 00:00:00,DE00,hydro-ror,49.38000000
2030-06-19 00:00:00,DE00,hydro-ror,47.49000000
2030-06-20 00:00:00,DE00,hydro-ror,47.77000000
2030-06-21 00:00:00,DE00,hydro-ror,46.90000000
2030-06-22 00:00:00,DE00,hydro-ror,45.98000000
2030-06-23 00:00:00,DE00,hydro-ror,45.10000000
2030-06-24 00:00:00,DE00,hydro-ror,47.39000000
2030-06-25 00:00:00,DE00,hydro-ror,47.43000000
2030-06-26 00:00:00,DE00,hydro-ror,45.58000000
2030-06-27 00:00:00,DE00,hydro-ror,44.81000000
2030-06-28 00:00:00,DE00,hydro-ror,44.67000000
2030-06-29 00:00:00,DE00,hydro-ror,44.94000000
2030-06-30 00:00:00,DE00,hydro-ror,45.23000000
2030-07-01 00:00:00,DE00,hydro-ror,45.76000000
2030-07-02 00:00:00,DE00,hydro-ror,45.99000000
2030-07-03 00:00:00,DE00,hydro-ror,45.49000000
2030-07-04 00:00:00,DE00,hydro-ror,44.70000000
2030-07-05 00:00:00,DE00,hydro-ror,44.06000000
2030-07-06 00:00:00,DE00,hydro-ror,40.34000000
2030-07-07 00:00:00,DE00,hydro-ror,39.46000000
2030-07-08 00:00:00,DE00,hydro-ror,40.45000000
2030-07-09 00:00:00,DE00,hydro-ror,40.88000000
2030-07-10 00:00:00,DE00,hydro-ror,42.01000000
2030-07-11 00:00:00,DE00,hydro-ror,41.35000000
2030-07-12 00:00:00,DE00,hydro-ror,41.42000000
2030-07-13 00:00:00,DE00,hydro-ror,39.24000000
2030-07-14 00:00:00,DE00,hydro-ror,38.46000000
2030-07-15 00:00:00,DE00,hydro-ror,38.80000000
2030-07-16 00:00:00,DE00,hydro-ror,39.91000000
2030-07-17 00:00:00,DE00,hydro-ror,39.97000000
2030-07-18 00:00:00,DE00,hydro-ror,39.60000000
2030-07-19 00:00:00,DE00,hydro-ror,40.57000000
2030-07-20 00:00:00,DE00,hydro-ror,39.15000000
2030-07-21 00:00:00,DE00,hydro-ror,39.27000000
2030-07-22 00:00:00,DE00,hydro-ror,40.88000000
2030-07-23 00:00:00,DE00,hydro-ror,40.71000000
2030-07-24 00:00:00,DE00,hydro-ror,41.65000000
2030-07-25 00:00:00,DE00,hydro-ror,40.99000000
2030-07-26 00:00:00,DE00,hydro-ror,40.88000000
2030-07-27 00:00:00,DE00,hydro-ror,39.90000000
2030-07-28 00:00:00,DE00,hydro-ror,39.59000000
2030-07-29 00:00:00,DE00,hydro-ror,41.41000000
2030-07-30 00:00:00,DE00,hydro-ror,42.03000000
2030-07-31 00:00:00,DE00,hydro-ror,41.94000000
2030-08-01 00:00:00,DE00,hydro-ror,41.12000000
2030-08-02 00:00:00,DE00,hydro-ror,39.57000000
2030-08-03 00:00:00,DE00,hydro-ror,37.75000000
2030-08-04 00:00:00,DE00,hydro-ror,35.88000000
2030-08-05 00:00:00,DE00,hydro-ror,37.26000000
2030-08-06 00:00:00,DE00,hydro-ror,38.44000000
2030-08-07 00:00:00,DE00,hydro-ror,36.52000000
2030-08-08 00:00:00,DE00,hydro-ror,35.00000000
2030-08-09 00:00:00,DE00,hydro-ror,34.54000000
2030-08-10 00:00:00,DE00,hydro-ror,33.64000000
2030-08-11 00:00:00,DE00,hydro-ror,33.34000000
2030-08-12 00:00:00,DE00,hydro-ror,35.10000000
2030-08-13 00:00:00,DE00,hydro-ror,36.10000000
2030-08-14 00:00:00,DE00,hydro-ror,37.14000000
2030-08-15 00:00:00,DE00,hydro-ror,36.28000000
2030-08-16 00:00:00,DE00,hydro-ror,36.40000000
2030-08-17 00:00:00,DE00,hydro-ror,35.24000000
2030-08-18 00:00:00,DE00,hydro-ror,34.46000000
2030-08-19 00:00:00,DE00,hydro-ror,35.65000000
2030-08-20 00:00:00,DE00,hydro-ror,37.33000000
2030-08-21 00:00:00,DE00,hydro-ror,38.15000000
2030-08-22 00:00:00,DE00,hydro-ror,37.85000000
2030-08-23 00:00:00,DE00,hydro-ror,37.55000000
2030-08-24 00:00:00,DE00,hydro-ror,36.57000000
2030-08-25 00:00:00,DE00,hydro-ror,35.50000000
2030-08-26 00:00:00,DE00,hydro-ror,37.02000000
2030-08-27 00:00:00,DE00,hydro-ror,38.95000000
2030-08-28 00:00:00,DE00,hydro-ror,38.99000000
2030-08-29 00:00:00,DE00,hydro-ror,40.52000000
2030-08-30 00:00:00,DE00,hydro-ror,39.51000000
2030-08-31 00:00:00,DE00,hydro-ror,37.36000000
2030-09-01 00:00:00,DE00,hydro-ror,34.95000000
2030-09-02 00:00:00,DE00,hydro-ror,36.95000000
2030-09-03 00:00:00,DE00,hydro-ror,37.60000000
2030-09-04 00:00:00,DE00,hydro-ror,37.45000000
2030-09-05 00:00:00,DE00,hydro-ror,37.03000000
2030-09-06 00:00:00,DE00,hydro-ror,36.38000000
2030-09-07 00:00:00,DE00,hydro-ror,34.25000000
2030-09-08 00:00:00,DE00,hydro-ror,32.90000000
2030-09-09 00:00:00,DE00,hydro-ror,34.88000000
2030-09-10 00:00:00,DE00,hydro-ror,36.46000000
2030-09-11 00:00:00,DE00,hydro-ror,36.21000000
2030-09-12 00:00:00,DE00,hydro-ror,37.04000000
2030-09-13 00:00:00,DE00,hydro-ror,36.15000000
2030-09-14 00:00:00,DE00,hydro-ror,34.76000000
2030-09-15 00:00:00,DE00,hydro-ror,33.57000000
2030-09-16 00:00:00,DE00,hydro-ror,34.86000000
2030-09-17 00:00:00,DE00,hydro-ror,36.43000000
2030-09-18 00:00:00,DE00,hydro-ror,36.05000000
2030-09-19 00:00:00,DE00,hydro-ror,35.07000000
2030-09-20 00:00:00,DE00,hydro-ror,34.14000000
2030-09-21 00:00:00,DE00,hydro-ror,32.83000000
2030-09-22 00:00:00,DE00,hydro-ror,31.30000000
2030-09-23 00:00:00,DE00,hydro-ror,34.55000000
2030-09-24 00:00:00,DE00,hydro-ror,36.28000000
2030-09-25 00:00:00,DE00,hydro-ror,36.47000000
2030-09-26 00:00:00,DE00,hydro-ror,37.81000000
2030-09-27 00:00:00,DE00,hydro-ror,37.61000000
2030-09-28 00:00:00,DE00,hydro-ror,35.55000000
2030-09-29 00:00:00,DE00,hydro-ror,34.43000000
2030-09-30 00:00:00,DE00,hydro-ror,36.33000000
2030-10-01 00:00:00,DE00,hydro-ror,36.49000000
2030-10-02 00:00:00,DE00,hydro-ror,35.72000000
2030-10-03 00:00:00,DE00,hydro-ror,34.64000000
2030-10-04 00:00:00,DE00,hydro-ror,33.95000000
2030-10-05 00:00:00,DE00,hydro-ror,31.75000000
2030-10-06 00:00:00,DE00,hydro-ror,29.99000000
2030-10-07 00:00:00,DE00,hydro-ror,31.55000000
2030-10-08 00:00:00,DE00,hydro-ror,33.04000000
2030-10-09 00:00:00,DE00,hydro-ror,33.81000000
2030-10-10 00:00:00,DE00,hydro-ror,33.31000000
2030-10-11 00:00:00,DE00,hydro-ror,32.84000000
2030-10-12 00:00:00,DE00,hydro-ror,32.59000000
2030-10-13 00:00:00,DE00,hydro-ror,31.07000000
2030-10-14 00:00:00,DE00,hydro-ror,33.32000000
2030-10-15 00:00:00,DE00,hydro-ror,34.34000000
2030-10-16 00:00:00,DE00,hydro-ror,33.45000000
2030-10-17 00:00:00,DE00,hydro-ror,33.04000000
2030-10-18 00:00:00,DE00,hydro-ror,32.50000000
2030-10-19 00:00:00,DE00,hydro-ror,30.96000000
2030-10-20 00:00:00,DE00,hydro-ror,29.38000000
2030-10-21 00:00:00,DE00,hydro-ror,32.38000000
2030-10-22 00:00:00,DE00,hydro-ror,34.38000000
2030-10-23 00:00:00,DE00,hydro-ror,34.33000000
2030-10-24 00:00:00,DE00,hydro-ror,33.37000000
2030-10-25 00:00:00,DE00,hydro-ror,33.09000000
2030-10-26 00:00:00,DE00,hydro-ror,32.28000000
2030-10-27 00:00:00,DE00,hydro-ror,30.50000000
2030-10-28 00:00:00,DE00,hydro-ror,32.10000000
2030-10-29 00:00:00,DE00,hydro-ror,34.61000000
2030-10-30 00:00:00,DE00,hydro-ror,34.72000000
2030-10-31 00:00:00,DE00,hydro-ror,35.33000000
2030-11-01 00:00:00,DE00,hydro-ror,34.67000000
2030-11-02 00:00:00,DE00,hydro-ror,32.72000000
2030-11-03 00:00:00,DE00,hydro-ror,31.66000000
2030-11-04 00:00:00,DE00,hydro-ror,33.64000000
2030-11-05 00:00:00,DE00,hydro-ror,34.28000000
2030-11-06 00:00:00,DE00,hydro-ror,33.81000000
2030-11-07 00:00:00,DE00,hydro-ror,33.39000000
2030-11-08 00:00:00,DE00,hydro-ror,32.28000000
2030-11-09 00:00:00,DE00,hydro-ror,31.63000000
2030-11-10 00:00:00,DE00,hydro-ror,30.37000000
2030-11-11 00:00:00,DE00,hydro-ror,31.26000000
2030-11-12 00:00:00,DE00,hydro-ror,34.19000000
2030-11-13 00:00:00,DE00,hydro-ror,35.05000000
2030-11-14 00:00:00,DE00,hydro-ror,34.43000000
2030-11-15 00:00:00,DE00,hydro-ror,34.10000000
2030-11-16 00:00:00,DE00,hydro-ror,32.97000000
2030-11-17 00:00:00,DE00,hydro-ror,32.17000000
2030-11-18 00:00:00,DE00,hydro-ror,34.35000000
2030-11-19 00:00:00,DE00,hydro-ror,36.65000000
2030-11-20 00:00:00,DE00,hydro-ror,38.61000000
2030-11-21 00:00:00,DE00,hydro-ror,39.11000000
2030-11-22 00:00:00,DE00,hydro-ror,37.68000000
2030-11-23 00:00:00,DE00,hydro-ror,35.25000000
2030-11-24 00:00:00,DE00,hydro-ror,34.48000000
2030-11-25 00:00:00,DE00,hydro-ror,36.85000000
2030-11-26 00:00:00,DE00,hydro-ror,39.43000000
2030-11-27 00:00:00,DE00,hydro-ror,39.13000000
2030-11-28 00:00:00,DE00,hydro-ror,39.13000000
2030-11-29 00:00:00,DE00,hydro-ror,39.41000000
2030-11-30 00:00:00,DE00,hydro-ror,37.73000000
2030-12-01 00:00:00,DE00,hydro-ror,36.87000000
2030-12-02 00:00:00,DE00,hydro-ror,39.19000000
2030-12-03 00:00:00,DE00,hydro-ror,40.77000000
2030-12-04 00:00:00,DE00,hydro-ror,40.00000000
2030-12-05 00:00:00,DE00,hydro-ror,39.92000000
2030-12-06 00:00:00,DE00,hydro-ror,39.60000000
2030-12-07 00:00:00,DE00,hydro-ror,36.59000000
2030-12-08 00:00:00,DE00,hydro-ror,36.72000000
2030-12-09 00:00:00,DE00,hydro-ror,39.34000000
2030-12-10 00:00:00,DE00,hydro-ror,40.83000000
2030-12-11 00:00:00,DE00,hydro-ror,40.48000000
2030-12-12 00:00:00,DE00,hydro-ror,40.04000000
2030-12-13 00:00:00,DE00,hydro-ror,39.37000000
2030-12-14 00:00:00,DE00,hydro-ror,36.92000000
2030-12-15 00:00:00,DE00,hydro-ror,36.38000000
2030-12-16 00:00:00,DE00,hydro-ror,39.80000000
2030-12-17 00:00:00,DE00,hydro-ror,41.00000000
2030-12-18 00:00:00,DE00,hydro-ror,39.37000000
2030-12-19 00:00:00,DE00,hydro-ror,37.83000000
2030-12-20 00:00:00,DE00,hydro-ror,36.27000000
2030-12-21 00:00:00,DE00,hydro-ror,34.66000000
2030-12-22 00:00:00,DE00,hydro-ror,34.03000000
2030-12-23 00:00:00,DE00,hydro-ror,36.56000000
2030-12-24 00:00:00,DE00,hydro-ror,36.85000000
2030-12-25 00:00:00,DE00,hydro-ror,35.52000000
2030-12-26 00:00:00,DE00,hydro-ror,34.79000000
2030-12-27 00:00:00,DE00,hydro-ror,33.60000000
2030-12-28 00:00:00,DE00,hydro-ror,32.78000000
2030-12-29 00:00:00,DE00,hydro-ror,32.15000000
2030-12-30 00:00:00,DE00,hydro-ror,33.50000000
2030-12-31 00:00:00,DE00,hydro-ror,34.74000000
2030-01-01 00:00:00,DE00,hydro-ps,0.00000000
2030-01-02 00:00:00,DE00,hydro-ps,0.00000000
2030-01-03 00:00:00,DE00,hydro-ps,0.00000000
2030-01-04 00:00:00,DE00,hydro-ps,0.00000000
2030-01-05 00:00:00,DE00,hydro-ps,0.00000000
2030-01-06 00:00:00,DE00,hydro-ps,0.00000000
2030-01-07 00:00:00,DE00,hydro-ps,0.00000000
2030-01-08 00:00:00,DE00,hydro-ps,0.00000000
2030-01-09 00:00:00,DE00,hydro-ps,0.00000000
2030-01-10 00:00:00,DE00,hydro-ps,0.00000000
2030-01-11 00:00:00,DE00,hydro-ps,0.00000000
2030-01-12 00:00:00,DE00,hydro-ps,0.00000000
2030-01-13 00:00:00,DE00,hydro-ps,0.00000000
2030-01-14 00:00:00,DE00,hydro-ps,0.00000000
2030-01-15 00:00:00,DE00,hydro-ps,0.00000000
2030-01-16 00:00:00,DE00,hydro-ps,0.00000000
2030-01-17 00:00:00,DE00,hydro-ps,0.00000000
2030-01-18 00:00:00,DE00,hydro-ps,0.00000000
2030-01-19 00:00:00,DE00,hydro-ps,0.00000000
2030-01-20 00:00:00,DE00,hydro-ps,0.00000000
2030-01-21 00:00:00,DE00,hydro-ps,0.00000000
2030-01-22 00:00:00,DE00,hydro-ps,0.00000000
2030-01-23 00:00:00,DE00,hydro-ps,0.00000000
2030-01-24 00:00:00,DE00,hydro-ps,0.00000000
2030-01-25 00:00:00,DE00,hydro-ps,0.00000000
2030-01-26 00:00:00,DE00,hydro-ps,0.00000000
2030-01-27 00:00:00,DE00,hydro-ps,0.00000000
2030-01-28 00:00:00,DE00,hydro-ps,0.00000000
2030-01-29 00:00:00,DE00,hydro-ps,0.00000000
2030-01-30 00:00:00,DE00,hydro-ps,0.00000000
2030-01-31 00:00:00,DE00,hydro-ps,0.00000000
2030-02-01 00:00:00,DE00,hydro-ps,0.00000000
2030-02-02 00:00:00,DE00,hydro-ps,0.00000000
2030-02-03 00:00:00,DE00,hydro-ps,0.00000000
2030-02-04 00:00:00,DE00,hydro-ps,0.00000000
2030-02-05 00:00:00,DE00,hydro-ps,0.00000000
2030-02-06 00:00:00,DE00,hydro-ps,0.00000000
2030-02-07 00:00:00,DE00,hydro-ps,0.00000000
2030-02-08 00:00:00,DE00,hydro-ps,0.00000000
2030-02-09 00:00:00,DE00,hydro-ps,0.00000000
2030-02-10 00:00:00,DE00,hydro-ps,0.00000000
2030-02-11 00:00:00,DE00,hydro-ps,0.00000000
2030-02-12 00:00:00,DE00,hydro-ps,0.00000000
2030-02-13 00:00:00,DE00,hydro-ps,0.00000000
2030-02-14 00:00:00,DE00,hydro-ps,0.00000000
2030-02-15 00:00:00,DE00,hydro-ps,0.00000000
2030-02-16 00:00:00,DE00,hydro-ps,0.00000000
2030-02-17 00:00:00,DE00,hydro-ps,0.00000000
2030-02-18 00:00:00,DE00,hydro-ps,0.00000000
2030-02-19 00:00:00,DE00,hydro-ps,0.00000000
2030-02-20 00:00:00,DE00,hydro-ps,0.00000000
2030-02-21 00:00:00,DE00,hydro-ps,0.00000000
2030-02-22 00:00:00,DE00,hydro-ps,0.00000000
2030-02-23 00:00:00,DE00,hydro-ps,0.00000000
2030-02-24 00:00:00,DE00,hydro-ps,0.00000000
2030-02-25 00:00:00,DE00,hydro-ps,0.00000000
2030-02-26 00:00:00,DE00,hydro-ps,0.00000000
2030-02-27 00:00:00,DE00,hydro-ps,0.00000000
2030-02-28 00:00:00,DE00,hydro-ps,0.00000000
2030-03-01 00:00:00,DE00,hydro-ps,0.00000000
2030-03-02 00:00:00,DE00,hydro-ps,0.00000000
2030-03-03 00:00:00,DE00,hydro-ps,0.00000000
2030-03-04 00:00:00,DE00,hydro-ps,0.00000000
2030-03-05 00:00:00,DE00,hydro-ps,0.00000000
2030-03-06 00:00:00,DE00,hydro-ps,0.00000000
2030-03-07 00:00:00,DE00,hydro-ps,0.00000000
2030-03-08 00:00:00,DE00,hydro-ps,0.00000000
2030-03-09 00:00:00,DE00,hydro-ps,0.00000000
2030-03-10 00:00:00,DE00,hydro-ps,0.00000000
2030-03-11 00:00:00,DE00,hydro-ps,0.00000000
2030-03-12 00:00:00,DE00,hydro-ps,0.00000000
2030-03-13 00:00:00,DE00,hydro-ps,0.00000000
2030-03-14 00:00:00,DE00,hydro-ps,0.00000000
2030-03-15 00:00:00,DE00,hydro-ps,0.00000000
2030-03-16 00:00:00,DE00,hydro-ps,0.00000000
2030-03-17 00:00:00,DE00,hydro-ps,0.00000000
2030-03-18 00:00:00,DE00,hydro-ps,0.00000000
2030-03-19 00:00:00,DE00,hydro-ps,0.00000000
2030-03-20 00:00:00,DE00,hydro-ps,0.00000000
2030-03-21 00:00:00,DE00,hydro-ps,0.00000000
2030-03-22 00:00:00,DE00,hydro-ps,0.00000000
2030-03-23 00:00:00,DE00,hydro-ps,0.00000000
2030-03-24 00:00:00,DE00,hydro-ps,0.00000000
2030-03-25 00:00:00,DE00,hydro-ps,0.00000000
2030-03-26 00:00:00,DE00,hydro-ps,0.00000000
2030-03-27 00:00:00,DE00,hydro-ps,0.00000000
2030-03-28 00:00:00,DE00,hydro-ps,0.00000000
2030-03-29 00:00:00,DE00,hydro-ps,0.00000000
2030-03-30 00:00:00,DE00,hydro-ps,0.00000000
2030-03-31 00:00:00,DE00,hydro-ps,0.00000000
2030-04-01 00:00:00,DE00,hydro-ps,0.00000000
2030-04-02 00:00:00,DE00,hydro-ps,0.00000000
2030-04-03 00:00:00,DE00,hydro-ps,0.00000000
2030-04-04 00:00:00,DE00,hydro-ps,0.00000000
2030-04-05 00:00:00,DE00,hydro-ps,0.00000000
2030-04-06 00:00:00,DE00,hydro-ps,0.00000000
2030-04-07 00:00:00,DE00,hydro-ps,0.00000000
2030-04-08 00:00:00,DE00,hydro-ps,0.00000000
2030-04-09 00:00:00,DE00,hydro-ps,0.00000000
2030-04-10 00:00:00,DE00,hydro-ps,0.00000000
2030-04-11 00:00:00,DE00,hydro-ps,0.00000000
2030-04-12 00:00:00,DE00,hydro-ps,0.00000000
2030-04-13 00:00:00,DE00,hydro-ps,0.00000000
2030-04-14 00:00:00,DE00,hydro-ps,0.00000000
2030-04-15 00:00:00,DE00,hydro-ps,0.00000000
2030-04-16 00:00:00,DE00,hydro-ps,0.00000000
2030-04-17 00:00:00,DE00,hydro-ps,0.00000000
2030-04-18 00:00:00,DE00,hydro-ps,0.00000000
2030-04-19 00:00:00,DE00,hydro-ps,0.00000000
2030-04-20 00:00:00,DE00,hydro-ps,0.00000000
2030-04-21 00:00:00,DE00,hydro-ps,0.00000000
2030-04-22 00:00:00,DE00,hydro-ps,0.00000000
2030-04-23 00:00:00,DE00,hydro-ps,0.00000000
2030-04-24 00:00:00,DE00,hydro-ps,0.00000000
2030-04-25 00:00:00,DE00,hydro-ps,0.00000000
2030-04-26 00:00:00,DE00,hydro-ps,0.00000000
2030-04-27 00:00:00,DE00,hydro-ps,0.00000000
2030-04-28 00:00:00,DE00,hydro-ps,0.00000000
2030-04-29 00:00:00,DE00,hydro-ps,0.00000000
2030-04-30 00:00:00,DE00,hydro-ps,0.00000000
2030-05-01 00:00:00,DE00,hydro-ps,0.00000000
2030-05-02 00:00:00,DE00,hydro-ps,0.00000000
2030-05-03 00:00:00,DE00,hydro-ps,0.00000000
2030-05-04 00:00:00,DE00,hydro-ps,0.00000000
2030-05-05 00:00:00,DE00,hydro-ps,0.00000000
2030-05-06 00:00:00,DE00,hydro-ps,0.00000000
2030-05-07 00:00:00,DE00,hydro-ps,0.00000000
2030-05-08 00:00:00,DE00,hydro-ps,0.00000000
2030-05-09 00:00:00,DE00,hydro-ps,0.00000000
2030-05-10 00:00:00,DE00,hydro-ps,0.00000000
2030-05-11 00:00:00,DE00,hydro-ps,0.00000000
2030-05-12 00:00:00,DE00,hydro-ps,0.00000000
2030-05-13 00:00:00,DE00,hydro-ps,0.00000000
2030-05-14 00:00:00,DE00,hydro-ps,0.00000000
2030-05-15 00:00:00,DE00,hydro-ps,0.00000000
2030-05-16 00:00:00,DE00,hydro-ps,0.00000000
2030-05-17 00:00:00,DE00,hydro-ps,0.00000000
2030-05-18 00:00:00,DE00,hydro-ps,0.00000000
2030-05-19 00:00:00,DE00,hydro-ps,0.00000000
2030-05-20 00:00:00,DE00,hydro-ps,0.00000000
2030-05-21 00:00:00,DE00,hydro-ps,0.00000000
2030-05-22 00:00:00,DE00,hydro-ps,0.00000000
2030-05-23 00:00:00,DE00,hydro-ps,0.00000000
2030-05-24 00:00:00,DE00,hydro-ps,0.00000000
2030-05-25 00:00:00,DE00,hydro-ps,0.00000000
2030-05-26 00:00:00,DE00,hydro-ps,0.00000000
2030-05-27 00:00:00,DE00,hydro-ps,0.00000000
2030-05-28 00:00:00,DE00,hydro-ps,0.00000000
2030-05-29 00:00:00,DE00,hydro-ps,0.00000000
2030-05-30 00:00:00,DE00,hydro-ps,0.00000000
2030-05-31 00:00:00,DE00,hydro-ps,0.00000000
2030-06-01 00:00:00,DE00,hydro-ps,0.00000000
2030-06-02 00:00:00,DE00,hydro-ps,0.00000000
2030-06-03 00:00:00,DE00,hydro-ps,0.00000000
2030-06-04 00:00:00,DE00,hydro-ps,0.00000000
2030-06-05 00:00:00,DE00,hydro-ps,0.00000000
2030-06-06 00:00:00,DE00,hydro-ps,0.00000000
2030-06-07 00:00:00,DE00,hydro-ps,0.00000000
2030-06-08 00:00:00,DE00,hydro-ps,0.00000000
2030-06-09 00:00:00,DE00,hydro-ps,0.00000000
2030-06-10 00:00:00,DE00,hydro-ps,0.00000000
2030-06-11 00:00:00,DE00,hydro-ps,0.00000000
2030-06-12 00:00:00,DE00,hydro-ps,0.00000000
2030-06-13 00:00:00,DE00,hydro-ps,0.00000000
2030-06-14 00:00:00,DE00,hydro-ps,0.00000000
2030-06-15 00:00:00,DE00,hydro-ps,0.00000000
2030-06-16 00:00:00,DE00,hydro-ps,0.00000000
2030-06-17 00:00:00,DE00,hydro-ps,0.00000000
2030-06-18 00:00:00,DE00,hydro-ps,0.00000000
2030-06-19 00:00:00,DE00,hydro-ps,0.00000000
2030-06-20 00:00:00,DE00,hydro-ps,0.00000000
2030-06-21 00:00:00,DE00,hydro-ps,0.00000000
2030-06-22 00:00:00,DE00,hydro-ps,0.00000000
2030-06-23 00:00:00,DE00,hydro-ps,0.00000000
2030-06-24 00:00:00,DE00,hydro-ps,0.00000000
2030-06-25 00:00:00,DE00,hydro-ps,0.00000000
2030-06-26 00:00:00,DE00,hydro-ps,0.00000000
2030-06-27 00:00:00,DE00,hydro-ps,0.00000000
2030-06-28 00:00:00,DE00,hydro-ps,0.00000000
2030-06-29 00:00:00,DE00,hydro-ps,0.00000000
2030-06-30 00:00:00,DE00,hydro-ps,0.00000000
2030-07-01 00:00:00,DE00,hydro-ps,0.00000000
2030-07-02 00:00:00,DE00,hydro-ps,0.00000000
2030-07-03 00:00:00,DE00,hydro-ps,0.00000000
2030-07-04 00:00:00,DE00,hydro-ps,0.00000000
2030-07-05 00:00:00,DE00,hydro-ps,0.00000000
2030-07-06 00:00:00,DE00,hydro-ps,0.00000000
2030-07-07 00:00:00,DE00,hydro-ps,0.00000000
2030-07-08 00:00:00,DE00,hydro-ps,0.00000000
2030-07-09 00:00:00,DE00,hydro-ps,0.00000000
2030-07-10 00:00:00,DE00,hydro-ps,0.00000000
2030-07-11 00:00:00,DE00,hydro-ps,0.00000000
2030-07-12 00:00:00,DE00,hydro-ps,0.00000000
2030-07-13 00:00:00,DE00,hydro-ps,0.00000000
2030-07-14 00:00:00,DE00,hydro-ps,0.00000000
2030-07-15 00:00:00,DE00,hydro-ps,0.00000000
2030-07-16 00:00:00,DE00,hydro-ps,0.00000000
2030-07-17 00:00:00,DE00,hydro-ps,0.00000000
2030-07-18 00:00:00,DE00,hydro-ps,0.00000000
2030-07-19 00:00:00,DE00,hydro-ps,0.00000000
2030-07-20 00:00:00,DE00,hydro-ps,0.00000000
2030-07-21 00:00:00,DE00,hydro-ps,0.00000000
2030-07-22 00:00:00,DE00,hydro-ps,0.00000000
2030-07-23 00:00:00,DE00,hydro-ps,0.00000000
2030-07-24 00:00:00,DE00,hydro-ps,0.00000000
2030-07-25 00:00:00,DE00,hydro-ps,0.00000000
2030-07-26 00:00:00,DE00,hydro-ps,0.00000000
2030-07-27 00:00:00,DE00,hydro-ps,0.00000000
2030-07-28 00:00:00,DE00,hydro-ps,0.00000000
2030-07-29 00:00:00,DE00,hydro-ps,0.00000000
2030-07-30 00:00:00,DE00,hydro-ps,0.00000000
2030-07-31 00:00:00,DE00,hydro-ps,0.00000000
2030-08-01 00:00:00,DE00,hydro-ps,0.00000000
2030-08-02 00:00:00,DE00,hydro-ps,0.00000000
2030-08-03 00:00:00,DE00,hydro-ps,0.00000000
2030-08-04 00:00:00,DE00,hydro-ps,0.00000000
2030-08-05 00:00:00,DE00,hydro-ps,0.00000000
2030-08-06 00:00:00,DE00,hydro-ps,0.00000000
2030-08-07 00:00:00,DE00,hydro-ps,0.00000000
2030-08-08 00:00:00,DE00,hydro-ps,0.00000000
2030-08-09 00:00:00,DE00,hydro-ps,0.00000000
2030-08-10 00:00:00,DE00,hydro-ps,0.00000000
2030-08-11 00:00:00,DE00,hydro-ps,0.00000000
2030-08-12 00:00:00,DE00,hydro-ps,0.00000000
2030-08-13 00:00:00,DE00,hydro-ps,0.00000000
2030-08-14 00:00:00,DE00,hydro-ps,0.00000000
2030-08-15 00:00:00,DE00,hydro-ps,0.00000000
2030-08-16 00:00:00,DE00,hydro-ps,0.00000000
2030-08-17 00:00:00,DE00,hydro-ps,0.00000000
2030-08-18 00:00:00,DE00,hydro-ps,0.00000000
2030-08-19 00:00:00,DE00,hydro-ps,0.00000000
2030-08-20 00:00:00,DE00,hydro-ps,0.00000000
2030-08-21 00:00:00,DE00,hydro-ps,0.00000000
2030-08-22 00:00:00,DE00,hydro-ps,0.00000000
2030-08-23 00:00:00,DE00,hydro-ps,0.00000000
2030-08-24 00:00:00,DE00,hydro-ps,0.00000000
2030-08-25 00:00:00,DE00,hydro-ps,0.00000000
2030-08-26 00:00:00,DE00,hydro-ps,0.00000000
2030-08-27 00:00:00,DE00,hydro-ps,0.00000000
2030-08-28 00:00:00,DE00,hydro-ps,0.00000000
2030-08-29 00:00:00,DE00,hydro-ps,0.00000000
2030-08-30 00:00:00,DE00,hydro-ps,0.00000000
2030-08-31 00:00:00,DE00,hydro-ps,0.00000000
2030-09-01 00:00:00,DE00,hydro-ps,0.00000000
2030-09-02 00:00:00,DE00,hydro-ps,0.00000000
2030-09-03 00:00:00,DE00,hydro-ps,0.00000000
2030-09-04 00:00:00,DE00,hydro-ps,0.00000000
2030-09-05 00:00:00,DE00,hydro-ps,0.00000000
2030-09-06 00:00:00,DE00,hydro-ps,0.00000000
2030-09-07 00:00:00,DE00,hydro-ps,0.00000000
2030-09-08 00:00:00,DE00,hydro-ps,0.00000000
2030-09-09 00:00:00,DE00,hydro-ps,0.00000000
2030-09-10 00:00:00,DE00,hydro-ps,0.00000000
2030-09-11 00:00:00,DE00,hydro-ps,0.00000000
2030-09-12 00:00:00,DE00,hydro-ps,0.00000000
2030-09-13 00:00:00,DE00,hydro-ps,0.00000000
2030-09-14 00:00:00,DE00,hydro-ps,0.00000000
2030-09-15 00:00:00,DE00,hydro-ps,0.00000000
2030-09-16 00:00:00,DE00,hydro-ps,0.00000000
2030-09-17 00:00:00,DE00,hydro-ps,0.00000000
2030-09-18 00:00:00,DE00,hydro-ps,0.00000000
2030-09-19 00:00:00,DE00,hydro-ps,0.00000000
2030-09-20 00:00:00,DE00,hydro-ps,0.00000000
2030-09-21 00:00:00,DE00,hydro-ps,0.00000000
2030-09-22 00:00:00,DE00,hydro-ps,0.00000000
2030-09-23 00:00:00,DE00,hydro-ps,0.00000000
2030-09-24 00:00:00,DE00,hydro-ps,0.00000000
2030-09-25 00:00:00,DE00,hydro-ps,0.00000000
2030-09-26 00:00:00,DE00,hydro-ps,0.00000000
2030-09-27 00:00:00,DE00,hydro-ps,0.00000000
2030-09-28 00:00:00,DE00,hydro-ps,0.00000000
2030-09-29 00:00:00,DE00,hydro-ps,0.00000000
2030-09-30 00:00:00,DE00,hydro-ps,0.00000000
2030-10-01 00:00:00,DE00,hydro-ps,0.00000000
2030-10-02 00:00:00,DE00,hydro-ps,0.00000000
2030-10-03 00:00:00,DE00,hydro-ps,0.00000000
2030-10-04 00:00:00,DE00,hydro-ps,0.00000000
2030-10-05 00:00:00,DE00,hydro-ps,0.00000000
2030-10-06 00:00:00,DE00,hydro-ps,0.00000000
2030-10-07 00:00:00,DE00,hydro-ps,0.00000000
2030-10-08 00:00:00,DE00,hydro-ps,0.00000000
2030-10-09 00:00:00,DE00,hydro-ps,0.00000000
2030-10-10 00:00:00,DE00,hydro-ps,0.00000000
2030-10-11 00:00:00,DE00,hydro-ps,0.00000000
2030-10-12 00:00:00,DE00,hydro-ps,0.00000000
2030-10-13 00:00:00,DE00,hydro-ps,0.00000000
2030-10-14 00:00:00,DE00,hydro-ps,0.00000000
2030-10-15 00:00:00,DE00,hydro-ps,0.00000000
2030-10-16 00:00:00,DE00,hydro-ps,0.00000000
2030-10-17 00:00:00,DE00,hydro-ps,0.00000000
2030-10-18 00:00:00,DE00,hydro-ps,0.00000000
2030-10-19 00:00:00,DE00,hydro-ps,0.00000000
2030-10-20 00:00:00,DE00,hydro-ps,0.00000000
2030-10-21 00:00:00,DE00,hydro-ps,0.00000000
2030-10-22 00:00:00,DE00,hydro-ps,0.00000000
2030-10-23 00:00:00,DE00,hydro-ps,0.00000000
2030-10-24 00:00:00,DE00,hydro-ps,0.00000000
2030-10-25 00:00:00,DE00,hydro-ps,0.00000000
2030-10-26 00:00:00,DE00,hydro-ps,0.00000000
2030-10-27 00:00:00,DE00,hydro-ps,0.00000000
2030-10-28 00:00:00,DE00,hydro-ps,0.00000000
2030-10-29 00:00:00,DE00,hydro-ps,0.00000000
2030-10-30 00:00:00,DE00,hydro-ps,0.00000000
2030-10-31 00:00:00,DE00,hydro-ps,0.00000000
2030-11-01 00:00:00,DE00,hydro-ps,0.00000000
2030-11-02 00:00:00,DE00,hydro-ps,0.00000000
2030-11-03 00:00:00,DE00,hydro-ps,0.00000000
2030-11-04 00:00:00,DE00,hydro-ps,0.00000000
2030-11-05 00:00:00,DE00,hydro-ps,0.00000000
2030-11-06 00:00:00,DE00,hydro-ps,0.00000000
2030-11-07 00:00:00,DE00,hydro-ps,0.00000000
2030-11-08 00:00:00,DE00,hydro-ps,0.00000000
2030-11-09 00:00:00,DE00,hydro-ps,0.00000000
2030-11-10 00:00:00,DE00,hydro-ps,0.00000000
2030-11-11 00:00:00,DE00,hydro-ps,0.00000000
2030-11-12 00:00:00,DE00,hydro-ps,0.00000000
2030-11-13 00:00:00,DE00,hydro-ps,0.00000000
2030-11-14 00:00:00,DE00,hydro-ps,0.00000000
2030-11-15 00:00:00,DE00,hydro-ps,0.00000000
2030-11-16 00:00:00,DE00,hydro-ps,0.00000000
2030-11-17 00:00:00,DE00,hydro-ps,0.00000000
2030-11-18 00:00:00,DE00,hydro-ps,0.00000000
2030-11-19 00:00:00,DE00,hydro-ps,0.00000000
2030-11-20 00:00:00,DE00,hydro-ps,0.00000000
2030-11-21 00:00:00,DE00,hydro-ps,0.00000000
2030-11-22 00:00:00,DE00,hydro-ps,0.00000000
2030-11-23 00:00:00,DE00,hydro-ps,0.00000000
2030-11-24 00:00:00,DE00,hydro-ps,0.00000000
2030-11-25 00:00:00,DE00,hydro-ps,0.00000000
2030-11-26 00:00:00,DE00,hydro-ps,0.00000000
2030-11-27 00:00:00,DE00,hydro-ps,0.00000000
2030-11-28 00:00:00,DE00,hydro-ps,0.00000000
2030-11-29 00:00:00,DE00,hydro-ps,0.00000000
2030-11-30 00:00:00,DE00,hydro-ps,0.00000000
2030-12-01 00:00:00,DE00,hydro-ps,0.00000000
2030-12-02 00:00:00,DE00,hydro-ps,0.00000000
2030-12-03 00:00:00,DE00,hydro-ps,0.00000000
2030-12-04 00:00:00,DE00,hydro-ps,0.00000000
2030-12-05 00:00:00,DE00,hydro-ps,0.00000000
2030-12-06 00:00:00,DE00,hydro-ps,0.00000000
2030-12-07 00:00:00,DE00,hydro-ps,0.00000000
2030-12-08 00:00:00,DE00,hydro-ps,0.00000000
2030-12-09 00:00:00,DE00,hydro-ps,0.00000000
2030-12-10 00:00:00,DE00,hydro-ps,0.00000000
2030-12-11 00:00:00,DE00,hydro-ps,0.00000000
2030-12-12 00:00:00,DE00,hydro-ps,0.00000000
2030-12-13 00:00:00,DE00,hydro-ps,0.00000000
2030-12-14 00:00:00,DE00,hydro-ps,0.00000000
2030-12-15 00:00:00,DE00,hydro-ps,0.00000000
2030-12-16 00:00:00,DE00,hydro-ps,0.00000000
2030-12-17 00:00:00,DE00,hydro-ps,0.00000000
2030-12-18 00:00:00,DE00,hydro-ps,0.00000000
2030-12-19 00:00:00,DE00,hydro-ps,0.00000000
2030-12-20 00:00:00,DE00,hydro-ps,0.00000000
2030-12-21 00:00:00,DE00,hydro-ps,0.00000000
2030-12-22 00:00:00,DE00,hydro-ps,0.00000000
2030-12-23 00:00:00,DE00,hydro-ps,0.00000000
2030-12-24 00:00:00,DE00,hydro-ps,0.00000000
2030-12-25 00:00:00,DE00,hydro-ps,0.00000000
2030-12-26 00:00:00,DE00,hydro-ps,0.00000000
2030-12-27 00:00:00,DE00,hydro-ps,0.00000000
2030-12-28 00:00:00,DE00,hydro-ps,0.00000000
2030-12-29 00:00:00,DE00,hydro-ps,0.00000000
2030-12-30 00:00:00,DE00,hydro-ps,0.00000000
2030-12-31 00:00:00,DE00,hydro-ps,0.00000000
2030-01-01 00:00:00,DE00,hydro-reservoir,0.00000000
2030-01-02 00:00:00,DE00,hydro-reservoir,0.00000000
2030-01-03 00:00:00,DE00,hydro-reservoir,0.00000000
2030-01-04 00:00:00,DE00,hydro-reservoir,0.00000000
2030-01-05 00:00:00,DE00,hydro-reservoir,0.00000000
2030-01-06 00:00:00,DE00,hydro-reservoir,0.00000000
2030-01-07 00:00:00,DE00,hydro-reservoir,0.00000000
2030-01-08 00:00:00,DE00,hydro-reservoir,0.00000000
2030-01-09 00:00:00,DE00,hydro-reservoir,0.00000000
2030-01-10 00:00:00,DE00,hydro-reservoir,0.00000000
2030-01-11 00:00:00,DE00,hydro-reservoir,0.00000000
2030-01-12 00:00:00,DE00,hydro-reservoir,0.00000000
2030-01-13 00:00:00,DE00,hydro-reservoir,0.00000000
2030-01-14 00:00:00,DE00,hydro-reservoir,0.00000000
2030-01-15 00:00:00,DE00,hydro-reservoir,0.00000000
2030-01-16 00:00:00,DE00,hydro-reservoir,0.00000000
2030-01-17 00:00:00,DE00,hydro-reservoir,0.00000000
2030-01-18 00:00:00,DE00,hydro-reservoir,0.00000000
2030-01-19 00:00:00,DE00,hydro-reservoir,0.00000000
2030-01-20 00:00:00,DE00,hydro-reservoir,0.00000000
2030-01-21 00:00:00,DE00,hydro-reservoir,0.00000000
2030-01-22 00:00:00,DE00,hydro-reservoir,0.00000000
2030-01-23 00:00:00,DE00,hydro-reservoir,0.00000000
2030-01-24 00:00:00,DE00,hydro-reservoir,0.00000000
2030-01-25 00:00:00,DE00,hydro-reservoir,0.00000000
2030-01-26 00:00:00,DE00,hydro-reservoir,0.00000000
2030-01-27 00:00:00,DE00,hydro-reservoir,0.00000000
2030-01-28 00:00:00,DE00,hydro-reservoir,0.00000000
2030-01-29 00:00:00,DE00,hydro-reservoir,0.00000000
2030-01-30 00:00:00,DE00,hydro-reservoir,0.00000000
2030-01-31 00:00:00,DE00,hydro-reservoir,0.00000000
2030-02-01 00:00:00,DE00,hydro-reservoir,0.00000000
2030-02-02 00:00:00,DE00,hydro-reservoir,0.00000000
2030-02-03 00:00:00,DE00,hydro-reservoir,0.00000000
2030-02-04 00:00:00,DE00,hydro-reservoir,0.00000000
2030-02-05 00:00:00,DE00,hydro-reservoir,0.00000000
2030-02-06 00:00:00,DE00,hydro-reservoir,0.00000000
2030-02-07 00:00:00,DE00,hydro-reservoir,0.00000000
2030-02-08 00:00:00,DE00,hydro-reservoir,0.00000000
2030-02-09 00:00:00,DE00,hydro-reservoir,0.00000000
2030-02-10 00:00:00,DE00,hydro-reservoir,0.00000000
2030-02-11 00:00:00,DE00,hydro-reservoir,0.00000000
2030-02-12 00:00:00,DE00,hydro-reservoir,0.00000000
2030-02-13 00:00:00,DE00,hydro-reservoir,0.00000000
2030-02-14 00:00:00,DE00,hydro-reservoir,0.00000000
2030-02-15 00:00:00,DE00,hydro-reservoir,0.00000000
2030-02-16 00:00:00,DE00,hydro-reservoir,0.00000000
2030-02-17 00:00:00,DE00,hydro-reservoir,0.00000000
2030-02-18 00:00:00,DE00,hydro-reservoir,0.00000000
2030-02-19 00:00:00,DE00,hydro-reservoir,0.00000000
2030-02-20 00:00:00,DE00,hydro-reservoir,0.00000000
2030-02-21 00:00:00,DE00,hydro-reservoir,0.00000000
2030-02-22 00:00:00,DE00,hydro-reservoir,0.00000000
2030-02-23 00:00:00,DE00,hydro-reservoir,0.00000000
2030-02-24 00:00:00,DE00,hydro-reservoir,0.00000000
2030-02-25 00:00:00,DE00,hydro-reservoir,0.00000000
2030-02-26 00:00:00,DE00,hydro-reservoir,0.00000000
2030-02-27 00:00:00,DE00,hydro-reservoir,0.00000000
2030-02-28 00:00:00,DE00,hydro-reservoir,0.00000000
2030-03-01 00:00:00,DE00,hydro-reservoir,0.00000000
2030-03-02 00:00:00,DE00,hydro-reservoir,0.00000000
2030-03-03 00:00:00,DE00,hydro-reservoir,0.00000000
2030-03-04 00:00:00,DE00,hydro-reservoir,0.00000000
2030-03-05 00:00:00,DE00,hydro-reservoir,0.00000000
2030-03-06 00:00:00,DE00,hydro-reservoir,0.00000000
2030-03-07 00:00:00,DE00,hydro-reservoir,0.00000000
2030-03-08 00:00:00,DE00,hydro-reservoir,0.00000000
2030-03-09 00:00:00,DE00,hydro-reservoir,0.00000000
2030-03-10 00:00:00,DE00,hydro-reservoir,0.00000000
2030-03-11 00:00:00,DE00,hydro-reservoir,0.00000000
2030-03-12 00:00:00,DE00,hydro-reservoir,0.00000000
2030-03-13 00:00:00,DE00,hydro-reservoir,0.00000000
2030-03-14 00:00:00,DE00,hydro-reservoir,0.00000000
2030-03-15 00:00:00,DE00,hydro-reservoir,0.00000000
2030-03-16 00:00:00,DE00,hydro-reservoir,0.00000000
2030-03-17 00:00:00,DE00,hydro-reservoir,0.00000000
2030-03-18 00:00:00,DE00,hydro-reservoir,0.00000000
2030-03-19 00:00:00,DE00,hydro-reservoir,0.00000000
2030-03-20 00:00:00,DE00,hydro-reservoir,0.00000000
2030-03-21 00:00:00,DE00,hydro-reservoir,0.00000000
2030-03-22 00:00:00,DE00,hydro-reservoir,0.00000000
2030-03-23 00:00:00,DE00,hydro-reservoir,0.00000000
2030-03-24 00:00:00,DE00,hydro-reservoir,0.00000000
2030-03-25 00:00:00,DE00,hydro-reservoir,0.00000000
2030-03-26 00:00:00,DE00,hydro-reservoir,0.00000000
2030-03-27 00:00:00,DE00,hydro-reservoir,0.00000000
2030-03-28 00:00:00,DE00,hydro-reservoir,0.00000000
2030-03-29 00:00:00,DE00,hydro-reservoir,0.00000000
2030-03-30 00:00:00,DE00,hydro-reservoir,0.00000000
2030-03-31 00:00:00,DE00,hydro-reservoir,0.00000000
2030-04-01 00:00:00,DE00,hydro-reservoir,0.00000000
2030-04-02 00:00:00,DE00,hydro-reservoir,0.00000000
2030-04-03 00:00:00,DE00,hydro-reservoir,0.00000000
2030-04-04 00:00:00,DE00,hydro-reservoir,0.00000000
2030-04-05 00:00:00,DE00,hydro-reservoir,0.00000000
2030-04-06 00:00:00,DE00,hydro-reservoir,0.00000000
2030-04-07 00:00:00,DE00,hydro-reservoir,0.00000000
2030-04-08 00:00:00,DE00,hydro-reservoir,0.00000000
2030-04-09 00:00:00,DE00,hydro-reservoir,0.00000000
2030-04-10 00:00:00,DE00,hydro-reservoir,0.00000000
2030-04-11 00:00:00,DE00,hydro-reservoir,0.00000000
2030-04-12 00:00:00,DE00,hydro-reservoir,0.00000000
2030-04-13 00:00:00,DE00,hydro-reservoir,0.00000000
2030-04-14 00:00:00,DE00,hydro-reservoir,0.00000000
2030-04-15 00:00:00,DE00,hydro-reservoir,0.00000000
2030-04-16 00:00:00,DE00,hydro-reservoir,0.00000000
2030-04-17 00:00:00,DE00,hydro-reservoir,0.00000000
2030-04-18 00:00:00,DE00,hydro-reservoir,0.00000000
2030-04-19 00:00:00,DE00,hydro-reservoir,0.00000000
2030-04-20 00:00:00,DE00,hydro-reservoir,0.00000000
2030-04-21 00:00:00,DE00,hydro-reservoir,0.00000000
2030-04-22 00:00:00,DE00,hydro-reservoir,0.00000000
2030-04-23 00:00:00,DE00,hydro-reservoir,0.00000000
2030-04-24 00:00:00,DE00,hydro-reservoir,0.00000000
2030-04-25 00:00:00,DE00,hydro-reservoir,0.00000000
2030-04-26 00:00:00,DE00,hydro-reservoir,0.00000000
2030-04-27 00:00:00,DE00,hydro-reservoir,0.00000000
2030-04-28 00:00:00,DE00,hydro-reservoir,0.00000000
2030-04-29 00:00:00,DE00,hydro-reservoir,0.00000000
2030-04-30 00:00:00,DE00,hydro-reservoir,0.00000000
2030-05-01 00:00:00,DE00,hydro-reservoir,0.00000000
2030-05-02 00:00:00,DE00,hydro-reservoir,0.00000000
2030-05-03 00:00:00,DE00,hydro-reservoir,0.00000000
2030-05-04 00:00:00,DE00,hydro-reservoir,0.00000000
2030-05-05 00:00:00,DE00,hydro-reservoir,0.00000000
2030-05-06 00:00:00,DE00,hydro-reservoir,0.00000000
2030-05-07 00:00:00,DE00,hydro-reservoir,0.00000000
2030-05-08 00:00:00,DE00,hydro-reservoir,0.00000000
2030-05-09 00:00:00,DE00,hydro-reservoir,0.00000000
2030-05-10 00:00:00,DE00,hydro-reservoir,0.00000000
2030-05-11 00:00:00,DE00,hydro-reservoir,0.00000000
2030-05-12 00:00:00,DE00,hydro-reservoir,0.00000000
2030-05-13 00:00:00,DE00,hydro-reservoir,0.00000000
2030-05-14 00:00:00,DE00,hydro-reservoir,0.00000000
2030-05-15 00:00:00,DE00,hydro-reservoir,0.00000000
2030-05-16 00:00:00,DE00,hydro-reservoir,0.00000000
2030-05-17 00:00:00,DE00,hydro-reservoir,0.00000000
2030-05-18 00:00:00,DE00,hydro-reservoir,0.00000000
2030-05-19 00:00:00,DE00,hydro-reservoir,0.00000000
2030-05-20 00:00:00,DE00,hydro-reservoir,0.00000000
2030-05-21 00:00:00,DE00,hydro-reservoir,0.00000000
2030-05-22 00:00:00,DE00,hydro-reservoir,0.00000000
2030-05-23 00:00:00,DE00,hydro-reservoir,0.00000000
2030-05-24 00:00:00,DE00,hydro-reservoir,0.00000000
2030-05-25 00:00:00,DE00,hydro-reservoir,0.00000000
2030-05-26 00:00:00,DE00,hydro-reservoir,0.00000000
2030-05-27 00:00:00,DE00,hydro-reservoir,0.00000000
2030-05-28 00:00:00,DE00,hydro-reservoir,0.00000000
2030-05-29 00:00:00,DE00,hydro-reservoir,0.00000000
2030-05-30 00:00:00,DE00,hydro-reservoir,0.00000000
2030-05-31 00:00:00,DE00,hydro-reservoir,0.00000000
2030-06-01 00:00:00,DE00,hydro-reservoir,0.00000000
2030-06-02 00:00:00,DE00,hydro-reservoir,0.00000000
2030-06-03 00:00:00,DE00,hydro-reservoir,0.00000000
2030-06-04 00:00:00,DE00,hydro-reservoir,0.00000000
2030-06-05 00:00:00,DE00,hydro-reservoir,0.00000000
2030-06-06 00:00:00,DE00,hydro-reservoir,0.00000000
2030-06-07 00:00:00,DE00,hydro-reservoir,0.00000000
2030-06-08 00:00:00,DE00,hydro-reservoir,0.00000000
2030-06-09 00:00:00,DE00,hydro-reservoir,0.00000000
2030-06-10 00:00:00,DE00,hydro-reservoir,0.00000000
2030-06-11 00:00:00,DE00,hydro-reservoir,0.00000000
2030-06-12 00:00:00,DE00,hydro-reservoir,0.00000000
2030-06-13 00:00:00,DE00,hydro-reservoir,0.00000000
2030-06-14 00:00:00,DE00,hydro-reservoir,0.00000000
2030-06-15 00:00:00,DE00,hydro-reservoir,0.00000000
2030-06-16 00:00:00,DE00,hydro-reservoir,0.00000000
2030-06-17 00:00:00,DE00,hydro-reservoir,0.00000000
2030-06-18 00:00:00,DE00,hydro-reservoir,0.00000000
2030-06-19 00:00:00,DE00,hydro-reservoir,0.00000000
2030-06-20 00:00:00,DE00,hydro-reservoir,0.00000000
2030-06-21 00:00:00,DE00,hydro-reservoir,0.00000000
2030-06-22 00:00:00,DE00,hydro-reservoir,0.00000000
2030-06-23 00:00:00,DE00,hydro-reservoir,0.00000000
2030-06-24 00:00:00,DE00,hydro-reservoir,0.00000000
2030-06-25 00:00:00,DE00,hydro-reservoir,0.00000000
2030-06-26 00:00:00,DE00,hydro-reservoir,0.00000000
2030-06-27 00:00:00,DE00,hydro-reservoir,0.00000000
2030-06-28 00:00:00,DE00,hydro-reservoir,0.00000000
2030-06-29 00:00:00,DE00,hydro-reservoir,0.00000000
2030-06-30 00:00:00,DE00,hydro-reservoir,0.00000000
2030-07-01 00:00:00,DE00,hydro-reservoir,0.00000000
2030-07-02 00:00:00,DE00,hydro-reservoir,0.00000000
2030-07-03 00:00:00,DE00,hydro-reservoir,0.00000000
2030-07-04 00:00:00,DE00,hydro-reservoir,0.00000000
2030-07-05 00:00:00,DE00,hydro-reservoir,0.00000000
2030-07-06 00:00:00,DE00,hydro-reservoir,0.00000000
2030-07-07 00:00:00,DE00,hydro-reservoir,0.00000000
2030-07-08 00:00:00,DE00,hydro-reservoir,0.00000000
2030-07-09 00:00:00,DE00,hydro-reservoir,0.00000000
2030-07-10 00:00:00,DE00,hydro-reservoir,0.00000000
2030-07-11 00:00:00,DE00,hydro-reservoir,0.00000000
2030-07-12 00:00:00,DE00,hydro-reservoir,0.00000000
2030-07-13 00:00:00,DE00,hydro-reservoir,0.00000000
2030-07-14 00:00:00,DE00,hydro-reservoir,0.00000000
2030-07-15 00:00:00,DE00,hydro-reservoir,0.00000000
2030-07-16 00:00:00,DE00,hydro-reservoir,0.00000000
2030-07-17 00:00:00,DE00,hydro-reservoir,0.00000000
2030-07-18 00:00:00,DE00,hydro-reservoir,0.00000000
2030-07-19 00:00:00,DE00,hydro-reservoir,0.00000000
2030-07-20 00:00:00,DE00,hydro-reservoir,0.00000000
2030-07-21 00:00:00,DE00,hydro-reservoir,0.00000000
2030-07-22 00:00:00,DE00,hydro-reservoir,0.00000000
2030-07-23 00:00:00,DE00,hydro-reservoir,0.00000000
2030-07-24 00:00:00,DE00,hydro-reservoir,0.00000000
2030-07-25 00:00:00,DE00,hydro-reservoir,0.00000000
2030-07-26 00:00:00,DE00,hydro-reservoir,0.00000000
2030-07-27 00:00:00,DE00,hydro-reservoir,0.00000000
2030-07-28 00:00:00,DE00,hydro-reservoir,0.00000000
2030-07-29 00:00:00,DE00,hydro-reservoir,0.00000000
2030-07-30 00:00:00,DE00,hydro-reservoir,0.00000000
2030-07-31 00:00:00,DE00,hydro-reservoir,0.00000000
2030-08-01 00:00:00,DE00,hydro-reservoir,0.00000000
2030-08-02 00:00:00,DE00,hydro-reservoir,0.00000000
2030-08-03 00:00:00,DE00,hydro-reservoir,0.00000000
2030-08-04 00:00:00,DE00,hydro-reservoir,0.00000000
2030-08-05 00:00:00,DE00,hydro-reservoir,0.00000000
2030-08-06 00:00:00,DE00,hydro-reservoir,0.00000000
2030-08-07 00:00:00,DE00,hydro-reservoir,0.00000000
2030-08-08 00:00:00,DE00,hydro-reservoir,0.00000000
2030-08-09 00:00:00,DE00,hydro-reservoir,0.00000000
2030-08-10 00:00:00,DE00,hydro-reservoir,0.00000000
2030-08-11 00:00:00,DE00,hydro-reservoir,0.00000000
2030-08-12 00:00:00,DE00,hydro-reservoir,0.00000000
2030-08-13 00:00:00,DE00,hydro-reservoir,0.00000000
2030-08-14 00:00:00,DE00,hydro-reservoir,0.00000000
2030-08-15 00:00:00,DE00,hydro-reservoir,0.00000000
2030-08-16 00:00:00,DE00,hydro-reservoir,0.00000000
2030-08-17 00:00:00,DE00,hydro-reservoir,0.00000000
2030-08-18 00:00:00,DE00,hydro-reservoir,0.00000000
2030-08-19 00:00:00,DE00,hydro-reservoir,0.00000000
2030-08-20 00:00:00,DE00,hydro-reservoir,0.00000000
2030-08-21 00:00:00,DE00,hydro-reservoir,0.00000000
2030-08-22 00:00:00,DE00,hydro-reservoir,0.00000000
2030-08-23 00:00:00,DE00,hydro-reservoir,0.00000000
2030-08-24 00:00:00,DE00,hydro-reservoir,0.00000000
2030-08-25 00:00:00,DE00,hydro-reservoir,0.00000000
2030-08-26 00:00:00,DE00,hydro-reservoir,0.00000000
2030-08-27 00:00:00,DE00,hydro-reservoir,0.00000000
2030-08-28 00:00:00,DE00,hydro-reservoir,0.00000000
2030-08-29 00:00:00,DE00,hydro-reservoir,0.00000000
2030-08-30 00:00:00,DE00,hydro-reservoir,0.00000000
2030-08-31 00:00:00,DE00,hydro-reservoir,0.00000000
2030-09-01 00:00:00,DE00,hydro-reservoir,0.00000000
2030-09-02 00:00:00,DE00,hydro-reservoir,0.00000000
2030-09-03 00:00:00,DE00,hydro-reservoir,0.00000000
2030-09-04 00:00:00,DE00,hydro-reservoir,0.00000000
2030-09-05 00:00:00,DE00,hydro-reservoir,0.00000000
2030-09-06 00:00:00,DE00,hydro-reservoir,0.00000000
2030-09-07 00:00:00,DE00,hydro-reservoir,0.00000000
2030-09-08 00:00:00,DE00,hydro-reservoir,0.00000000
2030-09-09 00:00:00,DE00,hydro-reservoir,0.00000000
2030-09-10 00:00:00,DE00,hydro-reservoir,0.00000000
2030-09-11 00:00:00,DE00,hydro-reservoir,0.00000000
2030-09-12 00:00:00,DE00,hydro-reservoir,0.00000000
2030-09-13 00:00:00,DE00,hydro-reservoir,0.00000000
2030-09-14 00:00:00,DE00,hydro-reservoir,0.00000000
2030-09-15 00:00:00,DE00,hydro-reservoir,0.00000000
2030-09-16 00:00:00,DE00,hydro-reservoir,0.00000000
2030-09-17 00:00:00,DE00,hydro-reservoir,0.00000000
2030-09-18 00:00:00,DE00,hydro-reservoir,0.00000000
2030-09-19 00:00:00,DE00,hydro-reservoir,0.00000000
2030-09-20 00:00:00,DE00,hydro-reservoir,0.00000000
2030-09-21 00:00:00,DE00,hydro-reservoir,0.00000000
2030-09-22 00:00:00,DE00,hydro-reservoir,0.00000000
2030-09-23 00:00:00,DE00,hydro-reservoir,0.00000000
2030-09-24 00:00:00,DE00,hydro-reservoir,0.00000000
2030-09-25 00:00:00,DE00,hydro-reservoir,0.00000000
2030-09-26 00:00:00,DE00,hydro-reservoir,0.00000000
2030-09-27 00:00:00,DE00,hydro-reservoir,0.00000000
2030-09-28 00:00:00,DE00,hydro-reservoir,0.00000000
2030-09-29 00:00:00,DE00,hydro-reservoir,0.00000000
2030-09-30 00:00:00,DE00,hydro-reservoir,0.00000000
2030-10-01 00:00:00,DE00,hydro-reservoir,0.00000000
2030-10-02 00:00:00,DE00,hydro-reservoir,0.00000000
2030-10-03 00:00:00,DE00,hydro-reservoir,0.00000000
2030-10-04 00:00:00,DE00,hydro-reservoir,0.00000000
2030-10-05 00:00:00,DE00,hydro-reservoir,0.00000000
2030-10-06 00:00:00,DE00,hydro-reservoir,0.00000000
2030-10-07 00:00:00,DE00,hydro-reservoir,0.00000000
2030-10-08 00:00:00,DE00,hydro-reservoir,0.00000000
2030-10-09 00:00:00,DE00,hydro-reservoir,0.00000000
2030-10-10 00:00:00,DE00,hydro-reservoir,0.00000000
2030-10-11 00:00:00,DE00,hydro-reservoir,0.00000000
2030-10-12 00:00:00,DE00,hydro-reservoir,0.00000000
2030-10-13 00:00:00,DE00,hydro-reservoir,0.00000000
2030-10-14 00:00:00,DE00,hydro-reservoir,0.00000000
2030-10-15 00:00:00,DE00,hydro-reservoir,0.00000000
2030-10-16 00:00:00,DE00,hydro-reservoir,0.00000000
2030-10-17 00:00:00,DE00,hydro-reservoir,0.00000000
2030-10-18 00:00:00,DE00,hydro-reservoir,0.00000000
2030-10-19 00:00:00,DE00,hydro-reservoir,0.00000000
2030-10-20 00:00:00,DE00,hydro-reservoir,0.00000000
2030-10-21 00:00:00,DE00,hydro-reservoir,0.00000000
2030-10-22 00:00:00,DE00,hydro-reservoir,0.00000000
2030-10-23 00:00:00,DE00,hydro-reservoir,0.00000000
2030-10-24 00:00:00,DE00,hydro-reservoir,0.00000000
2030-10-25 00:00:00,DE00,hydro-reservoir,0.00000000
2030-10-26 00:00:00,DE00,hydro-reservoir,0.00000000
2030-10-27 00:00:00,DE00,hydro-reservoir,0.00000000
2030-10-28 00:00:00,DE00,hydro-reservoir,0.00000000
2030-10-29 00:00:00,DE00,hydro-reservoir,0.00000000
2030-10-30 00:00:00,DE00,hydro-reservoir,0.00000000
2030-10-31 00:00:00,DE00,hydro-reservoir,0.00000000
2030-11-01 00:00:00,DE00,hydro-reservoir,0.00000000
2030-11-02 00:00:00,DE00,hydro-reservoir,0.00000000
2030-11-03 00:00:00,DE00,hydro-reservoir,0.00000000
2030-11-04 00:00:00,DE00,hydro-reservoir,0.00000000
2030-11-05 00:00:00,DE00,hydro-reservoir,0.00000000
2030-11-06 00:00:00,DE00,hydro-reservoir,0.00000000
2030-11-07 00:00:00,DE00,hydro-reservoir,0.00000000
2030-11-08 00:00:00,DE00,hydro-reservoir,0.00000000
2030-11-09 00:00:00,DE00,hydro-reservoir,0.00000000
2030-11-10 00:00:00,DE00,hydro-reservoir,0.00000000
2030-11-11 00:00:00,DE00,hydro-reservoir,0.00000000
2030-11-12 00:00:00,DE00,hydro-reservoir,0.00000000
2030-11-13 00:00:00,DE00,hydro-reservoir,0.00000000
2030-11-14 00:00:00,DE00,hydro-reservoir,0.00000000
2030-11-15 00:00:00,DE00,hydro-reservoir,0.00000000
2030-11-16 00:00:00,DE00,hydro-reservoir,0.00000000
2030-11-17 00:00:00,DE00,hydro-reservoir,0.00000000
2030-11-18 00:00:00,DE00,hydro-reservoir,0.00000000
2030-11-19 00:00:00,DE00,hydro-reservoir,0.00000000
2030-11-20 00:00:00,DE00,hydro-reservoir,0.00000000
2030-11-21 00:00:00,DE00,hydro-reservoir,0.00000000
2030-11-22 00:00:00,DE00,hydro-reservoir,0.00000000
2030-11-23 00:00:00,DE00,hydro-reservoir,0.00000000
2030-11-24 00:00:00,DE00,hydro-reservoir,0.00000000
2030-11-25 00:00:00,DE00,hydro-reservoir,0.00000000
2030-11-26 00:00:00,DE00,hydro-reservoir,0.00000000
2030-11-27 00:00:00,DE00,hydro-reservoir,0.00000000
2030-11-28 00:00:00,DE00,hydro-reservoir,0.00000000
2030-11-29 00:00:00,DE00,hydro-reservoir,0.00000000
2030-11-30 00:00:00,DE00,hydro-reservoir,0.00000000
2030-12-01 00:00:00,DE00,hydro-reservoir,0.00000000
2030-12-02 00:00:00,DE00,hydro-reservoir,0.00000000
2030-12-03 00:00:00,DE00,hydro-reservoir,0.00000000
2030-12-04 00:00:00,DE00,hydro-reservoir,0.00000000
2030-12-05 00:00:00,DE00,hydro-reservoir,0.00000000
2030-12-06 00:00:00,DE00,hydro-reservoir,0.00000000
2030-12-07 00:00:00,DE00,hydro-reservoir,0.00000000
2030-12-08 00:00:00,DE00,hydro-reservoir,0.00000000
2030-12-09 00:00:00,DE00,hydro-reservoir,0.00000000
2030-12-10 00:00:00,DE00,hydro-reservoir,0.00000000
2030-12-11 00:00:00,DE00,hydro-reservoir,0.00000000
2030-12-12 00:00:00,DE00,hydro-reservoir,0.00000000
2030-12-13 00:00:00,DE00,hydro-reservoir,0.00000000
2030-12-14 00:00:00,DE00,hydro-reservoir,0.00000000
2030-12-15 00:00:00,DE00,hydro-reservoir,0.00000000
2030-12-16 00:00:00,DE00,hydro-reservoir,0.00000000
2030-12-17 00:00:00,DE00,hydro-reservoir,0.00000000
2030-12-18 00:00:00,DE00,hydro-reservoir,0.00000000
2030-12-19 00:00:00,DE00,hydro-reservoir,0.00000000
2030-12-20 00:00:00,DE00,hydro-reservoir,0.00000000
2030-12-21 00:00:00,DE00,hydro-reservoir,0.00000000
2030-12-22 00:00:00,DE00,hydro-reservoir,0.00000000
2030-12-23 00:00:00,DE00,hydro-reservoir,0.00000000
2030-12-24 00:00:00,DE00,hydro-reservoir,0.00000000
2030-12-25 00:00:00,DE00,hydro-reservoir,0.00000000
2030-12-26 00:00:00,DE00,hydro-reservoir,0.00000000
2030-12-27 00:00:00,DE00,hydro-reservoir,0.00000000
2030-12-28 00:00:00,DE00,hydro-reservoir,0.00000000
2030-12-29 00:00:00,DE00,hydro-reservoir,0.00000000
2030-12-30 00:00:00,DE00,hydro-reservoir,0.00000000
2030-12-31 00:00:00,DE00,hydro-reservoir,0.00000000
2030-01-01 00:00:00,DE00,battery,0.21000000
2030-01-02 00:00:00,DE00,battery,0.61000000
2030-01-03 00:00:00,DE00,battery,26.39000000
2030-01-04 00:00:00,DE00,battery,0.00000000
2030-01-05 00:00:00,DE00,battery,27.00000000
2030-01-06 00:00:00,DE00,battery,0.00000000
2030-01-07 00:00:00,DE00,battery,3.45000000
2030-01-08 00:00:00,DE00,battery,0.00000000
2030-01-09 00:00:00,DE00,battery,26.61000000
2030-01-10 00:00:00,DE00,battery,0.39000000
2030-01-11 00:00:00,DE00,battery,1.79000000
2030-01-12 00:00:00,DE00,battery,12.40000000
2030-01-13 00:00:00,DE00,battery,1.48000000
2030-01-14 00:00:00,DE00,battery,7.99000000
2030-01-15 00:00:00,DE00,battery,3.45000000
2030-01-16 00:00:00,DE00,battery,0.05000000
2030-01-17 00:00:00,DE00,battery,12.25000000
2030-01-18 00:00:00,DE00,battery,15.59000000
2030-01-19 00:00:00,DE00,battery,6.28000000
2030-01-20 00:00:00,DE00,battery,5.36000000
2030-01-21 00:00:00,DE00,battery,17.60000000
2030-01-22 00:00:00,DE00,battery,9.02000000
2030-01-23 00:00:00,DE00,battery,29.03000000
2030-01-24 00:00:00,DE00,battery,29.39000000
2030-01-25 00:00:00,DE00,battery,12.46000000
2030-01-26 00:00:00,DE00,battery,2.68000000
2030-01-27 00:00:00,DE00,battery,0.35000000
2030-01-28 00:00:00,DE00,battery,27.88000000
2030-01-29 00:00:00,DE00,battery,5.10000000
2030-01-30 00:00:00,DE00,battery,0.30000000
2030-01-31 00:00:00,DE00,battery,0.00000000
2030-02-01 00:00:00,DE00,battery,15.17000000
2030-02-02 00:00:00,DE00,battery,27.00000000
2030-02-03 00:00:00,DE00,battery,0.00000000
2030-02-04 00:00:00,DE00,battery,33.80000000
2030-02-05 00:00:00,DE00,battery,0.00000000
2030-02-06 00:00:00,DE00,battery,36.07000000
2030-02-07 00:00:00,DE00,battery,34.41000000
2030-02-08 00:00:00,DE00,battery,11.19000000
2030-02-09 00:00:00,DE00,battery,25.20000000
2030-02-10 00:00:00,DE00,battery,0.00000000
2030-02-11 00:00:00,DE00,battery,0.06000000
2030-02-12 00:00:00,DE00,battery,37.14000000
2030-02-13 00:00:00,DE00,battery,32.12000000
2030-02-14 00:00:00,DE00,battery,30.41000000
2030-02-15 00:00:00,DE00,battery,8.51000000
2030-02-16 00:00:00,DE00,battery,8.11000000
2030-02-17 00:00:00,DE00,battery,0.00000000
2030-02-18 00:00:00,DE00,battery,34.31000000
2030-02-19 00:00:00,DE00,battery,19.46000000
2030-02-20 00:00:00,DE00,battery,13.34000000
2030-02-21 00:00:00,DE00,battery,24.59000000
2030-02-22 00:00:00,DE00,battery,16.21000000
2030-02-23 00:00:00,DE00,battery,2.62000000
2030-02-24 00:00:00,DE00,battery,18.99000000
2030-02-25 00:00:00,DE00,battery,31.19000000
2030-02-26 00:00:00,DE00,battery,3.20000000
2030-02-27 00:00:00,DE00,battery,31.48000000
2030-02-28 00:00:00,DE00,battery,29.63000000
2030-03-01 00:00:00,DE00,battery,31.21000000
2030-03-02 00:00:00,DE00,battery,27.00000000
2030-03-03 00:00:00,DE00,battery,7.53000000
2030-03-04 00:00:00,DE00,battery,8.57000000
2030-03-05 00:00:00,DE00,battery,21.89000000
2030-03-06 00:00:00,DE00,battery,21.33000000
2030-03-07 00:00:00,DE00,battery,0.00000000
2030-03-08 00:00:00,DE00,battery,33.33000000
2030-03-09 00:00:00,DE00,battery,8.66000000
2030-03-10 00:00:00,DE00,battery,0.00000000
2030-03-11 00:00:00,DE00,battery,38.70000000
2030-03-12 00:00:00,DE00,battery,20.98000000
2030-03-13 00:00:00,DE00,battery,29.38000000
2030-03-14 00:00:00,DE00,battery,27.00000000
2030-03-15 00:00:00,DE00,battery,30.45000000
2030-03-16 00:00:00,DE00,battery,27.00000000
2030-03-17 00:00:00,DE00,battery,18.94000000
2030-03-18 00:00:00,DE00,battery,35.06000000
2030-03-19 00:00:00,DE00,battery,27.35000000
2030-03-20 00:00:00,DE00,battery,16.80000000
2030-03-21 00:00:00,DE00,battery,25.52000000
2030-03-22 00:00:00,DE00,battery,27.00000000
2030-03-23 00:00:00,DE00,battery,27.00000000
2030-03-24 00:00:00,DE00,battery,24.13000000
2030-03-25 00:00:00,DE00,battery,7.51000000
2030-03-26 00:00:00,DE00,battery,42.70000000
2030-03-27 00:00:00,DE00,battery,20.32000000
2030-03-28 00:00:00,DE00,battery,35.09000000
2030-03-29 00:00:00,DE00,battery,27.00000000
2030-03-30 00:00:00,DE00,battery,25.30000000
2030-03-31 00:00:00,DE00,battery,26.70000000
2030-04-01 00:00:00,DE00,battery,7.31000000
2030-04-02 00:00:00,DE00,battery,35.08000000
2030-04-03 00:00:00,DE00,battery,15.08000000
2030-04-04 00:00:00,DE00,battery,37.91000000
2030-04-05 00:00:00,DE00,battery,37.55000000
2030-04-06 00:00:00,DE00,battery,24.01000000
2030-04-07 00:00:00,DE00,battery,2.98000000
2030-04-08 00:00:00,DE00,battery,28.87000000
2030-04-09 00:00:00,DE00,battery,34.35000000
2030-04-10 00:00:00,DE00,battery,5.29000000
2030-04-11 00:00:00,DE00,battery,50.32000000
2030-04-12 00:00:00,DE00,battery,27.00000000
2030-04-13 00:00:00,DE00,battery,27.00000000
2030-04-14 00:00:00,DE00,battery,11.57000000
2030-04-15 00:00:00,DE00,battery,17.09000000
2030-04-16 00:00:00,DE00,battery,20.67000000
2030-04-17 00:00:00,DE00,battery,31.82000000
2030-04-18 00:00:00,DE00,battery,28.50000000
2030-04-19 00:00:00,DE00,battery,11.11000000
2030-04-20 00:00:00,DE00,battery,42.89000000
2030-04-21 00:00:00,DE00,battery,26.78000000
2030-04-22 00:00:00,DE00,battery,3.66000000
2030-04-23 00:00:00,DE00,battery,50.55000000
2030-04-24 00:00:00,DE00,battery,10.14000000
2030-04-25 00:00:00,DE00,battery,40.42000000
2030-04-26 00:00:00,DE00,battery,30.45000000
2030-04-27 00:00:00,DE00,battery,27.00000000
2030-04-28 00:00:00,DE00,battery,4.17000000
2030-04-29 00:00:00,DE00,battery,47.31000000
2030-04-30 00:00:00,DE00,battery,29.51000000
2030-05-01 00:00:00,DE00,battery,27.00000000
2030-05-02 00:00:00,DE00,battery,21.97000000
2030-05-03 00:00:00,DE00,battery,32.03000000
2030-05-04 00:00:00,DE00,battery,27.00000000
2030-05-05 00:00:00,DE00,battery,2.45000000
2030-05-06 00:00:00,DE00,battery,51.55000000
2030-05-07 00:00:00,DE00,battery,23.55000000
2030-05-08 00:00:00,DE00,battery,30.45000000
2030-05-09 00:00:00,DE00,battery,26.93000000
2030-05-10 00:00:00,DE00,battery,27.06000000
2030-05-11 00:00:00,DE00,battery,24.58000000
2030-05-12 00:00:00,DE00,battery,3.45000000
2030-05-13 00:00:00,DE00,battery,46.37000000
2030-05-14 00:00:00,DE00,battery,28.72000000
2030-05-15 00:00:00,DE00,battery,29.46000000
2030-05-16 00:00:00,DE00,battery,27.00000000
2030-05-17 00:00:00,DE00,battery,23.74000000
2030-05-18 00:00:00,DE00,battery,30.26000000
2030-05-19 00:00:00,DE00,battery,5.27000000
2030-05-20 00:00:00,DE00,battery,47.23000000
2030-05-21 00:00:00,DE00,battery,27.97000000
2030-05-22 00:00:00,DE00,battery,27.52000000
2030-05-23 00:00:00,DE00,battery,14.82000000
2030-05-24 00:00:00,DE00,battery,34.46000000
2030-05-25 00:00:00,DE00,battery,27.00000000
2030-05-26 00:00:00,DE00,battery,6.44000000
2030-05-27 00:00:00,DE00,battery,46.04000000
2030-05-28 00:00:00,DE00,battery,27.45000000
2030-05-29 00:00:00,DE00,battery,28.07000000
2030-05-30 00:00:00,DE00,battery,11.34000000
2030-05-31 00:00:00,DE00,battery,41.05000000
2030-06-01 00:00:00,DE00,battery,27.83000000
2030-06-02 00:00:00,DE00,battery,9.10000000
2030-06-03 00:00:00,DE00,battery,42.23000000
2030-06-04 00:00:00,DE00,battery,30.45000000
2030-06-05 00:00:00,DE00,battery,25.93000000
2030-06-06 00:00:00,DE00,battery,27.39000000
2030-06-07 00:00:00,DE00,battery,26.95000000
2030-06-08 00:00:00,DE00,battery,27.73000000
2030-06-09 00:00:00,DE00,battery,19.66000000
2030-06-10 00:00:00,DE00,battery,16.32000000
2030-06-11 00:00:00,DE00,battery,45.02000000
2030-06-12 00:00:00,DE00,battery,24.38000000
2030-06-13 00:00:00,DE00,battery,23.54000000
2030-06-14 00:00:00,DE00,battery,24.74000000
2030-06-15 00:00:00,DE00,battery,34.73000000
2030-06-16 00:00:00,DE00,battery,5.87000000
2030-06-17 00:00:00,DE00,battery,47.28000000
2030-06-18 00:00:00,DE00,battery,28.44000000
2030-06-19 00:00:00,DE00,battery,25.43000000
2030-06-20 00:00:00,DE00,battery,28.57000000
2030-06-21 00:00:00,DE00,battery,26.47000000
2030-06-22 00:00:00,DE00,battery,27.53000000
2030-06-23 00:00:00,DE00,battery,8.97000000
2030-06-24 00:00:00,DE00,battery,41.92000000
2030-06-25 00:00:00,DE00,battery,30.11000000
2030-06-26 00:00:00,DE00,battery,17.69000000
2030-06-27 00:00:00,DE00,battery,34.65000000
2030-06-28 00:00:00,DE00,battery,28.65000000
2030-06-29 00:00:00,DE00,battery,24.84000000
2030-06-30 00:00:00,DE00,battery,28.68000000
2030-07-01 00:00:00,DE00,battery,27.48000000
2030-07-02 00:00:00,DE00,battery,27.00000000
2030-07-03 00:00:00,DE00,battery,27.00000000
2030-07-04 00:00:00,DE00,battery,27.00000000
2030-07-05 00:00:00,DE00,battery,26.57000000
2030-07-06 00:00:00,DE00,battery,27.42000000
2030-07-07 00:00:00,DE00,battery,25.57000000
2030-07-08 00:00:00,DE00,battery,26.45000000
2030-07-09 00:00:00,DE00,battery,28.97000000
2030-07-10 00:00:00,DE00,battery,27.00000000
2030-07-11 00:00:00,DE00,battery,27.00000000
2030-07-12 00:00:00,DE00,battery,23.55000000
2030-07-13 00:00:00,DE00,battery,17.72000000
2030-07-14 00:00:00,DE00,battery,39.73000000
2030-07-15 00:00:00,DE00,battery,27.00000000
2030-07-16 00:00:00,DE00,battery,27.00000000
2030-07-17 00:00:00,DE00,battery,21.30000000
2030-07-18 00:00:00,DE00,battery,29.92000000
2030-07-19 00:00:00,DE00,battery,29.77000000
2030-07-20 00:00:00,DE00,battery,27.00000000
2030-07-21 00:00:00,DE00,battery,21.54000000
2030-07-22 00:00:00,DE00,battery,32.46000000
2030-07-23 00:00:00,DE00,battery,25.95000000
2030-07-24 00:00:00,DE00,battery,27.07000000
2030-07-25 00:00:00,DE00,battery,26.39000000
2030-07-26 00:00:00,DE00,battery,27.61000000
2030-07-27 00:00:00,DE00,battery,27.00000000
2030-07-28 00:00:00,DE00,battery,26.61000000
2030-07-29 00:00:00,DE00,battery,27.39000000
2030-07-30 00:00:00,DE00,battery,27.00000000
2030-07-31 00:00:00,DE00,battery,27.00000000
2030-08-01 00:00:00,DE00,battery,9.48000000
2030-08-02 00:00:00,DE00,battery,44.52000000
2030-08-03 00:00:00,DE00,battery,27.00000000
2030-08-04 00:00:00,DE00,battery,4.20000000
2030-08-05 00:00:00,DE00,battery,47.86000000
2030-08-06 00:00:00,DE00,battery,24.55000000
2030-08-07 00:00:00,DE00,battery,23.55000000
2030-08-08 00:00:00,DE00,battery,17.40000000
2030-08-09 00:00:00,DE00,battery,38.38000000
2030-08-10 00:00:00,DE00,battery,28.13000000
2030-08-11 00:00:00,DE00,battery,15.56000000
2030-08-12 00:00:00,DE00,battery,35.52000000
2030-08-13 00:00:00,DE00,battery,30.23000000
2030-08-14 00:00:00,DE00,battery,27.22000000
2030-08-15 00:00:00,DE00,battery,21.27000000
2030-08-16 00:00:00,DE00,battery,32.73000000
2030-08-17 00:00:00,DE00,battery,27.00000000
2030-08-18 00:00:00,DE00,battery,17.37000000
2030-08-19 00:00:00,DE00,battery,29.79000000
2030-08-20 00:00:00,DE00,battery,31.79000000
2030-08-21 00:00:00,DE00,battery,31.72000000
2030-08-22 00:00:00,DE00,battery,31.29000000
2030-08-23 00:00:00,DE00,battery,27.17000000
2030-08-24 00:00:00,DE00,battery,27.15000000
2030-08-25 00:00:00,DE00,battery,25.99000000
2030-08-26 00:00:00,DE00,battery,28.01000000
2030-08-27 00:00:00,DE00,battery,26.05000000
2030-08-28 00:00:00,DE00,battery,22.70000000
2030-08-29 00:00:00,DE00,battery,32.29000000
2030-08-30 00:00:00,DE00,battery,27.00000000
2030-08-31 00:00:00,DE00,battery,27.00000000
2030-09-01 00:00:00,DE00,battery,7.66000000
2030-09-02 00:00:00,DE00,battery,41.37000000
2030-09-03 00:00:00,DE00,battery,30.21000000
2030-09-04 00:00:00,DE00,battery,27.41000000
2030-09-05 00:00:00,DE00,battery,27.00000000
2030-09-06 00:00:00,DE00,battery,33.80000000
2030-09-07 00:00:00,DE00,battery,24.10000000
2030-09-08 00:00:00,DE00,battery,13.32000000
2030-09-09 00:00:00,DE00,battery,40.16000000
2030-09-10 00:00:00,DE00,battery,31.66000000
2030-09-11 00:00:00,DE00,battery,24.83000000
2030-09-12 00:00:00,DE00,battery,30.10000000
2030-09-13 00:00:00,DE00,battery,9.45000000
2030-09-14 00:00:00,DE00,battery,40.60000000
2030-09-15 00:00:00,DE00,battery,12.93000000
2030-09-16 00:00:00,DE00,battery,40.79000000
2030-09-17 00:00:00,DE00,battery,29.59000000
2030-09-18 00:00:00,DE00,battery,18.49000000
2030-09-19 00:00:00,DE00,battery,23.17000000
2030-09-20 00:00:00,DE00,battery,39.33000000
2030-09-21 00:00:00,DE00,battery,27.00000000
2030-09-22 00:00:00,DE00,battery,19.86000000
2030-09-23 00:00:00,DE00,battery,30.44000000
2030-09-24 00:00:00,DE00,battery,31.36000000
2030-09-25 00:00:00,DE00,battery,20.15000000
2030-09-26 00:00:00,DE00,battery,33.84000000
2030-09-27 00:00:00,DE00,battery,38.64000000
2030-09-28 00:00:00,DE00,battery,27.00000000
2030-09-29 00:00:00,DE00,battery,0.00000000
2030-09-30 00:00:00,DE00,battery,47.41000000
2030-10-01 00:00:00,DE00,battery,19.81000000
2030-10-02 00:00:00,DE00,battery,24.36000000
2030-10-03 00:00:00,DE00,battery,30.48000000
2030-10-04 00:00:00,DE00,battery,33.61000000
2030-10-05 00:00:00,DE00,battery,0.00000000
2030-10-06 00:00:00,DE00,battery,5.37000000
2030-10-07 00:00:00,DE00,battery,44.09000000
2030-10-08 00:00:00,DE00,battery,18.80000000
2030-10-09 00:00:00,DE00,battery,38.76000000
2030-10-10 00:00:00,DE00,battery,15.89000000
2030-10-11 00:00:00,DE00,battery,39.74000000
2030-10-12 00:00:00,DE00,battery,27.17000000
2030-10-13 00:00:00,DE00,battery,6.89000000
2030-10-14 00:00:00,DE00,battery,31.41000000
2030-10-15 00:00:00,DE00,battery,21.72000000
2030-10-16 00:00:00,DE00,battery,32.28000000
2030-10-17 00:00:00,DE00,battery,9.70000000
2030-10-18 00:00:00,DE00,battery,33.99000000
2030-10-19 00:00:00,DE00,battery,24.99000000
2030-10-20 00:00:00,DE00,battery,0.00000000
2030-10-21 00:00:00,DE00,battery,27.07000000
2030-10-22 00:00:00,DE00,battery,16.82000000
2030-10-23 00:00:00,DE00,battery,17.63000000
2030-10-24 00:00:00,DE00,battery,9.36000000
2030-10-25 00:00:00,DE00,battery,35.76000000
2030-10-26 00:00:00,DE00,battery,23.90000000
2030-10-27 00:00:00,DE00,battery,0.00000000
2030-10-28 00:00:00,DE00,battery,6.15000000
2030-10-29 00:00:00,DE00,battery,30.07000000
2030-10-30 00:00:00,DE00,battery,25.98000000
2030-10-31 00:00:00,DE00,battery,24.60000000
2030-11-01 00:00:00,DE00,battery,27.00000000
2030-11-02 00:00:00,DE00,battery,27.00000000
2030-11-03 00:00:00,DE00,battery,0.00000000
2030-11-04 00:00:00,DE00,battery,27.00000000
2030-11-05 00:00:00,DE00,battery,1.10000000
2030-11-06 00:00:00,DE00,battery,1.82000000
2030-11-07 00:00:00,DE00,battery,22.44000000
2030-11-08 00:00:00,DE00,battery,23.02000000
2030-11-09 00:00:00,DE00,battery,26.04000000
2030-11-10 00:00:00,DE00,battery,0.00000000
2030-11-11 00:00:00,DE00,battery,0.00000000
2030-11-12 00:00:00,DE00,battery,32.63000000
2030-11-13 00:00:00,DE00,battery,8.01000000
2030-11-14 00:00:00,DE00,battery,1.10000000
2030-11-15 00:00:00,DE00,battery,8.75000000
2030-11-16 00:00:00,DE00,battery,0.80000000
2030-11-17 00:00:00,DE00,battery,0.00000000
2030-11-18 00:00:00,DE00,battery,4.59000000
2030-11-19 00:00:00,DE00,battery,18.31000000
2030-11-20 00:00:00,DE00,battery,22.29000000
2030-11-21 00:00:00,DE00,battery,16.68000000
2030-11-22 00:00:00,DE00,battery,0.00000000
2030-11-23 00:00:00,DE00,battery,5.32000000
2030-11-24 00:00:00,DE00,battery,3.61000000
2030-11-25 00:00:00,DE00,battery,11.63000000
2030-11-26 00:00:00,DE00,battery,29.55000000
2030-11-27 00:00:00,DE00,battery,5.18000000
2030-11-28 00:00:00,DE00,battery,17.50000000
2030-11-29 00:00:00,DE00,battery,27.00000000
2030-11-30 00:00:00,DE00,battery,3.42000000
2030-12-01 00:00:00,DE00,battery,0.00000000
2030-12-02 00:00:00,DE00,battery,0.00000000
2030-12-03 00:00:00,DE00,battery,7.93000000
2030-12-04 00:00:00,DE00,battery,0.01000000
2030-12-05 00:00:00,DE00,battery,5.97000000
2030-12-06 00:00:00,DE00,battery,24.13000000
2030-12-07 00:00:00,DE00,battery,1.65000000
2030-12-08 00:00:00,DE00,battery,9.75000000
2030-12-09 00:00:00,DE00,battery,12.00000000
2030-12-10 00:00:00,DE00,battery,27.00000000
2030-12-11 00:00:00,DE00,battery,3.24000000
2030-12-12 00:00:00,DE00,battery,19.90000000
2030-12-13 00:00:00,DE00,battery,10.66000000
2030-12-14 00:00:00,DE00,battery,10.78000000
2030-12-15 00:00:00,DE00,battery,1.11000000
2030-12-16 00:00:00,DE00,battery,27.00000000
2030-12-17 00:00:00,DE00,battery,5.67000000
2030-12-18 00:00:00,DE00,battery,0.00000000
2030-12-19 00:00:00,DE00,battery,13.79000000
2030-12-20 00:00:00,DE00,battery,19.61000000
2030-12-21 00:00:00,DE00,battery,8.66000000
2030-12-22 00:00:00,DE00,battery,0.00000000
2030-12-23 00:00:00,DE00,battery,24.13000000
2030-12-24 00:00:00,DE00,battery,13.66000000
2030-12-25 00:00:00,DE00,battery,15.91000000
2030-12-26 00:00:00,DE00,battery,0.00000000
2030-12-27 00:00:00,DE00,battery,0.00000000
2030-12-28 00:00:00,DE00,battery,0.00000000
2030-12-29 00:00:00,DE00,battery,0.00000000
2030-12-30 00:00:00,DE00,battery,0.00000000
2030-12-31 00:00:00,DE00,battery,0.00000000
2030-01-01 00:00:00,DE00,nuclear,0.00000000
2030-01-02 00:00:00,DE00,nuclear,0.00000000
2030-01-03 00:00:00,DE00,nuclear,0.00000000
2030-01-04 00:00:00,DE00,nuclear,0.00000000
2030-01-05 00:00:00,DE00,nuclear,0.00000000
2030-01-06 00:00:00,DE00,nuclear,0.00000000
2030-01-07 00:00:00,DE00,nuclear,0.00000000
2030-01-08 00:00:00,DE00,nuclear,0.00000000
2030-01-09 00:00:00,DE00,nuclear,0.00000000
2030-01-10 00:00:00,DE00,nuclear,0.00000000
2030-01-11 00:00:00,DE00,nuclear,0.00000000
2030-01-12 00:00:00,DE00,nuclear,0.00000000
2030-01-13 00:00:00,DE00,nuclear,0.00000000
2030-01-14 00:00:00,DE00,nuclear,0.00000000
2030-01-15 00:00:00,DE00,nuclear,0.00000000
2030-01-16 00:00:00,DE00,nuclear,0.00000000
2030-01-17 00:00:00,DE00,nuclear,0.00000000
2030-01-18 00:00:00,DE00,nuclear,0.00000000
2030-01-19 00:00:00,DE00,nuclear,0.00000000
2030-01-20 00:00:00,DE00,nuclear,0.00000000
2030-01-21 00:00:00,DE00,nuclear,0.00000000
2030-01-22 00:00:00,DE00,nuclear,0.00000000
2030-01-23 00:00:00,DE00,nuclear,0.00000000
2030-01-24 00:00:00,DE00,nuclear,0.00000000
2030-01-25 00:00:00,DE00,nuclear,0.00000000
2030-01-26 00:00:00,DE00,nuclear,0.00000000
2030-01-27 00:00:00,DE00,nuclear,0.00000000
2030-01-28 00:00:00,DE00,nuclear,0.00000000
2030-01-29 00:00:00,DE00,nuclear,0.00000000
2030-01-30 00:00:00,DE00,nuclear,0.00000000
2030-01-31 00:00:00,DE00,nuclear,0.00000000
2030-02-01 00:00:00,DE00,nuclear,0.00000000
2030-02-02 00:00:00,DE00,nuclear,0.00000000
2030-02-03 00:00:00,DE00,nuclear,0.00000000
2030-02-04 00:00:00,DE00,nuclear,0.00000000
2030-02-05 00:00:00,DE00,nuclear,0.00000000
2030-02-06 00:00:00,DE00,nuclear,0.00000000
2030-02-07 00:00:00,DE00,nuclear,0.00000000
2030-02-08 00:00:00,DE00,nuclear,0.00000000
2030-02-09 00:00:00,DE00,nuclear,0.00000000
2030-02-10 00:00:00,DE00,nuclear,0.00000000
2030-02-11 00:00:00,DE00,nuclear,0.00000000
2030-02-12 00:00:00,DE00,nuclear,0.00000000
2030-02-13 00:00:00,DE00,nuclear,0.00000000
2030-02-14 00:00:00,DE00,nuclear,0.00000000
2030-02-15 00:00:00,DE00,nuclear,0.00000000
2030-02-16 00:00:00,DE00,nuclear,0.00000000
2030-02-17 00:00:00,DE00,nuclear,0.00000000
2030-02-18 00:00:00,DE00,nuclear,0.00000000
2030-02-19 00:00:00,DE00,nuclear,0.00000000
2030-02-20 00:00:00,DE00,nuclear,0.00000000
2030-02-21 00:00:00,DE00,nuclear,0.00000000
2030-02-22 00:00:00,DE00,nuclear,0.00000000
2030-02-23 00:00:00,DE00,nuclear,0.00000000
2030-02-24 00:00:00,DE00,nuclear,0.00000000
2030-02-25 00:00:00,DE00,nuclear,0.00000000
2030-02-26 00:00:00,DE00,nuclear,0.00000000
2030-02-27 00:00:00,DE00,nuclear,0.00000000
2030-02-28 00:00:00,DE00,nuclear,0.00000000
2030-03-01 00:00:00,DE00,nuclear,0.00000000
2030-03-02 00:00:00,DE00,nuclear,0.00000000
2030-03-03 00:00:00,DE00,nuclear,0.00000000
2030-03-04 00:00:00,DE00,nuclear,0.00000000
2030-03-05 00:00:00,DE00,nuclear,0.00000000
2030-03-06 00:00:00,DE00,nuclear,0.00000000
2030-03-07 00:00:00,DE00,nuclear,0.00000000
2030-03-08 00:00:00,DE00,nuclear,0.00000000
2030-03-09 00:00:00,DE00,nuclear,0.00000000
2030-03-10 00:00:00,DE00,nuclear,0.00000000
2030-03-11 00:00:00,DE00,nuclear,0.00000000
2030-03-12 00:00:00,DE00,nuclear,0.00000000
2030-03-13 00:00:00,DE00,nuclear,0.00000000
2030-03-14 00:00:00,DE00,nuclear,0.00000000
2030-03-15 00:00:00,DE00,nuclear,0.00000000
2030-03-16 00:00:00,DE00,nuclear,0.00000000
2030-03-17 00:00:00,DE00,nuclear,0.00000000
2030-03-18 00:00:00,DE00,nuclear,0.00000000
2030-03-19 00:00:00,DE00,nuclear,0.00000000
2030-03-20 00:00:00,DE00,nuclear,0.00000000
2030-03-21 00:00:00,DE00,nuclear,0.00000000
2030-03-22 00:00:00,DE00,nuclear,0.00000000
2030-03-23 00:00:00,DE00,nuclear,0.00000000
2030-03-24 00:00:00,DE00,nuclear,0.00000000
2030-03-25 00:00:00,DE00,nuclear,0.00000000
2030-03-26 00:00:00,DE00,nuclear,0.00000000
2030-03-27 00:00:00,DE00,nuclear,0.00000000
2030-03-28 00:00:00,DE00,nuclear,0.00000000
2030-03-29 00:00:00,DE00,nuclear,0.00000000
2030-03-30 00:00:00,DE00,nuclear,0.00000000
2030-03-31 00:00:00,DE00,nuclear,0.00000000
2030-04-01 00:00:00,DE00,nuclear,0.00000000
2030-04-02 00:00:00,DE00,nuclear,0.00000000
2030-04-03 00:00:00,DE00,nuclear,0.00000000
2030-04-04 00:00:00,DE00,nuclear,0.00000000
2030-04-05 00:00:00,DE00,nuclear,0.00000000
2030-04-06 00:00:00,DE00,nuclear,0.00000000
2030-04-07 00:00:00,DE00,nuclear,0.00000000
2030-04-08 00:00:00,DE00,nuclear,0.00000000
2030-04-09 00:00:00,DE00,nuclear,0.00000000
2030-04-10 00:00:00,DE00,nuclear,0.00000000
2030-04-11 00:00:00,DE00,nuclear,0.00000000
2030-04-12 00:00:00,DE00,nuclear,0.00000000
2030-04-13 00:00:00,DE00,nuclear,0.00000000
2030-04-14 00:00:00,DE00,nuclear,0.00000000
2030-04-15 00:00:00,DE00,nuclear,0.00000000
2030-04-16 00:00:00,DE00,nuclear,0.00000000
2030-04-17 00:00:00,DE00,nuclear,0.00000000
2030-04-18 00:00:00,DE00,nuclear,0.00000000
2030-04-19 00:00:00,DE00,nuclear,0.00000000
2030-04-20 00:00:00,DE00,nuclear,0.00000000
2030-04-21 00:00:00,DE00,nuclear,0.00000000
2030-04-22 00:00:00,DE00,nuclear,0.00000000
2030-04-23 00:00:00,DE00,nuclear,0.00000000
2030-04-24 00:00:00,DE00,nuclear,0.00000000
2030-04-25 00:00:00,DE00,nuclear,0.00000000
2030-04-26 00:00:00,DE00,nuclear,0.00000000
2030-04-27 00:00:00,DE00,nuclear,0.00000000
2030-04-28 00:00:00,DE00,nuclear,0.00000000
2030-04-29 00:00:00,DE00,nuclear,0.00000000
2030-04-30 00:00:00,DE00,nuclear,0.00000000
2030-05-01 00:00:00,DE00,nuclear,0.00000000
2030-05-02 00:00:00,DE00,nuclear,0.00000000
2030-05-03 00:00:00,DE00,nuclear,0.00000000
2030-05-04 00:00:00,DE00,nuclear,0.00000000
2030-05-05 00:00:00,DE00,nuclear,0.00000000
2030-05-06 00:00:00,DE00,nuclear,0.00000000
2030-05-07 00:00:00,DE00,nuclear,0.00000000
2030-05-08 00:00:00,DE00,nuclear,0.00000000
2030-05-09 00:00:00,DE00,nuclear,0.00000000
2030-05-10 00:00:00,DE00,nuclear,0.00000000
2030-05-11 00:00:00,DE00,nuclear,0.00000000
2030-05-12 00:00:00,DE00,nuclear,0.00000000
2030-05-13 00:00:00,DE00,nuclear,0.00000000
2030-05-14 00:00:00,DE00,nuclear,0.00000000
2030-05-15 00:00:00,DE00,nuclear,0.00000000
2030-05-16 00:00:00,DE00,nuclear,0.00000000
2030-05-17 00:00:00,DE00,nuclear,0.00000000
2030-05-18 00:00:00,DE00,nuclear,0.00000000
2030-05-19 00:00:00,DE00,nuclear,0.00000000
2030-05-20 00:00:00,DE00,nuclear,0.00000000
2030-05-21 00:00:00,DE00,nuclear,0.00000000
2030-05-22 00:00:00,DE00,nuclear,0.00000000
2030-05-23 00:00:00,DE00,nuclear,0.00000000
2030-05-24 00:00:00,DE00,nuclear,0.00000000
2030-05-25 00:00:00,DE00,nuclear,0.00000000
2030-05-26 00:00:00,DE00,nuclear,0.00000000
2030-05-27 00:00:00,DE00,nuclear,0.00000000
2030-05-28 00:00:00,DE00,nuclear,0.00000000
2030-05-29 00:00:00,DE00,nuclear,0.00000000
2030-05-30 00:00:00,DE00,nuclear,0.00000000
2030-05-31 00:00:00,DE00,nuclear,0.00000000
2030-06-01 00:00:00,DE00,nuclear,0.00000000
2030-06-02 00:00:00,DE00,nuclear,0.00000000
2030-06-03 00:00:00,DE00,nuclear,0.00000000
2030-06-04 00:00:00,DE00,nuclear,0.00000000
2030-06-05 00:00:00,DE00,nuclear,0.00000000
2030-06-06 00:00:00,DE00,nuclear,0.00000000
2030-06-07 00:00:00,DE00,nuclear,0.00000000
2030-06-08 00:00:00,DE00,nuclear,0.00000000
2030-06-09 00:00:00,DE00,nuclear,0.00000000
2030-06-10 00:00:00,DE00,nuclear,0.00000000
2030-06-11 00:00:00,DE00,nuclear,0.00000000
2030-06-12 00:00:00,DE00,nuclear,0.00000000
2030-06-13 00:00:00,DE00,nuclear,0.00000000
2030-06-14 00:00:00,DE00,nuclear,0.00000000
2030-06-15 00:00:00,DE00,nuclear,0.00000000
2030-06-16 00:00:00,DE00,nuclear,0.00000000
2030-06-17 00:00:00,DE00,nuclear,0.00000000
2030-06-18 00:00:00,DE00,nuclear,0.00000000
2030-06-19 00:00:00,DE00,nuclear,0.00000000
2030-06-20 00:00:00,DE00,nuclear,0.00000000
2030-06-21 00:00:00,DE00,nuclear,0.00000000
2030-06-22 00:00:00,DE00,nuclear,0.00000000
2030-06-23 00:00:00,DE00,nuclear,0.00000000
2030-06-24 00:00:00,DE00,nuclear,0.00000000
2030-06-25 00:00:00,DE00,nuclear,0.00000000
2030-06-26 00:00:00,DE00,nuclear,0.00000000
2030-06-27 00:00:00,DE00,nuclear,0.00000000
2030-06-28 00:00:00,DE00,nuclear,0.00000000
2030-06-29 00:00:00,DE00,nuclear,0.00000000
2030-06-30 00:00:00,DE00,nuclear,0.00000000
2030-07-01 00:00:00,DE00,nuclear,0.00000000
2030-07-02 00:00:00,DE00,nuclear,0.00000000
2030-07-03 00:00:00,DE00,nuclear,0.00000000
2030-07-04 00:00:00,DE00,nuclear,0.00000000
2030-07-05 00:00:00,DE00,nuclear,0.00000000
2030-07-06 00:00:00,DE00,nuclear,0.00000000
2030-07-07 00:00:00,DE00,nuclear,0.00000000
2030-07-08 00:00:00,DE00,nuclear,0.00000000
2030-07-09 00:00:00,DE00,nuclear,0.00000000
2030-07-10 00:00:00,DE00,nuclear,0.00000000
2030-07-11 00:00:00,DE00,nuclear,0.00000000
2030-07-12 00:00:00,DE00,nuclear,0.00000000
2030-07-13 00:00:00,DE00,nuclear,0.00000000
2030-07-14 00:00:00,DE00,nuclear,0.00000000
2030-07-15 00:00:00,DE00,nuclear,0.00000000
2030-07-16 00:00:00,DE00,nuclear,0.00000000
2030-07-17 00:00:00,DE00,nuclear,0.00000000
2030-07-18 00:00:00,DE00,nuclear,0.00000000
2030-07-19 00:00:00,DE00,nuclear,0.00000000
2030-07-20 00:00:00,DE00,nuclear,0.00000000
2030-07-21 00:00:00,DE00,nuclear,0.00000000
2030-07-22 00:00:00,DE00,nuclear,0.00000000
2030-07-23 00:00:00,DE00,nuclear,0.00000000
2030-07-24 00:00:00,DE00,nuclear,0.00000000
2030-07-25 00:00:00,DE00,nuclear,0.00000000
2030-07-26 00:00:00,DE00,nuclear,0.00000000
2030-07-27 00:00:00,DE00,nuclear,0.00000000
2030-07-28 00:00:00,DE00,nuclear,0.00000000
2030-07-29 00:00:00,DE00,nuclear,0.00000000
2030-07-30 00:00:00,DE00,nuclear,0.00000000
2030-07-31 00:00:00,DE00,nuclear,0.00000000
2030-08-01 00:00:00,DE00,nuclear,0.00000000
2030-08-02 00:00:00,DE00,nuclear,0.00000000
2030-08-03 00:00:00,DE00,nuclear,0.00000000
2030-08-04 00:00:00,DE00,nuclear,0.00000000
2030-08-05 00:00:00,DE00,nuclear,0.00000000
2030-08-06 00:00:00,DE00,nuclear,0.00000000
2030-08-07 00:00:00,DE00,nuclear,0.00000000
2030-08-08 00:00:00,DE00,nuclear,0.00000000
2030-08-09 00:00:00,DE00,nuclear,0.00000000
2030-08-10 00:00:00,DE00,nuclear,0.00000000
2030-08-11 00:00:00,DE00,nuclear,0.00000000
2030-08-12 00:00:00,DE00,nuclear,0.00000000
2030-08-13 00:00:00,DE00,nuclear,0.00000000
2030-08-14 00:00:00,DE00,nuclear,0.00000000
2030-08-15 00:00:00,DE00,nuclear,0.00000000
2030-08-16 00:00:00,DE00,nuclear,0.00000000
2030-08-17 00:00:00,DE00,nuclear,0.00000000
2030-08-18 00:00:00,DE00,nuclear,0.00000000
2030-08-19 00:00:00,DE00,nuclear,0.00000000
2030-08-20 00:00:00,DE00,nuclear,0.00000000
2030-08-21 00:00:00,DE00,nuclear,0.00000000
2030-08-22 00:00:00,DE00,nuclear,0.00000000
2030-08-23 00:00:00,DE00,nuclear,0.00000000
2030-08-24 00:00:00,DE00,nuclear,0.00000000
2030-08-25 00:00:00,DE00,nuclear,0.00000000
2030-08-26 00:00:00,DE00,nuclear,0.00000000
2030-08-27 00:00:00,DE00,nuclear,0.00000000
2030-08-28 00:00:00,DE00,nuclear,0.00000000
2030-08-29 00:00:00,DE00,nuclear,0.00000000
2030-08-30 00:00:00,DE00,nuclear,0.00000000
2030-08-31 00:00:00,DE00,nuclear,0.00000000
2030-09-01 00:00:00,DE00,nuclear,0.00000000
2030-09-02 00:00:00,DE00,nuclear,0.00000000
2030-09-03 00:00:00,DE00,nuclear,0.00000000
2030-09-04 00:00:00,DE00,nuclear,0.00000000
2030-09-05 00:00:00,DE00,nuclear,0.00000000
2030-09-06 00:00:00,DE00,nuclear,0.00000000
2030-09-07 00:00:00,DE00,nuclear,0.00000000
2030-09-08 00:00:00,DE00,nuclear,0.00000000
2030-09-09 00:00:00,DE00,nuclear,0.00000000
2030-09-10 00:00:00,DE00,nuclear,0.00000000
2030-09-11 00:00:00,DE00,nuclear,0.00000000
2030-09-12 00:00:00,DE00,nuclear,0.00000000
2030-09-13 00:00:00,DE00,nuclear,0.00000000
2030-09-14 00:00:00,DE00,nuclear,0.00000000
2030-09-15 00:00:00,DE00,nuclear,0.00000000
2030-09-16 00:00:00,DE00,nuclear,0.00000000
2030-09-17 00:00:00,DE00,nuclear,0.00000000
2030-09-18 00:00:00,DE00,nuclear,0.00000000
2030-09-19 00:00:00,DE00,nuclear,0.00000000
2030-09-20 00:00:00,DE00,nuclear,0.00000000
2030-09-21 00:00:00,DE00,nuclear,0.00000000
2030-09-22 00:00:00,DE00,nuclear,0.00000000
2030-09-23 00:00:00,DE00,nuclear,0.00000000
2030-09-24 00:00:00,DE00,nuclear,0.00000000
2030-09-25 00:00:00,DE00,nuclear,0.00000000
2030-09-26 00:00:00,DE00,nuclear,0.00000000
2030-09-27 00:00:00,DE00,nuclear,0.00000000
2030-09-28 00:00:00,DE00,nuclear,0.00000000
2030-09-29 00:00:00,DE00,nuclear,0.00000000
2030-09-30 00:00:00,DE00,nuclear,0.00000000
2030-10-01 00:00:00,DE00,nuclear,0.00000000
2030-10-02 00:00:00,DE00,nuclear,0.00000000
2030-10-03 00:00:00,DE00,nuclear,0.00000000
2030-10-04 00:00:00,DE00,nuclear,0.00000000
2030-10-05 00:00:00,DE00,nuclear,0.00000000
2030-10-06 00:00:00,DE00,nuclear,0.00000000
2030-10-07 00:00:00,DE00,nuclear,0.00000000
2030-10-08 00:00:00,DE00,nuclear,0.00000000
2030-10-09 00:00:00,DE00,nuclear,0.00000000
2030-10-10 00:00:00,DE00,nuclear,0.00000000
2030-10-11 00:00:00,DE00,nuclear,0.00000000
2030-10-12 00:00:00,DE00,nuclear,0.00000000
2030-10-13 00:00:00,DE00,nuclear,0.00000000
2030-10-14 00:00:00,DE00,nuclear,0.00000000
2030-10-15 00:00:00,DE00,nuclear,0.00000000
2030-10-16 00:00:00,DE00,nuclear,0.00000000
2030-10-17 00:00:00,DE00,nuclear,0.00000000
2030-10-18 00:00:00,DE00,nuclear,0.00000000
2030-10-19 00:00:00,DE00,nuclear,0.00000000
2030-10-20 00:00:00,DE00,nuclear,0.00000000
2030-10-21 00:00:00,DE00,nuclear,0.00000000
2030-10-22 00:00:00,DE00,nuclear,0.00000000
2030-10-23 00:00:00,DE00,nuclear,0.00000000
2030-10-24 00:00:00,DE00,nuclear,0.00000000
2030-10-25 00:00:00,DE00,nuclear,0.00000000
2030-10-26 00:00:00,DE00,nuclear,0.00000000
2030-10-27 00:00:00,DE00,nuclear,0.00000000
2030-10-28 00:00:00,DE00,nuclear,0.00000000
2030-10-29 00:00:00,DE00,nuclear,0.00000000
2030-10-30 00:00:00,DE00,nuclear,0.00000000
2030-10-31 00:00:00,DE00,nuclear,0.00000000
2030-11-01 00:00:00,DE00,nuclear,0.00000000
2030-11-02 00:00:00,DE00,nuclear,0.00000000
2030-11-03 00:00:00,DE00,nuclear,0.00000000
2030-11-04 00:00:00,DE00,nuclear,0.00000000
2030-11-05 00:00:00,DE00,nuclear,0.00000000
2030-11-06 00:00:00,DE00,nuclear,0.00000000
2030-11-07 00:00:00,DE00,nuclear,0.00000000
2030-11-08 00:00:00,DE00,nuclear,0.00000000
2030-11-09 00:00:00,DE00,nuclear,0.00000000
2030-11-10 00:00:00,DE00,nuclear,0.00000000
2030-11-11 00:00:00,DE00,nuclear,0.00000000
2030-11-12 00:00:00,DE00,nuclear,0.00000000
2030-11-13 00:00:00,DE00,nuclear,0.00000000
2030-11-14 00:00:00,DE00,nuclear,0.00000000
2030-11-15 00:00:00,DE00,nuclear,0.00000000
2030-11-16 00:00:00,DE00,nuclear,0.00000000
2030-11-17 00:00:00,DE00,nuclear,0.00000000
2030-11-18 00:00:00,DE00,nuclear,0.00000000
2030-11-19 00:00:00,DE00,nuclear,0.00000000
2030-11-20 00:00:00,DE00,nuclear,0.00000000
2030-11-21 00:00:00,DE00,nuclear,0.00000000
2030-11-22 00:00:00,DE00,nuclear,0.00000000
2030-11-23 00:00:00,DE00,nuclear,0.00000000
2030-11-24 00:00:00,DE00,nuclear,0.00000000
2030-11-25 00:00:00,DE00,nuclear,0.00000000
2030-11-26 00:00:00,DE00,nuclear,0.00000000
2030-11-27 00:00:00,DE00,nuclear,0.00000000
2030-11-28 00:00:00,DE00,nuclear,0.00000000
2030-11-29 00:00:00,DE00,nuclear,0.00000000
2030-11-30 00:00:00,DE00,nuclear,0.00000000
2030-12-01 00:00:00,DE00,nuclear,0.00000000
2030-12-02 00:00:00,DE00,nuclear,0.00000000
2030-12-03 00:00:00,DE00,nuclear,0.00000000
2030-12-04 00:00:00,DE00,nuclear,0.00000000
2030-12-05 00:00:00,DE00,nuclear,0.00000000
2030-12-06 00:00:00,DE00,nuclear,0.00000000
2030-12-07 00:00:00,DE00,nuclear,0.00000000
2030-12-08 00:00:00,DE00,nuclear,0.00000000
2030-12-09 00:00:00,DE00,nuclear,0.00000000
2030-12-10 00:00:00,DE00,nuclear,0.00000000
2030-12-11 00:00:00,DE00,nuclear,0.00000000
2030-12-12 00:00:00,DE00,nuclear,0.00000000
2030-12-13 00:00:00,DE00,nuclear,0.00000000
2030-12-14 00:00:00,DE00,nuclear,0.00000000
2030-12-15 00:00:00,DE00,nuclear,0.00000000
2030-12-16 00:00:00,DE00,nuclear,0.00000000
2030-12-17 00:00:00,DE00,nuclear,0.00000000
2030-12-18 00:00:00,DE00,nuclear,0.00000000
2030-12-19 00:00:00,DE00,nuclear,0.00000000
2030-12-20 00:00:00,DE00,nuclear,0.00000000
2030-12-21 00:00:00,DE00,nuclear,0.00000000
2030-12-22 00:00:00,DE00,nuclear,0.00000000
2030-12-23 00:00:00,DE00,nuclear,0.00000000
2030-12-24 00:00:00,DE00,nuclear,0.00000000
2030-12-25 00:00:00,DE00,nuclear,0.00000000
2030-12-26 00:00:00,DE00,nuclear,0.00000000
2030-12-27 00:00:00,DE00,nuclear,0.00000000
2030-12-28 00:00:00,DE00,nuclear,0.00000000
2030-12-29 00:00:00,DE00,nuclear,0.00000000
2030-12-30 00:00:00,DE00,nuclear,0.00000000
2030-12-31 00:00:00,DE00,nuclear,0.00000000
